cat0;cat1;cat2;cat3;cat4;Produkttyp_Quelle;ITEM_ID;PRODUCTNAME;EAN;GTIN/EAN;BRAND;BASIC_PRICE;CATEGORYTEXT1;EPREL-Nr.;Abfluss;Abmessung Ausgussbecken in mm;Abmessung Handwaschbecken in mm;Abmessung Verpackung B x T x H in mm;Abmessungen in mm;Abschließbar;Absicherung;Abstand zwischen den Holmen in mm;Abstell- und Lagerflächen;Abtauung;Abtauverfahren;Aggregatetyp / Modell;Anbaufähig;Angaben zum Gewicht;Anordnung Becken;Anordnung Kälteaggregat / Installationsfach;Anschluss- und Verbrauchswerte;Anschlusswert in Watt;Anschluß Flüssigseite;Anschluß Saugseite;Anschluß Wasserabfluß;Anschluß Wasserzuleitung;Anschlußkabel steckbar;antibakterielle Innenbeschichtung;Anwendungsbereich;Anzahl an Eiswürfeln in 24h;Anzahl Backkammern;Anzahl Becken;Anzahl der Abteile;Anzahl Körbe im Lieferumfang enthalten;Anzahl möglicher Körbe;Anzahl Mülltonnen;Anzahl Regalböden;Anzahl Relaisausgänge;Anzahl Roste je Tür;Anzahl Schubladen;Anzahl Schubladensätze;Anzahl Temperaturfühler;Anzahl Türen;Anzahl Türen Unterbau;Anzahl Zwischenablagen;Arbeitsplatte abgekantet;Arbeitsplatte abnehmbar;Arbeitsplatte aufgekantet;Arbeitsplatte Tiefe in mm;Arbeitsplatten-Stärke;Arbeitsplatten-Überstand;Arbeitstemperatur in °C;Armatur vorhanden;Art der Eiswürfel;Art der Steuerung;Artikelnummer;Auffahrrampe;Aufnahme Pizzableche 600x400 mm pro Kammer;Aufstellhöhe;Ausführung;Ausführung Ablageflächen;Ausführung Bedienseite;Ausführung Boden;Ausführung Deckel;Ausführung der Tür;Ausführung Dichtung;Ausführung Frontscheibe;Ausführung Führungsschienen;Ausführung für Zentralkühlung;Ausführung Kundenseite;Ausführung mit Rollen;Ausführung mit Sammler;Ausführung Regalsystem;Ausführung Saugseite;Ausführung Schubladen;Ausführung Schubladensätze;Ausführung Temperaturfühler;Ausführung Tür;Ausführungsmerkmale;Ausgangsleistung in Watt;Ausgangssignal;ausgelegt für Raumvolumen in m³ bis;Auslagefläche in m²;Auslagenfläche Material;Auslagentiefe in mm;Ausschnitt passend für;Ausschnittmaß (bei Deckenaggregat) in mm;Ausschnittmaß BxT in mm;Ausstattung;Ausstellfläche in m²;Außen Breite in mm;Außen Höhe in mm;Außen Tiefe in mm;Außenmaterial;Backkammern erweiterbar bis zu;Beckenanzahl;Behälterabstand in mm;bei Luftfeuchtigkeit %;Belastbarkeit Ablageflächen in kg;Beleuchtung;Bemaßung Außen;Bemaßung Innen;Beschichteter Verdampfer;Beschichtung;Beschichtung Innenbehälter;Bestückung mit;Bestückungsmöglichkeit;Bestückungsmöglichkeit GN-Behälter;Breite in mm Schenkel links;Breite in mm Schenkel mitte;Breite in mm Schenkel rechts;Brutto Gewicht in kg;Brutto Inhalt in Liter;Dichtung Montage;Dichtungstausch für Laien möglich;Digitaleingang Anzahl;Digitaleingänge;Doppelverdampfersystem;Druckausgleichsventil;Durchführung für Bierleitung;Durchmesser (ø);Ein- und Ausschalter;Ein-/Aus-Schalter;Einbaufähig;Einbaumaß (BxT) in mm;Einbringmaß bei geöffneter Scheibe (Breite) in mm;Einbringtemperatur in °C;Einbringung frei Verwendungsstelle;Eingeschäumter Verdampfer;Eisschalen in einer Ebene gelagert;Eisschalen übereinander gelagert;Eiswürfelproduktion pro Zyklus in kg / Anzahl;elektrische Haubenbestätigung;Energieeffizienzindex in %;Energieeffizienzklasse;Energieeffizienzklasse Spektrum;Energieverbrauch in kWh / 24h;Energieverbrauch in KWh / 365 Tage;Energieverbrauch in kWh / pro Betriebsstunde;Entlüftungsventil für Druckausgleich;entspricht Normmaß;EU-Label Verordnung;Expansionsventil (bei Zentralkühlung);Explosions geschützt;Farbe außen;Farbe innen;Fassnorm;Fassungsvermögen;Fassungsvermögen Fässer;Fassungsvermögen Pizzen DM 30 / 35 cm pro Kammer;Fassungsvermögen Pizzen DM 45 cm pro Kammer;Fassungsvermögen Pizzen DM 50 cm pro Kammer;Fassungsvermögen Speicher;Feuchtigkeitsbereich;Feuchtigkeitssensor Art;Frequenz in Hz;Frontmass in mm;Frontpaneel enthalten;Frontscheibe kippbar;Fühlereingänge;Fühlertyp;für Gastronorm;für lichte Höhe;für lichte Weite;für Wandstärke von / bis ( in mm );Füße;geeignet ab Baujahr;geeignet für Höhe der Behälter;Gerät / Herst. Art. Nr.;Gerätefarbe Nicht RAL-Ton;Gerätefarbe RAL-Ton;Geräuschpegel in dB(A);Gewicht der Eiswürfel in Gramm;Gewährleistung;Glasaufbau;GN Behälter verwendbar bis Höhe in mm;Griff;Größe der Eiswürfel in mm;Heizspiralelemente;Hersteller;Herstellerbezeichnung;Herstellernummer;Hohenverstellbare Ausgleichsfüße;Hubvolumen in cm³;Humidor;Hustenschutz;Hustenschutz absenkbar;Höhe bei geöffneter Klappe in mm;Höhe der Innenwannei n mm;Höhe Glasaufbau in mm;Höhe mit Füßen in mm;Höhe mit Rollen;Höhe mit Spuckschutz in mm;Höhenverstellbar;Innen Breite in mm;Innen Höhe in mm;Innen Tiefe in mm;Innenbeleuchtung;Innenhöhe Backkammer in mm;Innenwanne BxTxH in mm;Isolierstärke / Wandstärke in mm;Isolierstärke in mm;k-Wert in W/m²;Kabellänge in mm;Kategorie Energieeffizienzklasse;Kerntemperaturfühler enthalten;Klimaklasse;Kondensator notwendig;Kondensatorfühler;Konservierungstemperatur in °C;Kälteleistung bei VT +5°C;Kälteleistung bei VT -0°C;Kälteleistung bei VT -10°C;Kälteleistung bei VT -15°C;Kälteleistung bei VT -20°C;Kälteleistung bei VT -25°C;Kälteleistung bei VT -30°C;Kälteleistung bei VT -5°C;Kälteleistung in Watt;Kältemittel Füllmenge in Gramm;Kältemittelsorte / GWP;Kältesystem mit vorinstallierten E-Ventil;Kühlmöbel fahrbar;Kühlsystem ( statisch / Umluft );Kühlung Kondensator;Leistung Beleuchtung in Watt;Leistung in PS;Leistung in Watt;Leistung Keramikfeld in Watt;Leistung Schnellkühlen pro Charge ( 90 min ) in kg;Leistung Schockfrosten pro Charge ( 240 min ) in kg;Leistung Wasserbadheizkörper in Watt;Leistung Wärmebrücke in Watt;Licht-Energieeffizienzklasse;lichtes Türmaß B x H in mm;Lichtschalter;Lieferant;Lieferung erfolgt;Listenpreis;Luftfilter vor Kondensator;Luftmenge in m³/h;Luftrichtung;Luftschallemissionsklasse;Länge in mm;Material Ablageflächen;Material Arbeitsplatte;Material außen;Material Innen;Material Innenbehälter;Material Schneidebrett;max. Höhe der Behälter in mm;max. Montagehöhe;max. Produkthöhe in cm;max. Umgebungstemperatur in °C;max. Wasserdruck;max. Wasserhärte;max. Wassertemperatur in °C;Maß Innenwanne BxTxH in mm;Mindesabstand beim Einbau beachten;Mischbatterie vorhanden;mit Becken;mit Boden;mit Boden und Fach;mit Drehtüren;mit Fach;mit Rollen;mit Schiebetüren;mit Schubladen und Drehtüren;mit Schubladen und Fach;mit Schubladen und Schiebetüren;mit Untergestell;Montageart;mögliche Anzahl 4,75 Liter Eisschalen (260x165x170mm);mögliche Anzahl 5,00 Liter Eisschalen (360x165x120mm);mögliche Anzahl 7,00 Liter Eisschalen (360x165x150mm);mögliche Anzahl runde Pozzetti Eisbehälter;Nachtabdeckung;Nachtrollo;Netto Gewicht in kg;Netto Inhalt in Liter;Nettorauminhalt Kühlung gesamt in LIter;Nettorauminhalt Tiefkühlung gesamt in LIter;notwendige Stromstärke der Vorsicherung;Notüberlaufbehälter;Nutzinhalt Flaschen in Stück;Ober- und/oder Unterhitze;Offener Unterbau mit Einlegeboden;ohne Boden;ON-OFF Regelung;optionale Abwasserpumpe;optionales Zubehör 01;optionales Zubehör 02;optionales Zubehör 03;optionales Zubehör 04;optionales Zubehör 05;optionales Zubehör 06;passend für;passend zu Eisbereiter;passend zu Flockeneisbereiter;passend zu Kegeleisbereiter;passend zu Nuggeteisbereiter;passend zu Scherbeneisbereiter;Passende Geräte;passende Speicher;Position vom Motor;Produkttyp;Raumvolumen in m³;Regalbelastung je lfd. Meter in kg;Regalbodentiefe in mm;Regalböden verstellbar;Reinigungs- und Wasserablauf;Relaisausgang;Relaisausgang-1;Relaisausgang-2;Relaisausgang-3;Relaisausgang-4;Relaisausgang-5;Relaisausgang-6;Rollen;Rollenanzahl;Rost Ablagefläche B x T in mm;Roste / Ablageflächen höhenverstellbar;Roste / Ablagen im Lieferumfang enthalten;Roste / Ablagen maximal möglich;Rostmaß;Rückschiebescheiben;Scannerschienen;Schanksäule vorhanden;Schanktischabdeckung vorhanden;Schublade für Krümelentnahme;Schubladen Nutzhöhe in mm;Schubladen vorhanden;Schutzart;Seitenteile;serieller Ausgang;Serienzubehör 1;Serienzubehör 2;Sockelbaufähig;Spannung Beleuchtung in Volt;Spannung in Volt;Spannung Leuchtmittel in Volt;Spannung Wärmebrücke in Volt;steckerfertig;Steuerung;Stossleisten;Stromaufnahme in Ampere;Stromeingang;Tablettrutschen;Tagesleistung;Tagesleistung in kg;Taschenablage;Tauwasserablauf;Tauwasserverdunstung;Temperaturanzeige;Temperaturbereich;Temperaturbereich bis °C;Temperaturbereich Schnellkühlen;Temperaturbereich Schockfrosten;Temperaturbereich von °C;Temperaturklasse;Temperaturzone im oberen Bereich;Tiefe bei geöffneter Schublade in mm;Tiefe bei geöffneter Tür in mm;Tortenauszug;Traglast gleichmässig verteilt in kg;Traglast Schublade;Trennscheibe für Warenauslage;Typ Verdichter;Tür vorhanden;Tür(en) abschliessbar;Tür(en) arretierend bei über 90°;Tür(en) selbstschließend;Türanschlag;Türanschlag wechselbar;Türanzahl;Türausführung;Türdichtung Farbe;Türenanzahl;Türrahmenheizung;Umdrehungen pro Minute;Umschaltbar von NK auf TK;Unterbau;Unterbau Türanzahl;Unterbaufähig;Unterbaukühlung;Variante;Verdampfer;Verdrahtung;Verdunstungsleistung L / Tag;Verkleidung;Verwendungszweck;Volumen in m³;Volumenstrom Verflüssiger in qbm/h;Vorheizzeit;Vorratsbehälter;Vorratsbehälter Fassungsvermögen in kg;Walzenbreite;Wandausführung;Wannenhöhe;Warenpräsentationsfläche TDA in m²;Warnsummer;Wasserablauf;wassergekühlte Variante erhältlich;Wasserverbrauch auf 24h bei Luftkühlung in Liter;Wasserverbrauch auf 24h bei Wasserkühlung in Liter;Wasserverbrauch pro Kg bei Luftkühlung in Liter;Wasserverbrauch pro Kg bei Wasserkühlung in Liter;Weitere Abmessungen;weitere Größen an Eiswürfeln optional;weitere Merkmale;Weiteres;Wellenlänge in mm;Werbedisplay;Wärmeabgabe in Watt;Zahlplatte;Zonen separat regelbar;Zubehör 01;Zubehör 02;Zubehör 03;Zubehör 04;Zubehör enthalten;Zubehör optional;zusätzlicher Wärmestrahler;Zwischenablage gekühlt;Zwischenablagen;Zwischenfach höhenverstellbar;Korb Nr. & Typ;Getränkeflaschen 330 ml (Stk);Getränkeflaschen 500 ml, PET (Stk);Getränkedosen 330 ml (Stk);Getränkedosen 500 ml (Stk);Kapazität Kühlung (kg);Kühlleistung Kühlraumgeräte (m³);Kapazität Gefrieren (kg);Fassungsvermögen des Eisbehälters (kg);CapacityServingCombined;CapacityStorageCombined;Kapazität 40-Fuß-Container (Stk);Dämmdichte (kg/m³);Vitrinenfamilie;Anzahl der Trennwände (Stk);Trennwandsystem;20 l KEG (Stk);30 l KEG (Stk);50 l KEG (Stk);Deckel-Nr. und Typ;Maximale Bodenbelastung (kg/m²);Einlegebodenmaße;Abmessungen der unteren Ablage;Verpackung Breite in mm;Verpackung Tiefe in mm;Verpackung Höhe in mm;Download 1 - Produktblatt;Download 2 - Betriebsanleitung;Download 3 - Ersatzteilliste;Download 4 - Energielabel;Download 5 - Energiepfeil
Tefcold;;;;;Abfallkühler;44595;WBC 240;5708181713584;5708181713584;TEFCOLD;3905,00;Gastrobereich | AbfallkühlerLagerkühlgeräte | Abfallkühler;;;;;;;;;;;Automatisch, elektrisch;;;;;;;;1250;;;;;;;;;;;;;;;;;;;;;;;;;;;;;;;;;Elektronisch;;;;;;;;;;;;;;;;;;;;;;;1 Dreh-Volltür;;;;;;;;;;;;;1090;1280;985;;;;;;;;;;;;;;;;;;;150;540;;;;;;;;;;;;;;;;;;;;;;;;3.12;1139;;;;;;;SS 304;;;;;;;;;;;;;;;;;;;;;;;;;;;60;;;;;;;;;;;;;;;;;;;;;;;645;1100;760;;;;;;;;;;;;;;;;;;;;;;;50;R290 / GWP 3;;;Ventiliert;;;;;;;;;;;;;;;;;;;;;;;;SS 304;;;;;;;;;;;;;;;;;;;;;;;;;;;;;;;140;120;;;;;;;;;;;;;;;;;;;;;;;;;;;;;;;;;;;;;;;;;;;;;;;;;;;;;;;;;;;;220-240/50;;;Ja;;;;;;;;;;;Thermometer;-2 bis +8;;;;;;;;;;;;;;;;;;;;;;;;;;;;;;;;;;;;;;;;;;;;;;;;;;;;;;;;;;;;;;;;;;;;;;;;;;;;;;;;;;;21;;;;;;;;1 Geschäumter Drehdeckel;;;;1180;1080;1450;WBC_240_Produktblatt.pdf;WBC_240_Betriebsanleitung.pdf;WBC_240_Ersatzteilliste.pdf;WBC_240_Energielabel.pdf;WBC_240_Energiepfeil.pdf
Tefcold;;;;;Abfallkühler;44597;WBC 480;5708181713591;5708181713591;TEFCOLD;4775,00;Gastrobereich | AbfallkühlerLagerkühlgeräte | Abfallkühler;;;;;;;;;;;Automatisch, elektrisch;;;;;;;;1400;;;;;;;;;;;;;;;;;;;;;;;;;;;;;;;;;Elektronisch;;;;;;;;;;;;;;;;;;;;;;;2 Dreh-Volltüren;;;;;;;;;;;;;1740;1280;985;;;;;;;;;;;;;;;;;;;198;1080;;;;;;;;;;;;;;;;;;;;;;;;3.36;1226;;;;;;;SS 304;;;;;;;;;;;;;;;;;;;;;;;;;;;62;;;;;;;;;;;;;;;;;;;;;;;1295;1100;760;;;;;;;;;;;;;;;;;;;;;;;80;R290 / GWP 3;;;Ventiliert;;;;;;;;;;;;;;;;;;;;;;;;SS 304;;;;;;;;;;;;;;;;;;;;;;;;;;;;;;;188;240;;;;;;;;;;;;;;;;;;;;;;;;;;;;;;;;;;;;;;;;;;;;;;;;;;;;;;;;;;;;220-240/50;;;Ja;;;;;;;;;;;Thermometer;-2 bis +8;;;;;;;;;;;;;;;;;;;;;;;;;;;;;;;;;;;;;;;;;;;;;;;;;;;;;;;;;;;;;;;;;;;;;;;;;;;;;;;;;;;12;;;;;;;;2 Geschäumte Drehdeckel;;;;1830;1050;1450;WBC_480_Produktblatt.pdf;WBC_480_Betriebsanleitung.pdf;WBC_480_Ersatzteilliste.pdf;WBC_480_Energielabel.pdf;WBC_480_Energiepfeil.pdf
Tefcold;Tefcold-Kühlschrank;Tefcold-Tiefkühlschrank-Volltür;;;Auftisch / Tiefkühlschränke;47526;ICE2;5708181726980;5708181726980;TEFCOLD;1439,00;DEALS + | Energieeffiziente GeräteEiscreme – Gefriergeräte | Auftisch – TiefkühlschränkeEiscreme – Gefriergeräte | Speiseeisvitrinen – statische KühlungGefriergeräte | Auftisch – Tiefkühlschränke;1621258;;;;;;;;;;Manuell;;;;;;;;90;;;;;;;;;;;;;;;;;;;;;;;;;;;;;;;;;Mechanisch;;;;;;;;;;;;;;;;;;;;;;;;;;;;;;;;;;;;490;345;790;;;;;;;;;;;;;;;;;;;30;28;;;;;;;;;;;;;;;;;;;;;10;B;;2.87;1049;;;;;;;Weiß;;;;;;;;;;;;;;;;;;;;;Verstellbare Füße;;;;;;;;;;;;;;;;;;;;;;;;;;;;;364;173;389;;;;;;;;;;4;;;;;;;;;;;;;22;R600a / GWP 3;;;Statisch;;;;;;;;;;;;;;;;;;;;;;;;Edelstahl;;;;;;+30°C, 55% RH;;;;;;;;;;;;;;;;;;;;;;;;;26;20;;;;;;;;;;;;;;;;;;;;;;;;;;;;;;;;;;;;;;;;;;;;;;;;;;;;;;;;;;;;220-240/50;;;Ja;;;;;;;;;;;Thermometer;-22 bis -10;;;;;;;;;;;;;;;;;;;;;;;;;;;;;;;;;;;;;;;;;;;;;0.12;;;;;;;;;;;;;;;;;;;;;;;;;;;;;;;;;;;;/ 2 Napoli-Behälter (5L);/ Kein Ablageplatz unter;220;;;;;;;;;;;;590;890;375;ICE2_Produktblatt.pdf;ICE2_Betriebsanleitung.pdf;ICE2_Ersatzteilliste.pdf;ICE2_Energielabel.pdf;ICE2_Energiepfeil.png
Tefcold;Tefcold-Kühlschrank;Tefcold-Tiefkühlschrank-Volltür;;;Auftisch / Tiefkühlschränke;47527;ICE3;5708181726997;5708181726997;TEFCOLD;1589,00;DEALS + | Energieeffiziente GeräteEiscreme – Gefriergeräte | Auftisch – TiefkühlschränkeEiscreme – Gefriergeräte | Speiseeisvitrinen – statische KühlungGefriergeräte | Auftisch – Tiefkühlschränke;1621363;;;;;;;;;;Manuell;;;;;;;;90;;;;;;;;;;;;;;;;;;;;;;;;;;;;;;;;;Mechanisch;;;;;;;;;;;;;;;;;;;;;;;;;;;;;;;;;;;;654;345;790;;;;;;;;;;;;;;;;;;;36;35;;;;;;;;;;;;;;;;;;;;;9.4;A;;2.88;1051;;;;;;;Weiß;;;;;;;;;;;;;;;;;;;;;Verstellbare Füße;;;;;;;;;;;;;;;;;;;;;;;;;;;;;529;173;389;;;;;;;;;;4;;;;;;;;;;;;;25;R600a / GWP 3;;;Statisch;;;;;;;;;;;;;;;;;;;;;;;;Edelstahl;;;;;;+30°C, 55% RH;;;;;;;;;;;;;;;;;;;;;;;;;32;29;;;;;;;;;;;;;;;;;;;;;;;;;;;;;;;;;;;;;;;;;;;;;;;;;;;;;;;;;;;;220-240/50;;;Ja;;;;;;;;;;;Thermometer;-22 bis -10;;;;;;;;;;;;;;;;;;;;;;;;;;;;;;;;;;;;;;;;;;;;;0.18;;;;;;;;;;;;;;;;;;;;;;;;;;;;;;;;;;;;/ 3 Napoli-Behälter (5L);/ Kein Ablageplatz unter;150;;;;;;;;;;;;755;890;375;ICE3_Produktblatt.pdf;ICE3_Betriebsanleitung.pdf;ICE3_Ersatzteilliste.pdf;ICE3_Energielabel.pdf;ICE3_Energiepfeil.png
Tefcold;Tefcold-Kühlschrank;Tefcold-Kühlschrank-Glastür;;;Backbars;45468;BA11H;5708181721947;5708181721947;TEFCOLD;638,00;Glastürkühlgeräte | BackbarsDEALS + | Energieeffiziente Geräte;1431506;;;;;;;;;;Automatisch;;;;;;;;95;;;;;;;;;;;;;;;2;;;;;;;;;;;;;;;;;;Elektronisch;;;;;;;;;;;;;;;;;;;;;;;1 Dreh-Glastür;;;;;;;;;;;;;600;900;520;;;;;;;;;;;;;;;;;;;53;128;;;;;;;;;;;;;;;;;;;;;9;A;;0.96;350;;;;;;;Schwarz;Chrom;;;;;;;;;;;;;;;;;;;;4 Stellfüße;;;;;;44;;;;;;;;;;;;;;;;;;;;;;;510;734;418;LED;;;;;;;;;4;;;;;;;;;;;;;55;R600a / GWP 3;;;Ventiliert;;;;;;;;;;;;;;;;;;;;;;;;Aluminium Stucco;;;;;;+30°C, 55% RH;;;;;;;;;;;;;;;;;;;;;;;;;47;118;;;;;;;;;;;;;;;;;;;;;;;;;;;;;;;;;;;;;;;;;;;2 Tragroste, chrom;;;;;;;;;;;;;;;;;220-240/50;;;Ja;;;;;;;;;;;Thermometer;+2 bis +10;;;;;;;;;;;;;;;Ja;;;;Ja;;;;;;;;;;;;;;;;;;;;;;;;;;0.37;;;;;;;;;;;;;;;;;;;;;;;;;;;;96;96;161;112;;;;;;;136;;;;;;;;;;495x350 mm;;685;575;970;BA11H_Produktblatt.pdf;BA11H_Betriebsanleitung.pdf;BA11H_Ersatzteilliste.pdf;BA11H_Energielabel.pdf;BA11H_Energiepfeil.png
Tefcold;Tefcold-Kühlschrank;Tefcold-Kühlschrank-Glastür;;;Backbars;45469;BA16H;5708181721954;5708181721954;TEFCOLD;638,00;Glastürkühlgeräte | BackbarsDEALS + | Energieeffiziente Geräte;1431507;;;;;;;;;;Automatisch;;;;;;;;95;;;;;;;;;;;;;;;2;;;;;;;;;;;;;;;;;;Elektronisch;;;;;;;;;;;;;;;;;;;;;;;1 Dreh-Glastür;;;;;;;;;;;;;600;870;520;;;;;;;;;;;;;;;;;;;52;125;;;;;;;;;;;;;;;;;;;;;9;A;;0.96;350;;;;;;;Schwarz;Chrom;;;;;;;;;;;;;;;;;;;;4 Stellfüße;;;;;;44;;;;;;;;;;;;;;;;;;;;;;;510;720;418;LED;;;;;;;;;4;;;;;;;;;;;;;55;R600a / GWP 3;;;Ventiliert;;;;;;;;;;;;;;;;;;;;;;;;Aluminium Stucco;;;;;;+30°C, 55% RH;;;;;;;;;;;;;;;;;;;;;;;;;46;115;;;;;;;;;;;;;;;;;;;;;;;;;;;;;;;;;;;;;;;;;;;2 Tragroste, chrom;;;;;;;;;;;;;;;;;220-240/50;;;Ja;;;;;;;;;;;Thermometer;+2 bis +10;;;;;;;;;;;;;;;Ja;;;;Ja;;;;;;;;;;;;;;;;;;;;;;;;;;0.35;;;;;;;;;;;;;;;;;;;;;;;;;;;;84;84;161;112;;;;;;;136;;;;;;;;;;495x350 mm;;685;575;940;BA16H_Produktblatt.pdf;BA16H_Betriebsanleitung.pdf;BA16H_Ersatzteilliste.pdf;BA16H_Energielabel.pdf;BA16H_Energiepfeil.png
Tefcold;Tefcold-Kühlschrank;Tefcold-Kühlschrank-Glastür;;;Backbars;45470;BA21H;5708181721961;5708181721961;TEFCOLD;940,00;Glastürkühlgeräte | BackbarsDEALS + | Energieeffiziente Geräte;1431559;;;;;;;;;;Automatisch;;;;;;;;115;;;;;;;;;;;;;;;4;;;;;;;;;;;;;;;;;;Elektronisch;;;;;;;;;;;;;;;;;;;;;;;2 Dreh-Glastüren;;;;;;;;;;;;;900;900;520;;;;;;;;;;;;;;;;;;;70;196;;;;;;;;;;;;;;;;;;;;;9;A;;1.08;394;;;;;;;Schwarz;Chrom;;;;;;;;;;;;;;;;;;;;4 Stellfüße;;;;;;44;;;;;;;;;;;;;;;;;;;;;;;810;734;418;LED;;;;;;;;;4;;;;;;;;;;;;;70;R600a / GWP 3;;;Ventiliert;;;;;;;;;;;;;;;;;;;;;;;;Aluminium Stucco;;;;;;+30°C, 55% RH;;;;;;;;;;;;;;;;;;;;;;;;;64;188;;;;;;;;;;;;;;;;;;;;;;;;;;;;;;;;;;;;;;;;;;;4 Tragroste, chrom;;;;;;;;;;;;;;;;;220-240/50;;;Ja;;;;;;;;;;;Thermometer;+2 bis +10;;;;;;;;;;;;;;;Ja;;;;Nein;;;;;;;;;;;;;;;;;;;;;;;;;;0.52;;;;;;;;;;;;;;;;;;;;;;;;;;;;143;143;276;168;;;;;;;96;;;;;;;;;;395x328 mm;;985;575;970;BA21H_Produktblatt.pdf;BA21H_Betriebsanleitung.pdf;BA21H_Ersatzteilliste.pdf;BA21H_Energielabel.pdf;BA21H_Energiepfeil.png
Tefcold;Tefcold-Kühlschrank;Tefcold-Kühlschrank-Glastür;;;Backbars;45473;BA21S;5708181721992;5708181721992;TEFCOLD;976,00;Glastürkühlgeräte | BackbarsDEALS + | Energieeffiziente Geräte;1431560;;;;;;;;;;Automatisch;;;;;;;;115;;;;;;;;;;;;;;;4;;;;;;;;;;;;;;;;;;Elektronisch;;;;;;;;;;;;;;;;;;;;;;;2 Schiebetüren aus Glas;;;;;;;;;;;;;900;900;515;;;;;;;;;;;;;;;;;;;70;196;;;;;;;;;;;;;;;;;;;;;9;A;;1.14;416;;;;;;;Schwarz;Chrom;;;;;;;;;;;;;;;;;;;;4 Stellfüße;;;;;;44;;;;;;;;;;;;;;;;;;;;;;;810;734;418;LED;;;;;;;;;4;;;;;;;;;;;;;70;R600a / GWP 3;;;Ventiliert;;;;;;;;;;;;;;;;;;;;;;;;Aluminium Stucco;;;;;;+30°C, 55% RH;;;;;;;;;;;;;;;;;;;;;;;;;64;188;;;;;;;;;;;;;;;;;;;;;;;;;;;;;;;;;;;;;;;;;;;4 Tragroste, chrom;;;;;;;;;;;;;;;;;220-240/50;;;Ja;;;;;;;;;;;Thermometer;+2 bis +10;;;;;;;;;;;;;;;Ja;;Ja;;Nein;;;;;;;;;;;;;;;;;;;;;;;;;;0.54;;;;;;;;;;;;;;;;;;;;;;;;;;;;143;143;276;168;;;;;;;96;;;;;;;;;;395x328 mm;;985;575;970;BA21S_Produktblatt.pdf;BA21S_Betriebsanleitung.pdf;BA21S_Ersatzteilliste.pdf;BA21S_Energielabel.pdf;BA21S_Energiepfeil.png
Tefcold;Tefcold-Kühlschrank;Tefcold-Kühlschrank-Glastür;;;Backbars;45471;BA26H;5708181721978;5708181721978;TEFCOLD;940,00;Glastürkühlgeräte | BackbarsDEALS + | Energieeffiziente Geräte;1431563;;;;;;;;;;Automatisch;;;;;;;;115;;;;;;;;;;;;;;;4;;;;;;;;;;;;;;;;;;Elektronisch;;;;;;;;;;;;;;;;;;;;;;;2 Dreh-Glastüren;;;;;;;;;;;;;900;870;520;;;;;;;;;;;;;;;;;;;69;190;;;;;;;;;;;;;;;;;;;;;9;A;;1.08;394;;;;;;;Schwarz;Chrom;;;;;;;;;;;;;;;;;;;;4 Stellfüße;;;;;;44;;;;;;;;;;;;;;;;;;;;;;;810;720;418;LED;;;;;;;;;4;;;;;;;;;;;;;70;R600a / GWP 3;;;Ventiliert;;;;;;;;;;;;;;;;;;;;;;;;Aluminium Stucco;;;;;;+30°C, 55% RH;;;;;;;;;;;;;;;;;;;;;;;;;63;182;;;;;;;;;;;;;;;;;;;;;;;;;;;;;;;;;;;;;;;;;;;4 Tragroste, chrom;;;;;;;;;;;;;;;;;220-240/50;;;Ja;;;;;;;;;;;Thermometer;+2 bis +10;;;;;;;;;;;;;;;Ja;;;;Nein;;;;;;;;;;;;;;;;;;;;;;;;;;0.5;;;;;;;;;;;;;;;;;;;;;;;;;;;;143;143;276;188;;;;;;;96;;;;;;;;;;395x328 mm;;985;575;940;BA26H_Produktblatt.pdf;BA26H_Betriebsanleitung.pdf;BA26H_Ersatzteilliste.pdf;BA26H_Energielabel.pdf;BA26H_Energiepfeil.png
Tefcold;Tefcold-Kühlschrank;Tefcold-Kühlschrank-Glastür;;;Backbars;45474;BA26S;5708181722005;5708181722005;TEFCOLD;976,00;Glastürkühlgeräte | BackbarsDEALS + | Energieeffiziente Geräte;1431565;;;;;;;;;;Automatisch;;;;;;;;115;;;;;;;;;;;;;;;4;;;;;;;;;;;;;;;;;;Elektronisch;;;;;;;;;;;;;;;;;;;;;;;2 Schiebetüren aus Glas;;;;;;;;;;;;;900;870;515;;;;;;230;;;;;;;;;;;;;69;190;;;;;;;;;;;;;;;;;;;;;9;A;;1.14;416;;;;;;;Schwarz;Chrom;;;;;;;;;;;;;;;;;;;;4 Stellfüße;;;;;;44;;;;;;;;;;;;;;;;;;;;;;;810;720;362;LED;;;;;;;;;4;;;;;;;;;;;;;40;R600a / GWP 3;;;Ventiliert;;;;;;;;;;;;;;;;;;;;;;;;Aluminium Stucco;;;;;;+30°C, 55% RH;;;;;;;;;;;;;;;;;;;;;;;;;63;182;;;;;;;;;;;;;;;;;;;;;;;;;;;;;;;;;;;;;;;;;;;4 Tragroste, chrom;;;;;;;;;;;;;;;;;220-240/50;;;Ja;;;;;;;;;;;Thermometer;+2 bis +10;;;;;;;;;;;;;;;Ja;;Ja;;Nein;;;;;;;;;;;;;;;;;;;;;;;;;;0.52;;;;;;;;;;;;;;;;;;;;;;;;;;;;180;96;228;144;;;;;;;96;40;;;;;;;;;395x328 mm;;985;575;940;BA26S_Produktblatt.pdf;BA26S_Betriebsanleitung.pdf;BA26S_Ersatzteilliste.pdf;BA26S_Energielabel.pdf;BA26S_Energiepfeil.png
Tefcold;Tefcold-Kühlschrank;Tefcold-Kühlschrank-Glastür;;;Backbars;51646;BA26SS;5708181735180;5708181735180;TEFCOLD;1050,00;DEALS + | Energieeffiziente GeräteGlastürkühlgeräte | Backbars;1431565;;;;;;;;;;Automatisch;;;;;;;;115;;;;;;;;;;;;;;;4;;;;;;;;;;;;;;;;;;Elektronisch;;;;;;;;;;;;;;;;;;;;;;;2 Schiebetüren aus Glas;;;;;;;;;;;;;900;870;515;;;;;;;;;;;;;;;;;;;77;191;;;;;;;;;;;;;;;;;;;;;9;A;;1.14;416;;;;;;;Edelstahl;Chrom;;;;;;;;;;;;;;;;;;;;4 Stellfüße;;;;;;45;;;;;;;;;;;;;;;;;;;;;;;810;720;345;LED;;;;;;;;;4;;;;;;;;;;;;;70;R600a / GWP 3;;;Ventiliert;;;;;;;;;;;;;;;;;;;;;;;;Aluminium Stucco;;;;;;+30°C, 55% RH;;;;;;;;;;;;;;;;;;;;;;;;;72;183;;;;;;;;;;;;;;;;;;;;;;;;;;;;;;;;;;;;;;;;;;;4 Tragroste, chrom;;;;;;;;;;;;;;;;;220-240/50;;;Ja;;;;;;;;;;;Thermometer;+2 bis +10;;;;;;;;;;;;;;;Ja;;Ja;;Nein;;;;;;;;;;;;;;;;;;;;;;;;;;0.52;;;;;;;;;;;;;;;;;;;;;;;;;;;;143;143;276;188;;;;;;;96;;;;;;;;;;395x330 mm;;1000;600;950;BA26SS_Produktblatt.pdf;BA26SS_Betriebsanleitung.pdf;BA26SS_Ersatzteilliste.pdf;BA26SS_Energielabel.pdf;BA26SS_Energiepfeil.png
Tefcold;Tefcold-Kühlschrank;Tefcold-Kühlschrank-Glastür;;;Backbars;45472;BA31H;5708181721985;5708181721985;TEFCOLD;1303,00;Glastürkühlgeräte | BackbarsDEALS + | Energieeffiziente Geräte;1431571;;;;;;;;;;Automatisch;;;;;;;;125;;;;;;;;;;;;;;;6;;;;;;;;;;;;;;;;;;Elektronisch;;;;;;;;;;;;;;;;;;;;;;;3 Dreh-Glastüren;;;;;;;;;;;;;1350;900;520;;;;;;;;;;;;;;;;;;;99;311;;;;;;;;;;;;;;;;;;;;;12;B;;1.8;657;;;;;;;Schwarz;Chrom;;;;;;;;;;;;;;;;;;;;4 Stellfüße;;;;;;44;;;;;;;;;;;;;;;;;;;;;;;1265;734;418;LED;;;;;;;;;4;;;;;;;;;;;;;90;R290 / GWP 3;;;Ventiliert;;;;;;;;;;;;;;;;;;;;;;;;Aluminium Stucco;;;;;;+30°C, 55% RH;;;;;;;;;;;;;;;;;;;;;;;;;92;288;;;;;;;;;;;;;;;;;;;;;;;;;;;;;;;;;;;;;;;;;;;6 Tragroste, chrom;;;;;;;;;;;;;;;;;220-240/50;;;Ja;;;;;;;;;;;Thermometer;+2 bis +10;;;;;;;;;;;;;;;Ja;;;;Nein;;;;;;;;;;;;;;;;;;;;;;;;;;0.77;;;;;;;;;;;;;;;;;;;;;;;;;;;;218;218;380;266;;;;;;;64;;;;;;;;;;400x318 / 432x318 mm;;1435;575;970;BA31H_Produktblatt.pdf;BA31H_Betriebsanleitung.pdf;BA31H_Ersatzteilliste.pdf;BA31H_Energielabel.pdf;BA31H_Energiepfeil.png
Tefcold;Tefcold-Kühlschrank;Tefcold-Kühlschrank-Glastür;;;Backbars;45475;BA31S-3;5708181722012;5708181722012;TEFCOLD;1380,00;Glastürkühlgeräte | BackbarsDEALS + | Energieeffiziente Geräte;1431568;;;;;;;;;;Automatisch;;;;;;;;125;;;;;;;;;;;;;;;6;;;;;;;;;;;;;;;;;;Elektronisch;;;;;;;;;;;;;;;;;;;;;;;3 Schiebetüren aus Glas;;;;;;;;;;;;;1350;900;515;;;;;;;;;;;;;;;;;;;101;311;;;;;;;;;;;;;;;;;;;;;12;B;;1.74;635;;;;;;;Schwarz;Chrom;;;;;;;;;;;;;;;;;;;;4 Stellfüße;;;;;;44;;;;;;;;;;;;;;;;;;;;;;;1265;734;418;LED;;;;;;;;;4;;;;;;;;;;;;;90;R290 / GWP 3;;;Ventiliert;;;;;;;;;;;;;;;;;;;;;;;;Aluminium Stucco;;;;;;+30°C, 55% RH;;;;;;;;;;;;;;;;;;;;;;;;;94;288;;;;;;;;;;;;;;;;;;;;;;;;;;;;;;;;;;;;;;;;;;;6 Tragroste, chrom;;;;;;;;;;;;;;;;;220-240/50;;;Ja;;;;;;;;;;;Thermometer;+2 bis +10;;;;;;;;;;;;;;;Ja;;Ja;;Nein;;;;;;;;;;;;;;;;;;;;;;;;;;0.84;;;;;;;;;;;;;;;;;;;;;;;;;;;;218;218;380;266;;;;;;;64;;;;;;;;;;400x318 / 432x318 mm;;1435;575;970;BA31S-3_Produktblatt.pdf;BA31S-3_Betriebsanleitung.pdf;BA31S-3_Ersatzteilliste.pdf;BA31S-3_Energielabel.pdf;BA31S-3_Energiepfeil.png
Tefcold;Tefcold-Kühlschrank;Tefcold-Kühlschrank-Glastür;;;Backbars;45467;BA6H;5708181721930;5708181721930;TEFCOLD;619,00;Glastürkühlgeräte | BackbarsDEALS + | Energieeffiziente Geräte;1431504;;;;;;;;;;Automatisch;;;;;;;;95;;;;;;;;;;;;;;;2;;;;;;;;;;;;;;;;;;Elektronisch;;;;;;;;;;;;;;;;;;;;;;;1 Dreh-Glastür;;;;;;;;;;;;;500;870;520;;;;;;;;;;;;;;;;;;;45;105;;;;;;;;;;;;;;;;;;;;;8;A;;0.85;310;;;;;;;Schwarz;Chrom;;;;;;;;;;;;;;;;;;;;4 Stellfüße;;;;;;44;;;;;;;;;;;;;;;;;;;;;;;410;720;418;LED;;;;;;;;;4;;;;;;;;;;;;;45;R600a / GWP 3;;;Ventiliert;;;;;;;;;;;;;;;;;;;;;;;;Aluminium Stucco;;;;;;+30°C, 55% RH;;;;;;;;;;;;;;;;;;;;;;;;;40;92;;;;;;;;;;;;;;;;;;;;;;;;;;;;;;;;;;;;;;;;;;;2 Tragroste, chrom;;;;;;;;;;;;;;;;;220-240/50;;;Ja;;;;;;;;;;;Thermometer;+2 bis +10;;;;;;;;;;;;;;;Ja;;;;Ja;;;;;;;;;;;;;;;;;;;;;;;;;;0.29;;;;;;;;;;;;;;;;;;;;;;;;;;;;70;70;113;96;;;;;;;160;;;;;;;;;;395x350 mm;;585;575;940;BA6H_Produktblatt.pdf;BA6H_Betriebsanleitung.pdf;BA6H_Ersatzteilliste.pdf;BA6H_Energielabel.pdf;BA6H_Energiepfeil.png
Tefcold;Tefcold-Kühlschrank;Tefcold-Kühlschrank-Glastür;;;Backbars;15851;CBC210;5708181360337;5708181360337;TEFCOLD;1415,00;Glastürkühlgeräte | Backbars;97429;;;;;;;;;;Automatisch;;;;;;;;250;;;;;;;;;;;;;;;;;;;;;;;;;;;;;;;;;Elektronisch;;;;;;;;;;;;;;;;;;;;;;;2 Selbstschließende Drehtüren;;;;;;;;;;;;;1462;860;513;;;;;;;;;;;;;;;;;;;123;290;;;;;;;;;;;;;;;;;;;;;35.3;C;;2.35;858;;;;;;;Schwarz;SS 304;;;;;;;;;;;;;;;;;;;;6 Stellfüße;;;;;;42;;;;;;;;;;;;;;;;;;;;;;;1082;760;415;Nein;;;;;;;;;4;;;;;;;;;;;;;95;R290 / GWP 3;;;Ventiliert;;;;;;;;;;;;;;;;;;;;;;;;SS 430, hochglanzpoliert;;;;;;+30°C, 55% RH;;;;;;;;;;;;;;;;;;;;;;;;;118;277;;;;;;;;;;;;;;;;;;;;;;;;;;;;;;;;;;;;;;;;;;;4 Tragroste, SS304;;;;;;;;;;;;;;;;;220-240/50;;;Ja;;;;;;;;;;;Thermometer;+2 bis +10;;;;;;;;;;;;;;;Ja;;Ja;;Nein;;;;;;;;;;;;;;;;;;;;;;;;;;;;;;;;;;;;;;;;;;;;;;;;;;;;;;;;;;;;;;;;60;;;;;;;;;;;;1540;580;1050;CBC210_Produktblatt.pdf;CBC210_Betriebsanleitung.pdf;CBC210_Ersatzteilliste.pdf;CBC210_Energielabel.pdf;CBC210_Energiepfeil.png
Tefcold;Tefcold-Kühlschrank;Tefcold-Kühlschrank-Glastür;;;Backbars;15850;CBC210G;5708181360184;5708181360184;TEFCOLD;1513,00;Glastürkühlgeräte | Backbars;544157;;;;;;;;;;Automatisch;;;;;;;;250;;;;;;;;;;;;;;;;;;;;;;;;;;;;;;;;;Elektronisch;;;;;;;;;;;;;;;;;;;;;;;2 Selbstschließende Dreh-Glastüren;;;;;;;;;;;;;1462;860;513;;;;;;;;;;;;;;;;;;;123;290;;;;;;;;;;;;;;;;;;;;;24.8;C;;3.18;1159;;;;;;;Schwarz;SS 304;;;;;;;;;;;;;;;;;;;;6 Stellfüße;;;;;;42;;;;;;;;;;;;;;;;;;;;;;;1082;760;415;LED;;;;;;;;;4;;;;;;;;;;;;;95;R290 / GWP 3;;;Ventiliert;;;;;;;;;;;;;;;;;;;;;;;;SS 430, hochglanzpoliert;;;;;;+30°C, 55% RH;;;;;;;;;;;;;;;;;;;;;;;;;118;277;;;;;;;;;;;;;;;;;;;;;;;;;;;;;;;;;;;;;;;;;;;4 Tragroste, SS304;;;;;;;;;;;;;;;;;220-240/50;;;Ja;;;;;;;;;;;Thermometer;+2 bis +10;;;;;;;;;;;;;;;Ja;;Ja;;Nein;;;;;;;;;;;;;;;;;;;;;;;;;;0.56;;;;;;;;;;;;;;;;;;;;;;;;;;;;;;;;;;;;;;60;;;;;;;;;;;;1540;580;1050;CBC210G_Produktblatt.pdf;CBC210G_Betriebsanleitung.pdf;CBC210G_Ersatzteilliste.pdf;CBC210G_Energielabel.pdf;CBC210G_Energiepfeil.png
Tefcold;Tefcold-Kühlschrank;Tefcold-Kühlschrank-Glastür;;;Backbars;15854;CBC310;5708181360191;5708181360191;TEFCOLD;1751,00;Glastürkühlgeräte | Backbars;97442;;;;;;;;;;Automatisch;;;;;;;;250;;;;;;;;;;;;;;;;;;;;;;;;;;;;;;;;;Elektronisch;;;;;;;;;;;;;;;;;;;;;;;3 Selbstschließende Drehtüren;;;;;;;;;;;;;2002;860;513;;;;;;;;;;;;;;;;;;;143;460;;;;;;;;;;;;;;;;;;;;;37.5;C;;2.85;1040;;;;;;;Schwarz;SS 304;;;;;;;;;;;;;;;;;;;;8 Stellfüße;;;;;;42;;;;;;;;;;;;;;;;;;;;;;;1622;760;415;Nein;;;;;;;;;4;;;;;;;;;;;;;95;R290 / GWP 3;;;Ventiliert;;;;;;;;;;;;;;;;;;;;;;;;SS 430, hochglanzpoliert;;;;;;+30°C, 55% RH;;;;;;;;;;;;;;;;;;;;;;;;;138;442;;;;;;;;;;;;;;;;;;;;;;;;;;;;;;;;;;;;;;;;;;;6 Tragroste, SS304;;;;;;;;;;;;;;;;;220-240/50;;;Ja;;;;;;;;;;;Thermometer;+2 bis +10;;;;;;;;;;;;;;;Ja;;Ja;;Nein;;;;;;;;;;;;;;;;;;;;;;;;;;;;;;;;;;;;;;;;;;;;;;;;;;;;;;;;;;;;;;;;44;;;;;;;;;;;;2060;580;1050;CBC310_Produktblatt.pdf;CBC310_Betriebsanleitung.pdf;CBC310_Ersatzteilliste.pdf;CBC310_Energielabel.pdf;CBC310_Energiepfeil.png
Tefcold;Tefcold-Kühlschrank;Tefcold-Kühlschrank-Glastür;;;Backbars;15853;CBC310G;5708181360207;5708181360207;TEFCOLD;1839,00;Glastürkühlgeräte | Backbars;544161;;;;;;;;;;Automatisch;;;;;;;;250;;;;;;;;;;;;;;;;;;;;;;;;;;;;;;;;;Elektronisch;;;;;;;;;;;;;;;;;;;;;;;3 Selbstschließende Dreh-Glastüren;;;;;;;;;;;;;2002;860;513;;;;;;;;;;;;;;;;;;;143;460;;;;;;;;;;;;;;;;;;;;;25.2;C;;3.8;1386;;;;;;;Schwarz;SS 304;;;;;;;;;;;;;;;;;;;;8 Stellfüße;;;;;;42;;;;;;;;;;;;;;;;;;;;;;;1622;760;415;LED;;;;;;;;;4;;;;;;;;;;;;;95;R290 / GWP 3;;;Ventiliert;;;;;;;;;;;;;;;;;;;;;;;;SS 430, hochglanzpoliert;;;;;;+30°C, 55% RH;;;;;;;;;;;;;;;;;;;;;;;;;138;442;;;;;;;;;;;;;;;;;;;;;;;;;;;;;;;;;;;;;;;;;;;6 Tragroste, SS304;;;;;;;;;;;;;;;;;220-240/50;;;Ja;;;;;;;;;;;Thermometer;+2 bis +10;;;;;;;;;;;;;;;Ja;;Ja;;Nein;;;;;;;;;;;;;;;;;;;;;;;;;;0.84;;;;;;;;;;;;;;;;;;;;;;;;;;;;;;;;;;;;;;44;;;;;;;;;;;;2060;580;1050;CBC310G_Produktblatt.pdf;CBC310G_Betriebsanleitung.pdf;CBC310G_Ersatzteilliste.pdf;CBC310G_Energielabel.pdf;CBC310G_Energiepfeil.png
Tefcold;Tefcold-Kühlschrank;Tefcold-Kühlschrank-Glastür;;;Backbars;15858;CBC410;5708181360382;5708181360382;TEFCOLD;2185,00;Glastürkühlgeräte | Backbars;97455;;;;;;;;;;Automatisch;;;;;;;;350;;;;;;;;;;;;;;;;;;;;;;;;;;;;;;;;;Elektronisch;;;;;;;;;;;;;;;;;;;;;;;4 Selbstschließende Drehtüren;;;;;;;;;;;;;2542;860;513;;;;;;;;;;;;;;;;;;;172;630;;;;;;;;;;;;;;;;;;;;;37.3;C;;3.18;1160;;;;;;;Schwarz;SS 304;;;;;;;;;;;;;;;;;;;;10 Stellfüße;;;;;;42;;;;;;;;;;;;;;;;;;;;;;;2162;760;415;Nein;;;;;;;;;4;;;;;;;;;;;;;95;R290 / GWP 3;;;Ventiliert;;;;;;;;;;;;;;;;;;;;;;;;SS 430, hochglanzpoliert;;;;;;+30°C, 55% RH;;;;;;;;;;;;;;;;;;;;;;;;;167;605;;;;;;;;;;;;;;;;;;;;;;;;;;;;;;;;;;;;;;;;;;;8 Tragroste, SS304;;;;;;;;;;;;;;;;;220-240/50;;;Ja;;;;;;;;;;;Thermometer;+2 bis +10;;;;;;;;;;;;;;;Ja;;Ja;;Nein;;;;;;;;;;;;;;;;;;;;;;;;;;;;;;;;;;;;;;;;;;;;;;;;;;;;;;;;;;;;;;;;32;;;;;;;;;;;;2650;580;1050;CBC410_Produktblatt.pdf;CBC410_Betriebsanleitung.pdf;CBC410_Ersatzteilliste.pdf;CBC410_Energielabel.pdf;CBC410_Energiepfeil.png
Tefcold;Tefcold-Kühlschrank;Tefcold-Kühlschrank-Glastür;;;Backbars;15857;CBC410G;5708181361020;5708181361020;TEFCOLD;2269,00;Glastürkühlgeräte | Backbars;544170;;;;;;;;;;Automatisch;;;;;;;;320;;;;;;;;;;;;;;;;;;;;;;;;;;;;;;;;;Elektronisch;;;;;;;;;;;;;;;;;;;;;;;4 Selbstschließende Dreh-Glastüren;;;;;;;;;;;;;2542;860;513;;;;;;;;;;;;;;;;;;;172;630;;;;;;;;;;;;;;;;;;;;;24;C;;4.08;1489;;;;;;;Schwarz;SS 304;;;;;;;;;;;;;;;;;;;;10 Stellfüße;;;;;;42;;;;;;;;;;;;;;;;;;;;;;;2162;760;415;LED;;;;;;;;;4;;;;;;;;;;;;;95;R290 / GWP 3;;;Ventiliert;;;;;;;;;;;;;;;;;;;;;;;;SS 430, hochglanzpoliert;;;;;;+30°C, 55% RH;;;;;;;;;;;;;;;;;;;;;;;;;167;605;;;;;;;;;;;;;;;;;;;;;;;;;;;;;;;;;;;;;;;;;;;8 Tragroste, SS304;;;;;;;;;;;;;;;;;220-240/50;;;Ja;;;;;;;;;;;Thermometer;+2 bis +10;;;;;;;;;;;;;;;Ja;;Ja;;Nein;;;;;;;;;;;;;;;;;;;;;;;;;;1.12;;;;;;;;;;;;;;;;;;;;;;;;;;;;;;;;;;;;;;32;;;;;;;;;;;;2650;580;1050;CBC410G_Produktblatt.pdf;CBC410G_Betriebsanleitung.pdf;CBC410G_Ersatzteilliste.pdf;CBC410G_Energielabel.pdf;CBC410G_Energiepfeil.png
Tefcold;Tefcold-Kühlschrank;Tefcold-Kühlschrank-Glastür;;;Backbars;44724;DB106H;5708181713980;5708181713980;TEFCOLD;540,00;Glastürkühlgeräte | BackbarsDEALS + | Energieeffiziente Geräte;1431312;;;;;;;;;;Automatisch;;;;;;;;95;;;;;;;;;;;;;;;2;;;;;;;;;;;;;;;;;;Elektronisch;;;;;;;;;;;;;;;;;;;;;;;1 Dreh-Glastür;;;;;;;;;;;;;500;870;520;;;;;;196;;;;;;;;;;;;;45;105;;;;;;;;;;;;;;;;;;;;;8;A;;0.85;310;;;;;;;Schwarz RAL9005;Weiß;;;;;;;;;;;;;;;;;;;;4 Stellfüße;;;;;;44;;;;;;;;;;;;;;;;;;;;;;;410;720;418;LED;;;;;;;;;4;;;;;;;;;;;;;45;R600a / GWP 3;;;Supermarkt-Gerät;;;;;;;;;;;;;;;;;;;;;;;;Aluminium Stucco;;;;;;+30°C, 55% RH;;;;;;;;;;;;;;;;;;;;;;;;;40;92;;;;;;;;;;;;;;;;;;;;;;;;;;;;;;;;;;;;;;;;;;;2 Tragroste, weiß;;;;;;;;;;;;;;;;;220-240/50;;;Ja;;;;;;;;;;;Thermometer;+2 bis +10;;;;;;;;;;;;;;;Ja;;;;Ja;;;;;;;;;;;;;;;;;;;;;;;;;;0.29;;;;;;;;;;;;;;;;;;;;;;;;;;;;70;70;113;96;;;;;;;160;;VC4;;;;;;;;395x350 mm;;585;575;940;DB106H_Produktblatt.pdf;DB106H_Betriebsanleitung.pdf;DB106H_Ersatzteilliste.pdf;DB106H_Energielabel.pdf;DB106H_Energiepfeil.png
Tefcold;Tefcold-Kühlschrank;Tefcold-Kühlschrank-Glastür;;;Backbars;44725;DB126H;5708181713997;5708181713997;TEFCOLD;557,00;Glastürkühlgeräte | BackbarsDEALS + | Energieeffiziente Geräte;1431316;;;;;;;;;;Automatisch;;;;;;;;95;;;;;;;;;;;;;;;2;;;;;;;;;;;;;;;;;;Elektronisch;;;;;;;;;;;;;;;;;;;;;;;1 Dreh-Glastür;;;;;;;;;;;;;600;870;520;;;;;;196;;;;;;;;;;;;;52;125;;;;;;;;;;;;;;;;;;;;;9;A;;0.96;350;;;;;;;Schwarz RAL9005;Weiß;;;;;;;;;;;;;;;;;;;;4 Stellfüße;;;;;;44;;;;;;;;;;;;;;;;;;;;;;;510;720;418;LED;;;;;;;;;4;;;;;;;;;;;;;55;R600a / GWP 3;;;Getränkekühler;;;;;;;;;;C;;;;;;;;;;;;;;Aluminium Stucco;;;;;;+30°C, 55% RH;;;;;;;;;;;;;;;;;;;;;;;;;46;115;;;;;;;;;;;;;;;;;;;;;;;;;;;;;;;;;;;;;;;;;;;2 Tragroste, weiß;;;;;;;;;;;;;;;;;220-240/50;;;Ja;;;;;;;;;;;Thermometer;+2 bis +10;;;;;;;;;;;;;;;Ja;;;;Nein;;;;;;;;;;;;;;;;;;;;;;;;;;0.35;;;;;;;;;;;;;;;;;;;;;;;;;;;;84;84;161;112;;;;;;;136;;VC4;;;;;;;;495x350 mm;;685;575;940;DB126H_Produktblatt.pdf;DB126H_Betriebsanleitung.pdf;DB126H_Ersatzteilliste.pdf;DB126H_Energielabel.pdf;DB126H_Energiepfeil.png
Tefcold;Tefcold-Kühlschrank;Tefcold-Kühlschrank-Glastür;;;Backbars;44726;DB201H;5708181714000;5708181714000;TEFCOLD;778,00;DEALS + | Energieeffiziente GeräteGlastürkühlgeräte | Backbars;1431317;;;;;;;;;;Automatisch;;;;;;;;115;;;;;;;;;;;;;;;4;;;;;;;;;;;;;;;;;;Elektronisch;;;;;;;;;;;;;;;;;;;;;;;2 Dreh-Glastüren;;;;;;;;;;;;;900;870;520;;;;;;196;;;;;;;;;;;;;69;190;;;;;;;;;;;;;;;;;;;;;9;A;;1.08;394;;;;;;;Schwarz RAL9005;Weiß;;;;;;;;;;;;;;;;;;;;4 Stellfüße;;;;;;44;;;;;;;;;;;;;;;;;;;;;;;810;720;418;LED;;;;;;;;;4;;;;;;;;;;;;;70;R600a / GWP 3;;;Supermarkt-Gerät;;;;;;;;;;E;;;;;;;;;;;;;;Aluminium Stucco;;;;;;+30°C, 55% RH;;;;;;;;;;;;;;;;;;;;;;;;;63;182;;;;;;;;;;;;;;;;;;;;;;;;;;;;;;;;;;;;;;;;;;;4 Tragroste, weiß;;;;;;;;;;;;;;;;;220-240/50;;;Ja;;;;;;;;;;;Thermometer;+2 bis +10;;;;;;;;;;;;;;;Ja;;;;Nein;;;;;;;;;;;;;;;;;;;;;;;;;;0.5;;;;;;;;;;;;;;;;;;;;;;;;;;;;143;143;276;188;;;;;;;96;;VC4;;;;;;;;395x320 mm;;985;575;940;DB201H_Produktblatt.pdf;DB201H_Betriebsanleitung.pdf;DB201H_Ersatzteilliste.pdf;DB201H_Energielabel.pdf;DB201H_Energiepfeil.png
Tefcold;Tefcold-Kühlschrank;Tefcold-Kühlschrank-Glastür;;;Backbars;45363;DB201S;5708181721794;5708181721794;TEFCOLD;792,00;DEALS + | Energieeffiziente GeräteGlastürkühlgeräte | Backbars;1431455;;;;;;;;;;Automatisch;;;;;;;;115;;;;;;;;;;;;;;;4;;;;;;;;;;;;;;;;;;Elektronisch;;;;;;;;;;;;;;;;;;;;;;;2 Schiebetüren aus Glas;;;;;;;;;;;;;900;870;520;;;;;;196;;;;;;;;;;;;;69;190;;;;;;;;;;;;;;;;;;;;;9;A;;1.14;416;;;;;;;Schwarz RAL9005;Weiß;;;;;;;;;;;;;;;;;;;;4 Stellfüße;;;;;;44;;;;;;;;;;;;;;;;;;;;;;;810;720;418;LED;;;;;;;;;4;;;;;;;;;;;;;70;R600a / GWP 3;;;Supermarkt-Gerät;;;;;;;;;;;;;;;;;;;;;;;;Aluminium Stucco;;;;;;+30°C, 55% RH;;;;;;;;;;;;;;;;;;;;;;;;;63;182;;;;;;;;;;;;;;;;;;;;;;;;;;;;;;;;;;;;;;;;;;;4 Tragroste, weiß;;;;;;;;;;;;;;;;;220-240/50;;;Ja;;;;;;;;;;;Thermometer;+2 bis +10;;;;;;;;;;;;;;;Ja;;;;Nein;;;;;;;;;;;;;;;;;;;;;;;;;;0.47;;;;;;;;;;;;;;;;;;;;;;;;;;;;143;143;276;188;;;;;;;96;;VC4;;;;;;;;395x320 mm;;985;575;940;DB201S_Produktblatt.pdf;DB201S_Betriebsanleitung.pdf;DB201S_Ersatzteilliste.pdf;DB201S_Energielabel.pdf;DB201S_Energiepfeil.png
Tefcold;Tefcold-Kühlschrank;Tefcold-Kühlschrank-Glastür;;;Backbars;44727;DB301H-3;5708181714017;5708181714017;TEFCOLD;1037,00;DEALS + | Energieeffiziente GeräteGlastürkühlgeräte | Backbars;1431321;;;;;;;;;;Automatisch;;;;;;;;125;;;;;;;;;;;;;;;6;;;;;;;;;;;;;;;;;;Elektronisch;;;;;;;;;;;;;;;;;;;;;;;3 Dreh-Glastüren;;;;;;;;;;;;;1350;870;520;;;;;;196;;;;;;;;;;;;;95;300;;;;;;;;;;;;;;;;;;;;;13;B;;1.8;657;;;;;;;Schwarz RAL9005;Weiß;;;;;;;;;;;;;;;;;;;;4 Stellfüße;;;;;;44;;;;;;;;;;;;;;;;;;;;;;;1265;720;418;LED;;;;;;;;;4;;;;;;;;;;;;;90;R600a / GWP 3;;;Supermarkt-Gerät;;;;;;;;;;;;;;;;;;;;;;;;Aluminium Stucco;;;;;;+30°C, 55% RH;;;;;;;;;;;;;;;;;;;;;;;;;88;278;;;;;;;;;;;;;;;;;;;;;;;;;;;;;;;;;;;;;;;;;;;6 Tragroste, weiß;;;;;;;;;;;;;;;;;220-240/50;;;Ja;;;;;;;;;;;Thermometer;+2 bis +10;;;;;;;;;;;;;;;Ja;;;;Nein;;;;;;;;;;;;;;;;;;;;;;;;;;0.75;;;;;;;;;;;;;;;;;;;;;;;;;;;;218;218;380;266;;;;;;;64;;VC4;;;;;;;;395x320 mm / 432x320mm;;1435;575;940;DB301H-3_Produktblatt.pdf;DB301H-3_Betriebsanleitung.pdf;DB301H-3_Ersatzteilliste.pdf;DB301H-3_Energielabel.pdf;DB301H-3_Energiepfeil.png
Tefcold;Tefcold-Kühlschrank;Tefcold-Kühlschrank-Glastür;;;Backbars;45364;DB301S-3;5708181721800;5708181721800;TEFCOLD;1071,00;DEALS + | Energieeffiziente GeräteGlastürkühlgeräte | Backbars;1431500;;;;;;;;;;Automatisch;;;;;;;;125;;;;;;;;;;;;;;;6;;;;;;;;;;;;;;;;;;Elektronisch;;;;;;;;;;;;;;;;;;;;;;;3 Schiebetüren aus Glas;;;;;;;;;;;;;1350;870;526;;;;;;196;;;;;;;;;;;;;95;300;;;;;;;;;;;;;;;;;;;;;12;B;;1.74;635;;;;;;;Schwarz RAL9005;Weiß;;;;;;;;;;;;;;;;;;;;4 Stellfüße;;;;;;44;;;;;;;;;;;;;;;;;;;;;;;1265;720;418;LED;;;;;;;;;4;;;;;;;;;;;;;90;R600a / GWP 3;;;Supermarkt-Gerät;;;;;;;;;;;;;;;;;;;;;;;;Aluminium Stucco;;;;;;+30°C, 55% RH;;;;;;;;;;;;;;;;;;;;;;;;;88;278;;;;;;;;;;;;;;;;;;;;;;;;;;;;;;;;;;;;;;;;;;;6 Tragroste, weiß;;;;;;;;;;;;;;;;;220-240/50;;;Ja;;;;;;;;;;;Thermometer;+2 bis +10;;;;;;;;;;;;;;;Ja;;;;Nein;;;;;;;;;;;;;;;;;;;;;;;;;;0.72;;;;;;;;;;;;;;;;;;;;;;;;;;;;218;218;380;266;;;;;;;64;;VC4;;;;;;;;395x320 mm / 432x320mm;;1435;575;940;DB301S-3_Produktblatt.pdf;DB301S-3_Betriebsanleitung.pdf;DB301S-3_Ersatzteilliste.pdf;DB301S-3_Energielabel.pdf;DB301S-3_Energiepfeil.png
Tefcold;Tefcold-Kühlschrank;Tefcold-Kühlschrank-Glastür;;;Backbars;69346;SCL-2222GMU+;5708181756147;5708181756147;Serrco by TEFCOLD;4286,00;DEALS + | ProduktneuheitenGlastürkühlgeräte | BackbarsGlastürkühlgeräte | Backbars (modular);;;;;;;;;;;Automatisch;;;;;;;;300;;;;;;;;;;;;;;;8;;;;;;;;;;;;;;;;;;Elektronisch;;;;;;;;;;;;;;;;;;;;;;;4 Dreh-Glastüren;;;;;;;;;;;;;2200;820;560;;;;;;180;;;;;;;;;;;;;182;616;;;;;;;;;;;;;;;;;;;;;;D;;2.18;798;;;;;;;Anthrazit RAL 7021;Silber;;;;;;;;;;;;;;;;;;;;Stellfüße;;;;;;41;;;;;;;;;;;;;;;;;;;;;;;1820;735;470;LED;;;;;;;;;4;;;;;;;;;;;;;80;R290 / GWP 3;;;Ventiliert;;;;;;;;;;;;;;;;;;;;;;;;Silber;;;;;;+30°C, 55% RH;;;;;;;;;;;;;;;;;;;;;;;;;163.5;574;;;;;;;;;;;;;;;;;;;;;;;;;;;;;;;;;;;;;;;;;;;8 verstellbar;;;;;;;;;;;;;;;;;220-240/50;;;Ja;;;;;;;;;;;Thermometer;+2 bis +10;;;;;;;;;;;;;;;Ja;;;;Ja;;;;;;;;;;;;;;;;;;;;;;;;;;;;;;;;;;;;;;;;;;;;;;;;;;;;;;;;;;;;;;;;40;;;;;;;;;;370 x 428 mm;1800 x 460;2250;610;970;SCL-2222GMU_Produktblatt.pdf;SCL-2222GMU_Betriebsanleitung.pdf;SCL-2222GMU_Ersatzteilliste.pdf;SCL-2222GMU_Energielabel.pdf;SCL-2222GMU_Energiepfeil.png
Tefcold;Tefcold-Kühlschrank;Tefcold-Kühlschrank-Glastür;;;Backbars;68924;SCL-2222MU+;5708181754952;5708181754952;Serrco by TEFCOLD;3806,00;DEALS + | ProduktneuheitenGlastürkühlgeräte | BackbarsGlastürkühlgeräte | Backbars (modular);;;;;;;;;;;Automatisch;;;;;;;;300;;;;;;;;;;;;;;;8;;;;;;;;;;;;;;;;;;Elektronisch;;;;;;;;;;;;;;;;;;;;;;;4 Dreh-Volltüren;;;;;;;;;;;;;2200;820;560;;;;;;180;;;;;;;;;;;;;170;616;;;;;;;;;;;;;;;;;;;;;;C;;1.54;563;;;;;;;Anthrazit RAL 7021;Silber;;;;;;;;;;;;;;;;;;;;Stellfüße;;;;;;41;;;;;;;;;;;;;;;;;;;;;;;1820;735;470;LED;;;;;;;;;4;;;;;;;;;;;;;80;R290 / GWP 3;;;Ventiliert;;;;;;;;;;;;;;;;;;;;;;;;Silber;;;;;;+30°C, 55% RH;;;;;;;;;;;;;;;;;;;;;;;;;151.5;574;;;;;;;;;;;;;;;;;;;;;;;;;;;;;;;;;;;;;;;;;;;8 verstellbar;;;;;;;;;;;;;;;;;220-240/50;;;Ja;;;;;;;;;;;Thermometer;+2 bis +10;;;;;;;;;;;;;;;Werkseitige Option;;;;Ja;;;;;;;;;;;;;;;;;;;;;;;;;;;;;;;;;;;;;;;;;;;;;;;;;;;;;;;;;;;;;;;;40;;;;;;;;;;370 x 428 mm;1800 x 460;2250;610;970;SCL-2222MU_Produktblatt.pdf;SCL-2222MU_Betriebsanleitung.pdf;SCL-2222MU_Ersatzteilliste.pdf;SCL-2222MU_Energielabel.pdf;SCL-2222MU_Energiepfeil.png
Tefcold;Tefcold-Kühlschrank;Tefcold-Kühlschrank-Glastür;;;Backbars;68923;SCL-222GMU+;5708181754945;5708181754945;Serrco by TEFCOLD;3565,00;DEALS + | ProduktneuheitenGlastürkühlgeräte | BackbarsGlastürkühlgeräte | Backbars (modular);;;;;;;;;;;Automatisch;;;;;;;;300;;;;;;;;;;;;;;;6;;;;;;;;;;;;;;;;;;Elektronisch;;;;;;;;;;;;;;;;;;;;;;;3 Dreh-Glastüren;;;;;;;;;;;;;1720;820;560;;;;;;180;;;;;;;;;;;;;148;455;;;;;;;;;;;;;;;;;;;;;;C;;1.65;605;;;;;;;Anthrazit RAL 7021;Silber;;;;;;;;;;;;;;;;;;;;Stellfüße;;;;;;41;;;;;;;;;;;;;;;;;;;;;;;1345.5;735;470;LED;;;;;;;;;4;;;;;;;;;;;;;80;R290 / GWP 3;;;Ventiliert;;;;;;;;;;;;;;;;;;;;;;;;Silber;;;;;;+30°C, 55% RH;;;;;;;;;;;;;;;;;;;;;;;;;133.5;422;;;;;;;;;;;;;;;;;;;;;;;;;;;;;;;;;;;;;;;;;;;6 verstellbar;;;;;;;;;;;;;;;;;220-240/50;;;Ja;;;;;;;;;;;Thermometer;+2 bis +10;;;;;;;;;;;;;;;Ja;;;;Ja;;;;;;;;;;;;;;;;;;;;;;;;;;;;;;;;;;;;;;;;;;;;;;;;;;;;;;;;;;;;;;;;52;;;;;;;;;;370 x 428 mm;1345 x 460;1775;610;970;SCL-222GMU_Produktblatt.pdf;SCL-222GMU_Betriebsanleitung.pdf;SCL-222GMU_Ersatzteilliste.pdf;SCL-222GMU_Energielabel.pdf;SCL-222GMU_Energiepfeil.png
Tefcold;Tefcold-Kühlschrank;Tefcold-Kühlschrank-Glastür;;;Backbars;68922;SCL-222MU+;5708181754938;5708181754938;Serrco by TEFCOLD;3205,00;DEALS + | ProduktneuheitenGlastürkühlgeräte | BackbarsGlastürkühlgeräte | Backbars (modular);;;;;;;;;;;Automatisch;;;;;;;;300;;;;;;;;;;;;;;;6;;;;;;;;;;;;;;;;;;Elektronisch;;;;;;;;;;;;;;;;;;;;;;;3 Dreh-Volltüren;;;;;;;;;;;;;1720;820;560;;;;;;180;;;;;;;;;;;;;139;455;;;;;;;;;;;;;;;;;;;;;;C;;1.26;463;;;;;;;Anthrazit RAL 7021;Silber;;;;;;;;;;;;;;;;;;;;Stellfüße;;;;;;41;;;;;;;;;;;;;;;;;;;;;;;1345.5;735;470;LED;;;;;;;;;4;;;;;;;;;;;;;80;R290 / GWP 3;;;Ventiliert;;;;;;;;;;;;;;;;;;;;;;;;Silber;;;;;;+30°C, 55% RH;;;;;;;;;;;;;;;;;;;;;;;;;124.5;422;;;;;;;;;;;;;;;;;;;;;;;;;;;;;;;;;;;;;;;;;;;6 verstellbar;;;;;;;;;;;;;;;;;220-240/50;;;Ja;;;;;;;;;;;Thermometer;+2 bis +10;;;;;;;;;;;;;;;Werkseitige Option;;;;Ja;;;;;;;;;;;;;;;;;;;;;;;;;;;;;;;;;;;;;;;;;;;;;;;;;;;;;;;;;;;;;;;;52;;;;;;;;;;370 x 428 mm;1345 x 460;1775;610;970;SCL-222MU_Produktblatt.pdf;SCL-222MU_Betriebsanleitung.pdf;SCL-222MU_Ersatzteilliste.pdf;SCL-222MU_Energielabel.pdf;SCL-222MU_Energiepfeil.png
Tefcold;Tefcold-Kühlschrank;Tefcold-Kühlschrank-Glastür;;;Backbars;68921;SCL-22GMU+;5708181754921;5708181754921;Serrco by TEFCOLD;3124,00;DEALS + | ProduktneuheitenGlastürkühlgeräte | BackbarsGlastürkühlgeräte | Backbars (modular);;;;;;;;;;;Automatisch;;;;;;;;230;;;;;;;;;;;;;;;4;;;;;;;;;;;;;;;;;;Elektronisch;;;;;;;;;;;;;;;;;;;;;;;2 Dreh-Glastüren;;;;;;;;;;;;;1245;820;560;;;;;;180;;;;;;;;;;;;;114;299;;;;;;;;;;;;;;;;;;;;;;C;;1.53;560;;;;;;;Anthrazit RAL 7021;Silber;;;;;;;;;;;;;;;;;;;;Stellfüße;;;;;;41;;;;;;;;;;;;;;;;;;;;;;;870;735;470;LED;;;;;;;;;4;;;;;;;;;;;;;80;R290 / GWP 3;;;Ventiliert;;;;;;;;;;;;;;;;;;;;;;;;Silber;;;;;;+30°C, 55% RH;;;;;;;;;;;;;;;;;;;;;;;;;102.5;275;;;;;;;;;;;;;;;;;;;;;;;;;;;;;;;;;;;;;;;;;;;4 verstellbar;;;;;;;;;;;;;;;;;220-240/50;;;Ja;;;;;;;;;;;Thermometer;+2 bis +10;;;;;;;;;;;;;;;Ja;;;;Ja;;;;;;;;;;;;;;;;;;;;;;;;;;;;;;;;;;;;;;;;;;;;;;;;;;;;;;239;266;416;335;;;;;;;70;;;;;;;;;;370 x 428 mm;870 x 460;1300;610;970;SCL-22GMU_Produktblatt.pdf;SCL-22GMU_Betriebsanleitung.pdf;SCL-22GMU_Ersatzteilliste.pdf;SCL-22GMU_Energielabel.pdf;SCL-22GMU_Energiepfeil.png
Tefcold;Tefcold-Kühlschrank;Tefcold-Kühlschrank-Glastür;;;Backbars;68920;SCL-22MU+;5708181754914;5708181754914;Serrco by TEFCOLD;2884,00;DEALS + | ProduktneuheitenGlastürkühlgeräte | BackbarsGlastürkühlgeräte | Backbars (modular);;;;;;;;;;;Automatisch;;;;;;;;230;;;;;;;;;;;;;;;4;;;;;;;;;;;;;;;;;;Elektronisch;;;;;;;;;;;;;;;;;;;;;;;2 Dreh-Volltüren;;;;;;;;;;;;;1245;820;560;;;;;;180;;;;;;;;;;;;;108;299;;;;;;;;;;;;;;;;;;;;;;B;;1;366;;;;;;;Anthrazit RAL 7021;Silber;;;;;;;;;;;;;;;;;;;;Stellfüße;;;;;;41;;;;;;;;;;;;;;;;;;;;;;;870;735;470;LED;;;;;;;;;4;;;;;;;;;;;;;80;R290 / GWP 3;;;Ventiliert;;;;;;;;;;;;;;;;;;;;;;;;Silber;;;;;;+30°C, 55% RH;;;;;;;;;;;;;;;;;;;;;;;;;96.5;275;;;;;;;;;;;;;;;;;;;;;;;;;;;;;;;;;;;;;;;;;;;4 verstellbar;;;;;;;;;;;;;;;;;220-240/50;;;Ja;;;;;;;;;;;Thermometer;+2 bis +10;;;;;;;;;;;;;;;Werkseitige Option;;;;Ja;;;;;;;;;;;;;;;;;;;;;;;;;;;;;;;;;;;;;;;;;;;;;;;;;;;;;;239;266;416;335;;;;;;;70;;;;;;;;;;370 x 428 mm;870 x 460;1300;610;970;SCL-22MU_Produktblatt.pdf;SCL-22MU_Betriebsanleitung.pdf;SCL-22MU_Ersatzteilliste.pdf;SCL-22MU_Energielabel.pdf;SCL-22MU_Energiepfeil.png
Tefcold;Tefcold-Kühlschrank;Tefcold-Kühlschrank-Glastür;;;Backbars;68918;SCL-2GMU+;5708181754891;5708181754891;Serrco by TEFCOLD;2410,00;DEALS + | ProduktneuheitenGlastürkühlgeräte | BackbarsGlastürkühlgeräte | Backbars (modular);2537519;;;;;;;;;;Automatisch;;;;;;;;200;;;;;;;;;;;;;;;2;;;;;;;;;;;;;;;;;;Elektronisch;;;;;;;;;;;;;;;;;;;;;;;1 Dreh-Glastür;;;;;;;;;;;;;770;820;560;;;;;;180;;;;;;;;;;;;;83.5;138;;;;;;;;;;;;;;;;;;;;;;D;;1.26;463;;;;;;;Anthrazit RAL 7021;Silber;;;;;;;;;;;;;;;;;;;;Stellfüße;;;;;;41;;;;;;;;;;;;;;;;;;;;;;;395;735;470;LED;;;;;;;;;4;;;;;;;;;;;;;80;R290 / GWP 3;;;Ventiliert;;;;;;;;;;;;;;;;;;;;;;;;Silber;;;;;;+30°C, 55% RH;;;;;;;;;;;;;;;;;;;;;;;;;75.5;124;;;;;;;;;;;;;;;;;;;;;;;;;;;;;;;;;;;;;;;;;;;2 verstellbar;;;;;;;;;;;;;;;;;220-240/50;;;Ja;;;;;;;;;;;Thermometer;+2 bis +10;;;;;;;;;;;;;;;Ja;;;;Ja;;;;;;;;;;;;;;;;;;;;;;;;;;;;;;;;;;;;;;;;;;;;;;;;;;;;;;107;110;180;145;;;;;;;112;;;;;;;;;;370 x 428 mm;395 x 460;825;610;970;SCL-2GMU_Produktblatt.pdf;SCL-2GMU_Betriebsanleitung.pdf;SCL-2GMU_Ersatzteilliste.pdf;SCL-2GMU_Energielabel.pdf;SCL-2GMU_Energiepfeil.png
Tefcold;Tefcold-Kühlschrank;Tefcold-Kühlschrank-Glastür;;;Backbars;68919;SCL-2MU+;5708181754907;5708181754907;Serrco by TEFCOLD;2305,00;DEALS + | ProduktneuheitenGlastürkühlgeräte | BackbarsGlastürkühlgeräte | Backbars (modular);2537487;;;;;;;;;;Automatisch;;;;;;;;200;;;;;;;;;;;;;;;2;;;;;;;;;;;;;;;;;;Elektronisch;;;;;;;;;;;;;;;;;;;;;;;1 Dreh-Volltür;;;;;;;;;;;;;770;820;560;;;;;;180;;;;;;;;;;;;;80.5;138;;;;;;;;;;;;;;;;;;;;;;C;;0.74;270;;;;;;;Anthrazit RAL 7021;Silber;;;;;;;;;;;;;;;;;;;;Stellfüße;;;;;;41;;;;;;;;;;;;;;;;;;;;;;;395;735;470;LED;;;;;;;;;4;;;;;;;;;;;;;80;R290 / GWP 3;;;Ventiliert;;;;;;;;;;;;;;;;;;;;;;;;Silber;;;;;;+30°C, 55% RH;;;;;;;;;;;;;;;;;;;;;;;;;72.5;124;;;;;;;;;;;;;;;;;;;;;;;;;;;;;;;;;;;;;;;;;;;2 verstellbar;;;;;;;;;;;;;;;;;220-240/50;;;Ja;;;;;;;;;;;Thermometer;+2 bis +10;;;;;;;;;;;;;;;Werkseitige Option;;;;Ja;;;;;;;;;;;;;;;;;;;;;;;;;;;;;;;;;;;;;;;;;;;;;;;;;;;;;;107;110;180;145;;;;;;;112;;;;;;;;;;370 x 428 mm;395 x 460;825;610;970;SCL-2MU_Produktblatt.pdf;SCL-2MU_Betriebsanleitung.pdf;SCL-2MU_Ersatzteilliste.pdf;SCL-2MU_Energielabel.pdf;SCL-2MU_Energiepfeil.png
Tefcold;Tefcold-Kühlschrank;Tefcold-Kühlschrank-Glastür;;;Backbars;69076;SCL-X2;5708181755478;5708181755478;Serrco by TEFCOLD;1390,00;Glastürkühlgeräte | Backbars (modular);;;;;;;;;;;Automatisch;;;;;;;;0;;;;;;;;;;;;;;;2;;;;;;;;;;;;;;;;;;Elektronisch;;;;;;;;;;;;;;;;;;;;;;;1 Dreh-Volltür;;;;;;;;;;;;;475;820;550;;;;;;180;;;;;;;;;;;;;45;131;;;;;;;;;;;;;;;;;;;;;;;;;;;;;;;;Anthrazit RAL 7021;Silber;;;;;;;;;;;;;;;;;;;;Stellfüße;;;;;;0;;;;;;;;;;;;;;;;;;;;;;;395;735;475;Nein;;;;;;;;;4;;;;;;;;;;;;;;R290 / GWP 3;;;Ventiliert;;;;;;;;;;;;;;;;;;;;;;;;Silber;;;;;;+30°C, 55% RH;;;;;;;;;;;;;;;;;;;;;;;;;38;117;;;;;;;;;;;;;;;;;;;;;;;;;;;;;;;;;;;;;;;;;;;2 verstellbar;;;;;;;;;;;;;;;;;220-240/50;;;Nein;;;;;;;;;;;Thermometer;+2 bis +10;;;;;;;;;;;;;;;Werkseitige Option;;;;Ja;;;;;;;;;;;;;;;;;;;;;;;;;;;;;;;;;;;;;;;;;;;;;;;;;;;;;;107;110;180;145;;;;;;;184;;;;;;;;;;370 x 428 mm;395 x 460;985;1010;1200;SCL-X2_Produktblatt.pdf;SCL-X2_Betriebsanleitung.pdf;SCL-X2_Ersatzteilliste.pdf;SCL-X2_Energielabel.pdf;SCL-X2_Energiepfeil.png
Tefcold;Tefcold-Kühlschrank;Tefcold-Kühlschrank-Glastür;;;Backbars;69077;SCL-X22;5708181755485;5708181755485;Serrco by TEFCOLD;2185,00;Glastürkühlgeräte | Backbars (modular);;;;;;;;;;;Automatisch;;;;;;;;0;;;;;;;;;;;;;;;4;;;;;;;;;;;;;;;;;;Elektronisch;;;;;;;;;;;;;;;;;;;;;;;2 Dreh-Volltüren;;;;;;;;;;;;;950;820;550;;;;;;180;;;;;;;;;;;;;75;286;;;;;;;;;;;;;;;;;;;;;;;;;;;;;;;;Anthrazit RAL 7021;Silber;;;;;;;;;;;;;;;;;;;;Stellfüße;;;;;;0;;;;;;;;;;;;;;;;;;;;;;;870;735;470;Nein;;;;;;;;;4;;;;;;;;;;;;;;R290 / GWP 3;;;Ventiliert;;;;;;;;;;;;;;;;;;;;;;;;Silber;;;;;;+30°C, 55% RH;;;;;;;;;;;;;;;;;;;;;;;;;65;261;;;;;;;;;;;;;;;;;;;;;;;;;;;;;;;;;;;;;;;;;;;4 verstellbar;;;;;;;;;;;;;;;;;220-240/50;;;Nein;;;;;;;;;;;Thermometer;+2 bis +10;;;;;;;;;;;;;;;Werkseitige Option;;;;Ja;;;;;;;;;;;;;;;;;;;;;;;;;;;;;;;;;;;;;;;;;;;;;;;;;;;;;;239;266;416;335;;;;;;;94;;;;;;;;;;370 x 428 mm;870 x 460;960;1000;600;SCL-X22_Produktblatt.pdf;SCL-X22_Betriebsanleitung.pdf;SCL-X22_Ersatzteilliste.pdf;SCL-X22_Energielabel.pdf;SCL-X22_Energiepfeil.png
Tefcold;Tefcold-Kühlschrank;Tefcold-Kühlschrank-Glastür;;;Backbars;69061;SGD-120LGE;5708181755324;5708181755324;Serrco by TEFCOLD;1838,00;DEALS + | ProduktneuheitenGlastürkühlgeräte | Backbars;2530886;;;;;;;;;;Automatisch;;;;;;;;327;;;;;;;;;;;;;;;2;;;;;;;;;;;;;;;;;;Elektronisch;;;;;;;;;;;;;;;;;;;;;;;1 Dreh-Glastür;;;;;;;;;;;;;555;850;640;;;;;;165;;;;;;;;;;;;;63;135;;;;;;;;;;;;;;;;;;;;;40;D;;1.21;443;;;;;;;Anthrazit RAL 7021;Silber;;;;;;;;;;;;;;;;;;;;Stellfüße;;;;;;47;;;;;;;;;;;;;;;;;;;;;;;488;682;425;LED;;;;;;;;;4;;;;;;;;;;;;;60;R290 / GWP 3;;;Ventiliert;;;;;;;;;;;;;;;;;;;;;;;;Silber;;;;;;+30°C, 55% RH;;;;;;;;;;;;;;;;;;;;;;;;;58;124;;;;;;;;;;;;;;;;;;;;;;;;;;;;;;;;;;;;;;;;;;;2 verstellbar;;;;;;;;;;;;;;;;;220-240/50;;;Ja;;;;;;;;;;;Thermometer;+2 bis +10;;;;;;;;;;;;;;;Ja;;;;Ja;;;;;;;;;;;;;;;;;;;;;;;;;;;;;;;;;;;;;;;;;;;;;;;;;;;;;;105;106;171;105;;;;;;;152;;;;;;;;;;470 x 355 mm;488 x 275;980;640;580;SGD-120LGE_Produktblatt.pdf;SGD-120LGE_Betriebsanleitung.pdf;SGD-120LGE_Ersatzteilliste.pdf;SGD-120LGE_Energielabel.pdf;SGD-120LGE_Energiepfeil.png
Tefcold;Tefcold-Kühlschrank;Tefcold-Kühlschrank-Glastür;;;Backbars;69059;SGD-120RGE;5708181755300;5708181755300;Serrco by TEFCOLD;1838,00;DEALS + | ProduktneuheitenGlastürkühlgeräte | Backbars;2530886;;;;;;;;;;Automatisch;;;;;;;;327;;;;;;;;;;;;;;;2;;;;;;;;;;;;;;;;;;Elektronisch;;;;;;;;;;;;;;;;;;;;;;;1 Dreh-Glastür;;;;;;;;;;;;;555;850;640;;;;;;165;;;;;;;;;;;;;63;135;;;;;;;;;;;;;;;;;;;;;40;D;;1.21;443;;;;;;;Anthrazit RAL 7021;Silber;;;;;;;;;;;;;;;;;;;;Stellfüße;;;;;;47;;;;;;;;;;;;;;;;;;;;;;;488;682;425;LED;;;;;;;;;4;;;;;;;;;;;;;60;R290 / GWP 3;;;Ventiliert;;;;;;;;;;;;;;;;;;;;;;;;Silber;;;;;;+30°C, 55% RH;;;;;;;;;;;;;;;;;;;;;;;;;58;124;;;;;;;;;;;;;;;;;;;;;;;;;;;;;;;;;;;;;;;;;;;2 verstellbar;;;;;;;;;;;;;;;;;220-240/50;;;Ja;;;;;;;;;;;Thermometer;+2 bis +10;;;;;;;;;;;;;;;Ja;;;;Ja;;;;;;;;;;;;;;;;;;;;;;;;;;;;;;;;;;;;;;;;;;;;;;;;;;;;;;105;106;171;105;;;;;;;152;;;;;;;;;;470 x 355 mm;488 x 275;980;640;580;SGD-120RGE_Produktblatt.pdf;SGD-120RGE_Betriebsanleitung.pdf;SGD-120RGE_Ersatzteilliste.pdf;SGD-120RGE_Energielabel.pdf;SGD-120RGE_Energiepfeil.png
Tefcold;Tefcold-Kühlschrank;Tefcold-Kühlschrank-Glastür;;;Backbars;69063;SGD-240GE;5708181755348;5708181755348;Serrco by TEFCOLD;2416,00;DEALS + | ProduktneuheitenGlastürkühlgeräte | Backbars;;;;;;;;;;;Automatisch;;;;;;;;280;;;;;;;;;;;;;;;4;;;;;;;;;;;;;;;;;;Elektronisch;;;;;;;;;;;;;;;;;;;;;;;2 Dreh-Glastüren;;;;;;;;;;;;;1110;840;620;;;;;;165;;;;;;;;;;;;;118;282;;;;;;;;;;;;;;;;;;;;;67.1;F;;7.06;2577;;;;;;;Anthrazit RAL 7021;Silber;;;;;;;;;;;;;;;;;;;;Stellfüße;;;;;;47;;;;;;;;;;;;;;;;;;;;;;;1040;682;425;LED;;;;;;;;;4;;;;;;;;;;;;;85;R290 / GWP 3;;;Ventiliert;;;;;;;;;;;;;;;;;;;;;;;;Silber;;;;;;+30°C, 55% RH;;;;;;;;;;;;;;;;;;;;;;;;;105;260;;;;;;;;;;;;;;;;;;;;;;;;;;;;;;;;;;;;;;;;;;;4 verstellbar;;;;;;;;;;;;;;;;;220-240/50;;;Ja;;;;;;;;;;;Thermometer;+2 bis +10;;;;;;;;;;;;;;;Ja;;;;Nein;;;;;;;;;;;;;;;;;;;;;;;;;;;;;;;;;;;;;;;;;;;;;;;;;;;;;;231;241;386;238;;;;;;;76;;;;;;;;;;510 x 355 mm;1042 x 220;1145;640;965;SGD-240GE_Produktblatt.pdf;SGD-240GE_Betriebsanleitung.pdf;SGD-240GE_Ersatzteilliste.pdf;SGD-240GE_Energielabel.pdf;SGD-240GE_Energiepfeil.png
Tefcold;Tefcold-Kühlschrank;Tefcold-Kühlschrank-Glastür;;;Backbars;69065;SGD-360GE;5708181755362;5708181755362;Serrco by TEFCOLD;3248,00;DEALS + | ProduktneuheitenGlastürkühlgeräte | Backbars;1074839;;;;;;;;;;Automatisch;;;;;;;;280;;;;;;;;;;;;;;;6;;;;;;;;;;;;;;;;;;Elektronisch;;;;;;;;;;;;;;;;;;;;;;;3 Dreh-Glastüren;;;;;;;;;;;;;1670;840;620;;;;;;165;;;;;;;;;;;;;160;434;;;;;;;;;;;;;;;;;;;;;63.4;E;;3.01;1104;;;;;;;Anthrazit RAL 7021;Silber;;;;;;;;;;;;;;;;;;;;Stellfüße;;;;;;47;;;;;;;;;;;;;;;;;;;;;;;1605;682;425;LED;;;;;;;;;4;;;;;;;;;;;;;85;R290 / GWP 3;;;Ventiliert;;;;;;;;;;;;;;;;;;;;;;;;Silber;;;;;;+30°C, 55% RH;;;;;;;;;;;;;;;;;;;;;;;;;144;401;;;;;;;;;;;;;;;;;;;;;;;;;;;;;;;;;;;;;;;;;;;6 verstellbar;;;;;;;;;;;;;;;;;220-240/50;;;Ja;;;;;;;;;;;Thermometer;+2 bis +10;;;;;;;;;;;;;;;Ja;;;;Nein;;;;;;;;;;;;;;;;;;;;;;;;;;;;;;;;;;;;;;;;;;;;;;;;;;;;;;365;381;603;372;;;;;;;50;;;;;;;;;;510 x 355 mm & 546 x 355 mm;1605 x 220;1705;640;975;SGD-360GE_Produktblatt.pdf;SGD-360GE_Betriebsanleitung.pdf;SGD-360GE_Ersatzteilliste.pdf;SGD-360GE_Energielabel.pdf;SGD-360GE_Energiepfeil.png
Tefcold;;;;;Eiswürfelbereiter;43618;TC26;5708181711078;5708181711078;TEFCOLD;1328,00;Gefriergeräte | Eiswürfelbereiter;;;;;;;;;;;;;;;;;;;350;;;;;;;;;;;;;;;;;;;;;;;;;;;;;;;;;;;;;;;;;;;;;;;;;;;;;;;;;;;;;;;;;;;;;390;735;515;;;;;;;;;;;;;;;;;;;39;;;;;;;;;;;;;;;;;;;;;;;;;;;;;;;;;SS 304;;;;;;;;;;;;;;;;;;;;;4 verstellbare Füße und Beine;;;;;;;;;;;;31 x 35 x 31 (18g);;;;;;;;;;;;;;;;;;;;;;;;;;;;;;;;;;;;;;;;;;66;R290 / GWP 3;;;;;;;;;;;;;;;;;;;;;;;;;;;;;;;;;+40°C, 40% RH;;;;;;;;;;;;;;;;;;;;;;;;;33.4;;;;;;;;;;;;;;;;;;;;;;;;;;;;;;;;;;;;;;;;;;;;;;;;;;;;;;;;;;;;;220-240/50;;;Ja;;;;;;;26;;;;;;;;;;;;;;;;;;;;;;;;;;;;;;;;;;;;;;;;;;;;;;;;;;;;;;100.8;;;;;;;;;;;;;;;;;;;;;;;;;;;;;;;8;;;368;;;;;;;;;;;;450;575;710;TC26_Produktblatt.pdf;TC26_Betriebsanleitung.pdf;TC26_Ersatzteilliste.pdf;TC26_Energielabel.pdf;TC26_Energiepfeil.pdf
Tefcold;;;;;Eiswürfelbereiter;43619;TC37;5708181711085;5708181711085;TEFCOLD;1589,00;Gefriergeräte | Eiswürfelbereiter;;;;;;;;;;;;;;;;;;;520;;;;;;;;;;;;;;;;;;;;;;;;;;;;;;;;;;;;;;;;;;;;;;;;;;;;;;;;;;;;;;;;;;;;;500;785;580;;;;;;;;;;;;;;;;;;;48;;;;;;;;;;;;;;;;;;;;;;;;;;;;;;;;;SS 304;;;;;;;;;;;;;;;;;;;;;4 verstellbare Füße und Beine;;;;;;;;;;;;31 x 35 x 31 (18g);;;;;;;;;;;;;;;;;;;;;;;;;;;;;;;;;;;;;;;;;;68;R290 / GWP 3;;;;;;;;;;;;;;;;;;;;;;;;;;;;;;;;;+40°C, 40% RH;;;;;;;;;;;;;;;;;;;;;;;;;40;;;;;;;;;;;;;;;;;;;;;;;;;;;;;;;;;;;;;;;;;;;;;;;;;;;;;;;;;;;;;220-240/50;;;Ja;;;;;;;37;;;;;;;;;;;;;;;;;;;;;;;;;;;;;;;;;;;;;;;;;;;;;;;;;;;;;;115.2;;;;;;;;;;;;;;;;;;;;;;;;;;;;;;;16;;;231;;;;;;;;;;;;555;635;855;TC37_Produktblatt.pdf;TC37_Betriebsanleitung.pdf;TC37_Ersatzteilliste.pdf;TC37_Energielabel.pdf;TC37_Energiepfeil.pdf
Tefcold;;;;;Eiswürfelbereiter;43620;TC57;5708181711092;5708181711092;TEFCOLD;1971,00;Gefriergeräte | Eiswürfelbereiter;;;;;;;;;;;;;;;;;;;650;;;;;;;;;;;;;;;;;;;;;;;;;;;;;;;;;;;;;;;;;;;;;;;;;;;;;;;;;;;;;;;;;;;;;500;895;580;;;;;;;;;;;;;;;;;;;55.6;;;;;;;;;;;;;;;;;;;;;;;;;;;;;;;;;SS 304;;;;;;;;;;;;;;;;;;;;;4 verstellbare Füße und Beine;;;;;;;;;;;;31 x 35 x 31 (18g);;;;;;;;;;;;;;;;;;;;;;;;;;;;;;;;;;;;;;;;;;80;R290 / GWP 3;;;;;;;;;;;;;;;;;;;;;;;;;;;;;;;;;+40°C, 40% RH;;;;;;;;;;;;;;;;;;;;;;;;;48.15;;;;;;;;;;;;;;;;;;;;;;;;;;;;;;;;;;;;;;;;;;;;;;;;;;;;;;;;;;;;;220-240/50;;;Ja;;;;;;;57;;;;;;;;;;;;;;;;;;;;;;;;;;;;;;;;;;;;;;;;;;;;;;;;;;;;;;115.2;;;;;;;;;;;;;;;;;;;;;;;;;;;;;;;28;;;144;;;;;;;;;;;;555;635;965;TC57_Produktblatt.pdf;TC57_Betriebsanleitung.pdf;TC57_Ersatzteilliste.pdf;TC57_Energielabel.pdf;TC57_Energiepfeil.pdf
Tefcold;;;;;Eiswürfelbereiter;43621;TC85;5708181711108;5708181711108;TEFCOLD;2557,00;Gefriergeräte | Eiswürfelbereiter;;;;;;;;;;;;;;;;;;;1000;;;;;;;;;;;;;;;;;;;;;;;;;;;;;;;;;;;;;;;;;;;;;;;;;;;;;;;;;;;;;;;;;;;;;738;917;600;;;;;;;;;;;;;;;;;;;94;;;;;;;;;;;;;;;;;;;;;;;;;;;;;;;;;SS 304;;;;;;;;;;;;;;;;;;;;;4 verstellbare Füße und Beine;;;;;;;;;;;;31 x 35 x 31 (18g);;;;;;;;;;;;;;;;;;;;;;;;;;;;;;;;;;;;;;;;;;125;R290 / GWP 3;;;;;;;;;;;;;;;;;;;;;;;;;;;;;;;;;+40°C, 40% RH;;;;;;;;;;;;;;;;;;;;;;;;;85;;;;;;;;;;;;;;;;;;;;;;;;;;;;;;;;;;;;;;;;;;;;;;;;;;;;;;;;;;;;;220-240/50;;;Ja;;;;;;;85;;;;;;;;;;;;;;;;;;;;;;;;;;;;;;;;;;;;;;;;;;;;;;;;;;;;;;144;;;;;;;;;;;;;;;;;;;;;;;;;;;;;;;40;;;102;;;;;;;;;;;;800;660;1000;TC85_Produktblatt.pdf;TC85_Betriebsanleitung.pdf;TC85_Ersatzteilliste.pdf;TC85_Energielabel.pdf;TC85_Energiepfeil.pdf
Tefcold;;;;;Fasskühler;15873;CKC2;5708181361884;5708181361884;TEFCOLD;1135,00;Glastürkühlgeräte | FasskühlerDEALS + | Energieeffiziente Geräte;99011;;;;;;;;;;Automatisch;;;;;;;;160;;;;;;;;;;;;;;;;;;;;;;;;;;;;;;;;;Elektronisch;;;;;;;;;;;;;;;;;;;;;;;1 Dreh-Volltür;;;;;;;;;;;;;555;860;590;;;;;;;;;;;;;;;;;;;58;99;;;;;;;;;;;;;;;;;;;;;34.3;B;;1.92;701;;;;;;;Schwarz;;;;;;;;;;;;;;;;;;;;;4 Stellfüße;;;;;;45;;;;;;;;;;;;;;;;;;;;;;;270;730;500;Nein;;;;;;;;;4;;;;;;;;;;;;;60;R600a / GWP 3;;;Ventiliert;;;;;;;;;;;;;;;;;;;;;;;;SS 430, hochglanzpoliert;;;;;;+30°C, 55% RH;;;;;;;;;;;;;;;;;;;;;;;;;53;98;;;;;;;;;;;;;;;;;;;;;;;;;;;;;;;;;;;;;;;;;;;;;;;;;;;;;;;;;;;;220-240/50;;;Ja;;;;;;;;;;;Thermometer;+2 bis +10;;;;;;;;;;;;;;;Nein;;Ja;;Nein;;;;;;;;;;;;;;;;;;;;;;;;;;;;;;;;;;;;;;;;;;;;;;;;;;;;;;;;;;;;;;;;114;;;;;2;;0;;;;;600;620;1050;CKC2_Produktblatt.pdf;CKC2_Betriebsanleitung.pdf;CKC2_Ersatzteilliste.pdf;CKC2_Energielabel.pdf;CKC2_Energiepfeil.png
Tefcold;;;;;Fasskühler;15875;CKC4;5708181361631;5708181361631;TEFCOLD;1297,00;Glastürkühlgeräte | FasskühlerDEALS + | Energieeffiziente Geräte;99020;;;;;;;;;;Automatisch;;;;;;;;240;;;;;;;;;;;;;;;;;;;;;;;;;;;;;;;;;Elektronisch;;;;;;;;;;;;;;;;;;;;;;;1 Dreh-Volltür;;;;;;;;;;;;;880;860;590;;;;;;;;;;;;;;;;;;;74;190;;;;;;;;;;;;;;;;;;;;;34;B;;2.12;774;;;;;;;Schwarz;;;;;;;;;;;;;;;;;;;;;4 Stellfüße;;;;;;45;;;;;;;;;;;;;;;;;;;;;;;520;730;500;Nein;;;;;;;;;4;;;;;;;;;;;;;95;R600a / GWP 3;;;Ventiliert;;;;;;;;;;;;;;;;;;;;;;;;SS 430, hochglanzpoliert;;;;;;+30°C, 55% RH;;;;;;;;;;;;;;;;;;;;;;;;;69;189;;;;;;;;;;;;;;;;;;;;;;;;;;;;;;;;;;;;;;;;;;;;;;;;;;;;;;;;;;;;220-240/50;;;Ja;;;;;;;;;;;Thermometer;+2 bis +10;;;;;;;;;;;;;;;Nein;;Ja;;Nein;;;;;;;;;;;;;;;;;;;;;;;;;;;;;;;;;;;;;;;;;;;;;;;;;;;;;;;;;;;;;;;;86;;;;;4;;1;;;;;925;620;1050;CKC4_Produktblatt.pdf;CKC4_Betriebsanleitung.pdf;CKC4_Ersatzteilliste.pdf;CKC4_Energielabel.pdf;CKC4_Energiepfeil.png
Tefcold;;;;;Fasskühler;15877;CKC6;5708181360955;5708181360955;TEFCOLD;1427,00;Glastürkühlgeräte | FasskühlerDEALS + | Energieeffiziente Geräte;99027;;;;;;;;;;Automatisch;;;;;;;;240;;;;;;;;;;;;;;;;;;;;;;;;;;;;;;;;;Elektronisch;;;;;;;;;;;;;;;;;;;;;;;2 Dreh-Volltüren;;;;;;;;;;;;;1110;860;590;;;;;;;;;;;;;;;;;;;86;268;;;;;;;;;;;;;;;;;;;;;32;B;;2.17;792;;;;;;;Schwarz;;;;;;;;;;;;;;;;;;;;;4 Stellfüße;;;;;;45;;;;;;;;;;;;;;;;;;;;;;;735;730;500;Nein;;;;;;;;;4;;;;;;;;;;;;;95;R600a / GWP 3;;;Ventiliert;;;;;;;;;;;;;;;;;;;;;;;;SS 430, hochglanzpoliert;;;;;;+30°C, 55% RH;;;;;;;;;;;;;;;;;;;;;;;;;81;267;;;;;;;;;;;;;;;;;;;;;;;;;;;;;;;;;;;;;;;;;;;;;;;;;;;;;;;;;;;;220-240/50;;;Ja;;;;;;;;;;;Thermometer;+2 bis +10;;;;;;;;;;;;;;;Nein;;Ja;;Nein;;;;;;;;;;;;;;;;;;;;;;;;;;;;;;;;;;;;;;;;;;;;;;;;;;;;;;;;;;;;;;;;74;;;;;6;;1;;;;;1200;620;1050;CKC6_Produktblatt.pdf;CKC6_Betriebsanleitung.pdf;CKC6_Ersatzteilliste.pdf;CKC6_Energielabel.pdf;CKC6_Energiepfeil.png
Tefcold;;;;;Fasskühler;15879;CKC8;5708181360344;5708181360344;TEFCOLD;1639,00;Glastürkühlgeräte | FasskühlerDEALS + | Energieeffiziente Geräte;99041;;;;;;;;;;Automatisch;;;;;;;;250;;;;;;;;;;;;;;;;;;;;;;;;;;;;;;;;;Elektronisch;;;;;;;;;;;;;;;;;;;;;;;2 Dreh-Volltüren;;;;;;;;;;;;;1350;860;590;;;;;;;;;;;;;;;;;;;96;362;;;;;;;;;;;;;;;;;;;;;34;B;;2.52;920;;;;;;;Schwarz;;;;;;;;;;;;;;;;;;;;;4 Stellfüße;;;;;;45;;;;;;;;;;;;;;;;;;;;;;;990;730;500;Nein;;;;;;;;;4;;;;;;;;;;;;;95;R600a / GWP 3;;;Ventiliert;;;;;;;;;;;;;;;;;;;;;;;;SS 430, hochglanzpoliert;;;;;;+30°C, 55% RH;;;;;;;;;;;;;;;;;;;;;;;;;91;359;;;;;;;;;;;;;;;;;;;;;;;;;;;;;;;;;;;;;;;;;;;;;;;;;;;;;;;;;;;;220-240/50;;;Ja;;;;;;;;;;;Thermometer;+2 bis +10;;;;;;;;;;;;;;;Nein;;Ja;;Nein;;;;;;;;;;;;;;;;;;;;;;;;;;;;;;;;;;;;;;;;;;;;;;;;;;;;;;;;;;;;;;;;52;;;;;8;;2;;;;;1400;620;1050;CKC8_Produktblatt.pdf;CKC8_Betriebsanleitung.pdf;CKC8_Ersatzteilliste.pdf;CKC8_Energielabel.pdf;CKC8_Energiepfeil.png
Tefcold;;;;;Fasskühler;68925;KSC-720E;5708181754969;5708181754969;Serrco by TEFCOLD;2907,00;DEALS + | ProduktneuheitenGlastürkühlgeräte | Fasskühler;;;;;;;;;;;Automatisch;;;;;;;;327;;;;;;;;;;;;;;;4;;;;;;;;;;;;;;;;;;Elektronisch;;;;;;;;;;;;;;;;;;;;;;;1 Dreh-Volltür;;;;;;;;;;;;;745;1340;745;;;;;;108;;;;;;;;;;;;;122.6;460;;;;;;;;;;;;;;;;;;;;;;;;;;;;;;;;Anthrazit RAL 7021;Chrom;;;;;;;;;;;;;;;;;;;;Stellfüße;;;;;;45;;;;;;;;;;;;;;;;;;;;;;;680;1155;655;Nein;;;;;;;;;4;;;;;;;;;;;;;70;R290 / GWP 3;;;Ventiliert;;;;;;;;;;;;;;;;;;;;;;;;Silber;;;;;;+30°C, 55% RH;;;;;;;;;;;;;;;;;;;;;;;;;114;424;;;;;;;;;;;;;;;;;;;;;;;;;;;;;;;;;;;;;;;;;;;4 Keg-Regale;;;;;;;;;;;;;;;;;220-240/50;;;Ja;;;;;;;;;;;Thermometer;+2 bis +10;;;;;;;;;;;;;;;Nein;;;;Nein;;;;;;;;;;;;;;;;;;;;;;;;;;;;;;;;;;;;;;;;;;;;;;;;;;;;;;;;;;;;;;;;45;;;;;;;;;;679 x 470 mm & 679 x 220 mm;680 x 330;1455;770;770;KSC-720E_Produktblatt.pdf;KSC-720E_Betriebsanleitung.pdf;KSC-720E_Ersatzteilliste.pdf;KSC-720E_Energielabel.pdf;KSC-720E_Energiepfeil.png
Tefcold;;;;;Fasskühler;69276;SFK-2E+;5708181755867;5708181755867;Serrco by TEFCOLD;1940,00;DEALS + | ProduktneuheitenGlastürkühlgeräte | Fasskühler;;;;;;;;;;;Automatisch;;;;;;;;200;;;;;;;;;;;;;;;;;;;;;;;;;;;;;;;;;Elektronisch;;;;;;;;;;;;;;;;;;;;;;;1 Dreh-Volltür;;;;;;;;;;;;;620;840;580;;;;;;;;;;;;;;;;;;;63.5;104;;;;;;;;;;;;;;;;;;;;;;;;;;;;;;;;Anthrazit RAL 7021;;;;;;;;;;;;;;;;;;;;;Stellfüße;;;;;;41;;;;;;;;;;;;;;;;;;;;;;;255;735;500;LED;;;;;;;;;4;;;;;;;;;;;;;80;R290 / GWP 3;;;Ventiliert;;;;;;;;;;;;;;;;;;;;;;;;Silber;;;;;;+30°C, 55% RH;;;;;;;;;;;;;;;;;;;;;;;;;58;95;;;;;;;;;;;;;;;;;;;;;;;;;;;;;;;;;;;;;;;;;;;;;;;;;;;;;;;;;;;;220-240/50;;;Ja;;;;;;;;;;;Thermometer;+2 bis +10;;;;;;;;;;;;;;;Werkseitige Option;;;;Nein;;;;;;;;;;;;;;;;;;;;;;;;;;;;;;;;;;;;;;;;;;;;;;;;;;;;;;;;;;;;;;;;134;;;;;2;;0;;;;;660;610;980;SFK-2E_Produktblatt.pdf;SFK-2E_Betriebsanleitung.pdf;SFK-2E_Ersatzteilliste.pdf;SFK-2E_Energielabel.pdf;SFK-2E_Energiepfeil.png
Tefcold;;;;;Fasskühler;69278;SFK-4E+;5708181755881;5708181755881;Serrco by TEFCOLD;2130,00;DEALS + | ProduktneuheitenGlastürkühlgeräte | Fasskühler;;;;;;;;;;;Automatisch;;;;;;;;200;;;;;;;;;;;;;;;;;;;;;;;;;;;;;;;;;Elektronisch;;;;;;;;;;;;;;;;;;;;;;;1 Dreh-Volltür;;;;;;;;;;;;;880;840;580;;;;;;;;;;;;;;;;;;;77.5;205;;;;;;;;;;;;;;;;;;;;;;;;;;;;;;;;Anthrazit RAL 7021;;;;;;;;;;;;;;;;;;;;;Stellfüße;;;;;;41;;;;;;;;;;;;;;;;;;;;;;;515;735;500;LED;;;;;;;;;4;;;;;;;;;;;;;80;R290 / GWP 3;;;Ventiliert;;;;;;;;;;;;;;;;;;;;;;;;Silber;;;;;;+30°C, 55% RH;;;;;;;;;;;;;;;;;;;;;;;;;68;198;;;;;;;;;;;;;;;;;;;;;;;;;;;;;;;;;;;;;;;;;;;;;;;;;;;;;;;;;;;;220-240/50;;;Ja;;;;;;;;;;;Thermometer;+2 bis +10;;;;;;;;;;;;;;;Werkseitige Option;;;;Nein;;;;;;;;;;;;;;;;;;;;;;;;;;;;;;;;;;;;;;;;;;;;;;;;;;;;;;;;;;;;;;;;96;;;;;4;1;1;;;;;920;610;980;SFK-4E_Produktblatt.pdf;SFK-4E_Betriebsanleitung.pdf;SFK-4E_Ersatzteilliste.pdf;SFK-4E_Energielabel.pdf;SFK-4E_Energiepfeil.png
Tefcold;;;;;Fasskühler;69073;SFK-4EL+;5708181755447;5708181755447;Serrco by TEFCOLD;2130,00;DEALS + | ProduktneuheitenGlastürkühlgeräte | Fasskühler;;;;;;;;;;;Automatisch;;;;;;;;200;;;;;;;;;;;;;;;;;;;;;;;;;;;;;;;;;Elektronisch;;;;;;;;;;;;;;;;;;;;;;;1 Dreh-Volltür;;;;;;;;;;;;;880;840;580;;;;;;;;;;;;;;;;;;;77.5;205;;;;;;;;;;;;;;;;;;;;;;;;;;;;;;;;Anthrazit RAL 7021;;;;;;;;;;;;;;;;;;;;;Stellfüße;;;;;;41;;;;;;;;;;;;;;;;;;;;;;;515;735;500;LED;;;;;;;;;4;;;;;;;;;;;;;80;R290 / GWP 3;;;Ventiliert;;;;;;;;;;;;;;;;;;;;;;;;Silber;;;;;;+30°C, 55% RH;;;;;;;;;;;;;;;;;;;;;;;;;68;198;;;;;;;;;;;;;;;;;;;;;;;;;;;;;;;;;;;;;;;;;;;;;;;;;;;;;;;;;;;;220-240/50;;;Ja;;;;;;;;;;;Thermometer;+2 bis +10;;;;;;;;;;;;;;;Werkseitige Option;;;;Nein;;;;;;;;;;;;;;;;;;;;;;;;;;;;;;;;;;;;;;;;;;;;;;;;;;;;;;;;;;;;;;;;96;;;;;4;1;1;;;;;920;610;980;SFK-4EL_Produktblatt.pdf;SFK-4EL_Betriebsanleitung.pdf;SFK-4EL_Ersatzteilliste.pdf;SFK-4EL_Energielabel.pdf;SFK-4EL_Energiepfeil.png
Tefcold;;;;;Fasskühler;69074;SFK-6E+;5708181755454;5708181755454;Serrco by TEFCOLD;2677,00;DEALS + | ProduktneuheitenGlastürkühlgeräte | Fasskühler;;;;;;;;;;;Automatisch;;;;;;;;200;;;;;;;;;;;;;;;;;;;;;;;;;;;;;;;;;Elektronisch;;;;;;;;;;;;;;;;;;;;;;;2 Dreh-Volltüren;;;;;;;;;;;;;1110;840;580;;;;;;;;;;;;;;;;;;;88;292;;;;;;;;;;;;;;;;;;;;;;;;;;;;;;;;Anthrazit RAL 7021;;;;;;;;;;;;;;;;;;;;;Stellfüße;;;;;;41;;;;;;;;;;;;;;;;;;;;;;;745;735;500;LED;;;;;;;;;4;;;;;;;;;;;;;80;R290 / GWP 3;;;Ventiliert;;;;;;;;;;;;;;;;;;;;;;;;Silber;;;;;;+30°C, 55% RH;;;;;;;;;;;;;;;;;;;;;;;;;78.5;276;;;;;;;;;;;;;;;;;;;;;;;;;;;;;;;;;;;;;;;;;;;;;;;;;;;;;;;;;;;;220-240/50;;;Ja;;;;;;;;;;;Thermometer;+2 bis +10;;;;;;;;;;;;;;;Werkseitige Option;;;;Nein;;;;;;;;;;;;;;;;;;;;;;;;;;;;;;;;;;;;;;;;;;;;;;;;;;;;;;;;;;;;;;;;76;;;;;6;1;1;;;;;1150;610;980;SFK-6E_Produktblatt.pdf;SFK-6E_Betriebsanleitung.pdf;SFK-6E_Ersatzteilliste.pdf;SFK-6E_Energielabel.pdf;SFK-6E_Energiepfeil.png
Tefcold;;;;;Fasskühler;69075;SFK-6EL+;5708181755461;5708181755461;Serrco by TEFCOLD;2677,00;DEALS + | ProduktneuheitenGlastürkühlgeräte | Fasskühler;;;;;;;;;;;Automatisch;;;;;;;;200;;;;;;;;;;;;;;;;;;;;;;;;;;;;;;;;;Elektronisch;;;;;;;;;;;;;;;;;;;;;;;2 Dreh-Volltüren;;;;;;;;;;;;;1110;840;580;;;;;;;;;;;;;;;;;;;88;292;;;;;;;;;;;;;;;;;;;;;;;;;;;;;;;;Anthrazit RAL 7021;;;;;;;;;;;;;;;;;;;;;Stellfüße;;;;;;41;;;;;;;;;;;;;;;;;;;;;;;745;735;500;LED;;;;;;;;;4;;;;;;;;;;;;;80;R290 / GWP 3;;;Ventiliert;;;;;;;;;;;;;;;;;;;;;;;;Silber;;;;;;+30°C, 55% RH;;;;;;;;;;;;;;;;;;;;;;;;;78.5;276;;;;;;;;;;;;;;;;;;;;;;;;;;;;;;;;;;;;;;;;;;;;;;;;;;;;;;;;;;;;220-240/50;;;Ja;;;;;;;;;;;Thermometer;+2 bis +10;;;;;;;;;;;;;;;Werkseitige Option;;;;Nein;;;;;;;;;;;;;;;;;;;;;;;;;;;;;;;;;;;;;;;;;;;;;;;;;;;;;;;;;;;;;;;;76;;;;;6;1;1;;;;;1150;610;980;SFK-6EL_Produktblatt.pdf;SFK-6EL_Betriebsanleitung.pdf;SFK-6EL_Ersatzteilliste.pdf;SFK-6EL_Energielabel.pdf;SFK-6EL_Energiepfeil.png
Tefcold;;;;;Fasskühler;69280;SFK-8E+;5708181755904;5708181755904;Serrco by TEFCOLD;2854,00;DEALS + | ProduktneuheitenGlastürkühlgeräte | Fasskühler;;;;;;;;;;;Automatisch;;;;;;;;200;;;;;;;;;;;;;;;;;;;;;;;;;;;;;;;;;Elektronisch;;;;;;;;;;;;;;;;;;;;;;;2 Dreh-Volltüren;;;;;;;;;;;;;1350;840;580;;;;;;;;;;;;;;;;;;;100;386;;;;;;;;;;;;;;;;;;;;;;;;;;;;;;;;Anthrazit RAL 7021;;;;;;;;;;;;;;;;;;;;;Stellfüße;;;;;;41;;;;;;;;;;;;;;;;;;;;;;;985;735;500;LED;;;;;;;;;4;;;;;;;;;;;;;80;R290 / GWP 3;;;Ventiliert;;;;;;;;;;;;;;;;;;;;;;;;Silber;;;;;;+30°C, 55% RH;;;;;;;;;;;;;;;;;;;;;;;;;88;367;;;;;;;;;;;;;;;;;;;;;;;;;;;;;;;;;;;;;;;;;;;;;;;;;;;;;;;;;;;;220-240/50;;;Ja;;;;;;;;;;;Thermometer;+2 bis +10;;;;;;;;;;;;;;;Werkseitige Option;;;;Nein;;;;;;;;;;;;;;;;;;;;;;;;;;;;;;;;;;;;;;;;;;;;;;;;;;;;;;;;;;;;;;;;62;;;;;8;2;2;;;;;1390;610;980;SFK-8E_Produktblatt.pdf;SFK-8E_Betriebsanleitung.pdf;SFK-8E_Ersatzteilliste.pdf;SFK-8E_Energielabel.pdf;SFK-8E_Energiepfeil.png
Tefcold;;;;;Fasskühler;69282;SFK-8EL+;5708181755928;5708181755928;Serrco by TEFCOLD;2854,00;DEALS + | ProduktneuheitenGlastürkühlgeräte | Fasskühler;;;;;;;;;;;Automatisch;;;;;;;;200;;;;;;;;;;;;;;;;;;;;;;;;;;;;;;;;;Elektronisch;;;;;;;;;;;;;;;;;;;;;;;2 Dreh-Volltüren;;;;;;;;;;;;;1350;840;580;;;;;;;;;;;;;;;;;;;100;386;;;;;;;;;;;;;;;;;;;;;;;;;;;;;;;;Anthrazit RAL 7021;;;;;;;;;;;;;;;;;;;;;Stellfüße;;;;;;41;;;;;;;;;;;;;;;;;;;;;;;985;735;500;LED;;;;;;;;;4;;;;;;;;;;;;;80;R290 / GWP 3;;;Ventiliert;;;;;;;;;;;;;;;;;;;;;;;;Silber;;;;;;+30°C, 55% RH;;;;;;;;;;;;;;;;;;;;;;;;;88;367;;;;;;;;;;;;;;;;;;;;;;;;;;;;;;;;;;;;;;;;;;;;;;;;;;;;;;;;;;;;220-240/50;;;Ja;;;;;;;;;;;Thermometer;+2 bis +10;;;;;;;;;;;;;;;Werkseitige Option;;;;Nein;;;;;;;;;;;;;;;;;;;;;;;;;;;;;;;;;;;;;;;;;;;;;;;;;;;;;;;;;;;;;;;;62;;;;;8;2;2;;;;;1390;610;980;SFK-8EL_Produktblatt.pdf;SFK-8EL_Betriebsanleitung.pdf;SFK-8EL_Ersatzteilliste.pdf;SFK-8EL_Energielabel.pdf;SFK-8EL_Energiepfeil.png
Tefcold;;;;;Fasskühler;69060;SGD-120LE;5708181755317;5708181755317;Serrco by TEFCOLD;1838,00;DEALS + | ProduktneuheitenGlastürkühlgeräte | FasskühlerGlastürkühlgeräte | Backbars;2530861;;;;;;;;;;Automatisch;;;;;;;;327;;;;;;;;;;;;;;;2;;;;;;;;;;;;;;;;;;Elektronisch;;;;;;;;;;;;;;;;;;;;;;;1 Dreh-Volltür;;;;;;;;;;;;;555;850;615;;;;;;165;;;;;;;;;;;;;60;135;;;;;;;;;;;;;;;;;;;;;33;C;;1.01;370;;;;;;;Anthrazit RAL 7021;Silber;;;;;;;;;;;;;;;;;;;;Stellfüße;;;;;;47;;;;;;;;;;;;;;;;;;;;;;;488;682;425;LED;;;;;;;;;4;;;;;;;;;;;;;60;R290 / GWP 3;;;Ventiliert;;;;;;;;;;;;;;;;;;;;;;;;Silber;;;;;;+30°C, 55% RH;;;;;;;;;;;;;;;;;;;;;;;;;55;124;;;;;;;;;;;;;;;;;;;;;;;;;;;;;;;;;;;;;;;;;;;2 verstellbar;;;;;;;;;;;;;;;;;220-240/50;;;Ja;;;;;;;;;;;Thermometer;+2 bis +10;;;;;;;;;;;;;;;Ja;;;;Ja;;;;;;;;;;;;;;;;;;;;;;;;;;;;;;;;;;;;;;;;;;;;;;;;;;;;;;105;106;171;105;;;;;;;152;;;;;;;;;;470 x 355 mm;488 x 275;980;640;580;SGD-120LE_Produktblatt.pdf;SGD-120LE_Betriebsanleitung.pdf;SGD-120LE_Ersatzteilliste.pdf;SGD-120LE_Energielabel.pdf;SGD-120LE_Energiepfeil.png
Tefcold;;;;;Fasskühler;69058;SGD-120RE;5708181755294;5708181755294;Serrco by TEFCOLD;1838,00;DEALS + | ProduktneuheitenGlastürkühlgeräte | FasskühlerGlastürkühlgeräte | Backbars;2530861;;;;;;;;;;Automatisch;;;;;;;;327;;;;;;;;;;;;;;;2;;;;;;;;;;;;;;;;;;Elektronisch;;;;;;;;;;;;;;;;;;;;;;;1 Dreh-Volltür;;;;;;;;;;;;;555;850;615;;;;;;165;;;;;;;;;;;;;60;135;;;;;;;;;;;;;;;;;;;;;33;C;;1.01;370;;;;;;;Anthrazit RAL 7021;Silber;;;;;;;;;;;;;;;;;;;;Stellfüße;;;;;;47;;;;;;;;;;;;;;;;;;;;;;;488;682;425;LED;;;;;;;;;4;;;;;;;;;;;;;60;R290 / GWP 3;;;Ventiliert;;;;;;;;;;;;;;;;;;;;;;;;Silber;;;;;;+30°C, 55% RH;;;;;;;;;;;;;;;;;;;;;;;;;55;124;;;;;;;;;;;;;;;;;;;;;;;;;;;;;;;;;;;;;;;;;;;2 verstellbar;;;;;;;;;;;;;;;;;220-240/50;;;Ja;;;;;;;;;;;Thermometer;+2 bis +10;;;;;;;;;;;;;;;Ja;;;;Ja;;;;;;;;;;;;;;;;;;;;;;;;;;;;;;;;;;;;;;;;;;;;;;;;;;;;;;105;106;171;105;;;;;;;152;;;;;;;;;;470 x 355 mm;488 x 275;980;640;580;SGD-120RE_Produktblatt.pdf;SGD-120RE_Betriebsanleitung.pdf;SGD-120RE_Ersatzteilliste.pdf;SGD-120RE_Energielabel.pdf;SGD-120RE_Energiepfeil.png
Tefcold;;;;;Fasskühler;69062;SGD-240E;5708181755331;5708181755331;Serrco by TEFCOLD;2416,00;DEALS + | ProduktneuheitenGlastürkühlgeräte | FasskühlerGlastürkühlgeräte | Backbars;1074643;;;;;;;;;;Automatisch;;;;;;;;280;;;;;;;;;;;;;;;4;;;;;;;;;;;;;;;;;;Elektronisch;;;;;;;;;;;;;;;;;;;;;;;2 Dreh-Volltüren;;;;;;;;;;;;;1110;840;600;;;;;;165;;;;;;;;;;;;;111;282;;;;;;;;;;;;;;;;;;;;;;E;;2.44;889;;;;;;;Anthrazit RAL 7021;Silber;;;;;;;;;;;;;;;;;;;;Stellfüße;;;;;;47;;;;;;;;;;;;;;;;;;;;;;;1040;682;425;LED;;;;;;;;;4;;;;;;;;;;;;;85;R290 / GWP 3;;;Ventiliert;;;;;;;;;;;;;;;;;;;;;;;;Silber;;;;;;+30°C, 55% RH;;;;;;;;;;;;;;;;;;;;;;;;;98;260;;;;;;;;;;;;;;;;;;;;;;;;;;;;;;;;;;;;;;;;;;;4 verstellbar;;;;;;;;;;;;;;;;;220-240/50;;;Ja;;;;;;;;;;;Thermometer;+2 bis +10;;;;;;;;;;;;;;;Ja;;;;Nein;;;;;;;;;;;;;;;;;;;;;;;;;;;;;;;;;;;;;;;;;;;;;;;;;;;;;;231;241;386;268;;;;;;;76;;;;;;;;;;510 x 355 mm;1042 x 220;1145;640;965;SGD-240E_Produktblatt.pdf;SGD-240E_Betriebsanleitung.pdf;SGD-240E_Ersatzteilliste.pdf;SGD-240E_Energielabel.pdf;SGD-240E_Energiepfeil.png
Tefcold;;;;;Fasskühler;69064;SGD-360E;5708181755355;5708181755355;Serrco by TEFCOLD;3248,00;DEALS + | ProduktneuheitenGlastürkühlgeräte | FasskühlerGlastürkühlgeräte | Backbars;1074751;;;;;;;;;;Automatisch;;;;;;;;280;;;;;;;;;;;;;;;6;;;;;;;;;;;;;;;;;;Elektronisch;;;;;;;;;;;;;;;;;;;;;;;3 Dreh-Volltüren;;;;;;;;;;;;;1670;840;600;;;;;;165;;;;;;;;;;;;;151;434;;;;;;;;;;;;;;;;;;;;;49.4;D;;2.34;855;;;;;;;Anthrazit RAL 7021;Silber;;;;;;;;;;;;;;;;;;;;Stellfüße;;;;;;47;;;;;;;;;;;;;;;;;;;;;;;1605;682;425;LED;;;;;;;;;4;;;;;;;;;;;;;85;R290 / GWP 3;;;Ventiliert;;;;;;;;;;;;;;;;;;;;;;;;Silber;;;;;;+30°C, 55% RH;;;;;;;;;;;;;;;;;;;;;;;;;135;401;;;;;;;;;;;;;;;;;;;;;;;;;;;;;;;;;;;;;;;;;;;6 verstellbar;;;;;;;;;;;;;;;;;220-240/50;;;Ja;;;;;;;;;;;Thermometer;+2 bis +10;;;;;;;;;;;;;;;Ja;;;;Nein;;;;;;;;;;;;;;;;;;;;;;;;;;;;;;;;;;;;;;;;;;;;;;;;;;;;;;365;381;603;372;;;;;;;50;;;;;;;;;;510 x 355 mm & 546 x 355 mm;1605 x 220;1705;640;975;SGD-360E_Produktblatt.pdf;SGD-360E_Betriebsanleitung.pdf;SGD-360E_Ersatzteilliste.pdf;SGD-360E_Energielabel.pdf;SGD-360E_Energiepfeil.png
Tefcold;;;;;Fasskühler;69072;SKB-10;5708181755430;5708181755430;Serrco by TEFCOLD;3521,00;DEALS + | ProduktneuheitenGlastürkühlgeräte | Fasskühler;;;;;;;;;;;;;;;;;;;;;;;;;;;;;;;;;;;;;;;;;;;;;;;;;;;;;;;;;;;;;;;;;;;;;;;;;;;2 Dreh-Volltüren;;;;;;;;;;;;;2200;1080;975;;;;;;;;;;;;;;;;;;;215;1854;;;;;;;;;;;;;;;;;;;;;;;;;;;;;;;;Anthrazit RAL 7021;;;;;;;;;;;;;;;;;;;;;Stellfüße;;;;;;;;;;;;;;;;;;;;;;;;;;;;;2120;950;895;Nein;;;;;;;;;;;;;;;;;;;;;;;;;;;;;;;;;;;;;;;;;;;;;;;;;;Silber;;;;;;;;;;;;;;;;;;;;;;;;;;;;;;;190;1825;;;;;;;;;;;;;;;;;;;;;;;;;;;;;;;;;;;;;;;;;;;;;;;;;;;;;;;;;;;;220-240/50;;;;;;;;;;;;;;;;;;;;;;;;;;;;;;Nein;;;;Nein;;;;;;;;;;;;;;;;;;;;;;;;;;;;;;;;;;;;;;;;;;;;;;;;;;;;;;;;;;;;;;;;40;;;;;30;20;10;;;;;435;2250;1035;SKB-10_Produktblatt.pdf;SKB-10_Betriebsanleitung.pdf;SKB-10_Ersatzteilliste.pdf;SKB-10_Energielabel.pdf;SKB-10_Energiepfeil.png
Tefcold;;;;;Fasskühler;69068;SKB-2;5708181755393;5708181755393;Serrco by TEFCOLD;2007,00;DEALS + | ProduktneuheitenGlastürkühlgeräte | Fasskühler;;;;;;;;;;;;;;;;;;;;;;;;;;;;;;;;;;;;;;;;;;;;;;;;;;;;;;;;;;;;;;;;;;;;;;;;;;;2 Dreh-Volltüren;;;;;;;;;;;;;1060;1080;710;;;;;;;;;;;;;;;;;;;107;600;;;;;;;;;;;;;;;;;;;;;;;;;;;;;;;;Anthrazit RAL 7021;;;;;;;;;;;;;;;;;;;;;Stellfüße;;;;;;;;;;;;;;;;;;;;;;;;;;;;;980;950;628;Nein;;;;;;;;;;;;;;;;;;;;;;;;;;;;;;;;;;;;;;;;;;;;;;;;;;Silber;;;;;;;;;;;;;;;;;;;;;;;;;;;;;;;89.5;584;;;;;;;;;;;;;;;;;;;;;;;;;;;;;;;;;;;;;;;;;;;;;;;;;;;;;;;;;;;;220-240/50;;;;;;;;;;;;;;;;;;;;;;;;;;;;;;Nein;;;;Nein;;;;;;;;;;;;;;;;;;;;;;;;;;;;;;;;;;;;;;;;;;;;;;;;;;;;;;;;;;;;;;;;64;;;;;8;4;2;;;;;375;1465;1145;SKB-2_Produktblatt.pdf;SKB-2_Betriebsanleitung.pdf;SKB-2_Ersatzteilliste.pdf;SKB-2_Energielabel.pdf;SKB-2_Energiepfeil.png
Tefcold;;;;;Fasskühler;69272;SKB-3.1;5708181755829;5708181755829;Serrco by TEFCOLD;2131,00;DEALS + | ProduktneuheitenGlastürkühlgeräte | Fasskühler;;;;;;;;;;;;;;;;;;;;;;;;;;;;;;;;;;;;;;;;;;;;;;;;;;;;;;;;;;;;;;;;;;;;;;;;;;;2 Dreh-Volltüren;;;;;;;;;;;;;1465;1080;710;;;;;;;;;;;;;;;;;;;129;849;;;;;;;;;;;;;;;;;;;;;;;;;;;;;;;;Anthrazit RAL 7021;;;;;;;;;;;;;;;;;;;;;Stellfüße;;;;;;;;;;;;;;;;;;;;;;;;;;;;;1385;950;628;Nein;;;;;;;;;;;;;;;;;;;;;;;;;;;;;;;;;;;;;;;;;;;;;;;;;;Silber;;;;;;;;;;;;;;;;;;;;;;;;;;;;;;;113;829;;;;;;;;;;;;;;;;;;;;;;;;;;;;;;;;;;;;;;;;;;;;;;;;;;;;;;;;;;;;220-240/50;;;;;;;;;;;;;;;;;;;;;;;;;;;;;;Nein;;;;Nein;;;;;;;;;;;;;;;;;;;;;;;;;;;;;;;;;;;;;;;;;;;;;;;;;;;;;;;;;;;;;;;;64;;;;;12;6;3;;;;;410;1490;1050;SKB-3_1_Produktblatt.pdf;SKB-3_1_Betriebsanleitung.pdf;SKB-3_1_Ersatzteilliste.pdf;SKB-3_1_Energielabel.pdf;SKB-3_1_Energiepfeil.png
Tefcold;;;;;Fasskühler;69069;SKB-4;5708181755409;5708181755409;Serrco by TEFCOLD;2131,00;DEALS + | ProduktneuheitenGlastürkühlgeräte | Fasskühler;;;;;;;;;;;;;;;;;;;;;;;;;;;;;;;;;;;;;;;;;;;;;;;;;;;;;;;;;;;;;;;;;;;;;;;;;;;2 Dreh-Volltüren;;;;;;;;;;;;;1060;1080;975;;;;;;;;;;;;;;;;;;;122.5;857;;;;;;;;;;;;;;;;;;;;;;;;;;;;;;;;Anthrazit RAL 7021;;;;;;;;;;;;;;;;;;;;;Stellfüße;;;;;;;;;;;;;;;;;;;;;;;;;;;;;980;950;895;Nein;;;;;;;;;;;;;;;;;;;;;;;;;;;;;;;;;;;;;;;;;;;;;;;;;;Silber;;;;;;;;;;;;;;;;;;;;;;;;;;;;;;;105.5;840;;;;;;;;;;;;;;;;;;;;;;;;;;;;;;;;;;;;;;;;;;;;;;;;;;;;;;;;;;;;220-240/50;;;;;;;;;;;;;;;;;;;;;;;;;;;;;;Nein;;;;Nein;;;;;;;;;;;;;;;;;;;;;;;;;;;;;;;;;;;;;;;;;;;;;;;;;;;;;;;;;;;;;;;;48;;;;;12;8;4;;;;;475;1105;1045;SKB-4_Produktblatt.pdf;SKB-4_Betriebsanleitung.pdf;SKB-4_Ersatzteilliste.pdf;SKB-4_Energielabel.pdf;SKB-4_Energiepfeil.png
Tefcold;;;;;Fasskühler;69274;SKB-4.1;5708181755843;5708181755843;Serrco by TEFCOLD;2599,00;DEALS + | ProduktneuheitenGlastürkühlgeräte | Fasskühler;;;;;;;;;;;;;;;;;;;;;;;;;;;;;;;;;;;;;;;;;;;;;;;;;;;;;;;;;;;;;;;;;;;;;;;;;;;2 Dreh-Volltüren;;;;;;;;;;;;;1870;1080;710;;;;;;;;;;;;;;;;;;;155;1097;;;;;;;;;;;;;;;;;;;;;;;;;;;;;;;;Anthrazit RAL 7021;;;;;;;;;;;;;;;;;;;;;Stellfüße;;;;;;;;;;;;;;;;;;;;;;;;;;;;;1790;950;628;Nein;;;;;;;;;;;;;;;;;;;;;;;;;;;;;;;;;;;;;;;;;;;;;;;;;;Silber;;;;;;;;;;;;;;;;;;;;;;;;;;;;;;;136.5;1072;;;;;;;;;;;;;;;;;;;;;;;;;;;;;;;;;;;;;;;;;;;;;;;;;;;;;;;;;;;;220-240/50;;;;;;;;;;;;;;;;;;;;;;;;;;;;;;Nein;;;;Nein;;;;;;;;;;;;;;;;;;;;;;;;;;;;;;;;;;;;;;;;;;;;;;;;;;;;;;;;;;;;;;;;48;;;;;12;8;4;;;;;410;1890;1050;SKB-4_1_Produktblatt.pdf;SKB-4_1_Betriebsanleitung.pdf;SKB-4_1_Ersatzteilliste.pdf;SKB-4_1_Energielabel.pdf;SKB-4_1_Energiepfeil.png
Tefcold;;;;;Fasskühler;69070;SKB-6;5708181755416;5708181755416;Serrco by TEFCOLD;2599,00;DEALS + | ProduktneuheitenGlastürkühlgeräte | Fasskühler;;;;;;;;;;;;;;;;;;;;;;;;;;;;;;;;;;;;;;;;;;;;;;;;;;;;;;;;;;;;;;;;;;;;;;;;;;;2 Dreh-Volltüren;;;;;;;;;;;;;1465;1080;975;;;;;;;;;;;;;;;;;;;155.5;1212;;;;;;;;;;;;;;;;;;;;;;;;;;;;;;;;Anthrazit RAL 7021;;;;;;;;;;;;;;;;;;;;;Stellfüße;;;;;;;;;;;;;;;;;;;;;;;;;;;;;1385;950;895;Nein;;;;;;;;;;;;;;;;;;;;;;;;;;;;;;;;;;;;;;;;;;;;;;;;;;Silber;;;;;;;;;;;;;;;;;;;;;;;;;;;;;;;136;1190;;;;;;;;;;;;;;;;;;;;;;;;;;;;;;;;;;;;;;;;;;;;;;;;;;;;;;;;;;;;220-240/50;;;;;;;;;;;;;;;;;;;;;;;;;;;;;;Nein;;;;Nein;;;;;;;;;;;;;;;;;;;;;;;;;;;;;;;;;;;;;;;;;;;;;;;;;;;;;;;;;;;;;;;;56;;;;;18;12;6;;;;;450;1550;1080;SKB-6_Produktblatt.pdf;SKB-6_Betriebsanleitung.pdf;SKB-6_Ersatzteilliste.pdf;SKB-6_Energielabel.pdf;SKB-6_Energiepfeil.png
Tefcold;;;;;Fasskühler;69071;SKB-8;5708181755423;5708181755423;Serrco by TEFCOLD;2758,00;DEALS + | ProduktneuheitenGlastürkühlgeräte | Fasskühler;;;;;;;;;;;;;;;;;;;;;;;;;;;;;;;;;;;;;;;;;;;;;;;;;;;;;;;;;;;;;;;;;;;;;;;;;;;2 Dreh-Volltüren;;;;;;;;;;;;;1870;1080;975;;;;;;;;;;;;;;;;;;;186.5;1566;;;;;;;;;;;;;;;;;;;;;;;;;;;;;;;;Anthrazit RAL 7021;;;;;;;;;;;;;;;;;;;;;Stellfüße;;;;;;;;;;;;;;;;;;;;;;;;;;;;;1790;950;895;Nein;;;;;;;;;;;;;;;;;;;;;;;;;;;;;;;;;;;;;;;;;;;;;;;;;;Silber;;;;;;;;;;;;;;;;;;;;;;;;;;;;;;;163.5;1539;;;;;;;;;;;;;;;;;;;;;;;;;;;;;;;;;;;;;;;;;;;;;;;;;;;;;;;;;;;;220-240/50;;;;;;;;;;;;;;;;;;;;;;;;;;;;;;Nein;;;;Nein;;;;;;;;;;;;;;;;;;;;;;;;;;;;;;;;;;;;;;;;;;;;;;;;;;;;;;;;;;;;;;;;48;;;;;24;16;8;;;;;460;1930;1050;SKB-8_Produktblatt.pdf;SKB-8_Betriebsanleitung.pdf;SKB-8_Ersatzteilliste.pdf;SKB-8_Energielabel.pdf;SKB-8_Energiepfeil.png
Tefcold;Tefcold-Kühlschrank;Tefcold-Kühlschrank-Glastür;;;G-Line;16438;GC72;5708181362096;5708181362096;G-Line by TEFCOLD;1292,00;DEALS + | Energieeffiziente GeräteGastrobereich | G-Line;107230;;;;;;;;;;Automatisch;;;;;;;;300;;;;;;;;;;;;;;;;;;;;;;;;;;;;;;;;;Elektronisch;;;;;;;;;;;;;;;;;;;;;;;2 Selbstschließende Drehtüren;;;;;;;;;;;;;1360;960;700;;;;;;;;;;;;;;;;;;;104;282;;;;;;;;;;;;;;;;;;;;;31.2;B;;1.98;723;;;;;;;SS 201;Weiß;;;;;;;;;;;;;;;;;;;;4 Stellfüße;;;;;;42;;;;;;;;;;;;;;;;;;;;;;;902;589;530;;;;;;;;;;4;;;;;;;;;;;;;95;R600a / GWP 3;;;Ventiliert;;;;;;;;;;;;;;;;;;;;;;;;SS 201;;;;;;+30°C, 55% RH;;;;;;;;;;;;;;;;;;;;;;;;;94;272;;;;;;;;;;;;;;;;;;;;;;;;;;;;;;;;;;;;;;;;;;;2 Tragroste, weiß;;;;;;;;;;;;;;;;;220-240/50;;;Ja;;;;;;;;;;;Thermometer;-2 bis +10;;;;;;;;;;;;;;;;;Ja;;;;;;;;;;;;;;;;;;;;;;;;;;;;;;;;;;;;;;;;;;;;;;;;;;;;;;;;;;;;;;;;;;48;;;;;;;;;;GN1/1;;1405;750;1010;GC72_Produktblatt.pdf;GC72_Betriebsanleitung.pdf;GC72_Ersatzteilliste.pdf;GC72_Energielabel.pdf;GC72_Energiepfeil.png
Tefcold;Tefcold-Kühlschrank;Tefcold-Kühlschrank-Glastür;;;G-Line;16440;GC73;5708181362119;5708181362119;G-Line by TEFCOLD;1501,00;DEALS + | Energieeffiziente GeräteGastrobereich | G-Line;107257;;;;;;;;;;Automatisch;;;;;;;;300;;;;;;;;;;;;;;;;;;;;;;;;;;;;;;;;;Elektronisch;;;;;;;;;;;;;;;;;;;;;;;3 Selbstschließende Drehtüren;;;;;;;;;;;;;1795;960;700;;;;;;;;;;;;;;;;;;;151;417;;;;;;;;;;;;;;;;;;;;;33.1;B;;2.45;894;;;;;;;SS 201;Weiß;;;;;;;;;;;;;;;;;;;;4 Stellfüße;;;;;;42;;;;;;;;;;;;;;;;;;;;;;;1337;589;530;;;;;;;;;;4;;;;;;;;;;;;;95;R600a / GWP 3;;;Ventiliert;;;;;;;;;;;;;;;;;;;;;;;;SS 201;;;;;;+30°C, 55% RH;;;;;;;;;;;;;;;;;;;;;;;;;134;402;;;;;;;;;;;;;;;;;;;;;;;;;;;;;;;;;;;;;;;;;;;3 Tragroste, weiß;;;;;;;;;;;;;;;;;220-240/50;;;Ja;;;;;;;;;;;Thermometer;-2 bis +10;;;;;;;;;;;;;;;;;Ja;;;;;;;;;;;;;;;;;;;;;;;;;;;;;;;;;;;;;;;;;;;;;;;;;;;;;;;;;;;;;;;;;;38;;;;;;;;;;GN1/1;;1830;750;1010;GC73_Produktblatt.pdf;GC73_Betriebsanleitung.pdf;GC73_Ersatzteilliste.pdf;GC73_Energielabel.pdf;GC73_Energiepfeil.png
Tefcold;Tefcold-Kühlschrank;Tefcold-Kühlschrank-Glastür;;;G-Line;30833;GF72;5708181362133;5708181362133;G-Line by TEFCOLD;1568,00;Gastrobereich | G-Line;107266;;;;;;;;;;Automatisch;;;;;;;;470;;;;;;;;;;;;;;;2;;;;;;;;;;;;;;;;;;Elektronisch;;;;;;;;;;;;;;;;;;;;;;;2 Selbstschließende Drehtüren;;;;;;;;;;;;;1360;960;700;;;;;;;;;;;;;;;;;;;104;282;;;;;;;;;;;;;;;;;;;;;70.9;D;;6.95;2537;;;;;;;SS 201;Weiß;;;;;;;;;;;;;;;;;;;;4 Stellfüße;;;;;;42;;;;;;;;;;;;;;;;;;;;;;;902;589;530;;;;;;;;;;4;;;;;;;;;;;;;90;R290 / GWP 3;;;Ventiliert;;;;;;;;;;;;;;;;;;;;;;;;SS 201;;;;;;+30°C, 55% RH;;;;;;;;;;;;;;;;;;;;;;;;;94;272;;;;;;;;;;;;;;;;;;;;;;;;;;;;;;;;;;;;;;;;;;;2 Tragroste, weiß;;;;;;;;;;;;;;;;;220-240/50;;;Ja;;;;;;;;;;;Thermometer;-20 bis -10;;;;;;;;;;;;;;;;;Ja;;;;;;;;;;;;;;;;;;;;;;;;;;;;;;;;;;;;;;;;;;;;;;;;;;;;;;;;;;;;;;;;;;48;;;;;;;;;;GN1/1;;1405;750;1010;GF72_Produktblatt.pdf;GF72_Betriebsanleitung.pdf;GF72_Ersatzteilliste.pdf;GF72_Energielabel.pdf;GF72_Energiepfeil.png
Tefcold;Tefcold-Kühlschrank;Tefcold-Kühlschrank-Glastür;;;G-Line;16554;GUC140;5708181362058;5708181362058;G-Line by TEFCOLD;2169,00;Gastrobereich | G-Line;107295;;;;;;;;;;Automatisch;;;;;;;;320;;;;;;;;;;;;;;;;;;;;;;;;;;;;;;;;;Elektronisch;;;;;;;;;;;;;;;;;;;;;;;2 Selbstschließende Volltüren, mit Scharnier;;;;;;;;;;;;;1340;2000;845;;;;;;110;;;;;;;;;;;;;160;1166;;;;;;;;;;;;;;;;;;;;;35.5;C;;1.68;613;;;;;;;SS 201;Weiß;;;;;;;;;;;;;;;;;;;;;;;;;;45;;;;;;;;;;;;;;;;;;;;;;;1220;1380;680;Nein;;;;;;;;;4;;;;;;;;;;;;;150;R290 / GWP 3;;;Ventiliert;;;;;;;;;;;;;;;;;;;;;;;;SS 201;;;;;;+30°C, 55% RH;;;;;;;;;;;;;;;;;;;;;;;;;140;1056;;;;;;;;;;;;;;;;;;;;;;;;;;;;;;;;;;;;;;;4 Rollen, davon zwei mit Bremse;;;;6 Tragroste;;;;;;;;;;;;;;;;;220-240/50;;;Ja;;;;;;;;;;;Thermometer;+2 bis +8;;;;;;;;;;;;;;;Ja;;Ja;;Nein;;;;;;;;;;;;;;;;;;;;;;;;;;;;;;;;;;;;;;;;;;;;;;;;;;;;;;;;;;;;;;;;21;;;;;;;;;;GN1/1;;1400;880;2070;GUC140_Produktblatt.pdf;GUC140_Betriebsanleitung.pdf;GUC140_Ersatzteilliste.pdf;GUC140_Energielabel.pdf;GUC140_Energiepfeil.png
Tefcold;Tefcold-Kühlschrank;Tefcold-Kühlschrank-Glastür;;;G-Line;68901;GUC50;5708181754860;5708181754860;G-Line by TEFCOLD;1737,00;Gastrobereich | G-LineDEALS + | Produktneuheiten;2368578;;;;;;;;;;Automatisch;;;;;;;;250;;;;;;;;;;;;;;;3;;;;;;;;;;;;;;;;;;Elektronisch;;;;;;;;;;;;;;;;;;;;;;;1;;;;;;;;;;;;;484;2100;745;;;;;;13;;;;;;;;;;;;;123;292;;;;;;;;;;;;;;;;;;;;;33.4;B;;0.9;329;;;;;;;SS 201;Weiß;;;;;;;;;;;;;;;;;;;;;;;;;;42;;;;;;;;;;;;;;;;;;;;;;;368;1510;580;LED;;;;;;;;;5;;;;;;;;;;;;;90;R600a / GWP 3;;;Ventiliert;;;;;;;;;;;;;;;;;;;;;;;;SS 201;;;;;;+40°C, 40% RH;;;;;;;;;;;;;;;;;;;;;;;;;110;228;;;;;;;;;;;;;;;;;;;;;;;;;;;;;;;;;;;;;;;4 Rollen, davon zwei mit Bremse;;;;3 Tragroste;;;;;;;;;;;;;;;;;220-240/50;;;Ja;;;;;;;;;;;Thermometer;+2 bis +8;;;;;;;;;;;;;;;Ja;;Ja;;Ja;;;;;;;;;;;;;;;;;;;;;;;;;;;;;;;;;;;;;;;;;;;;;;;;;;;;;;;;;;;;;;;;67;38;;;;;;;;;GN1/1;;515;765;2140;GUC50_Produktblatt.pdf;GUC50_Betriebsanleitung.pdf;GUC50_Ersatzteilliste.pdf;GUC50_Energielabel.pdf;GUC50_Energiepfeil.png
Tefcold;Tefcold-Kühlschrank;Tefcold-Kühlschrank-Glastür;;;G-Line;16556;GUC70;5708181362010;5708181362010;G-Line by TEFCOLD;1396,00;Gastrobereich | G-Line;107283;;;;;;;;;;Automatisch;;;;;;;;255;;;;;;;;;;;;;;;3;;;;;;;;;;;;;;;;;;Elektronisch;;;;;;;;;;;;;;;;;;;;;;;1 Selbstschließende Dreh-Volltür;;;;;;;;;;;;;680;2000;845;;;;;;25;;;;;;;;;;;;;145;537;;;;;;;;;;;;;;;;;;;;;36.5;C;;1.22;445;;;;;;;SS 201;Weiß;;;;;;;;;;;;;;;;;;;;;;;;;;45;;;;;;;;;;;;;;;;;;;;;;;560;1380;680;Nein;;;;;;;;;4;;;;;;;;;;;;;90;R290 / GWP 3;;;Ventiliert;;;;;;;;;;;;;;;;;;;;;;;;SS 201;;;;;;+30°C, 55% RH;;;;;;;;;;;;;;;;;;;;;;;;;120;395;;;;;;;;;;;;;;;;;;;;;;;;;;;;;;;;;;;;;;;4 Rollen, davon zwei mit Bremse;;;;3 Tragroste;;;;;;;;;;;;;;;;;220-240/50;;;Ja;;;;;;;;;;;Thermometer;+2 bis +8;;;;;;;;;;;;;;;Ja;;Ja;;Ja;;;;;;;;;;;;;;;;;;;;;;;;;;;;;;;;;;;;;;;;;;;;;;;;;;;;;;;;;;;;;;;;42;;;;;;;;;;GN1/1;;720;880;2050;GUC70_Produktblatt.pdf;GUC70_Betriebsanleitung.pdf;GUC70_Ersatzteilliste.pdf;GUC70_Energielabel.pdf;GUC70_Energiepfeil.png
Tefcold;Tefcold-Kühlschrank;Tefcold-Kühlschrank-Glastür;;;G-Line;16558;GUF140;5708181362072;5708181362072;G-Line by TEFCOLD;2388,00;Gastrobereich | G-Line;107315;;;;;;;;;;Automatisch;;;;;;;;730;;;;;;;;;;;;;;;6;;;;;;;;;;;;;;;;;;Elektronisch;;;;;;;;;;;;;;;;;;;;;;;2 Selbstschließende Volltüren, mit Scharnier;;;;;;;;;;;;;1340;2000;845;;;;;;110;;;;;;;;;;;;;160;1166;;;;;;;;;;;;;;;;;;;;;62.4;D;;8.25;3011;;;;;;;SS 201;Weiß;;;;;;;;;;;;;;;;;;;;;;;;;;45;;;;;;;;;;;;;;;;;;;;;;;1220;1380;680;Nein;;;;;;;;;4;;;;;;;;;;;;;145;R290 / GWP 3;;;Ventiliert;;;;;;;;;;;;;;;;;;;;;;;;SS 201;;;;;;+30°C, 55% RH;;;;;;;;;;;;;;;;;;;;;;;;;140;1056;;;;;;;;;;;;;;;;;;;;;;;;;;;;;;;;;;;;;;;4 Rollen, davon zwei mit Bremse;;;;6 Tragroste;;;;;;;;;;;;;;;;;220-240/50;;;Ja;;;;;;;;;;;Thermometer;-24 bis -18;;;;;;;;;;;;;;;Ja;;Ja;;Nein;;;;;;;;;;;;;;;;;;;;;;;;;;;;;;;;;;;;;;;;;;;;;;;;;;;;;;;;;;;;;;;;21;;;;;;;;;;GN1/1;;1400;880;2070;GUF140_Produktblatt.pdf;GUF140_Betriebsanleitung.pdf;GUF140_Ersatzteilliste.pdf;GUF140_Energielabel.pdf;GUF140_Energiepfeil.png
Tefcold;Tefcold-Kühlschrank;Tefcold-Kühlschrank-Glastür;;;G-Line;68898;GUF50;5708181754846;5708181754846;G-Line by TEFCOLD;2031,00;Gastrobereich | G-LineDEALS + | Produktneuheiten;2368611;;;;;;;;;;Automatisch;;;;;;;;380;;;;;;;;;;;;;;;3;;;;;;;;;;;;;;;;;;Elektronisch;;;;;;;;;;;;;;;;;;;;;;;1;;;;;;;;;;;;;484;2100;745;;;;;;13;;;;;;;;;;;;;123;292;;;;;;;;;;;;;;;;;;;;;55.8;D;;3.97;1449;;;;;;;SS 201;Weiß;;;;;;;;;;;;;;;;;;;;;;;;;;42;;;;;;;;;;;;;;;;;;;;;;;368;1510;580;LED;;;;;;;;;5;;;;;;;;;;;;;85;R290 / GWP 3;;;Ventiliert;;;;;;;;;;;;;;;;;;;;;;;;SS 201;;;;;;+40°C, 40% RH;;;;;;;;;;;;;;;;;;;;;;;;;110;228;;;;;;;;;;;;;;;;;;;;;;;;;;;;;;;;;;;;;;;4 Rollen, davon zwei mit Bremse;;;;3 Tragroste;;;;;;;;;;;;;;;;;220-240/50;;;Ja;;;;;;;;;;;Thermometer;-22 bis -18;;;;;;;;;;;;;;;Ja;;Ja;;Ja;;;;;;;;;;;;;;;;;;;;;;;;;;;;;;;;;;;;;;;;;;;;;;;;;;;;;;;;;;;;;;;;67;38;;;;;;;;;GN1/1;;515;765;2140;GUF50_Produktblatt.pdf;GUF50_Betriebsanleitung.pdf;GUF50_Ersatzteilliste.pdf;GUF50_Energielabel.pdf;GUF50_Energiepfeil.png
Tefcold;Tefcold-Kühlschrank;Tefcold-Kühlschrank-Glastür;;;G-Line;16560;GUF70;5708181362034;5708181362034;G-Line by TEFCOLD;1602,00;Gastrobereich | G-Line;107305;;;;;;;;;;Automatisch;;;;;;;;565;;;;;;;;;;;;;;;3;;;;;;;;;;;;;;;;;;Elektronisch;;;;;;;;;;;;;;;;;;;;;;;1 Selbstschließende Dreh-Volltür;;;;;;;;;;;;;680;2000;845;;;;;;25;;;;;;;;;;;;;145;565;;;;;;;;;;;;;;;;;;;;;64.4;D;;5.83;2128;;;;;;;SS 201;Weiß;;;;;;;;;;;;;;;;;;;;;;;;;;45;;;;;;;;;;;;;;;;;;;;;;;560;1380;680;Nein;;;;;;;;;4;;;;;;;;;;;;;90;R290 / GWP 3;;;Ventiliert;;;;;;;;;;;;;;;;;;;;;;;;SS 201;;;;;;+30°C, 55% RH;;;;;;;;;;;;;;;;;;;;;;;;;120;528;;;;;;;;;;;;;;;;;;;;;;;;;;;;;;;;;;;;;;;4 Rollen, davon zwei mit Bremse;;;;3 Tragroste;;;;;;;;;;;;;;;;;220-240/50;;;Ja;;;;;;;;;;;Thermometer;-24 bis -18;;;;;;;;;;;;;;;Ja;;Ja;;Ja;;;;;;;;;;;;;;;;;;;;;;;;;;;;;;;;;;;;;;;;;;;;;;;;;;;;;;;;;;;;;;;;42;;;;;;;;;;GN1/1;;720;880;2050;GUF70_Produktblatt.pdf;GUF70_Betriebsanleitung.pdf;GUF70_Ersatzteilliste.pdf;GUF70_Energielabel.pdf;GUF70_Energiepfeil.png
Tefcold;Tefcold-Kühlschrank;Tefcold-Kühlschrank-weiß-Volltür;;;Gastrokühlschränke;17664;BF850;5708181363017;5708181363017;TEFCOLD;2381,00;Gastrobereich | Gastrokühlschränke;89083;;;;;;;;;;Automatisch;;;;;;;;700;;;;;;;;;;;;;;;10;;;;;;;;;;;;;;;;;;Elektronisch;;;;;;;;;;;;;;;;;;;;;;;1 Selbstschließende Dreh-Volltür;;;;;;;;;;;;;740;2010;990;;;;;;110;;;;;;;;;;;;;161;850;;;;;;;;;;;;;;;;;;;;;69.6;D;;8.63;3149;;;;;;;SS 304;;;;;;;;;;;;;;;;;;;;;;;;;;;48;;;;;;;;;;;;;;;;;;;;;;;620;1397;860;LED;;;;;;;;;4;;;;;;;;;;;;;115;R290 / GWP 3;;;Ventiliert;;;;;;;;;;;;;;;;;;;;;;;;SS 304;;;;;;+30°C, 55% RH;;;;;;;;;;;;;;;;;;;;;;;;;143;737;;;;;;;;;;;;;;;;;;;;;;;;;;;;;;;;;;;;;;;4 Rollen, davon zwei mit Bremse;;;;10 Führungen für Backbleche;;;;;;;;;;;;;;;;;220-240/50;;;Ja;;;;;;;;;;;Thermometer;-24 bis -18;;;;;;;;;;;;;;;Ja;;Ja;;Ja;;;;;;;;;;;;;;;;;;;;;;;;;;;;;;;;;;;;;;;;;;;;;;;;;;;;;;;;;;;;;;;;31;;;;;;;;;;;;770;1020;2070;BF850_Produktblatt.pdf;BF850_Betriebsanleitung.pdf;BF850_Ersatzteilliste.pdf;BF850_Energielabel.pdf;BF850_Energiepfeil.png
Tefcold;Tefcold-Kühlschrank;Tefcold-Kühlschrank-weiß-Volltür;;;Gastrokühlschränke;67796;BF850I;5708181753085;5708181753085;TEFCOLD;2473,00;Gastrobereich | Gastrokühlschränke;89083;;;;;;;;;;Automatisch;;;;;;;;700;;;;;;;;;;;;;;;9;;;;;;;;;;;;;;;;;;Elektronisch;;;;;;;;;;;;;;;;;;;;;;;1 Selbstschließende Dreh-Volltür;;;;;;;;;;;;;740;2010;990;;;;;;110;;;;;;;;;;;;;161;850;;;;;;;;;;;;;;;;;;;;;69.6;D;;8.63;3149;;;;;;;SS 304;;;;;;;;;;;;;;;;;;;;;;;;;;;48;;;;;;;;;;;;;;;;;;;;;;;620;1397;860;LED;;;;;;;;;4;;;;;;;;;;;;;115;R290 / GWP 3;;;Ventiliert;;;;;;;;;;;;;;;;;;;;;;;;SS 304;;;;;;+30°C, 55% RH;;;;;;;;;;;;;;;;;;;;;;;;;143;737;;;;;;;;;;;;;;;;;;;;;;;;;;;;;;;;;;;;;;;4 Rollen, davon zwei mit Bremse;;;;9 Tragroste;;;;;;;;;;;;;;;;;220-240/50;;;Ja;;;;;;;;;;;Thermometer;-24 bis -18;;;;;;;;;;;;;;;Ja;;Ja;;Ja;;;;;;;;;;;;;;;;;;;;;;;;;;;;;;;;;;;;;;;;;;;;;;;;;;;;;;;;;;;;;;;;31;;;;;;;;;;602 x 800;;770;1020;2070;BF850I_Produktblatt.pdf;BF850I_Betriebsanleitung.pdf;BF850I_Ersatzteilliste.pdf;BF850I_Energielabel.pdf;BF850I_Energiepfeil.png
Tefcold;Tefcold-Kühlschrank;Tefcold-Kühlschrank-weiß-Volltür;;;Gastrokühlschränke;17666;BK850;5708181363079;5708181363079;TEFCOLD;2193,00;Gastrobereich | Gastrokühlschränke;97398;;;;;;;;;;Automatisch;;;;;;;;330;;;;;;;;;;;;;;;10;;;;;;;;;;;;;;;;;;Elektronisch;;;;;;;;;;;;;;;;;;;;;;;1 Selbstschließende Dreh-Volltür;;;;;;;;;;;;;740;2010;990;;;;;;110;;;;;;;;;;;;;161;850;;;;;;;;;;;;;;;;;;;;;48.6;C;;2.17;790;;;;;;;SS 304;Weiß;;;;;;;;;;;;;;;;;;;;;;;;;;48;;;;;;;;;;;;;;;;;;;;;;;620;1397;860;LED;;;;;;;;;4;;;;;;;;;;;;;100;R290 / GWP 3;;;Ventiliert;;;;;;;;;;;;;;;;;;;;;;;;SS 304;;;;;;+30°C, 55% RH;;;;;;;;;;;;;;;;;;;;;;;;;143;737;;;;;;;;;;;;;;;;;;;;;;;;;;;;;;;;;;;;;;;4 Rollen, davon zwei mit Bremse;;;;10 Führungen für Backbleche;;;;;;;;;;;;;;;;;220-240/50;;;Ja;;;;;;;;;;;Thermometer;-2 bis +10;;;;;;;;;;;;;;;Ja;;Ja;;Ja;;;;;;;;;;;;;;;;;;;;;;;;;;;;;;;;;;;;;;;;;;;;;;;;;;;;;;;;;;;;;;;;31;;;;;;;;;;;;770;1020;2070;BK850_Produktblatt.pdf;BK850_Betriebsanleitung.pdf;BK850_Ersatzteilliste.pdf;BK850_Energielabel.pdf;BK850_Energiepfeil.png
Tefcold;Tefcold-Kühlschrank;Tefcold-Kühlschrank-weiß-Volltür;;;Gastrokühlschränke;17609;RF1010;5708181363574;5708181363574;TEFCOLD;2797,00;Gastrobereich | Gastrokühlschränke;101505;;;;;;;;;;Automatisch;;;;;;;;740;;;;;;;;;;;;;;;;;;;;;;;;;;;;;;;;;Elektronisch;;;;;;;;;;;;;;;;;;;;;;;2 Selbstschließende Volltüren, mit Scharnier;;;;;;;;;;;;;1340;2010;700;;;;;;110;;;;;;;;;;;;;194;976;;;;;;;;;;;;;;;;;;;;;74.3;D;;9.21;3362;;;;;;;SS 304;Weiß;;;;;;;;;;;;;;;;;;;;;;;;;;45;;;;;;;;;;;;;;;;;;;;;;;1220;1386;553;Nein;;;;;;;;;4;;;;;;;;;;;;;145;R290 / GWP 3;;;Ventiliert;;;;;;;;;;;;;;;;;;;;;;;;SS 304;;;;;;+30°C, 55% RH;;;;;;;;;;;;;;;;;;;;;;;;;189;900;;;;;;;;;;;;;;;;;;;;;;;;;;;;;;;;;;;;;;;4 Rollen, davon zwei mit Bremse;;;;6 Tragroste, weiß;;;;;;;;;;;;;;;;;220-240/50;;;Ja;;;;;;;;;;;Thermometer;-24 bis -18;;;;;;;;;;;;;;;Ja;;Ja;;Nein;;;;;;;;;;;;;;;;;;;;;;;;;;;;;;;;;;;;;;;;;;;;;;;;;;;;;;;;;;;;;;;;22;;;;;;;;;;530 x 540 mm;;1400;800;2150;RF1010_Produktblatt.pdf;RF1010_Betriebsanleitung.pdf;RF1010_Ersatzteilliste.pdf;RF1010_Energielabel.pdf;RF1010_Energiepfeil.png
Tefcold;Tefcold-Kühlschrank;Tefcold-Kühlschrank-weiß-Volltür;;;Gastrokühlschränke;66285;RF1420C;5708181746766;5708181746766;TEFCOLD;3431,00;Gastrobereich | Gastrokühlschränke;2214736;;;;;;;;;;Automatisch, elektrisch;;;;;;;;600;;;;;;;;;;;;;;;6;;;;;;;;;;;;;;;;;;Elektronisch;;;;;;;;;;;;;;;;;;;;;;;2 Selbstschließende Volltüren, mit Scharnier;;;;;;;;;;;;;1420;2090;875;;;;;;70;;;;;;;;;;;;;234;1300;;;;;;;;;;;;;;;;;;;;;48.7;C;;8.24;3009;;;;;;;SS 304;Grau;;;;;;;;;;;;;;;;;;;;;;;;;;49;;;;;;;;;;;;;;;;;;;;;;;1240;1501;700;LED;;;;;;;;;5;;;;;;;;;;;;;150;R290 / GWP 3;;;Ventiliert;;;;;;;;;;;;;;;;;;;;;;;;SS 304;;;;;;+40°C, 40% RH;;;;;;;;;;;;;;;;;;;;;;;;;224;954;;;;;;;;;;;;;;;;;;;;;;;;;;;;;;;;;;;;;;;Rollen;;;;6 Tragroste, grau;;;;;;;;;;;;;;;;;220-240/50;;;Ja;;;;;;;;;;;Thermometer;-22 bis -18;;;;;;;;;;;;;;;Ja;;Ja;;Ja;;;;;;;;;;;;;;;;;;;;;;;;;;;;;;;;;;;;;;;;;;;;;;;;;;;;;;;;;;;;;;;;16;38;;;;;;;;;530x650;;1445;905;2150;RF1420C_Produktblatt.pdf;RF1420C_Betriebsanleitung.pdf;RF1420C_Ersatzteilliste.pdf;RF1420C_Energielabel.pdf;RF1420C_Energiepfeil.png
Tefcold;Tefcold-Kühlschrank;Tefcold-Kühlschrank-weiß-Volltür;;;Gastrokühlschränke;54299;RF1420X1;5708181739331;5708181739331;TEFCOLD;3646,00;DEALS + | Energieeffiziente GeräteGastrobereich | Gastrokühlschränke;2236619;;;;;;;;;;Automatisch, elektrisch;;;;;;;;480;;;;;;;;;;;;;;;6;;;;;;;;;;;;;;;;;;Elektronisch;;;;;;;;;;;;;;;;;;;;;;;2 Selbstschließende Volltüren, mit Scharnier;;;;;;;;;;;;;1420;2090;875;;;;;;70;;;;;;;;;;;;;234;1300;;;;;;;;;;;;;;;;;;;;;28.6;B;;4.83;1763;;;;;;;SS 304;Grau;;;;;;;;;;;;;;;;;;;;;;;;;;48;;;;;;;;;;;;;;;;;;;;;;;1240;1501;700;LED;;;;;;;;;5;;;;;;;;;;;;;150;R290 / GWP 3;;;Ventiliert;;;;;;;;;;;;;;;;;;;;;;;;SS 304;;;;;;+40°C, 40% RH;;;;;;;;;;;;;;;;;;;;;;;;;224;954;;;;;;;;;;;;;;;;;;;;;;;;;;;;;;;;;;;;;;;Rollen;;;;6 Tragroste, grau;;;;;;;;;;;;;;;;;220-240/50;;;Ja;;;;;;;;;;;Thermometer;-22 bis -18;;;;;;;;;;;;;;;Ja;;Ja;;Ja;;;;;;;;;;;;;;;;;;;;;;;;;;;;;;;;;;;;;;;;;;;;;;;;;;;;;;;;;;;;;;;;16;38;;;;;;;;;530x650;;1445;905;2150;RF1420X1_Produktblatt.pdf;RF1420X1_Betriebsanleitung.pdf;RF1420X1_Ersatzteilliste.pdf;RF1420X1_Energielabel.pdf;RF1420X1_Energiepfeil.png
Tefcold;Tefcold-Kühlschrank;Tefcold-Kühlschrank-weiß-Volltür;;;Gastrokühlschränke;16567;RF500SNACK;5708181360412;5708181360412;TEFCOLD;1663,00;Gastrobereich | Gastrokühlschränke;;;;;;;;;;;Manuell;;;;;;;;490;;;;;;;;;;;;;;;3;;;;;;;;;;;;;;;;;;Elektronisch;;;;;;;;;;;;;;;;;;;;;;;1 Dreh-Volltür;;;;;;;;;;;;;680;1900;700;;;;;;110;;;;;;;;;;;;;145;450;;;;;;;;;;;;;;;;;;;;;62;D;;5.12;1869;;;;;;;SS 304;Weiß;;;;;;;;;;;;;;;;;;;;4 Stellfüße;;;;;;42;;;;;;;;;;;;;;;;;;;;;;;560;1380;553;Nein;;;;;;;;;4;;;;;;;;;;;;;100;R290 / GWP 3;;;Umluft;;;;;;;;;;;;;;;;;;;;;;;;SS 304;;;;;;+30°C, 55% RH;;;;;;;;;;;;;;;;;;;;;;;;;135;429;;;;;;;;;;;;;;;;;;;;;;;;;;;;;;;;;;;;;;;Ja;;;;3 Tragroste, weiß;;;;;;;;;;;;;;;;;220-240/50;;;Ja;;;;;;;;;;;Thermometer;-24 bis -10;;;;;;;;;;;;;;;Ja;;Ja;;Ja;;;;;;;;;;;;;;;;;;;;;;;;;;;;;;;;;;;;;;;;;;;;;;;;;;;;;;;;;;;;;;;;48;;;;;;;;;;530 x 540;;715;745;2135;RF500SNACK_Produktblatt.pdf;RF500SNACK_Betriebsanleitung.pdf;RF500SNACK_Ersatzteilliste.pdf;RF500SNACK_Energielabel.pdf;RF500SNACK_Energiepfeil.png
Tefcold;Tefcold-Kühlschrank;Tefcold-Kühlschrank-weiß-Volltür;;;Gastrokühlschränke;17601;RF505;5708181363635;5708181363635;TEFCOLD;1752,00;Gastrobereich | Gastrokühlschränke;99169;;;;;;;;;;Automatisch;;;;;;;;490;;;;;;;;;;;;;;;;;;;;;;;;;;;;;;;;;Elektronisch;;;;;;;;;;;;;;;;;;;;;;;1 Selbstschließende Dreh-Volltür;;;;;;;;;;;;;680;2010;700;;;;;;110;;;;;;;;;;;;;145;466;;;;;;;;;;;;;;;;;;;;;62;D;;5.12;1869;;;;;;;SS 304;Weiß;;;;;;;;;;;;;;;;;;;;;;;;;;45;;;;;;;;;;;;;;;;;;;;;;;560;1386;553;Nein;;;;;;;;;4;;;;;;;;;;;;;100;R290 / GWP 3;;;Ventiliert;;;;;;;;;;;;;;;;;;;;;;;;SS 304;;;;;;+30°C, 55% RH;;;;;;;;;;;;;;;;;;;;;;;;;135;429;;;;;;;;;;;;;;;;;;;;;;;;;;;;;;;;;;;;;;;4 Rollen, davon zwei mit Bremse;;;;3 Tragroste, weiß;;;;;;;;;;;;;;;;;220-240/50;;;Ja;;;;;;;;;;;Thermometer;-24 bis -18;;;;;;;;;;;;;;;Ja;;Ja;;Ja;;;;;;;;;;;;;;;;;;;;;;;;;;;;;;;;;;;;;;;;;;;;;;;;;;;;;;;;;;;;;;;;48;;;;;;;;;;530 x 540 mm;;750;800;2150;RF505_Produktblatt.pdf;RF505_Betriebsanleitung.pdf;RF505_Ersatzteilliste.pdf;RF505_Energielabel.pdf;RF505_Energiepfeil.png
Tefcold;Tefcold-Kühlschrank;Tefcold-Kühlschrank-weiß-Volltür;;;Gastrokühlschränke;54301;RF710X1;5708181739348;5708181739348;TEFCOLD;2174,00;DEALS + | Energieeffiziente GeräteGastrobereich | Gastrokühlschränke;2236483;;;;;;;;;;Automatisch, elektrisch;;;;;;;;380;;;;;;;;;;;;;;;3;;;;;;;;;;;;;;;;;;Elektronisch;;;;;;;;;;;;;;;;;;;;;;;1 Selbstschließende Dreh-Volltür;;;;;;;;;;;;;740;2090;875;;;;;;72.6;;;;;;;;;;;;;147;559;;;;;;;;;;;;;;;;;;;;;30.5;B;;2.9;1062;;;;;;;SS 304;Grau;;;;;;;;;;;;;;;;;;;;;;;;;;48;;;;;;;;;;;;;;;;;;;;;;;533;1501;700;LED;;;;;;;;;5;;;;;;;;;;;;;130;R290 / GWP 3;;;Ventiliert;;;;;;;;;;;;;;;;;;;;;;;;SS 304;;;;;;+40°C, 40% RH;;;;;;;;;;;;;;;;;;;;;;;;;138;408;;;;;;;;;;;;;;;;;;;;;;;;;;;;;;;;;;;;;;;4 Rollen;;;;3 Tragroste, grau;;;;;;;;;;;;;;;;;220-240/50;;;Ja;;;;;;;;;;;Thermometer;-22 bis -18;;;;;;;;;;;;;;;Ja;;Ja;;Ja;;;;;;;;;;;;;;;;;;;;;;;;;;;;;;;;;;;;;;;;;;;;;;;;;;;;;;;;;;;;;;;;39;38;;;;;;;;;530x650;;760;905;2150;RF710X1_Produktblatt.pdf;RF710X1_Betriebsanleitung.pdf;RF710X1_Ersatzteilliste.pdf;RF710X1_Energielabel.pdf;RF710X1_Energiepfeil.png
Tefcold;Tefcold-Kühlschrank;Tefcold-Kühlschrank-weiß-Volltür;;;Gastrokühlschränke;55337;RIC1760X1;5708181741044;5708181741044;TEFCOLD;3864,00;Gastrobereich | Gastrokühlschränke;;;;;;;;;;;Automatisch / Off-Cycle-Abtauung;;;;;;;;650;;;;;;;;;;;;;;;;;;;;;;;;;;;;;;;;;Elektronisch;;;;;;;;;;;;;;;;;;;;;;;2 Dreh-Volltür;;;;;;;;;;;;;1760;2201.5;994;;;;;;;;;;;;;;;;;;;288;1918;;;;;;;;;;;;;;;;;;;;;;;;5.5;2007.5;;;;;;;SS 304;;;;;;;;;;;;;;;;;;;;;;;;;;;52;;;;;;;;;;;;;;;;;;;;;;;1600;1810;836;Nein;;;;;;;;;5;;;;;;;;;;;;;150;R290 / GWP 3;;;Ventiliert;;;;;;;;;;;;;;;;;;;;;;;;SS 304;;;;;;+40°C, 40% RH;;;;;;;;;;;;;;;;;;;;;;;;;250;832;;;;;;;;;;;;;;;;;;;;;;;;;;;;;;;;;;;;;;;;;;;;;;;;;;;;;;;;;;;;220-240/50;;;Ja;;;;;;;;;;;Thermometer;+2 bis +10;;;;;;;;;;;;;;;Ja;;;;Nein;;;;;;;;;;;;;;;;;;;;;;;;;;;;;;;;;;;;;;;;;;;;;;;;;;;;;;;;;;;;;;;;13;38;;;;;;;;;;;1785;1030;2350;RIC1760X1_Produktblatt.pdf;RIC1760X1_Betriebsanleitung.pdf;RIC1760X1_Ersatzteilliste.pdf;RIC1760X1_Energielabel.pdf;RIC1760X1_Energiepfeil.png
Tefcold;Tefcold-Kühlschrank;Tefcold-Kühlschrank-weiß-Volltür;;;Gastrokühlschränke;55336;RIC880X1;5708181741037;5708181741037;TEFCOLD;2825,00;Gastrobereich | Gastrokühlschränke;;;;;;;;;;;Automatisch / Off-Cycle-Abtauung;;;;;;;;330;;;;;;;;;;;;;;;;;;;;;;;;;;;;;;;;;Elektronisch;;;;;;;;;;;;;;;;;;;;;;;1 Dreh-Volltür;;;;;;;;;;;;;880;2201.5;994;;;;;;;;;;;;;;;;;;;188;1005;;;;;;;;;;;;;;;;;;;;;;;;4.24;1547.6;;;;;;;SS 304;;;;;;;;;;;;;;;;;;;;;;;;;;;52;;;;;;;;;;;;;;;;;;;;;;;720;1810;836;Nein;;;;;;;;;5;;;;;;;;;;;;;105;R290 / GWP 3;;;Ventiliert;;;;;;;;;;;;;;;;;;;;;;;;SS 304;;;;;;+40°C, 40% RH;;;;;;;;;;;;;;;;;;;;;;;;;155;416;;;;;;;;;;;;;;;;;;;;;;;;;;;;;;;;;;;;;;;;;;;;;;;;;;;;;;;;;;;;220-240/50;;;Ja;;;;;;;;;;;Thermometer;+2 bis +10;;;;;;;;;;;;;;;Ja;;;;Nein;;;;;;;;;;;;;;;;;;;;;;;;;;;;;;;;;;;;;;;;;;;;;;;;;;;;;;;;;;;;;;;;24;38;;;;;;;;;;;905;1030;2350;RIC880X1_Produktblatt.pdf;RIC880X1_Betriebsanleitung.pdf;RIC880X1_Ersatzteilliste.pdf;RIC880X1_Energielabel.pdf;RIC880X1_Energiepfeil.png
Tefcold;Tefcold-Kühlschrank;Tefcold-Kühlschrank-weiß-Volltür;;;Gastrokühlschränke;17591;RK1010;5708181363673;5708181363673;TEFCOLD;2517,00;Gastrobereich | Gastrokühlschränke;101603;;;;;;;;;;Automatisch;;;;;;;;400;;;;;;;;;;;;;;;6;;;;;;;;;;;;;;;;;;Elektronisch;;;;;;;;;;;;;;;;;;;;;;;2 Selbstschließende Volltüren, mit Scharnier;;;;;;;;;;;;;1340;2010;700;;;;;;110;;;;;;;;;;;;;184;976;;;;;;;;;;;;;;;;;;;;;48.4;C;;2.16;788;;;;;;;SS 304;Weiß;;;;;;;;;;;;;;;;;;;;;;;;;;45;;;;;;;;;;;;;;;;;;;;;;;1220;1386;553;Nein;;;;;;;;;4;;;;;;;;;;;;;150;R290 / GWP 3;;;Ventiliert;;;;;;;;;;;;;;;;;;;;;;;;SS 304;;;;;;+30°C, 55% RH;;;;;;;;;;;;;;;;;;;;;;;;;179;900;;;;;;;;;;;;;;;;;;;;;;;;;;;;;;;;;;;;;;;4 Rollen, davon zwei mit Bremse;;;;6 Tragroste, weiß;;;;;;;;;;;;;;;;;220-240/50;;;Ja;;;;;;;;;;;Thermometer;-2 bis +8;;;;;;;;;;;;;;;Ja;;Ja;;Nein;;;;;;;;;;;;;;;;;;;;;;;;;;;;;;;;;;;;;;;;;;;;;;;;;;;;;;;;;;;;;;;;22;;;;;;;;;;530 x 540 mm;;1400;800;2150;RK1010_Produktblatt.pdf;RK1010_Betriebsanleitung.pdf;RK1010_Ersatzteilliste.pdf;RK1010_Energielabel.pdf;RK1010_Energiepfeil.png
Tefcold;Tefcold-Kühlschrank;Tefcold-Kühlschrank-weiß-Volltür;;;Gastrokühlschränke;17595;RK1420;5708181363710;5708181363710;TEFCOLD;2928,00;Gastrobereich | Gastrokühlschränke;1907660;;;;;;;;;;Automatisch;;;;;;;;320;;;;;;;;;;;;;;;6;;;;;;;;;;;;;;;;;;Elektronisch;;;;;;;;;;;;;;;;;;;;;;;2 Selbstschließende Volltüren, mit Scharnier;;;;;;;;;;;;;1480;2010;850;;;;;;74.3;;;;;;;;;;;;;226;1410;;;;;;;;;;;;;;;;;;;;;45.5;C;;2.81;1027;;;;;;;SS 304;Weiß;;;;;;;;;;;;;;;;;;;;;;;;;;48;;;;;;;;;;;;;;;;;;;;;;;1360;1410;700;LED;;;;;;;;;4;;;;;;;;;;;;;150;R290 / GWP 3;;;Ventiliert;;;;;;;;;;;;;;;;;;;;;;;;SS 304;;;;;;+30°C, 55% RH;;;;;;;;;;;;;;;;;;;;;;;;;208;1004;;;;;;;;;;;;;;;;;;;;;;;;;;;;;;;;;;;;;;;4 Rollen, davon zwei mit Bremse;;;;6 Tragroste, weiß;;;;;;;;;;;;;;;;;220-240/50;;;Ja;;;;;;;;;;;Thermometer;-2 bis +10;;;;;;;;;;;;;;;Ja;;Ja;;Nein;;;;;;;;;;;;;;;;;;;;;;;;;;;;;;;;;;;;;;;;;;;;;;;;;;;;;;;;;;;;;;;;15;;;;;;;;;;GN2/1;;1510;880;2070;RK1420_Produktblatt.pdf;RK1420_Betriebsanleitung.pdf;RK1420_Ersatzteilliste.pdf;RK1420_Energielabel.pdf;RK1420_Energiepfeil.png
Tefcold;Tefcold-Kühlschrank;Tefcold-Kühlschrank-weiß-Volltür;;;Gastrokühlschränke;17597;RK1420G;5708181363697;5708181363697;TEFCOLD;3115,00;Gastrobereich | Gastrokühlschränke;777119;;;;;;;;;;Automatisch;;;;;;;;320;;;;;;;;;;;;;;;;;;;;;;;;;;;;;;;;;Elektronisch;;;;;;;;;;;;;;;;;;;;;;;2 Selbstschließende Dreh-Glastüren;;;;;;;;;;;;;1480;2010;850;;;;;;196;;;;;;;;;;;;;226;1410;;;;;;;;;;;;;;;;;;;;;23.5;C;;4.67;1705;;;;;;;SS 304;Weiß;;;;;;;;;;;;;;;;;;;;;;;;;;48;;;;;;;;;;;;;;;;;;;;;;;1360;1396;685;LED;;;;;;;;;4;;;;;;;;;;;;;150;R290 / GWP 3;;;Ventiliert;;;;;;;;;;;;;;;;;;;;;;;;SS 304;;;;;;+30°C, 55% RH;;;;;;;;;;;;;;;;;;;;;;;;;208;1325;;;;;;;;;;;;;;;;;;;;;;;;;;;;;;;;;;;;;;;4 Rollen, davon zwei mit Bremse;;;;6 Tragroste, weiß;;;;;;;;;;;;;;;;;220-240/50;;;Ja;;;;;;;;;;;Thermometer;+2 bis +10;;;;;;;;;;;;;;;Ja;;Ja;;Nein;;;;;;;;;;;;;;;;;;;;;;;;;;1.42;;;;;;;;;;;;;;;;;;;;;;;;;;;;;;;;;;;;;;15;;;;;;;;;;GN2/1;;1510;880;2070;RK1420G_Produktblatt.pdf;RK1420G_Betriebsanleitung.pdf;RK1420G_Ersatzteilliste.pdf;RK1420G_Energielabel.pdf;RK1420G_Energiepfeil.png
Tefcold;Tefcold-Kühlschrank;Tefcold-Kühlschrank-weiß-Volltür;;;Gastrokühlschränke;54303;RK1420X1;5708181739355;5708181739355;TEFCOLD;3220,00;DEALS + | Energieeffiziente GeräteGastrobereich | Gastrokühlschränke;2236571;;;;;;;;;;Automatisch / Off-Cycle-Abtauung;;;;;;;;360;;;;;;;;;;;;;;;6;;;;;;;;;;;;;;;;;;Elektronisch;;;;;;;;;;;;;;;;;;;;;;;2 Selbstschließende Volltüren, mit Scharnier;;;;;;;;;;;;;1420;2090;875;;;;;;72.6;;;;;;;;;;;;;226;1300;;;;;;;;;;;;;;;;;;;;;21.3;A;;1.27;464;;;;;;;SS 304;Grau;;;;;;;;;;;;;;;;;;;;;;;;;;47;;;;;;;;;;;;;;;;;;;;;;;1240;1501;700;LED;;;;;;;;;5;;;;;;;;;;;;;110;R600a / GWP 3;;;Ventiliert;;;;;;;;;;;;;;;;;;;;;;;;SS 304;;;;;;+40°C, 40% RH;;;;;;;;;;;;;;;;;;;;;;;;;208;954;;;;;;;;;;;;;;;;;;;;;;;;;;;;;;;;;;;;;;;4 Rollen;;;;6 Tragroste, grau;;;;;;;;;;;;;;;;;220-240/50;;;Ja;;;;;;;;;;;Thermometer;-2 bis +8;;;;;;;;;;;;;;;Ja;;Ja;;Ja;;;;;;;;;;;;;;;;;;;;;;;;;;;;;;;;;;;;;;;;;;;;;;;;;;;;;;;;;;;;;;;;16;38;;;;;;;;;530x650;;1445;905;2150;RK1420X1_Produktblatt.pdf;RK1420X1_Betriebsanleitung.pdf;RK1420X1_Ersatzteilliste.pdf;RK1420X1_Energielabel.pdf;RK1420X1_Energiepfeil.png
Tefcold;Tefcold-Kühlschrank;Tefcold-Kühlschrank-weiß-Volltür;;;Gastrokühlschränke;16579;RK500SNACK;5708181359638;5708181359638;TEFCOLD;1475,00;Gastrobereich | Gastrokühlschränke;101541;;;;;;;;;;R600a;;;;;;;;353;;;;;;;;;;;;;;;3;;;;;;;;;;;;;;;;;;Elektronisch;;;;;;;;;;;;;;;;;;;;;;;1 Dreh-Volltür;;;;;;;;;;;;;680;1900;700;;;;;;110;;;;;;;;;;;;;140;450;;;;;;;;;;;;;;;;;;;;;36.4;C;;1.12;409;;;;;;;SS 304;Weiß;;;;;;;;;;;;;;;;;;;;4 Stellfüße;;;;;;42;;;;;;;;;;;;;;;;;;;;;;;560;1380;553;Nein;;;;;;;;;4;;;;;;;;;;;;;90;R600a / GWP 3;;;Umluft;;;;;;;;;;;;;;;;;;;;;;;;SS 304;;;;;;+30°C, 55% RH;;;;;;;;;;;;;;;;;;;;;;;;;130;429;;;;;;;;;;;;;;;;;;;;;;;;;;;;;;;;;;;;;;;Ja;;;;3 Tragroste, weiß;;;;;;;;;;;;;;;;;220-240/50;;;Ja;;;;;;;;;;;Thermometer;-2 bis +8;;;;;;;;;;;;;;;Ja;;Ja;;Ja;;;;;;;;;;;;;;;;;;;;;;;;;;;;;;;;;;;;;;;;;;;;;;;;;;;;;;;;;;;;;;;;48;;;;;;;;;;530 x 540;;745;720;2130;RK500SNACK_Produktblatt.pdf;RK500SNACK_Betriebsanleitung.pdf;RK500SNACK_Ersatzteilliste.pdf;RK500SNACK_Energielabel.pdf;RK500SNACK_Energiepfeil.png
Tefcold;Tefcold-Kühlschrank;Tefcold-Kühlschrank-weiß-Volltür;;;Gastrokühlschränke;17575;RK505;5708181363758;5708181363758;TEFCOLD;1578,00;Gastrobereich | Gastrokühlschränke;101558;;;;;;;;;;Automatisch;;;;;;;;255;;;;;;;;;;;;;;;3;;;;;;;;;;;;;;;;;;Elektronisch;;;;;;;;;;;;;;;;;;;;;;;1 Selbstschließende Dreh-Volltür;;;;;;;;;;;;;680;2010;700;;;;;;110;;;;;;;;;;;;;132;466;;;;;;;;;;;;;;;;;;;;;36.4;C;;1.12;409;;;;;;;SS 304;Weiß;;;;;;;;;;;;;;;;;;;;;;;;;;45;;;;;;;;;;;;;;;;;;;;;;;560;1386;553;Nein;;;;;;;;;4;;;;;;;;;;;;;90;R600a / GWP 3;;;Ventiliert;;;;;;;;;;;;;;;;;;;;;;;;SS 304;;;;;;+30°C, 55% RH;;;;;;;;;;;;;;;;;;;;;;;;;127;429;;;;;;;;;;;;;;;;;;;;;;;;;;;;;;;;;;;;;;;4 Rollen, davon zwei mit Bremse;;;;3 Tragroste, weiß;;;;;;;;;;;;;;;;;220-240/50;;;Ja;;;;;;;;;;;Thermometer;-2 bis +8;;;;;;;;;;;;;;;Ja;;Ja;;Ja;;;;;;;;;;;;;;;;;;;;;;;;;;;;;;;;;;;;;;;;;;;;;;;;;;;;;;;;;;;;;;;;48;;;;;;;;;;530 x 540;;750;800;2150;RK505_Produktblatt.pdf;RK505_Betriebsanleitung.pdf;RK505_Ersatzteilliste.pdf;RK505_Energielabel.pdf;RK505_Energiepfeil.png
Tefcold;Tefcold-Kühlschrank;Tefcold-Kühlschrank-weiß-Volltür;;;Gastrokühlschränke;17588;RK710G;5708181363772;5708181363772;TEFCOLD;1854,00;DEALS + | Energieeffiziente GeräteGastrobereich | Gastrokühlschränke;544784;;;;;;;;;;Automatisch;;;;;;;;315;;;;;;;;;;;;;;;3;;;;;;;;;;;;;;;;;;Elektronisch;;;;;;;;;;;;;;;;;;;;;;;1 Selbstschließende Dreh-Glastür;;;;;;;;;;;;;740;2010;850;;;;;;75;;;;;;;;;;;;;148;520;;;;;;;;;;;;;;;;;;;;;18.5;B;;2.6;948;;;;;;;SS 304;Weiß;;;;;;;;;;;;;;;;;;;;;;;;;;48;;;;;;;;;;;;;;;;;;;;;;;533;1396;700;LED;;;;;;;;;4;;;;;;;;;;;;;95;R600a / GWP 3;;;Ventiliert;;;;;;;;;;;;;;;;;;;;;;;;SS 304;;;;;;+30°C, 55% RH;;;;;;;;;;;;;;;;;;;;;;;;;143;484;;;;;;;;;;;;;;;;;;;;;;;;;;;;;;;;;;;;;;;4 Rollen, davon zwei mit Bremse;;;;3 Tragroste, weiß;;;;;;;;;;;;;;;;;220-240/50;;;Ja;;;;;;;;;;;Thermometer;+2 bis +10;;;;;;;;;;;;;;;Ja;;Ja;;Nein;;;;;;;;;;;;;;;;;;;;;;;;;;0.71;;;;;;;;;;;;;;;;;;;;;;;;;;;;;;;;;;;;;;39;;;;;;;;;;GN2/1;;770;880;2070;RK710G_Produktblatt.pdf;RK710G_Betriebsanleitung.pdf;RK710G_Ersatzteilliste.pdf;RK710G_Energielabel.pdf;RK710G_Energiepfeil.png
Tefcold;Tefcold-Kühlschrank;Tefcold-Kühlschrank-weiß-Volltür;;;Gastrokühlschränke;54305;RK710X1;5708181739362;5708181739362;TEFCOLD;1903,00;DEALS + | Energieeffiziente GeräteGastrobereich | Gastrokühlschränke;2236519;;;;;;;;;;Automatisch / Off-Cycle-Abtauung;;;;;;;;100;;;;;;;;;;;;;;;3;;;;;;;;;;;;;;;;;;Elektronisch;;;;;;;;;;;;;;;;;;;;;;;1 Selbstschließende Dreh-Volltür;;;;;;;;;;;;;740;2090;875;;;;;;72.6;;;;;;;;;;;;;143;559;;;;;;;;;;;;;;;;;;;;;20.5;A;;0.72;263;;;;;;;SS 304;Grau;;;;;;;;;;;;;;;;;;;;;;;;;;46;;;;;;;;;;;;;;;;;;;;;;;533;1501;700;LED;;;;;;;;;5;;;;;;;;;;;;;90;R600a / GWP 3;;;Ventiliert;;;;;;;;;;;;;;;;;;;;;;;;SS 304;;;;;;+40°C, 40% RH;;;;;;;;;;;;;;;;;;;;;;;;;134;408;;;;;;;;;;;;;;;;;;;;;;;;;;;;;;;;;;;;;;;4 Rollen;;;;3 Tragroste, grau;;;;;;;;;;;;;;;;;220-240/50;;;Ja;;;;;;;;;;;Thermometer;-2 bis +8;;;;;;;;;;;;;;;Ja;;Ja;;Ja;;;;;;;;;;;;;;;;;;;;;;;;;;;;;;;;;;;;;;;;;;;;;;;;;;;;;;;;;;;;;;;;39;38;;;;;;;;;530x650;;760;905;2150;RK710X1_Produktblatt.pdf;RK710X1_Betriebsanleitung.pdf;RK710X1_Ersatzteilliste.pdf;RK710X1_Energielabel.pdf;RK710X1_Energiepfeil.png
Tefcold;Tefcold-Kühlschrank;Tefcold-Kühlschrank-weiß-Volltür;;;Gastrokühlschränke;17578;RKS600;5708181363833;5708181363833;TEFCOLD;1961,00;Gastrobereich | Gastrokühlschränke;;;;;;;;;;;Manuell;;;;;;;;353;;;;;;;;;;;;;;;7;;;;;;;;;;;;;;;;;;Elektronisch;;;;;;;;;;;;;;;;;;;;;;;1 Selbstschließende Dreh-Volltür;;;;;;;;;;;;;680;2010;810;;;;;;110;;;;;;;;;;;;;145;560;;;;;;;;;;;;;;;;;;;;;;;;1.19;434;;;;;;;SS 304;;;;;;;;;;;;;;;;;;;;;;;;;;;42;;;;;;;;;;;;;;;;;;;;;;;560;1396;653;Nein;;;;;;;;;4;;;;;;;;;;;;;85;R600a / GWP 3;;;Statisch;;;;;;;;;;;;;;;;;;;;;;;;SS 304;;;;;;+30°C, 55% RH;;;;;;;;;;;;;;;;;;;;;;;;;135;507;;;;;;;;;;;;;;;;;;;;;;;;;;;;;;;;;;;;;;;4 Rollen, davon zwei mit Bremse;;;;7 Fischtrays 400x600;;;;;;;;;;;;;;;;;220-240/50;;;Ja;;;;;;;;;;;Thermometer;-6 bis +8;;;;;;;;;;;;;;;Ja;;Ja;;Ja;;;;;;;;;;;;;;;;;;;;;;;;;;;;;;;;;;;;;;;;;;;;;;;;;;;;;;;;;;;;;;;;39;;;;;;;;;;;;715;840;2050;RKS600_Produktblatt.pdf;RKS600_Betriebsanleitung.pdf;RKS600_Ersatzteilliste.pdf;RKS600_Energielabel.pdf;RKS600_Energiepfeil.png
Tefcold;Tefcold-Kühlschrank;Tefcold-Kühlschrank-weiß-Volltür;;;Gastrokühlschränke;55339;RTC1760X1;5708181741068;5708181741068;TEFCOLD;4598,00;Gastrobereich | Gastrokühlschränke;;;;;;;;;;;Automatisch / Off-Cycle-Abtauung;;;;;;;;650;;;;;;;;;;;;;;;;;;;;;;;;;;;;;;;;;Elektronisch;;;;;;;;;;;;;;;;;;;;;;;4 Dreh-Volltür;;;;;;;;;;;;;1760;2202;1082;;;;;;;;;;;;;;;;;;;332;2070;;;;;;;;;;;;;;;;;;;;;;;;6.3;2299.5;;;;;;;SS 304;;;;;;;;;;;;;;;;;;;;;;;;;;;52;;;;;;;;;;;;;;;;;;;;;;;1600;1810;906;Nein;;;;;;;;;5;;;;;;;;;;;;;150;R290 / GWP 3;;;Ventiliert;;;;;;;;;;;;;;;;;;;;;;;;SS 304;;;;;;+40°C, 40% RH;;;;;;;;;;;;;;;;;;;;;;;;;276;832;;;;;;;;;;;;;;;;;;;;;;;;;;;;;;;;;;;;;;;;;;;;;;;;;;;;;;;;;;;;220-240/50;;;Ja;;;;;;;;;;;Thermometer;+2 bis +10;;;;;;;;;;;;;;;Ja;;;;Nein;;;;;;;;;;;;;;;;;;;;;;;;;;;;;;;;;;;;;;;;;;;;;;;;;;;;;;;;;;;;;;;;13;38;;;;;;;;;;;1785;1120;2350;RTC1760X1_Produktblatt.pdf;RTC1760X1_Betriebsanleitung.pdf;RTC1760X1_Ersatzteilliste.pdf;RTC1760X1_Energielabel.pdf;RTC1760X1_Energiepfeil.png
Tefcold;Tefcold-Kühlschrank;Tefcold-Kühlschrank-weiß-Volltür;;;Gastrokühlschränke;55338;RTC880X1;5708181741051;5708181741051;TEFCOLD;3410,00;Gastrobereich | Gastrokühlschränke;;;;;;;;;;;Automatisch / Off-Cycle-Abtauung;;;;;;;;330;;;;;;;;;;;;;;;;;;;;;;;;;;;;;;;;;Elektronisch;;;;;;;;;;;;;;;;;;;;;;;2 Dreh-Volltür;;;;;;;;;;;;;880;2202;1082;;;;;;;;;;;;;;;;;;;205;1089;;;;;;;;;;;;;;;;;;;;;;;;4.6;1679;;;;;;;SS 304;;;;;;;;;;;;;;;;;;;;;;;;;;;52;;;;;;;;;;;;;;;;;;;;;;;720;1810;906;Nein;;;;;;;;;5;;;;;;;;;;;;;105;R290 / GWP 3;;;Ventiliert;;;;;;;;;;;;;;;;;;;;;;;;SS 304;;;;;;+40°C, 40% RH;;;;;;;;;;;;;;;;;;;;;;;;;168;416;;;;;;;;;;;;;;;;;;;;;;;;;;;;;;;;;;;;;;;;;;;;;;;;;;;;;;;;;;;;220-240/50;;;Ja;;;;;;;;;;;Thermometer;+2 bis +10;;;;;;;;;;;;;;;Ja;;;;Nein;;;;;;;;;;;;;;;;;;;;;;;;;;;;;;;;;;;;;;;;;;;;;;;;;;;;;;;;;;;;;;;;24;38;;;;;;;;;;;905;1120;2350;RTC880X1_Produktblatt.pdf;RTC880X1_Betriebsanleitung.pdf;RTC880X1_Ersatzteilliste.pdf;RTC880X1_Energielabel.pdf;RTC880X1_Energiepfeil.png
Tefcold;Tefcold-Kühlschrank;Tefcold-Kühlschrank-weiß-Volltür;;;Gastrokühlschränke;53539;UR600SS;5708181737771;5708181737771;TEFCOLD;1331,00;DEALS + | Energieeffiziente GeräteGastrobereich | GastrokühlschränkeLagerkühlgeräte | Lagerkühlschränke;1990796;;;;;;;;;;Automatisch, elektrisch;;;;;;;;120;;;;;;;;;;;;;;;3;;;;;;;;;;;;;;;;;;Elektronisch;;;;;;;;;;;;;;;;;;;;;;;1 Dreh-Volltür;;;;;;;;;;;;;777;1895;745;;;;;;196;;;;;;;;;;;;;97;620;;;;;;;;;;;;;;;;;;;;;22.4;A;;0.82;299;;;;;;;SS 430;Grau;;;;;;;;;;;;;;;;;;;;2 Stellfüße;;;;;;45;;;;;;;;;;;;;;;;;;;;;;;657;1660;580;Nein;;;;;;;;;4;;;;;;;;;;;;;70;R600a / GWP 3;;;Umluft;;;;;;;;;;;;;;;;;;;;;;;;SS 304;;;;;;+30°C, 55% RH;;;;;;;;;;;;;;;;;;;;;;;;;90;570;;;;;;;;;;;;;;;;;;;;;;;;;;;;;;;;;;;;;;;2 Rollen;;;;3 verstellbar;;;;;;;;;;;;;;;;;220-240/50;;;Ja;;;;;;;;;;;Thermometer;0 bis +8;;;;;;;;;;;;;;;Ja;;;;Nein;;;;;;;;;;;;;;;;;;;;;;;;;;;;;;;;;;;;;;;;;;;;;;;;;;;;;;;;;;;;;;;;42;38;;;;;;;;;GN2/1;;840;760;2100;UR600SS_Produktblatt.pdf;UR600SS_Betriebsanleitung.pdf;UR600SS_Ersatzteilliste.pdf;UR600SS_Energielabel.pdf;UR600SS_Energiepfeil.png
Tefcold;Tefcold-Kühlschrank;Tefcold-Kühlschrank-weiß-Volltür;;;Gastrokühlschränke;54861;UR600W1;5708181740450;5708181740450;TEFCOLD;1255,00;DEALS + | Energieeffiziente GeräteLagerkühlgeräte | LagerkühlschränkeGastrobereich | Gastrokühlschränke;2054209;;;;;;;;;;Automatisch / Off-Cycle-Abtauung;;;;;;;;95;;;;;;;;;;;;;;;4;;;;;;;;;;;;;;;;;;Elektronisch;;;;;;;;;;;;;;;;;;;;;;;1 Dreh-Volltür;;;;;;;;;;;;;777;1895;745;;;;;;196;;;;;;;;;;;;;107;620;;;;;;;;;;;;;;;;;;;;;21.9;A;;0.79;288;;;;;;;Weiß;Weiß;;;;;;;;;;;;;;;;;;;;2 Stellfüße;;;;;;45;;;;;;;;;;;;;;;;;;;;;;;653;1660;580;Nein;;;;;;;;;4;;;;;;;;;;;;;70;R600a / GWP 3;;;Umluft;;;;;;;;;;;;;;;;;;;;;;;;Weiß;;;;;;+30°C, 55% RH;;;;;;;;;;;;;;;;;;;;;;;;;100;570;;;;;;;;;;;;;;;;;;;;;;;;;;;;;;;;;;;;;;;2 Rollen;;;;4 Tragroste, weiß;;;;;;;;;;;;;;;;;220-240/50;;;Ja;;;;;;;;;;;Thermometer;-2 bis +8;;;;;;;;;;;;;;;Ja;;;;Nein;;;;;;;;;;;;;;;;;;;;;;;;;;;;;;;;;;;;;;;;;;;;;;;;;;;;;;;;;;;;;;;;42;38;;;;;;;;;GN2/1;654 x 330;840;765;2100;UR600W1_Produktblatt.pdf;UR600W1_Betriebsanleitung.pdf;UR600W1_Ersatzteilliste.pdf;UR600W1_Energielabel.pdf;UR600W1_Energiepfeil.png
Tefcold;Tefcold-Kühlschrank;Tefcold-Kühlschrank-weiß-Volltür;;;Gastrokühlschränke;54863;UR600X1;5708181740474;5708181740474;TEFCOLD;1276,00;DEALS + | Energieeffiziente GeräteLagerkühlgeräte | LagerkühlschränkeGastrobereich | Gastrokühlschränke;2054209;;;;;;;;;;Automatisch / Off-Cycle-Abtauung;;;;;;;;95;;;;;;;;;;;;;;;4;;;;;;;;;;;;;;;;;;Elektronisch;;;;;;;;;;;;;;;;;;;;;;;1 Dreh-Volltür;;;;;;;;;;;;;777;1895;745;;;;;;196;;;;;;;;;;;;;97;620;;;;;;;;;;;;;;;;;;;;;21.9;A;;0.79;288;;;;;;;SS 430;Weiß;;;;;;;;;;;;;;;;;;;;2 Stellfüße;;;;;;45;;;;;;;;;;;;;;;;;;;;;;;653;1660;580;Nein;;;;;;;;;4;;;;;;;;;;;;;70;R600a / GWP 3;;;Umluft;;;;;;;;;;;;;;;;;;;;;;;;Weiß;;;;;;+30°C, 55% RH;;;;;;;;;;;;;;;;;;;;;;;;;90;570;;;;;;;;;;;;;;;;;;;;;;;;;;;;;;;;;;;;;;;2 Rollen;;;;4 Tragroste, weiß;;;;;;;;;;;;;;;;;220-240/50;;;Ja;;;;;;;;;;;Thermometer;-2 bis +8;;;;;;;;;;;;;;;Ja;;;;Nein;;;;;;;;;;;;;;;;;;;;;;;;;;;;;;;;;;;;;;;;;;;;;;;;;;;;;;;;;;;;;;;;42;38;;;;;;;;;GN2/1;654 x 330;840;765;2100;UR600X1_Produktblatt.pdf;UR600X1_Betriebsanleitung.pdf;UR600X1_Ersatzteilliste.pdf;UR600X1_Energielabel.pdf;UR600X1_Energiepfeil.png
Tefcold;Tefcold-Kühltruhen-Tiefkühltruhen;Tefcold-TK-Truhe-Glasschiebedeckel;;;Glasdeckel / Tiefkühltruhen;71147;FOCUS 106;5708181759230;5708181759230;TEFCOLD;1139,00;Eiscreme – Gefriergeräte | Glasdeckel – TiefkühltruhenDEALS + | Produktneuheiten;1564057;;;;;;;;;;Manuell;;;;;;;;199;;;;;;;;;;;;;;;;;;;;;;;;;;;;;;;;;Mechanisch;;;;;;;;;;;;;;;;;;;;;;;;;;;;;;;;;;;;1050;850;650;;;;;;;;;;;;;;;;;;;58;270;;;;;;;;;;;;;;;;;;;;;43.3;D;;1.69;618;;;;;;;Weiß / Grau;;;;;;;;;;;;;;;;;;;;;;;;;;;40;;;;;;;;;;;;;;;;;;;;;;;900;699;500;LED;;;;;;;;;4;;;;;;;;;;;;;75;R290 / GWP 3;;;Statisch;;;;;;;;;;;;;;;;;;;;;;;;Aluminium gehämmert;;;;;;+30°C, 55% RH;;;;;;;;;;;;;;;;;;;;;;;;;54;193;;;;;;;;;;;;;;;;;;;;;;;;;;;;;;;;;;;;;;;Rollen;;;;;;;;;;;;;;;;;;;;;220-240/50;;;Ja;;;;;;;;;;;Thermometer;-23 bis -16;;;;;;;;;;;;;;;Nein;;;;;;;;;;;;;;;;;;;;;;;;;;;;;;;;;;;;;;;;;;;;;;;;;;;;;;;;;4 Drahtkörbe, weiß;;;;;;;;;;;64;;;;;;;;2 gewölbte Schiebedeckel aus Glas;;;;1100;760;880;FOCUS_106_Produktblatt.pdf;FOCUS_106_Betriebsanleitung.pdf;FOCUS_106_Ersatzteilliste.pdf;FOCUS_106_Energielabel.pdf;FOCUS_106_Energiepfeil.png
Tefcold;Tefcold-Kühltruhen-Tiefkühltruhen;Tefcold-TK-Truhe-Glasschiebedeckel;;;Glasdeckel / Tiefkühltruhen;71149;FOCUS 131;5708181759254;5708181759254;TEFCOLD;1237,00;Eiscreme – Gefriergeräte | Glasdeckel – TiefkühltruhenDEALS + | Produktneuheiten;1563398;;;;;;;;;;Manuell;;;;;;;;142;;;;;;;;;;;;;;;;;;;;;;;;;;;;;;;;;Mechanisch;;;;;;;;;;;;;;;;;;;;;;;;;;;;;;;;;;;;1300;850;650;;;;;;;;;;;;;;;;;;;66;352;;;;;;;;;;;;;;;;;;;;;43.5;D;;1.96;716;;;;;;;Weiß / Grau;;;;;;;;;;;;;;;;;;;;;;;;;;;40;;;;;;;;;;;;;;;;;;;;;;;1150;699;500;LED;;;;;;;;;4;;;;;;;;;;;;;80;R290 / GWP 3;;;Statisch;;;;;;;;;;;;;;;;;;;;;;;;Aluminium gehämmert;;;;;;+30°C, 55% RH;;;;;;;;;;;;;;;;;;;;;;;;;62;254;;;;;;;;;;;;;;;;;;;;;;;;;;;;;;;;;;;;;;;Rollen;;;;;;;;;;;;;;;;;;;;;220-240/50;;;Ja;;;;;;;;;;;Thermometer;-23 bis -16;;;;;;;;;;;;;;;Nein;;;;;;;;;;;;;;;;;;;;;;;;;;;;;;;;;;;;;;;;;;;;;;;;;;;;;;;;;5 Drahtkörbe, weiß;;;;;;;;;;;50;;;;;;;;2 gewölbte Schiebedeckel aus Glas;;;;1350;760;880;FOCUS_131_Produktblatt.pdf;FOCUS_131_Betriebsanleitung.pdf;FOCUS_131_Ersatzteilliste.pdf;FOCUS_131_Energielabel.pdf;FOCUS_131_Energiepfeil.png
Tefcold;Tefcold-Kühltruhen-Tiefkühltruhen;Tefcold-TK-Truhe-Glasschiebedeckel;;;Glasdeckel / Tiefkühltruhen;71151;FOCUS 151;5708181759278;5708181759278;TEFCOLD;1367,00;Eiscreme – Gefriergeräte | Glasdeckel – TiefkühltruhenDEALS + | Produktneuheiten;1561223;;;;;;;;;;Manuell;;;;;;;;198;;;;;;;;;;;;;;;;;;;;;;;;;;;;;;;;;Mechanisch;;;;;;;;;;;;;;;;;;;;;;;;;;;;;;;;;;;;1500;850;650;;;;;;;;;;;;;;;;;;;73;418;;;;;;;;;;;;;;;;;;;;;43.7;D;;2.18;796;;;;;;;Weiß / Grau;;;;;;;;;;;;;;;;;;;;;;;;;;;40;;;;;;;;;;;;;;;;;;;;;;;1350;699;500;LED;;;;;;;;;4;;;;;;;;;;;;;96;R290 / GWP 3;;;Statisch;;;;;;;;;;;;;;;;;;;;;;;;Aluminium gehämmert;;;;;;+30°C, 55% RH;;;;;;;;;;;;;;;;;;;;;;;;;68;302;;;;;;;;;;;;;;;;;;;;;;;;;;;;;;;;;;;;;;;Rollen;;;;;;;;;;;;;;;;;;;;;220-240/50;;;Ja;;;;;;;;;;;Thermometer;-23 bis -16;;;;;;;;;;;;;;;Nein;;;;;;;;;;;;;;;;;;;;;;;;;;;;;;;;;;;;;;;;;;;;;;;;;;;;;;;;;6 Drahtkörbe, weiß;;;;;;;;;;;44;;;;;;;;2 gewölbte Schiebedeckel aus Glas;;;;1550;760;880;FOCUS_151_Produktblatt.pdf;FOCUS_151_Betriebsanleitung.pdf;FOCUS_151_Ersatzteilliste.pdf;FOCUS_151_Energielabel.pdf;FOCUS_151_Energiepfeil.png
Tefcold;Tefcold-Kühltruhen-Tiefkühltruhen;Tefcold-TK-Truhe-Glasschiebedeckel;;;Glasdeckel / Tiefkühltruhen;71153;FOCUS 171;5708181759292;5708181759292;TEFCOLD;1447,00;Eiscreme – Gefriergeräte | Glasdeckel – TiefkühltruhenDEALS + | Produktneuheiten;1654946;;;;;;;;;;Manuell;;;;;;;;235;;;;;;;;;;;;;;;;;;;;;;;;;;;;;;;;;Mechanisch;;;;;;;;;;;;;;;;;;;;;;;;;;;;;;;;;;;;1700;850;650;;;;;;;;;;;;;;;;;;;79;484;;;;;;;;;;;;;;;;;;;;;48.5;D;;2.81;1024;;;;;;;Weiß / Grau;;;;;;;;;;;;;;;;;;;;;;;;;;;40;;;;;;;;;;;;;;;;;;;;;;;1550;699;500;LED;;;;;;;;;4;;;;;;;;;;;;;94;R290 / GWP 3;;;Statisch;;;;;;;;;;;;;;;;;;;;;;;;Aluminium gehämmert;;;;;;+30°C, 55% RH;;;;;;;;;;;;;;;;;;;;;;;;;73;351;;;;;;;;;;;;;;;;;;;;;;;;;;;;;;;;;;;;;;;Rollen;;;;;;;;;;;;;;;;;;;;;220-240/50;;;Ja;;;;;;;;;;;Thermometer;-23 bis -16;;;;;;;;;;;;;;;Nein;;;;;;;;;;;;;;;;;;;;;;;;;;;;;;;;;;;;;;;;;;;;;;;;;;;;;;;;;7 Drahtkörbe, weiß;;;;;;;;;;;40;;;;;;;;2 gewölbte Schiebedeckel aus Glas;;;;1760;760;880;FOCUS_171_Produktblatt.pdf;FOCUS_171_Betriebsanleitung.pdf;FOCUS_171_Ersatzteilliste.pdf;FOCUS_171_Energielabel.pdf;FOCUS_171_Energiepfeil.png
Tefcold;Tefcold-Kühltruhen-Tiefkühltruhen;Tefcold-TK-Truhe-Glasschiebedeckel;;;Glasdeckel / Tiefkühltruhen;71081;FOCUS 73;5708181759216;5708181759216;TEFCOLD;1022,00;Eiscreme – Gefriergeräte | Glasdeckel – TiefkühltruhenDEALS + | Produktneuheiten;1564047;;;;;;;;;;Manuell;;;;;;;;84;;;;;;;;;;;;;;;;;;;;;;;;;;;;;;;;;Mechanisch;;;;;;;;;;;;;;;;;;;;;;;;;;;;;;;;;;;;720;850;650;;;;;;;;;;;;;;;;;;;47;161;;;;;;;;;;;;;;;;;;;;;37.9;D;;1.18;431;;;;;;;Weiß / Grau;;;;;;;;;;;;;;;;;;;;;;;;;;;40;;;;;;;;;;;;;;;;;;;;;;;570;699;500;LED;;;;;;;;;4;;;;;;;;;;;;;67;R290 / GWP 3;;;Statisch;;;;;;;;;;;;;;;;;;;;;;;;Aluminium gehämmert;;;;;;+30°C, 55% RH;;;;;;;;;;;;;;;;;;;;;;;;;44;113;;;;;;;;;;;;;;;;;;;;;;;;;;;;;;;;;;;;;;;Rollen;;;;;;;;;;;;;;;;;;;;;220-240/50;;;Ja;;;;;;;;;;;Thermometer;-23 bis -16;;;;;;;;;;;;;;;Nein;;;;;;;;;;;;;;;;;;;;;;;;;;;;;;;;;;;;;;;;;;;;;;;;;;;;;;;;;3 Drahtkörbe, weiß;;;;;;;;;;;90;;;;;;;;2 gewölbte Schiebedeckel aus Glas;;;;770;760;880;FOCUS_73_Produktblatt.pdf;FOCUS_73_Betriebsanleitung.pdf;FOCUS_73_Ersatzteilliste.pdf;FOCUS_73_Energielabel.pdf;FOCUS_73_Energiepfeil.png
Tefcold;Tefcold-Kühltruhen-Tiefkühltruhen;Tefcold-TK-Truhe-Glasschiebedeckel;;;Glasdeckel / Tiefkühltruhen;51131;IC101SC;5708181734046;5708181734046;TEFCOLD;581,00;Eiscreme – Gefriergeräte | Glasdeckel – Tiefkühltruhen;1789357;;;;;;;;;;Manuell;;;;;;;;80;;;;;;;;;;;;;;;;;;;;;;;;;;;;;;;;;Mechanisch;;;;;;;;;;;;;;;;;;;;;;;;;;;;;;;;;;;;570;897;570;;;;;;;;;;;;;;;;;;;47;108;;;;;;;;;;;;;;;;;;;;;38.9;D;;1.21;443;;;;;;;Weiß;;;;;;;;;;;;;;;;;;;;;;;;;;;45;;;;;;;;;;;;;;;;;;;;;;;450;520;450;LED;;;;;;;;;5;;;;;;;;;;;;;60;R600a / GWP 3;;;Statisch;;;;;;;;;;;;;;;;;;;;;;;;Stahlblech, verzinkt, mit weißer Lackierung;;;;;;+40°C, 40% RH;;;;;;;;;;;;;;;;;;;;;;;;;42;91;;;;;;;;;;;;;;;;;;;;;;;;;;;;;;;;;;;;;;;4 Doppelrollen;;;;;;;;;;;;;;;;;;;;;220-240/50;;;Ja;;;;;;;;;;;Thermometer;-24 bis -14;;;;;;;;;;;;;;;Ja;;;;;;;;;;;;;;;;;;;;;;;;;;;;;;;;;;;;;;;;;;;;;;;;;;;;;;;;;2 Drahtkörbe, weiß;;;;;;;;;;;108;;;;;;;;2 Flache Schiebedeckel aus Temperglas;;;;680;700;950;IC101SC_Produktblatt.pdf;IC101SC_Betriebsanleitung.pdf;IC101SC_Ersatzteilliste.pdf;IC101SC_Energielabel.pdf;IC101SC_Energiepfeil.png
Tefcold;Tefcold-Kühltruhen-Tiefkühltruhen;Tefcold-TK-Truhe-Glasschiebedeckel;;;Glasdeckel / Tiefkühltruhen;49261;IC101SCEB LED;5708181731731;5708181731731;TEFCOLD;610,00;Eiscreme – Gefriergeräte | Glasdeckel – Tiefkühltruhen;1673166;;;;;;;;;;Manuell;;;;;;;;80;;;;;;;;;;;;;;;;;;;;;;;;;;;;;;;;;Mechanisch;;;;;;;;;;;;;;;;;;;;;;;;;;;;;;;;;;;;570;885;570;;;;;;;;;;;;;;;;;;;40;100;;;;;;;;;;;;;;;;;;;;;45;D;;1.29;470;;;;;;;Weiß;;;;;;;;;;;;;;;;;;;;;;;;;;;45;;;;;;;;;;;;;;;;;;;;;;;450;490;450;Ja;;;;;;;;;5;;;;;;;;;;;;;60;R600a / GWP 3;;;Statisch;;;;;;;;;;;;;;;;;;;;;;;;Stahlblech, verzinkt, mit weißer Lackierung;;;;;;+40°C, 40% RH;;;;;;;;;;;;;;;;;;;;;;;;;37;85;;;;;;;;;;;;;;;;;;;;;;;;;;;;;;;;;;;;;;;4 Doppelrollen;;;;;;;;;;;;;;;;;;;;;220-240/50;;;Ja;;;;;;;;;;;Thermometer;-24 bis -14;;;;;;;;;;;;;;;Ja;;;;;;;;;;;;;;;;;;;;;;;;;;;;;;;;;;;;;;;;;;;;;;;;;;;;;;;;;2 Drahtkörbe, weiß;;;;;;;;;;;108;;;;;;;;2 gewölbte Schiebedeckel aus Temperglas;;;;680;700;1010;IC101SCEB_LED_Produktblatt.pdf;IC101SCEB_LED_Betriebsanleitung.pdf;IC101SCEB_LED_Ersatzteilliste.pdf;IC101SCEB_LED_Energielabel.pdf;IC101SCEB_LED_Energiepfeil.png
Tefcold;Tefcold-Kühltruhen-Tiefkühltruhen;Tefcold-TK-Truhe-Glasschiebedeckel;;;Glasdeckel / Tiefkühltruhen;71448;IC102SC;5708181760250;5708181760250;TEFCOLD;596,00;DEALS + | ProduktneuheitenEiscreme – Gefriergeräte | Glasdeckel – Tiefkühltruhen;2579904;;;;;;;;;;Manuell;;;;;;;;180;;;;;;;;;;;;;;;;;;;;;;;;;;;;;;;;;Mechanisch;;;;;;;;;;;;;;;;;;;;;;;;;;;;;;;;;;;;570;897;570;;;;;;;;;;;;;;;;;;;47;108;;;;;;;;;;;;;;;;;;;;;;D;;1.239;452.235;;;;;;;Weiß;;;;;;;;;;;;;;;;;;;;;;;;;;;45;;;;;;;;;;;;;;;;;;;;;;;450;520;450;LED;;;;;;;;;5;;;;;;;;;;;;;60;R600a / GWP 3;;;Statisch;;;;;;;;;;;;;;;;;;;;;;;;Stahlblech, verzinkt, mit weißer Lackierung;;;;;;+40°C, 40% RH;;;;;;;;;;;;;;;;;;;;;;;;;42;91;;;;;;;;;;;;;;;;;;;;;;;;;;;;;;;;;;;;;;;4 Doppelrollen;;;;;;;;;;;;;;;;;;;;;220-240/50;;;Ja;;;;;;;;;;;Thermometer;-24 bis -14;;;;;;;;;;;;;;;Ja;;;;;;;;;;;;;;;;;;;;;;;;;;;;;;;;;;;;;;;;;;;;;;;;;;;;;;;;;2 Drahtkörbe, weiß;;;;;;;;;;;108;;;;;;;;2 Flache Schiebedeckel aus Temperglas;;;;680;700;950;IC102SC_Produktblatt.pdf;IC102SC_Betriebsanleitung.pdf;IC102SC_Ersatzteilliste.pdf;IC102SC_Energielabel.pdf;IC102SC_Energiepfeil.png
Tefcold;Tefcold-Kühltruhen-Tiefkühltruhen;Tefcold-TK-Truhe-Glasschiebedeckel;;;Glasdeckel / Tiefkühltruhen;71459;IC102SCEB;5708181760366;5708181760366;TEFCOLD;631,00;Eiscreme – Gefriergeräte | Glasdeckel – TiefkühltruhenDEALS + | Produktneuheiten;2580038;;;;;;;;;;Manuell;;;;;;;;190;;;;;;;;;;;;;;;;;;;;;;;;;;;;;;;;;Mechanisch;;;;;;;;;;;;;;;;;;;;;;;;;;;;;;;;;;;;570;885;570;;;;;;;;;;;;;;;;;;;40;100;;;;;;;;;;;;;;;;;;;;;;D;;1.313;479.245;;;;;;;Weiß;;;;;;;;;;;;;;;;;;;;;;;;;;;45;;;;;;;;;;;;;;;;;;;;;;;450;490;450;LED;;;;;;;;;5;;;;;;;;;;;;;60;R600a / GWP 3;;;Statisch;;;;;;;;;;;;;;;;;;;;;;;;Stahlblech, verzinkt, mit weißer Lackierung;;;;;;+40°C, 40% RH;;;;;;;;;;;;;;;;;;;;;;;;;37;85;;;;;;;;;;;;;;;;;;;;;;;;;;;;;;;;;;;;;;;4 Doppelrollen;;;;;;;;;;;;;;;;;;;;;220-240/50;;;Ja;;;;;;;;;;;Thermometer;-24 bis -14;;;;;;;;;;;;;;;Ja;;;;;;;;;;;;;;;;;;;;;;;;;;;;;;;;;;;;;;;;;;;;;;;;;;;;;;;;;1 Drahtkorb, weiß;;;;;;;;;;;102;;;;;;;;2 gewölbte Schiebedeckel aus Temperglas;;;;680;700;1010;IC102SCEB_Produktblatt.pdf;IC102SCEB_Betriebsanleitung.pdf;IC102SCEB_Ersatzteilliste.pdf;IC102SCEB_Energielabel.pdf;IC102SCEB_Energiepfeil.png
Tefcold;Tefcold-Kühltruhen-Tiefkühltruhen;Tefcold-TK-Truhe-Glasschiebedeckel;;;Glasdeckel / Tiefkühltruhen;48829;IC201SC;5708181730864;5708181730864;TEFCOLD;648,00;Eiscreme – Gefriergeräte | Glasdeckel – Tiefkühltruhen;1672494;;;;;;;;;;Manuell;;;;;;;;98;;;;;;;;;;;;;;;;;;;;;;;;;;;;;;;;;Mechanisch;;;;;;;;;;;;;;;;;;;;;;;;;;;;;;;;;;;;720;892;630;;;;;;;;;;;;;;;;;;;54;191;;;;;;;;;;;;;;;;;;;;;42.1;D;;1.46;534;;;;;;;Weiß;;;;;;;;;;;;;;;;;;;;;;;;;;;45;;;;;;;;;;;;;;;;;;;;;;;600;655;510;LED;;;;;;;;;5;;;;;;;;;;;;;55;R600a / GWP 3;;;Statisch;;;;;;;;;;;;;;;;;;;;;;;;Stahlblech, verzinkt, mit weißer Lackierung;;;;;;+40°C, 40% RH;;;;;;;;;;;;;;;;;;;;;;;;;46;165;;;;;;;;;;;;;;;;;;;;;;;;;;;;;;;;;;;;;;;4 Rollen, davon zwei mit Bremse;;;;;;;;;;;;;;;;;;;;;220-240/50;;;Ja;;;;;;;;;;;Thermometer;-24 bis -14;;;;;;;;;;;;;;;Ja;;;;;;;;;;;;;;;;;;;;;;;;;;;;;;;;;;;;;;;;;;;;;;;;;;;;;;;;;2 Drahtkörbe, weiß;;;;;;;;;;;92;;;;;;;;2 Flache Schiebedeckel aus Temperglas;;;;800;750;940;IC201SC_Produktblatt.pdf;IC201SC_Betriebsanleitung.pdf;IC201SC_Ersatzteilliste.pdf;IC201SC_Energielabel.pdf;IC201SC_Energiepfeil.png
Tefcold;Tefcold-Kühltruhen-Tiefkühltruhen;Tefcold-TK-Truhe-Glasschiebedeckel;;;Glasdeckel / Tiefkühltruhen;48837;IC201SCEB;5708181730949;5708181730949;TEFCOLD;676,00;Eiscreme – Gefriergeräte | Glasdeckel – Tiefkühltruhen;1673192;;;;;;;;;;Manuell;;;;;;;;98;;;;;;;;;;;;;;;;;;;;;;;;;;;;;;;;;Mechanisch;;;;;;;;;;;;;;;;;;;;;;;;;;;;;;;;;;;;720;949;615;;;;;;;;;;;;;;;;;;;58;176;;;;;;;;;;;;;;;;;;;;;44;D;;1.51;552;;;;;;;Weiß;;;;;;;;;;;;;;;;;;;;;;;;;;;45;;;;;;;;;;;;;;;;;;;;;;;600;710;495;Nein;;;;;;;;;5;;;;;;;;;;;;;55;R600a / GWP 3;;;Statisch;;;;;;;;;;;;;;;;;;;;;;;;Stahlblech, verzinkt, mit weißer Lackierung;;;;;;+40°C, 40% RH;;;;;;;;;;;;;;;;;;;;;;;;;53;157;;;;;;;;;;;;;;;;;;;;;;;;;;;;;;;;;;;;;;;4 Rollen, davon zwei mit Bremse;;;;;;;;;;;;;;;;;;;;;220-240/50;;;Ja;;;;;;;;;;;Thermometer;-24 bis -14;;;;;;;;;;;;;;;Ja;;;;;;;;;;;;;;;;;;;;;;;;;;;;;;;;;;;;;;;;;;;;;;;;;;;;;;;;;2 Drahtkörbe, weiß;;;;;;;;;;;92;;;;;;;;2 gewölbte Schiebedeckel aus Temperglas;;;;800;750;1010;IC201SCEB_Produktblatt.pdf;IC201SCEB_Betriebsanleitung.pdf;IC201SCEB_Ersatzteilliste.pdf;IC201SCEB_Energielabel.pdf;IC201SCEB_Energiepfeil.png
Tefcold;Tefcold-Kühltruhen-Tiefkühltruhen;Tefcold-TK-Truhe-Glasschiebedeckel;;;Glasdeckel / Tiefkühltruhen;71449;IC202SC;5708181760267;5708181760267;TEFCOLD;663,00;DEALS + | ProduktneuheitenEiscreme – Gefriergeräte | Glasdeckel – Tiefkühltruhen;2579910;;;;;;;;;;Manuell;;;;;;;;200;;;;;;;;;;;;;;;;;;;;;;;;;;;;;;;;;Mechanisch;;;;;;;;;;;;;;;;;;;;;;;;;;;;;;;;;;;;720;892;630;;;;;;;;;;;;;;;;;;;54;191;;;;;;;;;;;;;;;;;;;;;39.9;D;;1.489;543.485;;;;;;;Weiß;;;;;;;;;;;;;;;;;;;;;;;;;;;45;;;;;;;;;;;;;;;;;;;;;;;600;655;510;LED;;;;;;;;;5;;;;;;;;;;;;;55;R600a / GWP 3;;;Statisch;;;;;;;;;;;;;;;;;;;;;;;;Stahlblech, verzinkt, mit weißer Lackierung;;;;;;+40°C, 40% RH;;;;;;;;;;;;;;;;;;;;;;;;;46;155;;;;;;;;;;;;;;;;;;;;;;;;;;;;;;;;;;;;;;;4 Rollen, davon zwei mit Bremse;;;;;;;;;;;;;;;;;;;;;220-240/50;;;Ja;;;;;;;;;;;Thermometer;-24 bis -14;;;;;;;;;;;;;;;Ja;;;;;;;;;;;;;;;;;;;;;;;;;;;;;;;;;;;;;;;;;;;;;;;;;;;;;;;;;2 Drahtkörbe, weiß;;;;;;;;;;;92;;;;;;;;2 Flache Schiebedeckel aus Temperglas;;;;800;750;940;IC202SC_Produktblatt.pdf;IC202SC_Betriebsanleitung.pdf;IC202SC_Ersatzteilliste.pdf;IC202SC_Energielabel.pdf;IC202SC_Energiepfeil.png
Tefcold;Tefcold-Kühltruhen-Tiefkühltruhen;Tefcold-TK-Truhe-Glasschiebedeckel;;;Glasdeckel / Tiefkühltruhen;71460;IC202SCEB;5708181760373;5708181760373;TEFCOLD;698,00;Eiscreme – Gefriergeräte | Glasdeckel – TiefkühltruhenDEALS + | Produktneuheiten;2580052;;;;;;;;;;Manuell;;;;;;;;200;;;;;;;;;;;;;;;;;;;;;;;;;;;;;;;;;Mechanisch;;;;;;;;;;;;;;;;;;;;;;;;;;;;;;;;;;;;720;949;615;;;;;;;;;;;;;;;;;;;58;176;;;;;;;;;;;;;;;;;;;;;;D;;1.537;561.005;;;;;;;Weiß;;;;;;;;;;;;;;;;;;;;;;;;;;;45;;;;;;;;;;;;;;;;;;;;;;;600;710;495;LED;;;;;;;;;5;;;;;;;;;;;;;55;R600a / GWP 3;;;Statisch;;;;;;;;;;;;;;;;;;;;;;;;Stahlblech, verzinkt, mit weißer Lackierung;;;;;;+40°C, 40% RH;;;;;;;;;;;;;;;;;;;;;;;;;53;157;;;;;;;;;;;;;;;;;;;;;;;;;;;;;;;;;;;;;;;4 Rollen, davon zwei mit Bremse;;;;;;;;;;;;;;;;;;;;;220-240/50;;;Ja;;;;;;;;;;;Thermometer;-24 bis -14;;;;;;;;;;;;;;;Ja;;;;;;;;;;;;;;;;;;;;;;;;;;;;;;;;;;;;;;;;;;;;;;;;;;;;;;;;;2 Drahtkörbe, weiß;;;;;;;;;;;92;;;;;;;;2 gewölbte Schiebedeckel aus Temperglas;;;;800;750;1010;IC202SCEB_Produktblatt.pdf;IC202SCEB_Betriebsanleitung.pdf;IC202SCEB_Ersatzteilliste.pdf;IC202SCEB_Energielabel.pdf;IC202SCEB_Energiepfeil.png
Tefcold;Tefcold-Kühltruhen-Tiefkühltruhen;Tefcold-TK-Truhe-Glasschiebedeckel;;;Glasdeckel / Tiefkühltruhen;49739;IC301SC;5708181733186;5708181733186;TEFCOLD;752,00;Eiscreme – Gefriergeräte | Glasdeckel – Tiefkühltruhen;1764850;;;;;;;;;;Manuell;;;;;;;;141;;;;;;;;;;;;;;;;;;;;;;;;;;;;;;;;;Mechanisch;;;;;;;;;;;;;;;;;;;;;;;;;;;;;;;;;;;;1010;892;630;;;;;;;;;;;;;;;;;;;65;296;;;;;;;;;;;;;;;;;;;;;40.3;D;;1.78;648;;;;;;;Weiß;;;;;;;;;;;;;;;;;;;;;;;;;;;45;;;;;;;;;;;;;;;;;;;;;;;890;655;510;Manuell;;;;;;;;;5;;;;;;;;;;;;;85;R290 / GWP 3;;;Statisch;;;;;;;;;;;;;;;;;;;;;;;;Stahlblech, verzinkt, mit weißer Lackierung;;;;;;+40°C, 40% RH;;;;;;;;;;;;;;;;;;;;;;;;;55;255;;;;;;;;;;;;;;;;;;;;;;;;;;;;;;;;;;;;;;;4 Rollen, davon zwei mit Bremse;;;;;;;;;;;;;;;;;;;;;220-240/50;;;Ja;;;;;;;;;;;Thermometer;-24 bis -14;;;;;;;;;;;;;;;Ja;;;;;;;;;;;;;;;;;;;;;;;;;;;;;;;;;;;;;;;;;;;;;;;;;;;;;;;;;4 Drahtkörbe, weiß;;;;;;;;;;;64;;;;;;;;2 Flache Schiebedeckel aus Temperglas;;;;1100;750;940;IC301SC_Produktblatt.pdf;IC301SC_Betriebsanleitung.pdf;IC301SC_Ersatzteilliste.pdf;IC301SC_Energielabel.pdf;IC301SC_Energiepfeil.png
Tefcold;Tefcold-Kühltruhen-Tiefkühltruhen;Tefcold-TK-Truhe-Glasschiebedeckel;;;Glasdeckel / Tiefkühltruhen;48839;IC301SCEB;5708181730963;5708181730963;TEFCOLD;831,00;Eiscreme – Gefriergeräte | Glasdeckel – Tiefkühltruhen;1718960;;;;;;;;;;Manuell;;;;;;;;141;;;;;;;;;;;;;;;;;;;;;;;;;;;;;;;;;Mechanisch;;;;;;;;;;;;;;;;;;;;;;;;;;;;;;;;;;;;1010;949;615;;;;;;;;;;;;;;;;;;;65;264;;;;;;;;;;;;;;;;;;;;;48.9;D;;2.08;758;;;;;;;Weiß;;;;;;;;;;;;;;;;;;;;;;;;;;;45;;;;;;;;;;;;;;;;;;;;;;;890;710;495;Nein;;;;;;;;;5;;;;;;;;;;;;;85;R290 / GWP 3;;;Statisch;;;;;;;;;;;;;;;;;;;;;;;;Stahlblech, verzinkt, mit weißer Lackierung;;;;;;+40°C, 40% RH;;;;;;;;;;;;;;;;;;;;;;;;;57;230;;;;;;;;;;;;;;;;;;;;;;;;;;;;;;;;;;;;;;;4 Rollen, davon zwei mit Bremse;;;;;;;;;;;;;;;;;;;;;220-240/50;;;Ja;;;;;;;;;;;Thermometer;-24 bis -14;;;;;;;;;;;;;;;Ja;;;;;;;;;;;;;;;;;;;;;;;;;;;;;;;;;;;;;;;;;;;;;;;;;;;;;;;;;4 Drahtkörbe, weiß;;;;;;;;;;;64;;;;;;;;2 gewölbte Schiebedeckel aus Temperglas;;;;1100;750;1010;IC301SCEB_Produktblatt.pdf;IC301SCEB_Betriebsanleitung.pdf;IC301SCEB_Ersatzteilliste.pdf;IC301SCEB_Energielabel.pdf;IC301SCEB_Energiepfeil.png
Tefcold;Tefcold-Kühltruhen-Tiefkühltruhen;Tefcold-TK-Truhe-Glasschiebedeckel;;;Glasdeckel / Tiefkühltruhen;71450;IC302SC;5708181760274;5708181760274;TEFCOLD;767,00;DEALS + | ProduktneuheitenEiscreme – Gefriergeräte | Glasdeckel – Tiefkühltruhen;2579916;;;;;;;;;;Manuell;;;;;;;;300;;;;;;;;;;;;;;;;;;;;;;;;;;;;;;;;;Mechanisch;;;;;;;;;;;;;;;;;;;;;;;;;;;;;;;;;;;;1010;892;630;;;;;;;;;;;;;;;;;;;65;296;;;;;;;;;;;;;;;;;;;;;;D;;1.815;662.475;;;;;;;Weiß;;;;;;;;;;;;;;;;;;;;;;;;;;;45;;;;;;;;;;;;;;;;;;;;;;;890;655;510;LED;;;;;;;;;5;;;;;;;;;;;;;85;R290 / GWP 3;;;Statisch;;;;;;;;;;;;;;;;;;;;;;;;Stahlblech, verzinkt, mit weißer Lackierung;;;;;;+40°C, 40% RH;;;;;;;;;;;;;;;;;;;;;;;;;55;255;;;;;;;;;;;;;;;;;;;;;;;;;;;;;;;;;;;;;;;4 Rollen, davon zwei mit Bremse;;;;;;;;;;;;;;;;;;;;;220-240/50;;;Ja;;;;;;;;;;;Thermometer;-24 bis -14;;;;;;;;;;;;;;;Ja;;;;;;;;;;;;;;;;;;;;;;;;;;;;;;;;;;;;;;;;;;;;;;;;;;;;;;;;;4 Drahtkörbe, weiß;;;;;;;;;;;64;;;;;;;;2 Flache Schiebedeckel aus Temperglas;;;;1100;750;940;IC302SC_Produktblatt.pdf;IC302SC_Betriebsanleitung.pdf;IC302SC_Ersatzteilliste.pdf;IC302SC_Energielabel.pdf;IC302SC_Energiepfeil.png
Tefcold;Tefcold-Kühltruhen-Tiefkühltruhen;Tefcold-TK-Truhe-Glasschiebedeckel;;;Glasdeckel / Tiefkühltruhen;71461;IC302SCEB;5708181760380;5708181760380;TEFCOLD;802,00;Eiscreme – Gefriergeräte | Glasdeckel – TiefkühltruhenDEALS + | Produktneuheiten;2580055;;;;;;;;;;Manuell;;;;;;;;235;;;;;;;;;;;;;;;;;;;;;;;;;;;;;;;;;Mechanisch;;;;;;;;;;;;;;;;;;;;;;;;;;;;;;;;;;;;1010;949;615;;;;;;;;;;;;;;;;;;;65;264;;;;;;;;;;;;;;;;;;;;;;D;;2.115;771.975;;;;;;;Weiß;;;;;;;;;;;;;;;;;;;;;;;;;;;45;;;;;;;;;;;;;;;;;;;;;;;890;710;495;LED;;;;;;;;;5;;;;;;;;;;;;;85;R290 / GWP 3;;;Statisch;;;;;;;;;;;;;;;;;;;;;;;;Stahlblech, verzinkt, mit weißer Lackierung;;;;;;+40°C, 40% RH;;;;;;;;;;;;;;;;;;;;;;;;;57;230;;;;;;;;;;;;;;;;;;;;;;;;;;;;;;;;;;;;;;;4 Rollen, davon zwei mit Bremse;;;;;;;;;;;;;;;;;;;;;220-240/50;;;Ja;;;;;;;;;;;Thermometer;-24 bis -14;;;;;;;;;;;;;;;Ja;;;;;;;;;;;;;;;;;;;;;;;;;;;;;;;;;;;;;;;;;;;;;;;;;;;;;;;;;4 Drahtkörbe, weiß;;;;;;;;;;;64;;;;;;;;2 gewölbte Schiebedeckel aus Temperglas;;;;1100;750;1010;IC302SCEB_Produktblatt.pdf;IC302SCEB_Betriebsanleitung.pdf;IC302SCEB_Ersatzteilliste.pdf;IC302SCEB_Energielabel.pdf;IC302SCEB_Energiepfeil.png
Tefcold;Tefcold-Kühltruhen-Tiefkühltruhen;Tefcold-TK-Truhe-Glasschiebedeckel;;;Glasdeckel / Tiefkühltruhen;49761;IC401SC;5708181733285;5708181733285;TEFCOLD;895,00;Eiscreme – Gefriergeräte | Glasdeckel – Tiefkühltruhen;1767543;;;;;;;;;;Manuell;;;;;;;;141;;;;;;;;;;;;;;;;;;;;;;;;;;;;;;;;;Mechanisch;;;;;;;;;;;;;;;;;;;;;;;;;;;;;;;;;;;;1300;892;630;;;;;;;;;;;;;;;;;;;74;401;;;;;;;;;;;;;;;;;;;;;44.5;D;;2.35;857;;;;;;;Weiß;;;;;;;;;;;;;;;;;;;;;;;;;;;45;;;;;;;;;;;;;;;;;;;;;;;1180;655;510;105;;;;;;;;;5;;;;;;;;;;;;;105;R290 / GWP 3;;;Statisch;;;;;;;;;;;;;;;;;;;;;;;;Stahlblech, verzinkt, mit weißer Lackierung;;;;;;+40°C, 40% RH;;;;;;;;;;;;;;;;;;;;;;;;;64;350;;;;;;;;;;;;;;;;;;;;;;;;;;;;;;;;;;;;;;;4 Rollen, davon zwei mit Bremse;;;;;;;;;;;;;;;;;;;;;220-240/50;;;Ja;;;;;;;;;;;Thermometer;-24 bis -14;;;;;;;;;;;;;;;Ja;;;;;;;;;;;;;;;;;;;;;;;;;;;;;;;;;;;;;;;;;;;;;;;;;;;;;;;;;5 Drahtkörbe, weiß;;;;;;;;;;;50;;;;;;;;2 Flache Schiebedeckel aus Temperglas;;;;1400;750;940;IC401SC_Produktblatt.pdf;IC401SC_Betriebsanleitung.pdf;IC401SC_Ersatzteilliste.pdf;IC401SC_Energielabel.pdf;IC401SC_Energiepfeil.png
Tefcold;Tefcold-Kühltruhen-Tiefkühltruhen;Tefcold-TK-Truhe-Glasschiebedeckel;;;Glasdeckel / Tiefkühltruhen;48841;IC401SCEB;5708181730987;5708181730987;TEFCOLD;932,00;Eiscreme – Gefriergeräte | Glasdeckel – Tiefkühltruhen;1718967;;;;;;;;;;Manuell;;;;;;;;141;;;;;;;;;;;;;;;;;;;;;;;;;;;;;;;;;Mechanisch;;;;;;;;;;;;;;;;;;;;;;;;;;;;;;;;;;;;1300;949;615;;;;;;;;;;;;;;;;;;;76;352;;;;;;;;;;;;;;;;;;;;;43.2;D;;2.19;799;;;;;;;Weiß;;;;;;;;;;;;;;;;;;;;;;;;;;;45;;;;;;;;;;;;;;;;;;;;;;;1180;710;495;LED;;;;;;;;;5;;;;;;;;;;;;;105;R290 / GWP 3;;;Statisch;;;;;;;;;;;;;;;;;;;;;;;;Stahlblech, verzinkt, mit weißer Lackierung;;;;;;+40°C, 40% RH;;;;;;;;;;;;;;;;;;;;;;;;;66;325;;;;;;;;;;;;;;;;;;;;;;;;;;;;;;;;;;;;;;;4 Rollen, davon zwei mit Bremse;;;;;;;;;;;;;;;;;;;;;220-240/50;;;Ja;;;;;;;;;;;Thermometer;-24 bis -14;;;;;;;;;;;;;;;Ja;;;;;;;;;;;;;;;;;;;;;;;;;;;;;;;;;;;;;;;;;;;;;;;;;;;;;;;;;5 Drahtkörbe, weiß;;;;;;;;;;;50;;;;;;;;2 gewölbte Schiebedeckel aus Temperglas;;;;1400;750;1010;IC401SCEB_Produktblatt.pdf;IC401SCEB_Betriebsanleitung.pdf;IC401SCEB_Ersatzteilliste.pdf;IC401SCEB_Energielabel.pdf;IC401SCEB_Energiepfeil.png
Tefcold;Tefcold-Kühltruhen-Tiefkühltruhen;Tefcold-TK-Truhe-Glasschiebedeckel;;;Glasdeckel / Tiefkühltruhen;71451;IC402SC;5708181760281;5708181760281;TEFCOLD;911,00;DEALS + | ProduktneuheitenEiscreme – Gefriergeräte | Glasdeckel – Tiefkühltruhen;2579947;;;;;;;;;;Manuell;;;;;;;;320;;;;;;;;;;;;;;;;;;;;;;;;;;;;;;;;;Mechanisch;;;;;;;;;;;;;;;;;;;;;;;;;;;;;;;;;;;;1300;892;630;;;;;;;;;;;;;;;;;;;74;401;;;;;;;;;;;;;;;;;;;;;;D;;2.403;877.095;;;;;;;Weiß;;;;;;;;;;;;;;;;;;;;;;;;;;;45;;;;;;;;;;;;;;;;;;;;;;;1180;655;510;LED;;;;;;;;;5;;;;;;;;;;;;;105;R290 / GWP 3;;;Statisch;;;;;;;;;;;;;;;;;;;;;;;;Stahlblech, verzinkt, mit weißer Lackierung;;;;;;+40°C, 40% RH;;;;;;;;;;;;;;;;;;;;;;;;;64;350;;;;;;;;;;;;;;;;;;;;;;;;;;;;;;;;;;;;;;;4 Rollen, davon zwei mit Bremse;;;;;;;;;;;;;;;;;;;;;220-240/50;;;Ja;;;;;;;;;;;Thermometer;-24 bis -14;;;;;;;;;;;;;;;Ja;;;;;;;;;;;;;;;;;;;;;;;;;;;;;;;;;;;;;;;;;;;;;;;;;;;;;;;;;5 Drahtkörbe, weiß;;;;;;;;;;;50;;;;;;;;2 Flache Schiebedeckel aus Temperglas;;;;1400;750;940;IC402SC_Produktblatt.pdf;IC402SC_Betriebsanleitung.pdf;IC402SC_Ersatzteilliste.pdf;IC402SC_Energielabel.pdf;IC402SC_Energiepfeil.png
Tefcold;Tefcold-Kühltruhen-Tiefkühltruhen;Tefcold-TK-Truhe-Glasschiebedeckel;;;Glasdeckel / Tiefkühltruhen;71462;IC402SCEB;5708181760397;5708181760397;TEFCOLD;946,00;Eiscreme – Gefriergeräte | Glasdeckel – TiefkühltruhenDEALS + | Produktneuheiten;2580061;;;;;;;;;;Manuell;;;;;;;;240;;;;;;;;;;;;;;;;;;;;;;;;;;;;;;;;;Mechanisch;;;;;;;;;;;;;;;;;;;;;;;;;;;;;;;;;;;;1300;949;615;;;;;;;;;;;;;;;;;;;76;352;;;;;;;;;;;;;;;;;;;;;;D;;2.268;827.82;;;;;;;Weiß;;;;;;;;;;;;;;;;;;;;;;;;;;;45;;;;;;;;;;;;;;;;;;;;;;;1180;710;495;LED;;;;;;;;;5;;;;;;;;;;;;;105;R290 / GWP 3;;;Statisch;;;;;;;;;;;;;;;;;;;;;;;;Stahlblech, verzinkt, mit weißer Lackierung;;;;;;+40°C, 40% RH;;;;;;;;;;;;;;;;;;;;;;;;;66;310;;;;;;;;;;;;;;;;;;;;;;;;;;;;;;;;;;;;;;;4 Rollen, davon zwei mit Bremse;;;;;;;;;;;;;;;;;;;;;220-240/50;;;Ja;;;;;;;;;;;Thermometer;-24 bis -14;;;;;;;;;;;;;;;Ja;;;;;;;;;;;;;;;;;;;;;;;;;;;;;;;;;;;;;;;;;;;;;;;;;;;;;;;;;5 Drahtkörbe, weiß;;;;;;;;;;;50;;;;;;;;2 gewölbte Schiebedeckel aus Temperglas;;;;1400;750;1010;IC402SCEB_Produktblatt.pdf;IC402SCEB_Betriebsanleitung.pdf;IC402SCEB_Ersatzteilliste.pdf;IC402SCEB_Energielabel.pdf;IC402SCEB_Energiepfeil.png
Tefcold;Tefcold-Kühltruhen-Tiefkühltruhen;Tefcold-TK-Truhe-Glasschiebedeckel;;;Glasdeckel / Tiefkühltruhen;49767;IC501SC;5708181733322;5708181733322;TEFCOLD;953,00;Eiscreme – Gefriergeräte | Glasdeckel – Tiefkühltruhen;1767586;;;;;;;;;;Manuell;;;;;;;;191;;;;;;;;;;;;;;;;;;;;;;;;;;;;;;;;;Mechanisch;;;;;;;;;;;;;;;;;;;;;;;;;;;;;;;;;;;;1550;892;630;;;;;;;;;;;;;;;;;;;90;491;;;;;;;;;;;;;;;;;;;;;45.3;D;;2.73;997;;;;;;;Weiß;;;;;;;;;;;;;;;;;;;;;;;;;;;45;;;;;;;;;;;;;;;;;;;;;;;1430;655;510;LED;;;;;;;;;5;;;;;;;;;;;;;110;R290 / GWP 3;;;Statisch;;;;;;;;;;;;;;;;;;;;;;;;Stahlblech, verzinkt, mit weißer Lackierung;;;;;;+40°C, 40% RH;;;;;;;;;;;;;;;;;;;;;;;;;72;430;;;;;;;;;;;;;;;;;;;;;;;;;;;;;;;;;;;;;;;4 Rollen, davon zwei mit Bremse;;;;;;;;;;;;;;;;;;;;;220-240/50;;;Ja;;;;;;;;;;;Thermometer;-24 bis -14;;;;;;;;;;;;;;;Ja;;;;;;;;;;;;;;;;;;;;;;;;;;;;;;;;;;;;;;;;;;;;;;;;;;;;;;;;;6 Drahtkörbe, weiß;;;;;;;;;;;42;;;;;;;;2 Flache Schiebedeckel aus Temperglas;;;;1640;750;940;IC501SC_Produktblatt.pdf;IC501SC_Betriebsanleitung.pdf;IC501SC_Ersatzteilliste.pdf;IC501SC_Energielabel.pdf;IC501SC_Energiepfeil.png
Tefcold;Tefcold-Kühltruhen-Tiefkühltruhen;Tefcold-TK-Truhe-Glasschiebedeckel;;;Glasdeckel / Tiefkühltruhen;48843;IC501SCEB;5708181731007;5708181731007;TEFCOLD;1031,00;Eiscreme – Gefriergeräte | Glasdeckel – Tiefkühltruhen;1745671;;;;;;;;;;Manuell;;;;;;;;191;;;;;;;;;;;;;;;;;;;;;;;;;;;;;;;;;Mechanisch;;;;;;;;;;;;;;;;;;;;;;;;;;;;;;;;;;;;1550;949;615;;;;;;;;;;;;;;;;;;;85;427;;;;;;;;;;;;;;;;;;;;;44.1;D;;2.55;929;;;;;;;Weiß;;;;;;;;;;;;;;;;;;;;;;;;;;;45;;;;;;;;;;;;;;;;;;;;;;;1420;710;495;LED;;;;;;;;;5;;;;;;;;;;;;;110;R290 / GWP 3;;;Statisch;;;;;;;;;;;;;;;;;;;;;;;;Stahlblech, verzinkt, mit weißer Lackierung;;;;;;+40°C, 40% RH;;;;;;;;;;;;;;;;;;;;;;;;;72;398;;;;;;;;;;;;;;;;;;;;;;;;;;;;;;;;;;;;;;;4 Rollen, davon zwei mit Bremse;;;;;;;;;;;;;;;;;;;;;220-240/50;;;Ja;;;;;;;;;;;Thermometer;-24 bis -14;;;;;;;;;;;;;;;Ja;;;;;;;;;;;;;;;;;;;;;;;;;;;;;;;;;;;;;;;;;;;;;;;;;;;;;;;;;6 Drahtkörbe, weiß;;;;;;;;;;;42;;;;;;;;2 gewölbte Schiebedeckel aus Temperglas;;;;1640;750;1010;IC501SCEB_Produktblatt.pdf;IC501SCEB_Betriebsanleitung.pdf;IC501SCEB_Ersatzteilliste.pdf;IC501SCEB_Energielabel.pdf;IC501SCEB_Energiepfeil.png
Tefcold;Tefcold-Kühltruhen-Tiefkühltruhen;Tefcold-TK-Truhe-Glasschiebedeckel;;;Glasdeckel / Tiefkühltruhen;71452;IC502SC;5708181760298;5708181760298;TEFCOLD;968,00;DEALS + | ProduktneuheitenEiscreme – Gefriergeräte | Glasdeckel – Tiefkühltruhen;2579996;;;;;;;;;;Manuell;;;;;;;;350;;;;;;;;;;;;;;;;;;;;;;;;;;;;;;;;;Mechanisch;;;;;;;;;;;;;;;;;;;;;;;;;;;;;;;;;;;;1550;892;630;;;;;;;;;;;;;;;;;;;90;491;;;;;;;;;;;;;;;;;;;;;;D;;2.809;1025.285;;;;;;;Weiß;;;;;;;;;;;;;;;;;;;;;;;;;;;45;;;;;;;;;;;;;;;;;;;;;;;1430;655;510;LED;;;;;;;;;5;;;;;;;;;;;;;110;R290 / GWP 3;;;Statisch;;;;;;;;;;;;;;;;;;;;;;;;Stahlblech, verzinkt, mit weißer Lackierung;;;;;;+40°C, 40% RH;;;;;;;;;;;;;;;;;;;;;;;;;72;430;;;;;;;;;;;;;;;;;;;;;;;;;;;;;;;;;;;;;;;4 Rollen, davon zwei mit Bremse;;;;;;;;;;;;;;;;;;;;;220-240/50;;;Ja;;;;;;;;;;;Thermometer;-24 bis -14;;;;;;;;;;;;;;;Ja;;;;;;;;;;;;;;;;;;;;;;;;;;;;;;;;;;;;;;;;;;;;;;;;;;;;;;;;;6 Drahtkörbe, weiß;;;;;;;;;;;42;;;;;;;;2 Flache Schiebedeckel aus Temperglas;;;;1640;750;940;IC502SC_Produktblatt.pdf;IC502SC_Betriebsanleitung.pdf;IC502SC_Ersatzteilliste.pdf;IC502SC_Energielabel.pdf;IC502SC_Energiepfeil.png
Tefcold;Tefcold-Kühltruhen-Tiefkühltruhen;Tefcold-TK-Truhe-Glasschiebedeckel;;;Glasdeckel / Tiefkühltruhen;71463;IC502SCEB;5708181760403;5708181760403;TEFCOLD;1003,00;Eiscreme – Gefriergeräte | Glasdeckel – TiefkühltruhenDEALS + | Produktneuheiten;2580065;;;;;;;;;;Manuell;;;;;;;;365;;;;;;;;;;;;;;;;;;;;;;;;;;;;;;;;;Mechanisch;;;;;;;;;;;;;;;;;;;;;;;;;;;;;;;;;;;;1550;949;615;;;;;;;;;;;;;;;;;;;85;427;;;;;;;;;;;;;;;;;;;;;;D;;2.622;957.03;;;;;;;Weiß;;;;;;;;;;;;;;;;;;;;;;;;;;;45;;;;;;;;;;;;;;;;;;;;;;;1420;710;495;LED;;;;;;;;;5;;;;;;;;;;;;;110;R290 / GWP 3;;;Statisch;;;;;;;;;;;;;;;;;;;;;;;;Stahlblech, verzinkt, mit weißer Lackierung;;;;;;+40°C, 40% RH;;;;;;;;;;;;;;;;;;;;;;;;;72;398;;;;;;;;;;;;;;;;;;;;;;;;;;;;;;;;;;;;;;;4 Rollen, davon zwei mit Bremse;;;;;;;;;;;;;;;;;;;;;220-240/50;;;Ja;;;;;;;;;;;Thermometer;-24 bis -14;;;;;;;;;;;;;;;Ja;;;;;;;;;;;;;;;;;;;;;;;;;;;;;;;;;;;;;;;;;;;;;;;;;;;;;;;;;6 Drahtkörbe, weiß;;;;;;;;;;;42;;;;;;;;2 gewölbte Schiebedeckel aus Temperglas;;;;1640;750;1010;IC502SCEB_Produktblatt.pdf;IC502SCEB_Betriebsanleitung.pdf;IC502SCEB_Ersatzteilliste.pdf;IC502SCEB_Energielabel.pdf;IC502SCEB_Energiepfeil.png
Tefcold;Tefcold-Kühltruhen-Tiefkühltruhen;Tefcold-TK-Truhe-Glasschiebedeckel;;;Glasdeckel / Tiefkühltruhen;48827;IC551SC;5708181730819;5708181730819;TEFCOLD;1134,00;Eiscreme – Gefriergeräte | Glasdeckel – Tiefkühltruhen;1745686;;;;;;;;;;Manuell;;;;;;;;273;;;;;;;;;;;;;;;;;;;;;;;;;;;;;;;;;Mechanisch;;;;;;;;;;;;;;;;;;;;;;;;;;;;;;;;;;;;1750;892;630;;;;;;;;;;;;;;;;;;;114;555;;;;;;;;;;;;;;;;;;;;;46.4;D;;3.07;1122;;;;;;;Weiß;;;;;;;;;;;;;;;;;;;;;;;;;;;45;;;;;;;;;;;;;;;;;;;;;;;1630;655;510;LED;;;;;;;;;5;;;;;;;;;;;;;120;R290 / GWP 3;;;Statisch;;;;;;;;;;;;;;;;;;;;;;;;Stahlblech, verzinkt, mit weißer Lackierung;;;;;;+40°C, 40% RH;;;;;;;;;;;;;;;;;;;;;;;;;96;486;;;;;;;;;;;;;;;;;;;;;;;;;;;;;;;;;;;;;;;4 Rollen, davon zwei mit Bremse;;;;;;;;;;;;;;;;;;;;;220-240/50;;;Ja;;;;;;;;;;;Thermometer;-24 bis -14;;;;;;;;;;;;;;;Ja;;;;;;;;;;;;;;;;;;;;;;;;;;;;;;;;;;;;;;;;;;;;;;;;;;;;;;;;;7 Drahtkörbe, weiß;;;;;;;;;;;38;;;;;;;;2 Flache Schiebedeckel aus Temperglas;;;;1850;750;940;IC551SC_Produktblatt.pdf;IC551SC_Betriebsanleitung.pdf;IC551SC_Ersatzteilliste.pdf;IC551SC_Energielabel.pdf;IC551SC_Energiepfeil.png
Tefcold;Tefcold-Kühltruhen-Tiefkühltruhen;Tefcold-TK-Truhe-Glasschiebedeckel;;;Glasdeckel / Tiefkühltruhen;48845;IC551SCEB;5708181731021;5708181731021;TEFCOLD;1172,00;Eiscreme – Gefriergeräte | Glasdeckel – Tiefkühltruhen;1745690;;;;;;;;;;Manuell;;;;;;;;285;;;;;;;;;;;;;;;;;;;;;;;;;;;;;;;;;Mechanisch;;;;;;;;;;;;;;;;;;;;;;;;;;;;;;;;;;;;1750;949;615;;;;;;;;;;;;;;;;;;;114;540;;;;;;;;;;;;;;;;;;;;;44.9;D;;2.85;1039;;;;;;;Weiß;;;;;;;;;;;;;;;;;;;;;;;;;;;45;;;;;;;;;;;;;;;;;;;;;;;1630;710;495;LED;;;;;;;;;5;;;;;;;;;;;;;120;R290 / GWP 3;;;Statisch;;;;;;;;;;;;;;;;;;;;;;;;Stahlblech, verzinkt, mit weißer Lackierung;;;;;;+40°C, 40% RH;;;;;;;;;;;;;;;;;;;;;;;;;96;481;;;;;;;;;;;;;;;;;;;;;;;;;;;;;;;;;;;;;;;4 Rollen, davon zwei mit Bremse;;;;;;;;;;;;;;;;;;;;;220-240/50;;;Ja;;;;;;;;;;;Thermometer;-24 bis -14;;;;;;;;;;;;;;;Ja;;;;;;;;;;;;;;;;;;;;;;;;;;;;;;;;;;;;;;;;;;;;;;;;;;;;;;;;;7 Drahtkörbe, weiß;;;;;;;;;;;38;;;;;;;;2 gewölbte Schiebedeckel aus Temperglas;;;;1840;750;1010;IC551SCEB_Produktblatt.pdf;IC551SCEB_Betriebsanleitung.pdf;IC551SCEB_Ersatzteilliste.pdf;IC551SCEB_Energielabel.pdf;IC551SCEB_Energiepfeil.png
Tefcold;Tefcold-Kühltruhen-Tiefkühltruhen;Tefcold-TK-Truhe-Glasschiebedeckel;;;Glasdeckel / Tiefkühltruhen;71453;IC552SC;5708181760304;5708181760304;TEFCOLD;1149,00;DEALS + | ProduktneuheitenEiscreme – Gefriergeräte | Glasdeckel – Tiefkühltruhen;2580000;;;;;;;;;;Manuell;;;;;;;;365;;;;;;;;;;;;;;;;;;;;;;;;;;;;;;;;;Mechanisch;;;;;;;;;;;;;;;;;;;;;;;;;;;;;;;;;;;;1750;892;630;;;;;;;;;;;;;;;;;;;114;555;;;;;;;;;;;;;;;;;;;;;;D;;3.166;1155.59;;;;;;;Weiß;;;;;;;;;;;;;;;;;;;;;;;;;;;45;;;;;;;;;;;;;;;;;;;;;;;1630;655;510;LED;;;;;;;;;5;;;;;;;;;;;;;120;R290 / GWP 3;;;Statisch;;;;;;;;;;;;;;;;;;;;;;;;Stahlblech, verzinkt, mit weißer Lackierung;;;;;;+40°C, 40% RH;;;;;;;;;;;;;;;;;;;;;;;;;96;486;;;;;;;;;;;;;;;;;;;;;;;;;;;;;;;;;;;;;;;4 Rollen, davon zwei mit Bremse;;;;;;;;;;;;;;;;;;;;;220-240/50;;;Ja;;;;;;;;;;;Thermometer;-24 bis -14;;;;;;;;;;;;;;;Ja;;;;;;;;;;;;;;;;;;;;;;;;;;;;;;;;;;;;;;;;;;;;;;;;;;;;;;;;;7 Drahtkörbe, weiß;;;;;;;;;;;38;;;;;;;;2 Flache Schiebedeckel aus Temperglas;;;;1850;750;940;IC552SC_Produktblatt.pdf;IC552SC_Betriebsanleitung.pdf;IC552SC_Ersatzteilliste.pdf;IC552SC_Energielabel.pdf;IC552SC_Energiepfeil.png
Tefcold;Tefcold-Kühltruhen-Tiefkühltruhen;Tefcold-TK-Truhe-Glasschiebedeckel;;;Glasdeckel / Tiefkühltruhen;71618;IC552SCEB;5708181761219;5708181761219;TEFCOLD;1184,00;Eiscreme – Gefriergeräte | Glasdeckel – TiefkühltruhenDEALS + | Produktneuheiten;2580067;;;;;;;;;;Manuell;;;;;;;;285;;;;;;;;;;;;;;;;;;;;;;;;;;;;;;;;;Mechanisch;;;;;;;;;;;;;;;;;;;;;;;;;;;;;;;;;;;;1750;949;615;;;;;;;;;;;;;;;;;;;114;540;;;;;;;;;;;;;;;;;;;;;;D;;2.941;1073.465;;;;;;;Weiß;;;;;;;;;;;;;;;;;;;;;;;;;;;45;;;;;;;;;;;;;;;;;;;;;;;1630;710;495;LED;;;;;;;;;5;;;;;;;;;;;;;120;R290 / GWP 3;;;Statisch;;;;;;;;;;;;;;;;;;;;;;;;Stahlblech, verzinkt, mit weißer Lackierung;;;;;;+40°C, 40% RH;;;;;;;;;;;;;;;;;;;;;;;;;96;481;;;;;;;;;;;;;;;;;;;;;;;;;;;;;;;;;;;;;;;4 Rollen, davon zwei mit Bremse;;;;;;;;;;;;;;;;;;;;;220-240/50;;;Ja;;;;;;;;;;;Thermometer;-24 bis -14;;;;;;;;;;;;;;;Ja;;;;;;;;;;;;;;;;;;;;;;;;;;;;;;;;;;;;;;;;;;;;;;;;;;;;;;;;;7 Drahtkörbe, weiß;;;;;;;;;;;38;;;;;;;;2 gewölbte Schiebedeckel aus Temperglas;;;;1840;750;1010;IC552SCEB_Produktblatt.pdf;IC552SCEB_Betriebsanleitung.pdf;IC552SCEB_Ersatzteilliste.pdf;IC552SCEB_Energielabel.pdf;IC552SCEB_Energiepfeil.png
Tefcold;Tefcold-Kühltruhen-Tiefkühltruhen;Tefcold-TK-Truhe-Glasschiebedeckel;;;Glasdeckel / Tiefkühltruhen;48832;IC701SC;5708181730895;5708181730895;TEFCOLD;1234,00;Eiscreme – Gefriergeräte | Glasdeckel – Tiefkühltruhen;1767663;;;;;;;;;;Manuell;;;;;;;;292;;;;;;;;;;;;;;;;;;;;;;;;;;;;;;;;;Mechanisch;;;;;;;;;;;;;;;;;;;;;;;;;;;;;;;;;;;;2055;892;630;;;;;;;;;;;;;;;;;;;115;670;;;;;;;;;;;;;;;;;;;;;47.3;D;;3.56;1299;;;;;;;Weiß;;;;;;;;;;;;;;;;;;;;;;;;;;;45;;;;;;;;;;;;;;;;;;;;;;;1930;655;510;LED;;;;;;;;;5;;;;;;;;;;;;;90;R290 / GWP 3;;;Statisch;;;;;;;;;;;;;;;;;;;;;;;;Stahlblech, verzinkt, mit weißer Lackierung;;;;;;+40°C, 40% RH;;;;;;;;;;;;;;;;;;;;;;;;;100;620;;;;;;;;;;;;;;;;;;;;;;;;;;;;;;;;;;;;;;;4 Rollen, davon zwei mit Bremse;;;;;;;;;;;;;;;;;;;;;220-240/50;;;Ja;;;;;;;;;;;Thermometer;-24 bis -14;;;;;;;;;;;;;;;Ja;;;;;;;;;;;;;;;;;;;;;;;;;;;;;;;;;;;;;;;;;;;;;;;;;;;;;;;;;8 Drahtkörbe, weiß;;;;;;;;;;;32;;;;;;;;2 Flache Schiebedeckel aus Temperglas;;;;2100;750;940;IC701SC_Produktblatt.pdf;IC701SC_Betriebsanleitung.pdf;IC701SC_Ersatzteilliste.pdf;IC701SC_Energielabel.pdf;IC701SC_Energiepfeil.png
Tefcold;Tefcold-Kühltruhen-Tiefkühltruhen;Tefcold-TK-Truhe-Glasschiebedeckel;;;Glasdeckel / Tiefkühltruhen;71454;IC702SC;5708181760311;5708181760311;TEFCOLD;1249,00;DEALS + | ProduktneuheitenEiscreme – Gefriergeräte | Glasdeckel – Tiefkühltruhen;2580017;;;;;;;;;;Manuell;;;;;;;;400;;;;;;;;;;;;;;;;;;;;;;;;;;;;;;;;;Mechanisch;;;;;;;;;;;;;;;;;;;;;;;;;;;;;;;;;;;;2055;892;630;;;;;;;;;;;;;;;;;;;115;670;;;;;;;;;;;;;;;;;;;;;48.7;D;;3.677;1342.105;;;;;;;Weiß;;;;;;;;;;;;;;;;;;;;;;;;;;;45;;;;;;;;;;;;;;;;;;;;;;;1930;655;510;LED;;;;;;;;;5;;;;;;;;;;;;;90;R290 / GWP 3;;;Statisch;;;;;;;;;;;;;;;;;;;;;;;;Stahlblech, verzinkt, mit weißer Lackierung;;;;;;+40°C, 40% RH;;;;;;;;;;;;;;;;;;;;;;;;;100;560;;;;;;;;;;;;;;;;;;;;;;;;;;;;;;;;;;;;;;;4 Rollen, davon zwei mit Bremse;;;;;;;;;;;;;;;;;;;;;220-240/50;;;Ja;;;;;;;;;;;Thermometer;-24 bis -14;;;;;;;;;;;;;;;Ja;;;;;;;;;;;;;;;;;;;;;;;;;;;;;;;;;;;;;;;;;;;;;;;;;;;;;;;;;8 Drahtkörbe, weiß;;;;;;;;;;;32;;;;;;;;2 Flache Schiebedeckel aus Temperglas;;;;2100;750;940;IC702SC_Produktblatt.pdf;IC702SC_Betriebsanleitung.pdf;IC702SC_Ersatzteilliste.pdf;IC702SC_Energielabel.pdf;IC702SC_Energiepfeil.png
Tefcold;Tefcold-Kühltruhen-Tiefkühltruhen;Tefcold-TK-Truhe-Glasschiebedeckel;;;Glasdeckel / Tiefkühltruhen;69806;IDA200-W1;5708181757861;5708181757861;TEFCOLD;1340,00;Eiscreme – Gefriergeräte | Glasdeckel – TiefkühltruhenDEALS + | Produktneuheiten;2592698;;;;;;;;;;Manuell;;;;;;;;87;;;;;;;;;;;;;;;;;;;;;;;;;;;;;;;;;Mechanisch;;;;;;;;;;;;;;;;;;;;;;;;;;;;;;;;;;;;764;867;694;;;;;;;;;;;;;;;;;;;48;205;;;;;;;;;;;;;;;;;;;;;33.6;C;;1.213;442.8;;;;;;;Weiß, RAL 9010;;;;;;;;;;;;;;;;;;;;;;;;;;;49;;;;;;;;;;;;;;;;;;;;;;;606;688;536;LED;;;;;;;;;7;;;;;;;;;;;;;66;R290 / GWP 3;;;Statisch;;;;;;;;;;;;;;;;;;;;;;;;Weiß, RAL 9010;;;;;;+35°C, 75% RH;;;;;;;;;;;;;;;;;;;;;;;;;45;163;;;;;;;;;;;;;;;;;;;;;;;;;;;;;;;;;;;;;;;Rollen;;;;;;;;;;;;;;;;;;;;;220-240/50;;;Ja;;;;;;;;;;;Thermometer;-23 bis -16;;;;;;;;;;;;;;;Nein;;;;;;;;;;;;;;;;;;;;;;;;;;;;;;;;;;;;;;;;;;;;;;;;;;;;;;;;;0 Drahtkorb;;;;;;;;;;;72;;;;;;;;2 flache Schiebedeckel aus Glas;;;;810;760;920;IDA200-W1_Produktblatt.pdf;IDA200-W1_Betriebsanleitung.pdf;IDA200-W1_Ersatzteilliste.pdf;IDA200-W1_Energielabel.pdf;IDA200-W1_Energiepfeil.png
Tefcold;Tefcold-Kühltruhen-Tiefkühltruhen;Tefcold-TK-Truhe-Glasschiebedeckel;;;Glasdeckel / Tiefkühltruhen;69807;IDA300-W1;5708181757878;5708181757878;TEFCOLD;1424,00;Eiscreme – Gefriergeräte | Glasdeckel – TiefkühltruhenDEALS + | Produktneuheiten;2593080;;;;;;;;;;Manuell;;;;;;;;129;;;;;;;;;;;;;;;;;;;;;;;;;;;;;;;;;Mechanisch;;;;;;;;;;;;;;;;;;;;;;;;;;;;;;;;;;;;1094;867;694;;;;;;;;;;;;;;;;;;;57;331;;;;;;;;;;;;;;;;;;;;;37.2;D;;1.72;627.8;;;;;;;Weiß, RAL 9010;;;;;;;;;;;;;;;;;;;;;;;;;;;49;;;;;;;;;;;;;;;;;;;;;;;936;688;536;LED;;;;;;;;;7;;;;;;;;;;;;;68;R290 / GWP 3;;;Statisch;;;;;;;;;;;;;;;;;;;;;;;;Weiß, RAL 9010;;;;;;+35°C, 75% RH;;;;;;;;;;;;;;;;;;;;;;;;;53;267;;;;;;;;;;;;;;;;;;;;;;;;;;;;;;;;;;;;;;;Rollen;;;;;;;;;;;;;;;;;;;;;220-240/50;;;Ja;;;;;;;;;;;Thermometer;-23 bis -16;;;;;;;;;;;;;;;Nein;;;;;;;;;;;;;;;;;;;;;;;;;;;;;;;;;;;;;;;;;;;;;;;;;;;;;;;;;0 Drahtkorb;;;;;;;;;;;52;;;;;;;;2 flache Schiebedeckel aus Glas;;;;1240;760;920;IDA300-W1_Produktblatt.pdf;IDA300-W1_Betriebsanleitung.pdf;IDA300-W1_Ersatzteilliste.pdf;IDA300-W1_Energielabel.pdf;IDA300-W1_Energiepfeil.png
Tefcold;Tefcold-Kühltruhen-Tiefkühltruhen;Tefcold-TK-Truhe-Glasschiebedeckel;;;Glasdeckel / Tiefkühltruhen;69808;IDA400-W1;5708181757885;5708181757885;TEFCOLD;1453,00;Eiscreme – Gefriergeräte | Glasdeckel – TiefkühltruhenDEALS + | Produktneuheiten;2593112;;;;;;;;;;Manuell;;;;;;;;112;;;;;;;;;;;;;;;;;;;;;;;;;;;;;;;;;Mechanisch;;;;;;;;;;;;;;;;;;;;;;;;;;;;;;;;;;;;1344;867;694;;;;;;;;;;;;;;;;;;;65;426;;;;;;;;;;;;;;;;;;;;;33.8;C;;1.831;668.32;;;;;;;Weiß, RAL 9010;;;;;;;;;;;;;;;;;;;;;;;;;;;49;;;;;;;;;;;;;;;;;;;;;;;1186;688;536;LED;;;;;;;;;7;;;;;;;;;;;;;80;R290 / GWP 3;;;Statisch;;;;;;;;;;;;;;;;;;;;;;;;Weiß, RAL 9010;;;;;;+35°C, 75% RH;;;;;;;;;;;;;;;;;;;;;;;;;61;345;;;;;;;;;;;;;;;;;;;;;;;;;;;;;;;;;;;;;;;Rollen;;;;;;;;;;;;;;;;;;;;;220-240/50;;;Ja;;;;;;;;;;;Thermometer;-23 bis -16;;;;;;;;;;;;;;;Nein;;;;;;;;;;;;;;;;;;;;;;;;;;;;;;;;;;;;;;;;;;;;;;;;;;;;;;;;;0 Drahtkorb;;;;;;;;;;;40;;;;;;;;2 flache Schiebedeckel aus Glas;;;;1390;760;920;IDA400-W1_Produktblatt.pdf;IDA400-W1_Betriebsanleitung.pdf;IDA400-W1_Ersatzteilliste.pdf;IDA400-W1_Energielabel.pdf;IDA400-W1_Energiepfeil.png
Tefcold;Tefcold-Kühltruhen-Tiefkühltruhen;Tefcold-TK-Truhe-Glasschiebedeckel;;;Glasdeckel / Tiefkühltruhen;67875;IDA500-W1;5708181753146;5708181753146;TEFCOLD;1485,00;DEALS + | ProduktneuheitenEiscreme – Gefriergeräte | Glasdeckel – Tiefkühltruhen;2593128;;;;;;;;;;Manuell;;;;;;;;215;;;;;;;;;;;;;;;;;;;;;;;;;;;;;;;;;Mechanisch;;;;;;;;;;;;;;;;;;;;;;;;;;;;;;;;;;;;1544;867;694;;;;;;;;;;;;;;;;;;;72;503;;;;;;;;;;;;;;;;;;;;;38.3;D;;2.31;842;;;;;;;Weiß, RAL 9010;;;;;;;;;;;;;;;;;;;;;;;;;;;49;;;;;;;;;;;;;;;;;;;;;;;1386;688;536;LED;;;;;;;;;7;;;;;;;;;;;;;96;R290 / GWP 3;;;Statisch;;;;;;;;;;;;;;;;;;;;;;;;Weiß, RAL 9010;;;;;;+35°C, 75% RH;;;;;;;;;;;;;;;;;;;;;;;;;68;408;;;;;;;;;;;;;;;;;;;;;;;;;;;;;;;;;;;;;;;Rollen;;;;;;;;;;;;;;;;;;;;;220-240/50;;;Ja;;;;;;;;;;;Thermometer;-23 bis -16;;;;;;;;;;;;;;;Nein;;;;;;;;;;;;;;;;;;;;;;;;;;;;;;;;;;;;;;;;;;;;;;;;;;;;;;;;;0 Drahtkorb;;;;;;;;;;;34;;;;;;;;2 flache Schiebedeckel aus Glas;;;;1590;760;920;IDA500-W1_Produktblatt.pdf;IDA500-W1_Betriebsanleitung.pdf;IDA500-W1_Ersatzteilliste.pdf;IDA500-W1_Energielabel.pdf;IDA500-W1_Energiepfeil.png
Tefcold;Tefcold-Kühltruhen-Tiefkühltruhen;Tefcold-TK-Truhe-Glasschiebedeckel;;;Glasdeckel / Tiefkühltruhen;67877;IDA600-W1;5708181753160;5708181753160;TEFCOLD;1589,00;DEALS + | ProduktneuheitenEiscreme – Gefriergeräte | Glasdeckel – Tiefkühltruhen;2593146;;;;;;;;;;Manuell;;;;;;;;241;;;;;;;;;;;;;;;;;;;;;;;;;;;;;;;;;Mechanisch;;;;;;;;;;;;;;;;;;;;;;;;;;;;;;;;;;;;1804;867;694;;;;;;;;;;;;;;;;;;;75;602;;;;;;;;;;;;;;;;;;;;;39.6;D;;2.71;990;;;;;;;Weiß, RAL 9010;;;;;;;;;;;;;;;;;;;;;;;;;;;49;;;;;;;;;;;;;;;;;;;;;;;1646;688;536;LED;;;;;;;;;7;;;;;;;;;;;;;112;R290 / GWP 3;;;Statisch;;;;;;;;;;;;;;;;;;;;;;;;Weiß, RAL 9010;;;;;;+35°C, 75% RH;;;;;;;;;;;;;;;;;;;;;;;;;71;489;;;;;;;;;;;;;;;;;;;;;;;;;;;;;;;;;;;;;;;Rollen;;;;;;;;;;;;;;;;;;;;;220-240/50;;;Ja;;;;;;;;;;;Thermometer;-23 bis -16;;;;;;;;;;;;;;;Nein;;;;;;;;;;;;;;;;;;;;;;;;;;;;;;;;;;;;;;;;;;;;;;;;;;;;;;;;;0 Drahtkorb;;;;;;;;;;;28;;;;;;;;2 flache Schiebedeckel aus Glas;;;;1860;760;920;IDA600-W1_Produktblatt.pdf;IDA600-W1_Betriebsanleitung.pdf;IDA600-W1_Ersatzteilliste.pdf;IDA600-W1_Energielabel.pdf;IDA600-W1_Energiepfeil.png
Tefcold;Tefcold-Kühltruhen-Tiefkühltruhen;Tefcold-TK-Truhe-Glasschiebedeckel;;;Glasdeckel / Tiefkühltruhen;71159;IDB400-W1;5708181759353;5708181759353;TEFCOLD;764,00;Eiscreme – Gefriergeräte | Glasdeckel – TiefkühltruhenDEALS + | Produktneuheiten;2569452;;;;;;;;;;Manuell;;;;;;;;253;;;;;;;;;;;;;;;;;;;;;;;;;;;;;;;;;Mechanisch;;;;;;;;;;;;;;;;;;;;;;;;;;;;;;;;;;;;1350;780;695;;;;;;;;;;;;;;;;;;;87;435;;;;;;;;;;;;;;;;;;;;;49.4;D;;2.51;917;;;;;;;Weiß RAL 9016;;;;;;;;;;;;;;;;;;;;;;;;;;;55;;;;;;;;;;;;;;;;;;;;;;;1210;617;550;LED;;;;;;;;;7;;;;;;;;;;;;;115;R290 / GWP 3;;;Statisch;;;;;;;;;;;;;;;;;;;;;;;;Weiß, RAL 9016;;;;;;+35°C, 75% RH;;;;;;;;;;;;;;;;;;;;;;;;;78;312;;;;;;;;;;;;;;;;;;;;;;;;;;;;;;;;;;;;;;;4 Rollen, 2 mit Bremse;;;;;;;;;;;;;;;;;;;;;220-240/50;;;Ja;;;;;;;;;;;Thermometer;-30 bis -10;;;;;;;;;;;;;;;Ja;;;;;;;;;;;;;;;;;;;;;;;;;;;;;;;;;;;;;;;;;;;;;;;;;;;;;;;;;6 Drahtkorb;;;;;;;;;;;48;;;;;;;;2 Schiebedeckel aus gehärtetem Glas;;;;1436;776;890;IDB400-W1_Produktblatt.pdf;IDB400-W1_Betriebsanleitung.pdf;IDB400-W1_Ersatzteilliste.pdf;IDB400-W1_Energielabel.pdf;IDB400-W1_Energiepfeil.png
Tefcold;Tefcold-Kühltruhen-Tiefkühltruhen;Tefcold-TK-Truhe-Glasschiebedeckel;;;Glasdeckel / Tiefkühltruhen;71161;IDB500-W1;5708181759377;5708181759377;TEFCOLD;878,00;Eiscreme – Gefriergeräte | Glasdeckel – TiefkühltruhenDEALS + | Produktneuheiten;2569612;;;;;;;;;;Manuell;;;;;;;;330;;;;;;;;;;;;;;;;;;;;;;;;;;;;;;;;;Mechanisch;;;;;;;;;;;;;;;;;;;;;;;;;;;;;;;;;;;;1655;780;695;;;;;;;;;;;;;;;;;;;91;525;;;;;;;;;;;;;;;;;;;;;49.4;D;;2.92;1066;;;;;;;Weiß RAL 9016;;;;;;;;;;;;;;;;;;;;;;;;;;;55;;;;;;;;;;;;;;;;;;;;;;;1520;617;550;LED;;;;;;;;;7;;;;;;;;;;;;;127;R290 / GWP 3;;;Statisch;;;;;;;;;;;;;;;;;;;;;;;;Weiß, RAL 9016;;;;;;+35°C, 75% RH;;;;;;;;;;;;;;;;;;;;;;;;;81;395;;;;;;;;;;;;;;;;;;;;;;;;;;;;;;;;;;;;;;;4 Rollen, 2 mit Bremse;;;;;;;;;;;;;;;;;;;;;220-240/50;;;Ja;;;;;;;;;;;Thermometer;-30 bis -10;;;;;;;;;;;;;;;Ja;;;;;;;;;;;;;;;;;;;;;;;;;;;;;;;;;;;;;;;;;;;;;;;;;;;;;;;;;8 Drahtkorb;;;;;;;;;;;38;;;;;;;;2 Schiebedeckel aus gehärtetem Glas;;;;1751;776;890;IDB500-W1_Produktblatt.pdf;IDB500-W1_Betriebsanleitung.pdf;IDB500-W1_Ersatzteilliste.pdf;IDB500-W1_Energielabel.pdf;IDB500-W1_Energiepfeil.png
Tefcold;Tefcold-Kühltruhen-Tiefkühltruhen;Tefcold-TK-Truhe-Glasschiebedeckel;;;Glasdeckel / Tiefkühltruhen;71155;IDC152-W1;5708181759315;5708181759315;TEFCOLD;479,00;Eiscreme – Gefriergeräte | Glasdeckel – TiefkühltruhenDEALS + | Produktneuheiten;2569981;;;;;;;;;;Manuell;;;;;;;;190;;;;;;;;;;;;;;;;;;;;;;;;;;;;;;;;;Mechanisch;;;;;;;;;;;;;;;;;;;;;;;;;;;;;;;;;;;;584;914;694;;;;;;;;;;;;;;;;;;;53;152;;;;;;;;;;;;;;;;;;;;;47.9;D;;1.48;540.2;;;;;;;Weiß RAL 9016;;;;;;;;;;;;;;;;;;;;;;;;;;;55;;;;;;;;;;;;;;;;;;;;;;;440;629;550;LED;;;;;;;;;7;;;;;;;;;;;;;70;R600a / GWP 3;;;Statisch;;;;;;;;;;;;;;;;;;;;;;;;Weiß, RAL 9016;;;;;;+35°C, 75% RH;;;;;;;;;;;;;;;;;;;;;;;;;46;110;;;;;;;;;;;;;;;;;;;;;;;;;;;;;;;;;;;;;;;4 Rollen, 2 mit Bremse;;;;;;;;;;;;;;;;;;;;;220-240/50;;;Ja;;;;;;;;;;;Thermometer;-30 bis -10;;;;;;;;;;;;;;;Ja;;;;;;;;;;;;;;;;;;;;;;;;;;;;;;;;;;;;;;;;;;;;;;;;;;;;;;;;;3 Drahtkorb;;;;;;;;;;;108;;;;;;;;2 Schiebedeckel aus gehärtetem Glas;;;;772;662;1022;IDC152-W1_Produktblatt.pdf;IDC152-W1_Betriebsanleitung.pdf;IDC152-W1_Ersatzteilliste.pdf;IDC152-W1_Energielabel.pdf;IDC152-W1_Energiepfeil.png
Tefcold;Tefcold-Kühltruhen-Tiefkühltruhen;Tefcold-TK-Truhe-Glasschiebedeckel;;;Glasdeckel / Tiefkühltruhen;71157;IDC152C-W1;5708181759339;5708181759339;TEFCOLD;500,00;Eiscreme – Gefriergeräte | Glasdeckel – TiefkühltruhenDEALS + | Produktneuheiten;2569645;;;;;;;;;;Manuell;;;;;;;;190;;;;;;;;;;;;;;;;;;;;;;;;;;;;;;;;;Mechanisch;;;;;;;;;;;;;;;;;;;;;;;;;;;;;;;;;;;;584;1169.5;714;;;;;;;;;;;;;;;;;;;60;152;;;;;;;;;;;;;;;;;;;;;49.9;D;;1.54;562.1;;;;;;;Weiß RAL 9016;;;;;;;;;;;;;;;;;;;;;;;;;;;55;;;;;;;;;;;;;;;;;;;;;;;440;629;550;LED;;;;;;;;;7;;;;;;;;;;;;;70;R600a / GWP 3;;;Statisch;;;;;;;;;;;;;;;;;;;;;;;;Weiß, RAL 9016;;;;;;+35°C, 75% RH;;;;;;;;;;;;;;;;;;;;;;;;;47;110;;;;;;;;;;;;;;;;;;;;;;;;;;;;;;;;;;;;;;;4 Rollen, 2 mit Bremse;;;;;;;;;;;;;;;;;;;;;220-240/50;;;Ja;;;;;;;;;;;Thermometer;-30 bis -10;;;;;;;;;;;;;;;Ja;;;;;;;;;;;;;;;;;;;;;;;;;;;;;;;;;;;;;;;;;;;;;;;;;;;;;;;;;3 Drahtkorb;;;;;;;;;;;108;;;;;;;;2 Schiebedeckel aus gehärtetem Glas;;;;772;662;1022;IDC152C-W1_Produktblatt.pdf;IDC152C-W1_Betriebsanleitung.pdf;IDC152C-W1_Ersatzteilliste.pdf;IDC152C-W1_Energielabel.pdf;IDC152C-W1_Energiepfeil.png
Tefcold;Tefcold-Kühltruhen-Tiefkühltruhen;Tefcold-TK-Truhe-Glasschiebedeckel;;;Glasdeckel / Tiefkühltruhen;48855;NIC101CP;5708181731083;5708181731083;TEFCOLD;750,00;Eiscreme – Gefriergeräte | Glasdeckel – Tiefkühltruhen;1673398;;;;;;;;;;Manuell;;;;;;;;105;;;;;;;;;;;;;;;;;;;;;;;;;;;;;;;;;Mechanisch;;;;;;;;;;;;;;;;;;;;;;;;;;;;;;;;;;;;665;1080;665;;;;;;;;;;;;;;;;;;;50;130;;;;;;;;;;;;;;;;;;;;;41.8;D;;1.35;491;;;;;;;Weiß;;;;;;;;;;;;;;;;;;;;;;;;;;;41;;;;;;;;;;;;;;;;;;;;;;;510;571;510;LED;;;;;;;;;5;;;;;;;;;;;;;50;R600a / GWP 3;;;Statisch;;;;;;;;;;;;;;;;;;;;;;;;Stahlblech, verzinkt, mit weißer Lackierung;;;;;;+40°C, 40% RH;;;;;;;;;;;;;;;;;;;;;;;;;47;115;;;;;;;;;;;;;;;;;;;;;;;;;;;;;;;;;;;;;;;4 Rollen, davon zwei mit Bremse;;;;;;;;;;;;;;;;;;;;;220-240/50;;;Ja;;;;;;;;;;;Thermometer;-24 bis -14;;;;;;;;;;;;;;;Ja;;;;;;;;;;;;;;;;;;;;;;;;;;;;;;;;;;;;;;;;;;;;;;;;;;;;;;;;;2 Drahtkorb;;;;;;;;;;;102;;;;Nein;;;;1 flacher Schiebedeckel aus Glas;;;;700;700;970;NIC101CP_Produktblatt.pdf;NIC101CP_Betriebsanleitung.pdf;NIC101CP_Ersatzteilliste.pdf;NIC101CP_Energielabel.pdf;NIC101CP_Energiepfeil.png
Tefcold;Tefcold-Kühltruhen-Tiefkühltruhen;Tefcold-TK-Truhe-Glasschiebedeckel;;;Glasdeckel / Tiefkühltruhen;48847;NIC101SCEB;5708181731045;5708181731045;TEFCOLD;715,00;Eiscreme – Gefriergeräte | Glasdeckel – Tiefkühltruhen;1673349;;;;;;;;;;Manuell;;;;;;;;105;;;;;;;;;;;;;;;;;;;;;;;;;;;;;;;;;Mechanisch;;;;;;;;;;;;;;;;;;;;;;;;;;;;;;;;;;;;665;918;665;;;;;;;;;;;;;;;;;;;50;130;;;;;;;;;;;;;;;;;;;;;40.3;D;;1.3;473;;;;;;;Weiß;;;;;;;;;;;;;;;;;;;;;;;;;;;41;;;;;;;;;;;;;;;;;;;;;;;510;571;510;Nein;;;;;;;;;5;;;;;;;;;;;;;50;R600a / GWP 3;;;Statisch;;;;;;;;;;;;;;;;;;;;;;;;Stahlblech, verzinkt, mit weißer Lackierung;;;;;;+40°C, 40% RH;;;;;;;;;;;;;;;;;;;;;;;;;47;115;;;;;;;;;;;;;;;;;;;;;;;;;;;;;;;;;;;;;;;4 Rollen, davon zwei mit Bremse;;;;;;;;;;;;;;;;;;;;;220-240/50;;;Ja;;;;;;;;;;;Thermometer;-24 bis -14;;;;;;;;;;;;;;;Ja;;;;;;;;;;;;;;;;;;;;;;;;;;;;;;;;;;;;;;;;;;;;;;;;;;;;;;;;;;;;;;;;;;;;102;;;;Ja;;;;1 flacher Schiebedeckel aus Glas;;;;700;700;970;NIC101SCEB_Produktblatt.pdf;NIC101SCEB_Betriebsanleitung.pdf;NIC101SCEB_Ersatzteilliste.pdf;NIC101SCEB_Energielabel.pdf;NIC101SCEB_Energiepfeil.png
Tefcold;Tefcold-Kühltruhen-Tiefkühltruhen;Tefcold-TK-Truhe-Glasschiebedeckel;;;Glasdeckel / Tiefkühltruhen;49275;NIC201SC;5708181731809;5708181731809;TEFCOLD;676,00;Eiscreme – Gefriergeräte | Glasdeckel – Tiefkühltruhen;1704824;;;;;;;;;;Manuell;;;;;;;;98;;;;;;;;;;;;;;;;;;;;;;;;;;;;;;;;;Mechanisch;;;;;;;;;;;;;;;;;;;;;;;;;;;;;;;;;;;;740;885;650;;;;;;;;;;;;;;;;;;;63;186;;;;;;;;;;;;;;;;;;;;;35.7;D;;1.18;431;;;;;;;Weiß;;;;;;;;;;;;;;;;;;;;;;;;;;;45;;;;;;;;;;;;;;;;;;;;;;;600;576;510;LED;;;;;;;;;5;;;;;;;;;;;;;55;R600a / GWP 3;;;Statisch;;;;;;;;;;;;;;;;;;;;;;;;Stahlblech, verzinkt, mit weißer Lackierung;;;;;;+40°C, 40% RH;;;;;;;;;;;;;;;;;;;;;;;;;52;138;;;;;;;;;;;;;;;;;;;;;;;;;;;;;;;;;;;;;;;4 Rollen, davon zwei mit Bremse;;;;;;;;;;;;;;;;;;;;;220-240/50;;;Ja;;;;;;;;;;;Thermometer;-24 bis -14;;;;;;;;;;;;;;;Ja;;;;;;;;;;;;;;;;;;;;;;;;;;;;;;;;;;;;;;;;;;;;;;;;;;;;;;;;;2 Drahtkörbe, weiß;;;;;;;;;;;84;;;;;;;;2 Flache Schiebedeckel aus Temperglas;;;;810;765;940;NIC201SC_Produktblatt.pdf;NIC201SC_Betriebsanleitung.pdf;NIC201SC_Ersatzteilliste.pdf;NIC201SC_Energielabel.pdf;NIC201SC_Energiepfeil.png
Tefcold;Tefcold-Kühltruhen-Tiefkühltruhen;Tefcold-TK-Truhe-Glasschiebedeckel;;;Glasdeckel / Tiefkühltruhen;48858;NIC201SCEB;5708181731113;5708181731113;TEFCOLD;724,00;Eiscreme – Gefriergeräte | Glasdeckel – Tiefkühltruhen;1673409;;;;;;;;;;Manuell;;;;;;;;98;;;;;;;;;;;;;;;;;;;;;;;;;;;;;;;;;Mechanisch;;;;;;;;;;;;;;;;;;;;;;;;;;;;;;;;;;;;740;918;650;;;;;;;;;;;;;;;;;;;63;185;;;;;;;;;;;;;;;;;;;;;36.4;D;;1.2;439;;;;;;;Weiß;;;;;;;;;;;;;;;;;;;;;;;;;;;45;;;;;;;;;;;;;;;;;;;;;;;600;571;510;LED;;;;;;;;;5;;;;;;;;;;;;;55;R600a / GWP 3;;;Statisch;;;;;;;;;;;;;;;;;;;;;;;;Stahlblech, verzinkt, mit weißer Lackierung;;;;;;+40°C, 40% RH;;;;;;;;;;;;;;;;;;;;;;;;;52;138;;;;;;;;;;;;;;;;;;;;;;;;;;;;;;;;;;;;;;;4 Rollen, davon zwei mit Bremse;;;;;;;;;;;;;;;;;;;;;220-240/50;;;Ja;;;;;;;;;;;Thermometer;-24 bis -14;;;;;;;;;;;;;;;Ja;;;;;;;;;;;;;;;;;;;;;;;;;;;;;;;;;;;;;;;;;;;;;;;;;;;;;;;;;2 Drahtkörbe, weiß;;;;;;;;;;;84;;;;;;;;2 gewölbter Schiebedeckel aus Glas;;;;810;765;990;NIC201SCEB_Produktblatt.pdf;NIC201SCEB_Betriebsanleitung.pdf;NIC201SCEB_Ersatzteilliste.pdf;NIC201SCEB_Energielabel.pdf;NIC201SCEB_Energiepfeil.png
Tefcold;Tefcold-Kühltruhen-Tiefkühltruhen;Tefcold-TK-Truhe-Glasschiebedeckel;;;Glasdeckel / Tiefkühltruhen;70982;NIC202SC;5708181758707;5708181758707;TEFCOLD;681,00;DEALS + | ProduktneuheitenEiscreme – Gefriergeräte | Glasdeckel – Tiefkühltruhen;2579533;;;;;;;;;;Manuell;;;;;;;;165;;;;;;;;;;;;;;;;;;;;;;;;;;;;;;;;;Mechanisch;;;;;;;;;;;;;;;;;;;;;;;;;;;;;;;;;;;;740;885;650;;;;;;;;;;;;;;;;;;;63;186;;;;;;;;;;;;;;;;;;;;;37.8;D;;1.206;440.19;;;;;;;Weiß;;;;;;;;;;;;;;;;;;;;;;;;;;;45;;;;;;;;;;;;;;;;;;;;;;;600;576;510;LED;;;;;;;;;5;;;;;;;;;;;;;55;R600a / GWP 3;;;Statisch;;;;;;;;;;;;;;;;;;;;;;;;Stahlblech, verzinkt, mit weißer Lackierung;;;;;;+40°C, 40% RH;;;;;;;;;;;;;;;;;;;;;;;;;52;138;;;;;;;;;;;;;;;;;;;;;;;;;;;;;;;;;;;;;;;4 Rollen, davon zwei mit Bremse;;;;;;;;;;;;;;;;;;;;;220-240/50;;;Ja;;;;;;;;;;;Thermometer;-24 bis -14;;;;;;;;;;;;;;;Ja;;;;;;;;;;;;;;;;;;;;;;;;;;;;;;;;;;;;;;;;;;;;;;;;;;;;;;;;;2 Drahtkörbe, weiß;;;;;;;;;;;84;;;;;;;;2 Flache Schiebedeckel aus Temperglas;;;;810;765;940;NIC202SC_Produktblatt.pdf;NIC202SC_Betriebsanleitung.pdf;NIC202SC_Ersatzteilliste.pdf;NIC202SC_Energielabel.pdf;NIC202SC_Energiepfeil.png
Tefcold;Tefcold-Kühltruhen-Tiefkühltruhen;Tefcold-TK-Truhe-Glasschiebedeckel;;;Glasdeckel / Tiefkühltruhen;70984;NIC202SCEB;5708181758721;5708181758721;TEFCOLD;716,00;Eiscreme – Gefriergeräte | Glasdeckel – TiefkühltruhenDEALS + | Produktneuheiten;2579785;;;;;;;;;;Manuell;;;;;;;;200;;;;;;;;;;;;;;;;;;;;;;;;;;;;;;;;;Mechanisch;;;;;;;;;;;;;;;;;;;;;;;;;;;;;;;;;;;;740;918;650;;;;;;;;;;;;;;;;;;;63;185;;;;;;;;;;;;;;;;;;;;;38.6;D;;1.229;448.585;;;;;;;Weiß;;;;;;;;;;;;;;;;;;;;;;;;;;;45;;;;;;;;;;;;;;;;;;;;;;;600;571;510;LED;;;;;;;;;5;;;;;;;;;;;;;55;R600a / GWP 3;;;Statisch;;;;;;;;;;;;;;;;;;;;;;;;Stahlblech, verzinkt, mit weißer Lackierung;;;;;;+40°C, 40% RH;;;;;;;;;;;;;;;;;;;;;;;;;52;126;;;;;;;;;;;;;;;;;;;;;;;;;;;;;;;;;;;;;;;4 Rollen, davon zwei mit Bremse;;;;;;;;;;;;;;;;;;;;;220-240/50;;;Ja;;;;;;;;;;;Thermometer;-24 bis -14;;;;;;;;;;;;;;;Ja;;;;;;;;;;;;;;;;;;;;;;;;;;;;;;;;;;;;;;;;;;;;;;;;;;;;;;;;;2 Drahtkörbe, weiß;;;;;;;;;;;84;;;;;;;;2 gewölbter Schiebedeckel aus Glas;;;;810;765;990;NIC202SCEB_Produktblatt.pdf;NIC202SCEB_Betriebsanleitung.pdf;NIC202SCEB_Ersatzteilliste.pdf;NIC202SCEB_Energielabel.pdf;NIC202SCEB_Energiepfeil.png
Tefcold;Tefcold-Kühltruhen-Tiefkühltruhen;Tefcold-TK-Truhe-Glasschiebedeckel;;;Glasdeckel / Tiefkühltruhen;51132;NIC301SC;5708181734053;5708181734053;TEFCOLD;770,00;Eiscreme – Gefriergeräte | Glasdeckel – Tiefkühltruhen;1822494;;;;;;;;;;Manuell;;;;;;;;141;;;;;;;;;;;;;;;;;;;;;;;;;;;;;;;;;Mechanisch;;;;;;;;;;;;;;;;;;;;;;;;;;;;;;;;;;;;1030;885;650;;;;;;;;;;;;;;;;;;;70;288;;;;;;;;;;;;;;;;;;;;;37.4;D;;1.52;555;;;;;;;Weiß;;;;;;;;;;;;;;;;;;;;;;;;;;;45;;;;;;;;;;;;;;;;;;;;;;;890;576;510;LED;;;;;;;;;5;;;;;;;;;;;;;85;R290 / GWP 3;;;Statisch;;;;;;;;;;;;;;;;;;;;;;;;Stahlblech, verzinkt, mit weißer Lackierung;;;;;;+40°C, 40% RH;;;;;;;;;;;;;;;;;;;;;;;;;62;218;;;;;;;;;;;;;;;;;;;;;;;;;;;;;;;;;;;;;;;4 Rollen, davon zwei mit Bremse;;;;;;;;;;;;;;;;;;;;;220-240/50;;;Ja;;;;;;;;;;;Thermometer;-24 bis -14;;;;;;;;;;;;;;;Ja;;;;;;;;;;;;;;;;;;;;;;;;;;;;;;;;;;;;;;;;;;;;;;;;;;;;;;;;;4 Drahtkörbe, weiß;;;;;;;;;;;64;;;;;;;;2 Flache Schiebedeckel aus Temperglas;;;;1100;765;940;NIC301SC_Produktblatt.pdf;NIC301SC_Betriebsanleitung.pdf;NIC301SC_Ersatzteilliste.pdf;NIC301SC_Energielabel.pdf;NIC301SC_Energiepfeil.png
Tefcold;Tefcold-Kühltruhen-Tiefkühltruhen;Tefcold-TK-Truhe-Glasschiebedeckel;;;Glasdeckel / Tiefkühltruhen;49759;NIC301SCEB;5708181733261;5708181733261;TEFCOLD;816,00;Eiscreme – Gefriergeräte | Glasdeckel – Tiefkühltruhen;1767536;;;;;;;;;;Manuell;;;;;;;;141;;;;;;;;;;;;;;;;;;;;;;;;;;;;;;;;;Mechanisch;;;;;;;;;;;;;;;;;;;;;;;;;;;;;;;;;;;;1030;918;650;;;;;;;;;;;;;;;;;;;70;286;;;;;;;;;;;;;;;;;;;;;42.9;D;;1.75;638;;;;;;;Weiß;;;;;;;;;;;;;;;;;;;;;;;;;;;45;;;;;;;;;;;;;;;;;;;;;;;890;571;510;LED;;;;;;;;;5;;;;;;;;;;;;;85;R290 / GWP 3;;;Statisch;;;;;;;;;;;;;;;;;;;;;;;;Stahlblech, verzinkt, mit weißer Lackierung;;;;;;+40°C, 40% RH;;;;;;;;;;;;;;;;;;;;;;;;;62;218;;;;;;;;;;;;;;;;;;;;;;;;;;;;;;;;;;;;;;;4 Rollen, davon zwei mit Bremse;;;;;;;;;;;;;;;;;;;;;220-240/50;;;Ja;;;;;;;;;;;Thermometer;-24 bis -14;;;;;;;;;;;;;;;Ja;;;;;;;;;;;;;;;;;;;;;;;;;;;;;;;;;;;;;;;;;;;;;;;;;;;;;;;;;4 Drahtkörbe, weiß;;;;;;;;;;;64;;;;;;;;2 gewölbte Schiebedeckel aus Glas;;;;1100;765;990;NIC301SCEB_Produktblatt.pdf;NIC301SCEB_Betriebsanleitung.pdf;NIC301SCEB_Ersatzteilliste.pdf;NIC301SCEB_Energielabel.pdf;NIC301SCEB_Energiepfeil.png
Tefcold;Tefcold-Kühltruhen-Tiefkühltruhen;Tefcold-TK-Truhe-Glasschiebedeckel;;;Glasdeckel / Tiefkühltruhen;70986;NIC302SC;5708181758745;5708181758745;TEFCOLD;785,00;Eiscreme – Gefriergeräte | Glasdeckel – TiefkühltruhenDEALS + | Produktneuheiten;2579742;;;;;;;;;;Manuell;;;;;;;;200;;;;;;;;;;;;;;;;;;;;;;;;;;;;;;;;;Mechanisch;;;;;;;;;;;;;;;;;;;;;;;;;;;;;;;;;;;;1030;885;650;;;;;;;;;;;;;;;;;;;70;288;;;;;;;;;;;;;;;;;;;;;41.8;D;;1.624;592.76;;;;;;;Weiß;;;;;;;;;;;;;;;;;;;;;;;;;;;45;;;;;;;;;;;;;;;;;;;;;;;890;576;510;LED;;;;;;;;;5;;;;;;;;;;;;;85;R290 / GWP 3;;;Statisch;;;;;;;;;;;;;;;;;;;;;;;;Stahlblech, verzinkt, mit weißer Lackierung;;;;;;+40°C, 40% RH;;;;;;;;;;;;;;;;;;;;;;;;;62;218;;;;;;;;;;;;;;;;;;;;;;;;;;;;;;;;;;;;;;;4 Rollen, davon zwei mit Bremse;;;;;;;;;;;;;;;;;;;;;220-240/50;;;Ja;;;;;;;;;;;Thermometer;-24 bis -14;;;;;;;;;;;;;;;Ja;;;;;;;;;;;;;;;;;;;;;;;;;;;;;;;;;;;;;;;;;;;;;;;;;;;;;;;;;4 Drahtkörbe, weiß;;;;;;;;;;;64;;;;;;;;2 Flache Schiebedeckel aus Temperglas;;;;1100;765;940;NIC302SC_Produktblatt.pdf;NIC302SC_Betriebsanleitung.pdf;NIC302SC_Ersatzteilliste.pdf;NIC302SC_Energielabel.pdf;NIC302SC_Energiepfeil.png
Tefcold;Tefcold-Kühltruhen-Tiefkühltruhen;Tefcold-TK-Truhe-Glasschiebedeckel;;;Glasdeckel / Tiefkühltruhen;70988;NIC302SCEB;5708181758769;5708181758769;TEFCOLD;820,00;Eiscreme – Gefriergeräte | Glasdeckel – TiefkühltruhenDEALS + | Produktneuheiten;2579803;;;;;;;;;;Manuell;;;;;;;;280;;;;;;;;;;;;;;;;;;;;;;;;;;;;;;;;;Mechanisch;;;;;;;;;;;;;;;;;;;;;;;;;;;;;;;;;;;;1030;918;650;;;;;;;;;;;;;;;;;;;70;286;;;;;;;;;;;;;;;;;;;;;46.3;D;;1.795;655.175;;;;;;;Weiß;;;;;;;;;;;;;;;;;;;;;;;;;;;45;;;;;;;;;;;;;;;;;;;;;;;890;571;510;LED;;;;;;;;;5;;;;;;;;;;;;;85;R290 / GWP 3;;;Statisch;;;;;;;;;;;;;;;;;;;;;;;;Stahlblech, verzinkt, mit weißer Lackierung;;;;;;+40°C, 40% RH;;;;;;;;;;;;;;;;;;;;;;;;;62;218;;;;;;;;;;;;;;;;;;;;;;;;;;;;;;;;;;;;;;;4 Rollen, davon zwei mit Bremse;;;;;;;;;;;;;;;;;;;;;220-240/50;;;Ja;;;;;;;;;;;Thermometer;-24 bis -14;;;;;;;;;;;;;;;Ja;;;;;;;;;;;;;;;;;;;;;;;;;;;;;;;;;;;;;;;;;;;;;;;;;;;;;;;;;4 Drahtkörbe, weiß;;;;;;;;;;;64;;;;;;;;2 gewölbte Schiebedeckel aus Glas;;;;1110;770;1090;NIC302SCEB_Produktblatt.pdf;NIC302SCEB_Betriebsanleitung.pdf;NIC302SCEB_Ersatzteilliste.pdf;NIC302SCEB_Energielabel.pdf;NIC302SCEB_Energiepfeil.png
Tefcold;Tefcold-Kühltruhen-Tiefkühltruhen;Tefcold-TK-Truhe-Glasschiebedeckel;;;Glasdeckel / Tiefkühltruhen;51507;NIC401SC;5708181734893;5708181734893;TEFCOLD;868,00;Eiscreme – Gefriergeräte | Glasdeckel – Tiefkühltruhen;1849587;;;;;;;;;;Manuell;;;;;;;;141;;;;;;;;;;;;;;;;;;;;;;;;;;;;;;;;;Mechanisch;;;;;;;;;;;;;;;;;;;;;;;;;;;;;;;;;;;;1320;885;650;;;;;;;;;;;;;;;;;;;87;390;;;;;;;;;;;;;;;;;;;;;38.2;D;;1.85;674;;;;;;;Weiß;;;;;;;;;;;;;;;;;;;;;;;;;;;45;;;;;;;;;;;;;;;;;;;;;;;1180;571;510;LED;;;;;;;;;5;;;;;;;;;;;;;105;R290 / GWP 3;;;Statisch;;;;;;;;;;;;;;;;;;;;;;;;Stahlblech, verzinkt, mit weißer Lackierung;;;;;;+40°C, 40% RH;;;;;;;;;;;;;;;;;;;;;;;;;72;298;;;;;;;;;;;;;;;;;;;;;;;;;;;;;;;;;;;;;;;4 Rollen, davon zwei mit Bremse;;;;;;;;;;;;;;;;;;;;;220-240/50;;;Ja;;;;;;;;;;;Thermometer;-24 bis -14;;;;;;;;;;;;;;;Ja;;;;;;;;;;;;;;;;;;;;;;;;;;;;;;;;;;;;;;;;;;;;;;;;;;;;;;;;;5 Drahtkörbe, weiß;;;;;;;;;;;50;;;;;;;;2 Flache Schiebedeckel aus Temperglas;;;;1390;765;940;NIC401SC_Produktblatt.pdf;NIC401SC_Betriebsanleitung.pdf;NIC401SC_Ersatzteilliste.pdf;NIC401SC_Energielabel.pdf;NIC401SC_Energiepfeil.png
Tefcold;Tefcold-Kühltruhen-Tiefkühltruhen;Tefcold-TK-Truhe-Glasschiebedeckel;;;Glasdeckel / Tiefkühltruhen;48861;NIC401SCEB;5708181731137;5708181731137;TEFCOLD;923,00;Eiscreme – Gefriergeräte | Glasdeckel – Tiefkühltruhen;1673418;;;;;;;;;;Manuell;;;;;;;;179;;;;;;;;;;;;;;;;;;;;;;;;;;;;;;;;;Mechanisch;;;;;;;;;;;;;;;;;;;;;;;;;;;;;;;;;;;;1320;918;650;;;;;;;;;;;;;;;;;;;87;388;;;;;;;;;;;;;;;;;;;;;47.1;D;;2.27;829;;;;;;;Weiß;;;;;;;;;;;;;;;;;;;;;;;;;;;45;;;;;;;;;;;;;;;;;;;;;;;1180;571;510;LED;;;;;;;;;5;;;;;;;;;;;;;105;R290 / GWP 3;;;Statisch;;;;;;;;;;;;;;;;;;;;;;;;Stahlblech, verzinkt, mit weißer Lackierung;;;;;;+40°C, 40% RH;;;;;;;;;;;;;;;;;;;;;;;;;72;298;;;;;;;;;;;;;;;;;;;;;;;;;;;;;;;;;;;;;;;4 Rollen, davon zwei mit Bremse;;;;;;;;;;;;;;;;;;;;;220-240/50;;;Ja;;;;;;;;;;;Thermometer;-24 bis -14;;;;;;;;;;;;;;;Ja;;;;;;;;;;;;;;;;;;;;;;;;;;;;;;;;;;;;;;;;;;;;;;;;;;;;;;;;;5 Drahtkörbe, weiß;;;;;;;;;;;50;;;;;;;;2 gewölbte Schiebedeckel aus Glas;;;;1390;765;990;NIC401SCEB_Produktblatt.pdf;NIC401SCEB_Betriebsanleitung.pdf;NIC401SCEB_Ersatzteilliste.pdf;NIC401SCEB_Energielabel.pdf;NIC401SCEB_Energiepfeil.png
Tefcold;Tefcold-Kühltruhen-Tiefkühltruhen;Tefcold-TK-Truhe-Glasschiebedeckel;;;Glasdeckel / Tiefkühltruhen;70990;NIC402SC;5708181758783;5708181758783;TEFCOLD;906,00;Eiscreme – Gefriergeräte | Glasdeckel – TiefkühltruhenDEALS + | Produktneuheiten;2579772;;;;;;;;;;Manuell;;;;;;;;225;;;;;;;;;;;;;;;;;;;;;;;;;;;;;;;;;Mechanisch;;;;;;;;;;;;;;;;;;;;;;;;;;;;;;;;;;;;1320;885;650;;;;;;;;;;;;;;;;;;;87;390;;;;;;;;;;;;;;;;;;;;;43.6;D;;1.992;727.08;;;;;;;Weiß;;;;;;;;;;;;;;;;;;;;;;;;;;;45;;;;;;;;;;;;;;;;;;;;;;;1180;571;510;LED;;;;;;;;;5;;;;;;;;;;;;;105;R290 / GWP 3;;;Statisch;;;;;;;;;;;;;;;;;;;;;;;;Stahlblech, verzinkt, mit weißer Lackierung;;;;;;+40°C, 40% RH;;;;;;;;;;;;;;;;;;;;;;;;;72;298;;;;;;;;;;;;;;;;;;;;;;;;;;;;;;;;;;;;;;;4 Rollen, davon zwei mit Bremse;;;;;;;;;;;;;;;;;;;;;220-240/50;;;Ja;;;;;;;;;;;Thermometer;-24 bis -14;;;;;;;;;;;;;;;Ja;;;;;;;;;;;;;;;;;;;;;;;;;;;;;;;;;;;;;;;;;;;;;;;;;;;;;;;;;5 Drahtkörbe, weiß;;;;;;;;;;;50;;;;;;;;2 Flache Schiebedeckel aus Temperglas;;;;1390;765;940;NIC402SC_Produktblatt.pdf;NIC402SC_Betriebsanleitung.pdf;NIC402SC_Ersatzteilliste.pdf;NIC402SC_Energielabel.pdf;NIC402SC_Energiepfeil.png
Tefcold;Tefcold-Kühltruhen-Tiefkühltruhen;Tefcold-TK-Truhe-Glasschiebedeckel;;;Glasdeckel / Tiefkühltruhen;70992;NIC402SCEB;5708181758806;5708181758806;TEFCOLD;964,00;Eiscreme – Gefriergeräte | Glasdeckel – TiefkühltruhenDEALS + | Produktneuheiten;2579811;;;;;;;;;;Manuell;;;;;;;;300;;;;;;;;;;;;;;;;;;;;;;;;;;;;;;;;;Mechanisch;;;;;;;;;;;;;;;;;;;;;;;;;;;;;;;;;;;;1320;918;650;;;;;;;;;;;;;;;;;;;87;388;;;;;;;;;;;;;;;;;;;;;;D;;2.328;849.72;;;;;;;Weiß;;;;;;;;;;;;;;;;;;;;;;;;;;;45;;;;;;;;;;;;;;;;;;;;;;;1180;571;510;LED;;;;;;;;;5;;;;;;;;;;;;;105;R290 / GWP 3;;;Statisch;;;;;;;;;;;;;;;;;;;;;;;;Stahlblech, verzinkt, mit weißer Lackierung;;;;;;+40°C, 40% RH;;;;;;;;;;;;;;;;;;;;;;;;;72;298;;;;;;;;;;;;;;;;;;;;;;;;;;;;;;;;;;;;;;;4 Rollen, davon zwei mit Bremse;;;;;;;;;;;;;;;;;;;;;220-240/50;;;Ja;;;;;;;;;;;Thermometer;-24 bis -14;;;;;;;;;;;;;;;Ja;;;;;;;;;;;;;;;;;;;;;;;;;;;;;;;;;;;;;;;;;;;;;;;;;;;;;;;;;5 Drahtkörbe, weiß;;;;;;;;;;;50;;;;;;;;2 gewölbte Schiebedeckel aus Glas;;;;1390;765;990;NIC402SCEB_Produktblatt.pdf;NIC402SCEB_Betriebsanleitung.pdf;NIC402SCEB_Ersatzteilliste.pdf;NIC402SCEB_Energielabel.pdf;NIC402SCEB_Energiepfeil.png
Tefcold;Tefcold-Kühltruhen-Tiefkühltruhen;Tefcold-TK-Truhe-Glasschiebedeckel;;;Glasdeckel / Tiefkühltruhen;51911;NIC501SC;5708181735333;5708181735333;TEFCOLD;992,00;Eiscreme – Gefriergeräte | Glasdeckel – Tiefkühltruhen;1849595;;;;;;;;;;Manuell;;;;;;;;191;;;;;;;;;;;;;;;;;;;;;;;;;;;;;;;;;Mechanisch;;;;;;;;;;;;;;;;;;;;;;;;;;;;;;;;;;;;1570;885;650;;;;;;;;;;;;;;;;;;;122;478;;;;;;;;;;;;;;;;;;;;;38.1;D;;2.09;762;;;;;;;Weiß;;;;;;;;;;;;;;;;;;;;;;;;;;;45;;;;;;;;;;;;;;;;;;;;;;;1430;576;510;LED;;;;;;;;;5;;;;;;;;;;;;;110;R290 / GWP 3;;;Statisch;;;;;;;;;;;;;;;;;;;;;;;;Stahlblech, verzinkt, mit weißer Lackierung;;;;;;+40°C, 40% RH;;;;;;;;;;;;;;;;;;;;;;;;;110;367;;;;;;;;;;;;;;;;;;;;;;;;;;;;;;;;;;;;;;;4 Rollen, davon zwei mit Bremse;;;;;;;;;;;;;;;;;;;;;220-240/50;;;Ja;;;;;;;;;;;Thermometer;-24 bis -14;;;;;;;;;;;;;;;Ja;;;;;;;;;;;;;;;;;;;;;;;;;;;;;;;;;;;;;;;;;;;;;;;;;;;;;;;;;6 Drahtkörbe, weiß;;;;;;;;;;;42;;;;;;;;2 Flache Schiebedeckel aus Temperglas;;;;1640;765;940;NIC501SC_Produktblatt.pdf;NIC501SC_Betriebsanleitung.pdf;NIC501SC_Ersatzteilliste.pdf;NIC501SC_Energielabel.pdf;NIC501SC_Energiepfeil.png
Tefcold;Tefcold-Kühltruhen-Tiefkühltruhen;Tefcold-TK-Truhe-Glasschiebedeckel;;;Glasdeckel / Tiefkühltruhen;48864;NIC501SCEB;5708181731168;5708181731168;TEFCOLD;1041,00;Eiscreme – Gefriergeräte | Glasdeckel – Tiefkühltruhen;1717796;;;;;;;;;;Manuell;;;;;;;;191;;;;;;;;;;;;;;;;;;;;;;;;;;;;;;;;;Mechanisch;;;;;;;;;;;;;;;;;;;;;;;;;;;;;;;;;;;;1570;918;650;;;;;;;;;;;;;;;;;;;122;475;;;;;;;;;;;;;;;;;;;;;46.4;D;;2.55;929;;;;;;;Weiß;;;;;;;;;;;;;;;;;;;;;;;;;;;45;;;;;;;;;;;;;;;;;;;;;;;1430;571;510;LED;;;;;;;;;5;;;;;;;;;;;;;110;R290 / GWP 3;;;Statisch;;;;;;;;;;;;;;;;;;;;;;;;Stahlblech, verzinkt, mit weißer Lackierung;;;;;;+40°C, 40% RH;;;;;;;;;;;;;;;;;;;;;;;;;110;367;;;;;;;;;;;;;;;;;;;;;;;;;;;;;;;;;;;;;;;4 Rollen, davon zwei mit Bremse;;;;;;;;;;;;;;;;;;;;;220-240/50;;;Ja;;;;;;;;;;;Thermometer;-24 bis -14;;;;;;;;;;;;;;;Ja;;;;;;;;;;;;;;;;;;;;;;;;;;;;;;;;;;;;;;;;;;;;;;;;;;;;;;;;;6 Drahtkörbe, weiß;;;;;;;;;;;42;;;;;;;;2 gewölbter Schiebedeckel aus Glas;;;;1640;765;990;NIC501SCEB_Produktblatt.pdf;NIC501SCEB_Betriebsanleitung.pdf;NIC501SCEB_Ersatzteilliste.pdf;NIC501SCEB_Energielabel.pdf;NIC501SCEB_Energiepfeil.png
Tefcold;Tefcold-Kühltruhen-Tiefkühltruhen;Tefcold-TK-Truhe-Glasschiebedeckel;;;Glasdeckel / Tiefkühltruhen;70994;NIC502SC;5708181758820;5708181758820;TEFCOLD;986,00;Eiscreme – Gefriergeräte | Glasdeckel – TiefkühltruhenDEALS + | Produktneuheiten;2579780;;;;;;;;;;Manuell;;;;;;;;265;;;;;;;;;;;;;;;;;;;;;;;;;;;;;;;;;Mechanisch;;;;;;;;;;;;;;;;;;;;;;;;;;;;;;;;;;;;1570;885;650;;;;;;;;;;;;;;;;;;;122;478;;;;;;;;;;;;;;;;;;;;;43.9;D;;2.27;828.55;;;;;;;Weiß;;;;;;;;;;;;;;;;;;;;;;;;;;;45;;;;;;;;;;;;;;;;;;;;;;;1430;576;510;LED;;;;;;;;;5;;;;;;;;;;;;;110;R290 / GWP 3;;;Statisch;;;;;;;;;;;;;;;;;;;;;;;;Stahlblech, verzinkt, mit weißer Lackierung;;;;;;+40°C, 40% RH;;;;;;;;;;;;;;;;;;;;;;;;;110;367;;;;;;;;;;;;;;;;;;;;;;;;;;;;;;;;;;;;;;;4 Rollen, davon zwei mit Bremse;;;;;;;;;;;;;;;;;;;;;220-240/50;;;Ja;;;;;;;;;;;Thermometer;-24 bis -14;;;;;;;;;;;;;;;Ja;;;;;;;;;;;;;;;;;;;;;;;;;;;;;;;;;;;;;;;;;;;;;;;;;;;;;;;;;6 Drahtkörbe, weiß;;;;;;;;;;;42;;;;;;;;2 Flache Schiebedeckel aus Temperglas;;;;1640;765;940;NIC502SC_Produktblatt.pdf;NIC502SC_Betriebsanleitung.pdf;NIC502SC_Ersatzteilliste.pdf;NIC502SC_Energielabel.pdf;NIC502SC_Energiepfeil.png
Tefcold;Tefcold-Kühltruhen-Tiefkühltruhen;Tefcold-TK-Truhe-Glasschiebedeckel;;;Glasdeckel / Tiefkühltruhen;70996;NIC502SCEB;5708181758844;5708181758844;TEFCOLD;1021,00;Eiscreme – Gefriergeräte | Glasdeckel – TiefkühltruhenDEALS + | Produktneuheiten;2579899;;;;;;;;;;Manuell;;;;;;;;340;;;;;;;;;;;;;;;;;;;;;;;;;;;;;;;;;Mechanisch;;;;;;;;;;;;;;;;;;;;;;;;;;;;;;;;;;;;1570;918;650;;;;;;;;;;;;;;;;;;;122;475;;;;;;;;;;;;;;;;;;;;;;D;;2.623;957.395;;;;;;;Weiß;;;;;;;;;;;;;;;;;;;;;;;;;;;45;;;;;;;;;;;;;;;;;;;;;;;1430;571;510;LED;;;;;;;;;5;;;;;;;;;;;;;110;R290 / GWP 3;;;Statisch;;;;;;;;;;;;;;;;;;;;;;;;Stahlblech, verzinkt, mit weißer Lackierung;;;;;;+40°C, 40% RH;;;;;;;;;;;;;;;;;;;;;;;;;110;367;;;;;;;;;;;;;;;;;;;;;;;;;;;;;;;;;;;;;;;4 Rollen, davon zwei mit Bremse;;;;;;;;;;;;;;;;;;;;;220-240/50;;;Ja;;;;;;;;;;;Thermometer;-24 bis -14;;;;;;;;;;;;;;;Ja;;;;;;;;;;;;;;;;;;;;;;;;;;;;;;;;;;;;;;;;;;;;;;;;;;;;;;;;;6 Drahtkörbe, weiß;;;;;;;;;;;42;;;;;;;;2 gewölbter Schiebedeckel aus Glas;;;;1640;765;990;NIC502SCEB_Produktblatt.pdf;NIC502SCEB_Betriebsanleitung.pdf;NIC502SCEB_Ersatzteilliste.pdf;NIC502SCEB_Energielabel.pdf;NIC502SCEB_Energiepfeil.png
Tefcold;Tefcold-Kühltruhen-Tiefkühltruhen;Tefcold-TK-Truhe-Glasschiebedeckel;;;Glasdeckel / Tiefkühltruhen;16281;ST160;5708181002510;5708181002510;TEFCOLD;589,00;Eiscreme – Gefriergeräte | Glasdeckel – Tiefkühltruhen;947891;;;;;;;;;;Manuell;;;;;;;;80;;;;;;;;;;;;;;;;;;;;;;;;;;;;;;;;;Mechanisch;;;;;;;;;;;;;;;;;;;;;;;;;;;;;;;;;;;;550;930;630;;;;;;;;;;;;;;;;;;;43;115;;;;;;;;;;;;;;;;;;;;;35.4;D;;1.15;420;;;;;;;Weiß;;;;;;;;;;;;;;;;;;;;;;;;;;;45;;;;;;;;;;;;;;;;;;;;;;;435;755;435;Nein;;;;;;;;;4;;;;;;;;;;;;;60;R600a / GWP 3;;;Statisch;;;;;;;;;;;;;;;;;;;;;;;;Stahlblech, verzinkt, mit weißer Lackierung;;;;;;+30°C, 55% RH;;;;;;;;;;;;;;;;;;;;;;;;;35;105;;;;;;;;;;;;;;;;;;;;;;;;;;;;;;;;;;;;;;;4 Doppelrollen;;;;;;;;;;;;;;;;;;;;;220-240/50;;;Ja;;;;;;;;;;;Thermometer;-24 bis -14;;;;;;;;;;;;;;;Nein;;;;;;;;;;;;;;;;;;;;;;;;;;;;;;;;;;;;;;;;;;;;;;;;;;;;;;;;;2 Drahtkörbe, weiß;;;;;;;;;;;156;;;0;Nein;;;;1 Drehdeckel, aus Temperglas;;;;655;600;955;ST160_Produktblatt.pdf;ST160_Betriebsanleitung.pdf;ST160_Ersatzteilliste.pdf;ST160_Energielabel.pdf;ST160_Energiepfeil.png
Tefcold;Tefcold-Kühltruhen-Tiefkühltruhen;Tefcold-TK-Truhe-Glasschiebedeckel;;;Glasdeckel / Tiefkühltruhen;45261;TD500;5708181720353;5708181720353;TEFCOLD;1970,00;Eiscreme – Gefriergeräte | Glasdeckel – Tiefkühltruhen;1429554;;;;;;;;;;Manuell;;;;;;;;650;;;;;;;;;;;;;;;;;;;;;;;;;;;;;;;;;Mechanisch;;;;;;;;;;;;;;;;;;;;;;;;;;;;;;;;;;;;1210;1213;790;;;;;;;;;;;;;;;;;;;157;450;;;;;;;;;;;;;;;;;;;;;75;F;;7.16;2612;;;;;;;Weiß;;;;;;;;;;;;;;;;;;;;;Stellfüße;;;;;;55;;;;;;;;;;;;;;;;;;;;;;;;;;LED;;;;;;;;;4;;;;;;;;;;;;;80;R290 / GWP 3;;;Statisch;;;;;;;;;;;;;;;;;;;;;;;;Weiß;;;;;;+30°C, 55% RH;;;;;;;;;;;;;;;;;;;;;;;;;121;408;;;;;;;;;;;;;;;;;;;;;;;;;;;;;;;;;;;;;;;4 Rollen, davon zwei mit Bremse;;;;;;;;;;;;;;;;;;;;;220-240/50;;;Ja;;;;;;;;;;;;-21 bis -15;;;;;;;;;;;;;;;Ja;;;;;;;;;;;;;;;;;;;;;;;;;;;;;;;;;;;;;;;;;;;;;;;;;;;;;;;;;10 Drahtkörbe, weiß;;;;;;;;;;;44;;;10;;;;;4 gewölbte Schiebedeckel aus Temperglas;;;;1300;885;1280;TD500_Produktblatt.pdf;TD500_Betriebsanleitung.pdf;TD500_Ersatzteilliste.pdf;TD500_Energielabel.pdf;TD500_Energiepfeil.png
Tefcold;Tefcold-Kühlschrank;Tefcold-Tiefkühlschrank-Glastür;;;Glastür / Tiefkühlschränke;49841;Atom Maxi F1DB;5708181733629;5708181733629;TEFCOLD;2650,00;Gefriergeräte | Glastür – Tiefkühlschränke;1786684;;;;;;;;;;Automatisch;;;;;;;;600;;;;;;;;;;;;;;;5;;;;;;;;;;;;;;;;;;Elektronisch;;;;;;;;;;;;;;;;;;;;;;;1 Dreh-Glastür;;;;;;;;;;;;;750;2003;760;;;;;;140;;;;;;;;;;;;;158.5;560;;;;;;;;;;;;;;;;;;;;;34.8;C;;9.07;3311;;;;;;;Schwarz RAL9005;Weiß;;;;;;;;;;;;;;;;;;;;;;;;;;61;;;;;;;;;;;;;;;;;;;;;;;630;1538;580;LED;;;;;;;;;3;;;;;;;;;;;;;85;R290 / GWP 3;;;Ventiliert;;;;;;;;;;;;;;;;;;;;;;;;Weiß, RAL 9003;;;;;;+25°C, 60% RH;;;;;;;;;;;;;;;;;;;;;;;;;150;390;;;;;;;;;;;;;;;;;;;;;;;;;;;;;;;;;;;;;;;4 Rollen;;;;5 verstellbar;;;;;;;;;;;;;;;;;220-240/50;;;Ja;;;;;;;;;;;Thermometer;-18 bis -22;;;;;;;;;;;;;;;Ja;;Ja;;Nein;;;;;;;;;;;;;;;;;;;;;;;;;;0.84;;;;;;;;;;;;;;;;;;;;;;;;;;;;;;;;;;;;;;45;;;;;;;;;;610 x 470 mm;;775;775;2090;Atom_Maxi_F1DB_Produktblatt.pdf;Atom_Maxi_F1DB_Betriebsanleitung.pdf;Atom_Maxi_F1DB_Ersatzteilliste.pdf;Atom_Maxi_F1DB_Energielabel.pdf;Atom_Maxi_F1DB_Energiepfeil.png
Tefcold;Tefcold-Kühlschrank;Tefcold-Tiefkühlschrank-Glastür;;;Glastür / Tiefkühlschränke;53980;Atom Maxi F1DBB;5708181738617;5708181738617;TEFCOLD;2600,00;DEALS + | Komplett in SchwarzGefriergeräte | Glastür – Tiefkühlschränke;1786684;;;;;;;;;;Automatisch;;;;;;;;600;;;;;;;;;;;;;;;5;;;;;;;;;;;;;;;;;;Elektronisch;;;;;;;;;;;;;;;;;;;;;;;1 Dreh-Glastür;;;;;;;;;;;;;750;2003;760;;;;;;140;;;;;;;;;;;;;158.5;560;;;;;;;;;;;;;;;;;;;;;34.8;C;;9.07;3311;;;;;;;Schwarz RAL9005;Schwarz;;;;;;;;;;;;;;;;;;;;;;;;;;61;;;;;;;;;;;;;;;;;;;;;;;630;1538;580;LED;;;;;;;;;3;;;;;;;;;;;;;85;R290 / GWP 3;;;Ventiliert;;;;;;;;;;;;;;;;;;;;;;;;Schwarz;;;;;;+25°C, 60% RH;;;;;;;;;;;;;;;;;;;;;;;;;150;390;;;;;;;;;;;;;;;;;;;;;;;;;;;;;;;;;;;;;;;4 Rollen;;;;5 verstellbar;;;;;;;;;;;;;;;;;220-240/50;;;Ja;;;;;;;;;;;Thermometer;-18 bis -22;;;;;;;;;;;;;;;Ja;;Ja;;Nein;;;;;;;;;;;;;;;;;;;;;;;;;;0.84;;;;;;;;;;;;;;;;;;;;;;;;;;;;;;;;;;;;;;45;;;;;;;;;;610 x 470 mm;;775;775;2090;Atom_Maxi_F1DBB_Produktblatt.pdf;Atom_Maxi_F1DBB_Betriebsanleitung.pdf;Atom_Maxi_F1DBB_Ersatzteilliste.pdf;Atom_Maxi_F1DBB_Energielabel.pdf;Atom_Maxi_F1DBB_Energiepfeil.png
Tefcold;Tefcold-Kühlschrank;Tefcold-Tiefkühlschrank-Glastür;;;Glastür / Tiefkühlschränke;47531;Atom Maxi F2DB;5708181727000;5708181727000;TEFCOLD;3737,00;Gefriergeräte | Glastür – Tiefkühlschränke;1556603;;;;;;;;;;Automatisch;;;;;;;;1205;;;;;;;;;;;;;;;10;;;;;;;;;;;;;;;;;;Elektronisch;;;;;;;;;;;;;;;;;;;;;;;2 Dreh-Glastüren;;;;;;;;;;;;;1253;2003;760;;;;;;140;;;;;;;;;;;;;270;1006;;;;;;;;;;;;;;;;;;;;;46.3;D;;17.47;6377;;;;;;;Schwarz RAL9005;Weiß;;;;;;;;;;;;;;;;;;;;;;;;;;65;;;;;;;;;;;;;;;;;;;;;;;1133;1538;580;LED;;;;;;;;;3;;;;;;;;;;;;;2 x 80;R290 / GWP 3;;;Ventiliert;;;;;;;;;;;;;;;;;;;;;;;;Weiß, RAL 9003;;;;;;+25°C, 60% RH;;;;;;;;;;;;;;;;;;;;;;;;;240;702;;;;;;;;;;;;;;;;;;;;;;;;;;;;;;;;;;;;;;;4 Rollen;;;;10 verstellbar;;;;;;;;;;;;;;;;;220-240/50;;;Ja;;;;;;;;;;;Thermometer;-18 bis -22;;;;;;;;;;;;;;;Ja;;Ja;;Nein;;;;;;;;;;;;;;;;;;;;;;;;;;1.39;;;;;;;;;;;;;;;;;;;;;;;;;;;;;;;;;;;;;;27;;;;;;;;;;551 x 470 mm;;1278;780;2090;Atom_Maxi_F2DB_Produktblatt.pdf;Atom_Maxi_F2DB_Betriebsanleitung.pdf;Atom_Maxi_F2DB_Ersatzteilliste.pdf;Atom_Maxi_F2DB_Energielabel.pdf;Atom_Maxi_F2DB_Energiepfeil.png
Tefcold;Tefcold-Kühlschrank;Tefcold-Tiefkühlschrank-Glastür;;;Glastür / Tiefkühlschränke;53981;Atom Maxi F2DBB;5708181738624;5708181738624;TEFCOLD;3667,00;DEALS + | Komplett in SchwarzGefriergeräte | Glastür – Tiefkühlschränke;1556603;;;;;;;;;;Automatisch;;;;;;;;1205;;;;;;;;;;;;;;;10;;;;;;;;;;;;;;;;;;Elektronisch;;;;;;;;;;;;;;;;;;;;;;;2 Dreh-Glastüren;;;;;;;;;;;;;1253;2003;760;;;;;;140;;;;;;;;;;;;;270;1006;;;;;;;;;;;;;;;;;;;;;46.3;D;;17.47;6377;;;;;;;Schwarz RAL9005;Schwarz;;;;;;;;;;;;;;;;;;;;;;;;;;65;;;;;;;;;;;;;;;;;;;;;;;1133;1538;580;LED;;;;;;;;;3;;;;;;;;;;;;;2 x 80;R290 / GWP 3;;;Ventiliert;;;;;;;;;;;;;;;;;;;;;;;;Schwarz;;;;;;+25°C, 60% RH;;;;;;;;;;;;;;;;;;;;;;;;;240;702;;;;;;;;;;;;;;;;;;;;;;;;;;;;;;;;;;;;;;;4 Rollen;;;;10 verstellbar;;;;;;;;;;;;;;;;;220-240/50;;;Ja;;;;;;;;;;;Thermometer;-18 bis -22;;;;;;;;;;;;;;;Ja;;Ja;;Nein;;;;;;;;;;;;;;;;;;;;;;;;;;1.39;;;;;;;;;;;;;;;;;;;;;;;;;;;;;;;;;;;;;;27;;;;;;;;;;551 x 470 mm;;1278;780;2090;Atom_Maxi_F2DBB_Produktblatt.pdf;Atom_Maxi_F2DBB_Betriebsanleitung.pdf;Atom_Maxi_F2DBB_Ersatzteilliste.pdf;Atom_Maxi_F2DBB_Energielabel.pdf;Atom_Maxi_F2DBB_Energiepfeil.png
Tefcold;Tefcold-Kühlschrank;Tefcold-Tiefkühlschrank-Glastür;;;Glastür / Tiefkühlschränke;47533;Atom Maxi F3DB;5708181727017;5708181727017;TEFCOLD;4811,00;Gefriergeräte | Glastür – Tiefkühlschränke;1556645;;;;;;;;;;Automatisch;;;;;;;;1280;;;;;;;;;;;;;;;15;;;;;;;;;;;;;;;;;;Elektronisch;;;;;;;;;;;;;;;;;;;;;;;3 Dreh-Glastüren;;;;;;;;;;;;;1880;2003;760;;;;;;140;;;;;;;;;;;;;355;1563;;;;;;;;;;;;;;;;;;;;;45.3;D;;23.84;8702;;;;;;;Schwarz RAL9005;Weiß;;;;;;;;;;;;;;;;;;;;;;;;;;70;;;;;;;;;;;;;;;;;;;;;;;1760;1538;580;LED;;;;;;;;;3;;;;;;;;;;;;;2 x 95;R290 / GWP 3;;;Ventiliert;;;;;;;;;;;;;;;;;;;;;;;;Weiß, RAL 9003;;;;;;+25°C, 60% RH;;;;;;;;;;;;;;;;;;;;;;;;;305;1090;;;;;;;;;;;;;;;;;;;;;;;;;;;;;;;;;;;;;;;6 Rollen;;;;15 verstellbar;;;;;;;;;;;;;;;;;220-240/50;;;Ja;;;;;;;;;;;Thermometer;-18 bis -22;;;;;;;;;;;;;;;Ja;;Ja;;Nein;;;;;;;;;;;;;;;;;;;;;;;;;;2.09;;;;;;;;;;;;;;;;;;;;;;;;;;;;;;;;;;;;;;18;;;;;;;;;;551 x 470 mm  624 x 470 mm;;1905;780;2090;Atom_Maxi_F3DB_Produktblatt.pdf;Atom_Maxi_F3DB_Betriebsanleitung.pdf;Atom_Maxi_F3DB_Ersatzteilliste.pdf;Atom_Maxi_F3DB_Energielabel.pdf;Atom_Maxi_F3DB_Energiepfeil.png
Tefcold;Tefcold-Kühlschrank;Tefcold-Tiefkühlschrank-Glastür;;;Glastür / Tiefkühlschränke;53982;Atom Maxi F3DBB;5708181738631;5708181738631;TEFCOLD;4721,00;DEALS + | Komplett in SchwarzGefriergeräte | Glastür – Tiefkühlschränke;1556645;;;;;;;;;;Automatisch;;;;;;;;1280;;;;;;;;;;;;;;;15;;;;;;;;;;;;;;;;;;Elektronisch;;;;;;;;;;;;;;;;;;;;;;;3 Dreh-Glastüren;;;;;;;;;;;;;1880;2003;760;;;;;;140;;;;;;;;;;;;;355;1563;;;;;;;;;;;;;;;;;;;;;45.3;D;;23.84;8702;;;;;;;Schwarz RAL9005;Schwarz;;;;;;;;;;;;;;;;;;;;;;;;;;70;;;;;;;;;;;;;;;;;;;;;;;1760;1538;580;LED;;;;;;;;;3;;;;;;;;;;;;;2 x 95;R290 / GWP 3;;;Ventiliert;;;;;;;;;;;;;;;;;;;;;;;;Schwarz;;;;;;+25°C, 60% RH;;;;;;;;;;;;;;;;;;;;;;;;;305;1090;;;;;;;;;;;;;;;;;;;;;;;;;;;;;;;;;;;;;;;6 Rollen;;;;15 verstellbar;;;;;;;;;;;;;;;;;220-240/50;;;Ja;;;;;;;;;;;Thermometer;-18 bis -22;;;;;;;;;;;;;;;Ja;;Ja;;Nein;;;;;;;;;;;;;;;;;;;;;;;;;;2.09;;;;;;;;;;;;;;;;;;;;;;;;;;;;;;;;;;;;;;18;;;;;;;;;;551 x 470 mm  624 x 470 mm;;1905;780;2090;Atom_Maxi_F3DBB_Produktblatt.pdf;Atom_Maxi_F3DBB_Betriebsanleitung.pdf;Atom_Maxi_F3DBB_Ersatzteilliste.pdf;Atom_Maxi_F3DBB_Energielabel.pdf;Atom_Maxi_F3DBB_Energiepfeil.png
Tefcold;Tefcold-Kühlschrank;Tefcold-Tiefkühlschrank-Glastür;;;Glastür / Tiefkühlschränke;71793;FSF176VH B;5708181761615;5708181761615;TEFCOLD;2098,00;Gefriergeräte | Glastür – TiefkühlschränkeDEALS + | Produktneuheiten;2600390;;;;;;;;;;Automatisch;;;;;;;;800;;;;;;;;;;;;;;;;;;;;;;;;;;;;;;;;;Elektronisch;;;;;;;;;L-Form;;;;;;;;;;;;;;1 Beheizte Dreh-Glastür;;;;;;;;;;;;;435;2016;531;;;;;;;;;;;;;;;;;;;97;190;;;;;;;;;;;;;;;;;;;;;63.2;E;;9.404;3432.46;;;;;;;Schwarz;Weiß;;;;;;;;;;;;;;;;;;;;2 Stellfüße;;;;;;56;;;;;;;;;;;;;;;;;;;;;;;357;1410;362;LED Vertikal;;;;;;;;;7;;;;;;;;;;;;;75;R290 / GWP 3;;;Ventiliert;;;;;;;;;;;;;;;;;;;;;;;;Weiß;;;;;;+35°C, 75% RH;;;;;;;;;;;;;;;;;;;;;;;;;88;113;;;;;;;;;;;;;;;;;;;;;;;;;;;;;;;;;;;;;;;4 Rollen;;;;5 Tragroste;;;;;;;;;;;;;;;;;220-240/50;;;Ja;;;;;;;;;;;Thermometer;-23 bis -12;;;;;;;;;;;;;;;Ja;;;;Nein;;;;;;;;;;;;;;;;;;;;;;;;;;0.39;;;;;;;;;;;;;;;;;;;;;;;;;;;;;;;;;;;;;;96;;;;;;;;;;335 x 265 mm;;500;585;2180;FSF176VH_B_Produktblatt.pdf;FSF176VH_B_Betriebsanleitung.pdf;FSF176VH_B_Ersatzteilliste.pdf;FSF176VH_B_Energielabel.pdf;FSF176VH_B_Energiepfeil.png
Tefcold;Tefcold-Kühlschrank;Tefcold-Tiefkühlschrank-Glastür;;;Glastür / Tiefkühlschränke;16326;GF200VSG;5708181360849;5708181360849;TEFCOLD;1355,00;Gefriergeräte | Glastür – TiefkühlschränkeGefriergeräte | Auftisch – Tiefkühlschränke;;;;;;;;;;;Automatisch, elektrisch;;;;;;;;280;;;;;;;;;;;;;;;;;;;;;;;;;;;;;;;;;Elektronisch;;;;;;;;;;;;;;;;;;;;;;;1 Beheizte Dreh-Glastür;;;;;;;;;;;;;595;875;525;;;;;;;;;;;;;;;;;;;52;112;;;;;;;;;;;;;;;;;;;;;;;;2.5;913;;;;;;;Edelstahl;Weiß;;;;;;;;;;;;;;;;;;;;4 Stellfüße;;;;;;42;;;;;;;;;;;;;;;;;;;;;;;485;676;395;LED, kaltweiß;;;;;;;;;4;;;;;;;;;;;;;80;R290 / GWP 3;;;Ventiliert;;;;;;;;;;;;;;;;;;;;;;;;Edelstahl;;;;;;+30°C, 55% RH;;;;;;;;;;;;;;;;;;;;;;;;;45;79;;;;;;;;;;;;;;;;;;;;;;;;;;;;;;;;;;;;;;;;;;;3 Tragroste, chrom;;;;;;;;;;;;;;;;;220-240/50;;;Ja;;;;;;;;;;;Thermometer;-15 bis -2;;;;;;;;;;;;;;;Nein;;Ja;;Nein;;;;;;;;;;;;;;;;;;;;;;;;;;;;;;;;;;;;;;;;;;;;;;;;;;;;;;;;;;;;;;;;144;;;;;;;;;;460 x 260 mm;;630;575;930;GF200VSG_Produktblatt.pdf;GF200VSG_Betriebsanleitung.pdf;GF200VSG_Ersatzteilliste.pdf;GF200VSG_Energielabel.pdf;GF200VSG_Energiepfeil.png
Tefcold;Tefcold-Kühlschrank;Tefcold-Tiefkühlschrank-Glastür;;;Glastür / Tiefkühlschränke;69842;GLEE 45W-v3-Lite;5708181757977;5708181757977;IARP;2615,00;Gefriergeräte | Glastür – Tiefkühlschränke;1892095;;;;;;;;;;Automatisch;;;;;;;;744;;;;;;;;;;;;;;;5;;;;;;;;;;;;;;;;;;Elektronisch;;;;;;;;;;;;;;;;;;;;;;;1 Dreh-Glastür;;;;;;;;;;;;;670;1965;640.5;;;;;;;;;;;;;;;;;;;134;410;;;;;;;;;;;;;;;;;;;;;34.8;C;;8.17;2989;;;;;;;Weiß;Weiß;;;;;;;;;;;;;;;;;;;;Stellfüße;;;;;;;;;;;;;;;;;;;;;;;;;;;;;550;1295;495;LED;;;;;;;;;7;;;;;;;;;;;;;;R290 / GWP 3;;;Umluft;;;;;;;;;;;;;;;;;;;;;;;;Weiß;;;;;;+35°C, 75% RH;;;;;;;;;;;;;;;;;;;;;;;;;126;258;;;;;;;;;;;;;;;;;;;;;;;;;;;;;;;;;;;;;;;Rollen;;;;5 Tragroste, weiß;;;;;;;;;;;;;;;;;220-240/50;;;Ja;;;;;;;;;;;Thermometer;-25 bis -18;;;;;;;;;;;;;;;Nein;;;;;;;;;;;;;;;;;;;;;;;;;;;;;;0.72;;;;;;;;;;;;;;;;;;;;;;;;;;;;;;;;;;;;;;17;;;;;;;;;;530 x 387 mm;;;;;GLEE_45W-v3-Lite_Produktblatt.pdf;GLEE_45W-v3-Lite_Betriebsanleitung.pdf;GLEE_45W-v3-Lite_Ersatzteilliste.pdf;GLEE_45W-v3-Lite_Energielabel.pdf;GLEE_45W-v3-Lite_Energiepfeil.png
Tefcold;Tefcold-Kühlschrank;Tefcold-Tiefkühlschrank-Glastür;;;Glastür / Tiefkühlschränke;54984;LGF2500;5708181740535;5708181740535;TEFCOLD;1958,00;DEALS + | ProduktneuheitenGefriergeräte | Glastür – Tiefkühlschränke;438095;;;;;;;;;;Automatisch, elektrisch;;;;;;;;650;;;;;;;;;;;;;;;4;;;;;;;;;;;;;;;;;;Elektronisch;;;;;;;;;;;;;;;;;;;;;;;1 Dreh-Glastür;;;;;;;;;;;;;685;2065;805;;;;;;;;;;;;;;;;;;;140;496;;;;;;;;;;;;;;;;;;;;;34;C;;7.79;2842;;;;;;;Weiß;;;;;;;;;;;;;;;;;;;;;;;;;;;59;;;;;;;;;;;;;;;;;;;;;;;565;1520;640;2 x LED vertikal im Türrahmen;;;;;;;;;4;;;;;;;;;;;;;120;R290 / GWP 3;;;Ventiliert;;;;;;;;;;;;;;;;;;;;;;;;Weiß;;;;;;+30°C, 55% RH;;;;;;;;;;;;;;;;;;;;;;;;;120;405;;;;;;;;;;;;;;;;;;;;;;;;;;;;;;;;;;;;;;;;;;;4;;;;;;;;;;;;;;;;;220-240/50;;;Ja;;;;;;;;;;;Thermometer;-25 bis -14;;;;;;;;;;;;;;;;;Ja;;Nein;;;;;;;;;;;;;;;;;;;;;;;;;;0.69;;;;;;;;;;;;;;;;;;;;;;;;;;;;;;;;;;;;;;44;;;;;;;;;;545*622;;745;860;2210;LGF2500_Produktblatt.pdf;LGF2500_Betriebsanleitung.pdf;LGF2500_Ersatzteilliste.pdf;LGF2500_Energielabel.pdf;LGF2500_Energiepfeil.png
Tefcold;Tefcold-Kühlschrank;Tefcold-Tiefkühlschrank-Glastür;;;Glastür / Tiefkühlschränke;56021;LGF2500B;5708181742232;5708181742232;TEFCOLD;1958,00;Gefriergeräte | Glastür – TiefkühlschränkeDEALS + | Komplett in SchwarzDEALS + | Produktneuheiten;438095;;;;;;;;;;Automatisch, elektrisch;;;;;;;;650;;;;;;;;;;;;;;;4;;;;;;;;;;;;;;;;;;Elektronisch;;;;;;;;;;;;;;;;;;;;;;;1 Dreh-Glastür;;;;;;;;;;;;;685;2065;805;;;;;;;;;;;;;;;;;;;140;496;;;;;;;;;;;;;;;;;;;;;34;C;;7.79;2842;;;;;;;Schwarz RAL9005;;;;;;;;;;;;;;;;;;;;;;;;;;;59;;;;;;;;;;;;;;;;;;;;;;;565;1520;640;2 x LED vertikal im Türrahmen;;;;;;;;;4;;;;;;;;;;;;;120;R290 / GWP 3;;;Ventiliert;;;;;;;;;;;;;;;;;;;;;;;;Schwarz;;;;;;+30°C, 55% RH;;;;;;;;;;;;;;;;;;;;;;;;;120;405;;;;;;;;;;;;;;;;;;;;;;;;;;;;;;;;;;;;;;;;;;;4;;;;;;;;;;;;;;;;;220-240/50;;;Ja;;;;;;;;;;;Thermometer;-25 bis -14;;;;;;;;;;;;;;;;;Ja;;Nein;;;;;;;;;;;;;;;;;;;;;;;;;;0.69;;;;;;;;;;;;;;;;;;;;;;;;;;;;;;;;;;;;;;44;;;;;;;;;;545*622;;745;860;2210;LGF2500B_Produktblatt.pdf;LGF2500B_Betriebsanleitung.pdf;LGF2500B_Ersatzteilliste.pdf;LGF2500B_Energielabel.pdf;LGF2500B_Energiepfeil.png
Tefcold;Tefcold-Kühlschrank;Tefcold-Tiefkühlschrank-Glastür;;;Glastür / Tiefkühlschränke;54985;LGF5000;5708181740542;5708181740542;TEFCOLD;3367,00;DEALS + | ProduktneuheitenGefriergeräte | Glastür – Tiefkühlschränke;458608;;;;;;;;;;Automatisch, elektrisch;;;;;;;;1200;;;;;;;;;;;;;;;8;;;;;;;;;;;;;;;;;;Elektronisch;;;;;;;;;;;;;;;;;;;;;;;2 Dreh-Glastüren;;;;;;;;;;;;;1382;2065;805;;;;;;;;;;;;;;;;;;;210;1108;;;;;;;;;;;;;;;;;;;;;34;C;;12.77;4660;;;;;;;Weiß;;;;;;;;;;;;;;;;;;;;;;;;;;;61;;;;;;;;;;;;;;;;;;;;;;;1262;1520;640;2 x LED vertikal im Türrahmen;;;;;;;;;4;;;;;;;;;;;;;150;R290 / GWP 3;;;Ventiliert;;;;;;;;;;;;;;;;;;;;;;;;Weiß;;;;;;+30°C, 55% RH;;;;;;;;;;;;;;;;;;;;;;;;;190;922;;;;;;;;;;;;;;;;;;;;;;;;;;;;;;;;;;;;;;;;;;;8;;;;;;;;;;;;;;;;;220-240/50;;;Ja;;;;;;;;;;;Thermometer;-25 bis -14;;;;;;;;;;;;;;;;;Ja;;Nein;;;;;;;;;;;;;;;;;;;;;;;;;;1.38;;;;;;;;;;;;;;;;;;;;;;;;;;;;;;;;;;;;;;22;;;;;;;;;;618*622;;1430;860;2210;LGF5000_Produktblatt.pdf;LGF5000_Betriebsanleitung.pdf;LGF5000_Ersatzteilliste.pdf;LGF5000_Energielabel.pdf;LGF5000_Energiepfeil.png
Tefcold;Tefcold-Kühlschrank;Tefcold-Tiefkühlschrank-Glastür;;;Glastür / Tiefkühlschränke;56022;LGF5000B;5708181742249;5708181742249;TEFCOLD;3367,00;Gefriergeräte | Glastür – TiefkühlschränkeDEALS + | Komplett in SchwarzDEALS + | Produktneuheiten;458608;;;;;;;;;;Automatisch, elektrisch;;;;;;;;1200;;;;;;;;;;;;;;;10;;;;;;;;;;;;;;;;;;Elektronisch;;;;;;;;;;;;;;;;;;;;;;;2 Dreh-Glastüren;;;;;;;;;;;;;1382;2065;805;;;;;;;;;;;;;;;;;;;210;1108;;;;;;;;;;;;;;;;;;;;;34;C;;12.77;4660;;;;;;;Schwarz RAL9005;;;;;;;;;;;;;;;;;;;;;;;;;;;61;;;;;;;;;;;;;;;;;;;;;;;1262;1520;640;2 x LED vertikal im Türrahmen;;;;;;;;;4;;;;;;;;;;;;;150;R290 / GWP 3;;;Ventiliert;;;;;;;;;;;;;;;;;;;;;;;;Schwarz;;;;;;+30°C, 55% RH;;;;;;;;;;;;;;;;;;;;;;;;;190;922;;;;;;;;;;;;;;;;;;;;;;;;;;;;;;;;;;;;;;;;;;;10;;;;;;;;;;;;;;;;;220-240/50;;;Ja;;;;;;;;;;;Thermometer;-25 bis -14;;;;;;;;;;;;;;;;;Ja;;Nein;;;;;;;;;;;;;;;;;;;;;;;;;;1.38;;;;;;;;;;;;;;;;;;;;;;;;;;;;;;;;;;;;;;22;;;;;;;;;;618*622;;1430;860;2210;LGF5000B_Produktblatt.pdf;LGF5000B_Betriebsanleitung.pdf;LGF5000B_Ersatzteilliste.pdf;LGF5000B_Energielabel.pdf;LGF5000B_Energiepfeil.png
Tefcold;Tefcold-Kühlschrank;Tefcold-Tiefkühlschrank-Glastür;;;Glastür / Tiefkühlschränke;54986;LGF7500;5708181740559;5708181740559;TEFCOLD;4577,00;DEALS + | ProduktneuheitenGefriergeräte | Glastür – Tiefkühlschränke;460033;;;;;;;;;;Automatisch, elektrisch;;;;;;;;1200;;;;;;;;;;;;;;;12;;;;;;;;;;;;;;;;;;Elektronisch;;;;;;;;;;;;;;;;;;;;;;;3 Dreh-Glastüren;;;;;;;;;;;;;2079;2065;805;;;;;;;;;;;;;;;;;;;255;2050;;;;;;;;;;;;;;;;;;;;;49;D;;25.57;9335;;;;;;;Weiß;;;;;;;;;;;;;;;;;;;;;;;;;;;75;;;;;;;;;;;;;;;;;;;;;;;1959;1520;640;2 x LED vertikal im Türrahmen;;;;;;;;;4;;;;;;;;;;;;;120;R290 / GWP 3;;;Ventiliert;;;;;;;;;;;;;;;;;;;;;;;;Weiß;;;;;;+30°C, 55% RH;;;;;;;;;;;;;;;;;;;;;;;;;240;1436;;;;;;;;;;;;;;;;;;;;;;;;;;;;;;;;;;;;;;;;;;;12;;;;;;;;;;;;;;;;;220-240/50;;;Ja;;;;;;;;;;;Thermometer;-25 bis -14;;;;;;;;;;;;;;;;;Ja;;Nein;;;;;;;;;;;;;;;;;;;;;;;;;;2.07;;;;;;;;;;;;;;;;;;;;;;;;;;;;;;;;;;;;;;14;;;;;;;;;;618*622 / 690*622;;2130;860;2210;LGF7500_Produktblatt.pdf;LGF7500_Betriebsanleitung.pdf;LGF7500_Ersatzteilliste.pdf;LGF7500_Energielabel.pdf;LGF7500_Energiepfeil.png
Tefcold;Tefcold-Kühlschrank;Tefcold-Tiefkühlschrank-Glastür;;;Glastür / Tiefkühlschränke;56023;LGF7500B;5708181742256;5708181742256;TEFCOLD;4472,00;Gefriergeräte | Glastür – TiefkühlschränkeDEALS + | Komplett in SchwarzDEALS + | Produktneuheiten;460033;;;;;;;;;;Automatisch, elektrisch;;;;;;;;1200;;;;;;;;;;;;;;;12;;;;;;;;;;;;;;;;;;Elektronisch;;;;;;;;;;;;;;;;;;;;;;;3 Dreh-Glastüren;;;;;;;;;;;;;2079;2065;805;;;;;;;;;;;;;;;;;;;255;2050;;;;;;;;;;;;;;;;;;;;;49;D;;25.57;9335;;;;;;;Schwarz RAL9005;;;;;;;;;;;;;;;;;;;;;;;;;;;75;;;;;;;;;;;;;;;;;;;;;;;1959;1520;640;2 x LED vertikal im Türrahmen;;;;;;;;;4;;;;;;;;;;;;;120;R290 / GWP 3;;;Ventiliert;;;;;;;;;;;;;;;;;;;;;;;;Schwarz;;;;;;+30°C, 55% RH;;;;;;;;;;;;;;;;;;;;;;;;;240;1436;;;;;;;;;;;;;;;;;;;;;;;;;;;;;;;;;;;;;;;;;;;12;;;;;;;;;;;;;;;;;220-240/50;;;Ja;;;;;;;;;;;Thermometer;-25 bis -14;;;;;;;;;;;;;;;;;Ja;;Nein;;;;;;;;;;;;;;;;;;;;;;;;;;2.07;;;;;;;;;;;;;;;;;;;;;;;;;;;;;;;;;;;;;;14;;;;;;;;;;618*622 / 690*622;;2130;860;2210;LGF7500B_Produktblatt.pdf;LGF7500B_Betriebsanleitung.pdf;LGF7500B_Ersatzteilliste.pdf;LGF7500B_Energielabel.pdf;LGF7500B_Energiepfeil.png
Tefcold;Tefcold-Kühlschrank;Tefcold-Tiefkühlschrank-Glastür;;;Glastür / Tiefkühlschränke;16330;UF100G;5708181512361;5708181512361;TEFCOLD;805,00;Eiscreme – Gefriergeräte | Auftisch – TiefkühlschränkeGefriergeräte | Glastür – TiefkühlschränkeGefriergeräte | Auftisch – Tiefkühlschränke;558316;;;;;;;;;;Manuell;;;;;;;;230;;;;;;;;;;;;;;;3;;;;;;;;;;;;;;;;;;Mechanisch;;;;;;;;;;;;;;;;;;;;;;;1 Beheizte Dreh-Glastür;;;;;;;;;;;;;610;670;540;;;;;;;;;;;;;;;;;;;49;90;;;;;;;;;;;;;;;;;;;;;25;C;;3.18;1159;;;;;;;Weiß;Weiß;;;;;;;;;;;;;;;;;;;;4 Stellfüße;;;;;;45;;;;;;;;;;;;;;;;;;;;;;;500;540;430;LED;;;;;;;;;4;;;;;;;;;;;;;60;R290 / GWP 3;;;Statisch;;;;;;;;;;;;;;;;;;;;;;;;Aluminium;;;;;;+30°C, 55% RH;;;;;;;;;;;;;;;;;;;;;;;;;44;88;;;;;;;;;;;;;;;;;;;;;;;;;;;;;;;;;;;;;;;2 Rollen;;;;3 Tragroste, weiß;;;;;;;;;;;;;;;;;220-240/50;;;Ja;;;;;;;;;;;Thermometer;-24 bis -12;;;;;;;;;;;;;;;Ja;;Ja;;Nein;;;;;;;;;;;;;;;;;;;;;;;;;;0.27;;;;;;;;;;;;;;;;;;;;;;;;;;;;;;;;;;;;;;171;;;;;;;;;;485 x 420 / 200 mm;;640;600;740;UF100G_Produktblatt.pdf;UF100G_Betriebsanleitung.pdf;UF100G_Ersatzteilliste.pdf;UF100G_Energielabel.pdf;UF100G_Energiepfeil.png
Tefcold;Tefcold-Kühlschrank;Tefcold-Tiefkühlschrank-Glastür;;;Glastür / Tiefkühlschränke;16328;UF100GCP;5708181512378;5708181512378;TEFCOLD;948,00;Eiscreme – Gefriergeräte | Auftisch – TiefkühlschränkeGefriergeräte | Glastür – TiefkühlschränkeGefriergeräte | Auftisch – Tiefkühlschränke;565976;;;;;;;;;;Manuell;;;;;;;;300;;;;;;;;;;;;;;;3;;;;;;;;;;;;;;;;;;Mechanisch;;;;;;;;;Gewölbt;;;;;;;;;;;;;;1 Beheizte Dreh-Glastür;;;;;;;;;;;;;610;890;555;;;;;;122;;;;;;;;;;;;;59;116;;;;;;;;;;;;;;;;;;;;;25;C;;3.41;1245;;;;;;;Weiß;Weiß;;;;;;;;;;;;;;;;;;;;4 Stellfüße;;;;;;45;;;;;;;;;;;;;;;;;;;;;;;500;540;430;LED;;;;;;;;;4;;;;;;;;;;;;;60;R290 / GWP 3;;;Statisch;;;;;;;;;;;;;;;;;;;;;;;;Aluminium;;;;;;+30°C, 55% RH;;;;;;;;;;;;;;;;;;;;;;;;;54;113;;;;;;;;;;;;;;;;;;;;;;;;;;;;;;;;;;;;;;;2 Rollen;;;;3 Tragroste, weiß;;;;;;;;;;;;;;;;;220-240/50;;;Ja;;;;;;;;;;;Thermometer;-18 bis -12;;;;;;;;;;;;;;;Ja;;Ja;;Nein;;;;;;;;;;;;;;;;;;;;;;;;;;0.29;;;;;;;;;;;;;;;;;;;;;;;;;;;;;;;;;;;;;;192;40;;;;;;;;;488 x 420 / 200 mm;;655;595;965;UF100GCP_Produktblatt.pdf;UF100GCP_Betriebsanleitung.pdf;UF100GCP_Ersatzteilliste.pdf;UF100GCP_Energielabel.pdf;UF100GCP_Energiepfeil.png
Tefcold;Tefcold-Kühlschrank;Tefcold-Tiefkühlschrank-Glastür;;;Glastür / Tiefkühlschränke;33858;UF200G;5708181994327;5708181994327;TEFCOLD;941,00;Gefriergeräte | Glastür – Tiefkühlschränke;494064;;;;;;;;;;Manuell;;;;;;;;270;;;;;;;;;;;;;;;2;;;;;;;;;;;;;;;;;;Elektronisch;;;;;;;;;;;;;;;;;;;;;;;1 Beheizte Dreh-Glastür;;;;;;;;;;;;;600;855;585;;;;;;110;;;;;;;;;;;;;52;200;;;;;;;;;;;;;;;;;;;;;40;D;;5.48;2001;;;;;;;Weiß;Weiß;;;;;;;;;;;;;;;;;;;;4 Stellfüße;;;;;;40;;;;;;;;;;;;;;;;;;;;;;;484;620;470;LED;;;;;;;;;4;;;;;;;;;;;;;50;R290 / GWP 3;;;Statisch;;;;;;;;;;;;;;;;;;;;;;;;Weiß, ABS;;;;;;+30°C, 55% RH;;;;;;;;;;;;;;;;;;;;;;;;;47;120;;;;;;;;;;;;;;;;;;;;;;;;;;;;;;;;;;;;;;;2 Rollen;;;;2 Feste Gefrierablagen;;;;;;;;;;;;;;;;;220-240/50;;;Ja;;;;;;;;;;;Thermometer;-24 bis -10;;;;;;;;;;;;;;;Ja;;;;Nein;;;;;;;;;;;;;;;;;;;;;;;;;;0.26;;;;;;;;;;;;;;;;;;;;;;;;;;;;;;;;;;;;;;108;;;;;;;;;;490 x 380 mm;;690;650;910;UF200G_Produktblatt.pdf;UF200G_Betriebsanleitung.pdf;UF200G_Ersatzteilliste.pdf;UF200G_Energielabel.pdf;UF200G_Energiepfeil.png
Tefcold;Tefcold-Kühlschrank;Tefcold-Tiefkühlschrank-Glastür;;;Glastür / Tiefkühlschränke;33859;UF200SG;5708181994334;5708181994334;TEFCOLD;1025,00;Gefriergeräte | Glastür – Tiefkühlschränke;494064;;;;;;;;;;Manuell;;;;;;;;270;;;;;;;;;;;;;;;2;;;;;;;;;;;;;;;;;;Elektronisch;;;;;;;;;;;;;;;;;;;;;;;1 Beheizte Dreh-Glastür;;;;;;;;;;;;;600;855;585;;;;;;110;;;;;;;;;;;;;52;200;;;;;;;;;;;;;;;;;;;;;40;D;;5.48;2001;;;;;;;SS 430;Weiß;;;;;;;;;;;;;;;;;;;;4 Stellfüße;;;;;;40;;;;;;;;;;;;;;;;;;;;;;;484;620;470;LED;;;;;;;;;4;;;;;;;;;;;;;50;R290 / GWP 3;;;Statisch;;;;;;;;;;;;;;;;;;;;;;;;Weiß, ABS;;;;;;+30°C, 55% RH;;;;;;;;;;;;;;;;;;;;;;;;;47;120;;;;;;;;;;;;;;;;;;;;;;;;;;;;;;;;;;;;;;;2 Rollen;;;;2 Feste Gefrierablagen;;;;;;;;;;;;;;;;;220-240/50;;;Ja;;;;;;;;;;;Thermometer;-24 bis -10;;;;;;;;;;;;;;;Ja;;;;Nein;;;;;;;;;;;;;;;;;;;;;;;;;;0.26;;;;;;;;;;;;;;;;;;;;;;;;;;;;;;;;;;;;;;108;;;;;;;;;;490 x 380 mm;;690;650;910;UF200SG_Produktblatt.pdf;UF200SG_Betriebsanleitung.pdf;UF200SG_Ersatzteilliste.pdf;UF200SG_Energielabel.pdf;UF200SG_Energiepfeil.png
Tefcold;Tefcold-Kühlschrank;Tefcold-Tiefkühlschrank-Glastür;;;Glastür / Tiefkühlschränke;33863;UF200VG;5708181994365;5708181994365;TEFCOLD;1147,00;Gefriergeräte | Glastür – Tiefkühlschränke;544142;;;;;;;;;;Automatisch, elektrisch;;;;;;;;150;;;;;;;;;;;;;;;3;;;;;;;;;;;;;;;;;;Elektronisch;;;;;;;;;;;;;;;;;;;;;;;1 Beheizte Dreh-Glastür;;;;;;;;;;;;;600;850;595;;;;;;110;;;;;;;;;;;;;52;200;;;;;;;;;;;;;;;;;;;;;46.5;D;;6.21;2268;;;;;;;Weiß;Weiß;;;;;;;;;;;;;;;;;;;;4 Stellfüße;;;;;;42;;;;;;;;;;;;;;;;;;;;;;;484;620;470;LED;;;;;;;;;4;;;;;;;;;;;;;45;R290 / GWP 3;;;Ventiliert;;;;;;;;;;;;;;;;;;;;;;;;Weiß, ABS;;;;;;+30°C, 55% RH;;;;;;;;;;;;;;;;;;;;;;;;;47;120;;;;;;;;;;;;;;;;;;;;;;;;;;;;;;;;;;;;;;;2 Rollen;;;;3 Tragroste, weiß;;;;;;;;;;;;;;;;;220-240/50;;;Ja;;;;;;;;;;;Thermometer;-24 bis -10;;;;;;;;;;;;;;;Ja;;;;Nein;;;;;;;;;;;;;;;;;;;;;;;;;;0.24;;;;;;;;;;;;;;;;;;;;;;;;;;;;;;;;;;;;;;108;;;;;;;;;;490 x 380 mm;;690;650;910;UF200VG_Produktblatt.pdf;UF200VG_Betriebsanleitung.pdf;UF200VG_Ersatzteilliste.pdf;UF200VG_Energielabel.pdf;UF200VG_Energiepfeil.png
Tefcold;Tefcold-Kühlschrank;Tefcold-Tiefkühlschrank-Glastür;;;Glastür / Tiefkühlschränke;66889;UF200VGW;10682|14555|14885|41554|68105|14669|14680;5708181751937;TEFCOLD;-;DEALS + | ProduktneuheitenGefriergeräte | Glastür – Tiefkühlschränke;544142;;;;;;;;;;Automatisch, elektrisch;;;;;;;;150;;;;;;;;;;;;;;;;;;;;;;;;;;;;;;;;;Elektronisch;;;;;;;;;;;;;;;;;;;;;;;1 Beheizte Dreh-Glastür;;;;;;;;;;;;;600;850;595;;;;;;110;;;;;;;;;;;;;52;200;;;;;;;;;;;;;;;;;;;;;46.5;D;;6.21;2268;;;;;;;Weiß;Weiß;;;;;;;;;;;;;;;;;;;;4 Stellfüße;;;;;;42;;;;;;;;;;;;;;;;;;;;;;;484;620;470;LED;;;;;;;;;4;;;;;;;;;;;;;45;R290 / GWP 3;;;Ventiliert;;;;;;;;;;;;;;;;;;;;;;;;Weiß, ABS;;;;;;+30°C, 55% RH;;;;;;;;;;;;;;;;;;;;;;;;;47;120;;;;;;;;;;;;;;;;;;;;;;;;;;;;;;;;;;;;;;;2 Rollen;;;;3 Tragroste, weiß;;;;;;;;;;;;;;;;;220-240/50;;;;;;;;;;;;;;Thermometer;-24 bis -10;;;;;;;;;;;;;;;Ja;;;;Nein;;;;;;;;;;;;;;;;;;;;;;;;;;0.24;;;;;;;;;;;;;;;;;;;;;;;;;;;;;;;;;;;;;;108;;;;;;;;;;490 x 380 mm;;690;650;910;UF200VGW_Produktblatt.pdf;UF200VGW_Betriebsanleitung.pdf;UF200VGW_Ersatzteilliste.pdf;UF200VGW_Energielabel.pdf;UF200VGW_Energiepfeil.pdf
Tefcold;Tefcold-Kühlschrank;Tefcold-Tiefkühlschrank-Glastür;;;Glastür / Tiefkühlschränke;33864;UF200VSG;5708181994372;5708181994372;TEFCOLD;1226,00;Gefriergeräte | Glastür – Tiefkühlschränke;544142;;;;;;;;;;Automatisch, elektrisch;;;;;;;;150;;;;;;;;;;;;;;;3;;;;;;;;;;;;;;;;;;Elektronisch;;;;;;;;;;;;;;;;;;;;;;;1 Beheizte Dreh-Glastür;;;;;;;;;;;;;600;850;600;;;;;;110;;;;;;;;;;;;;52;200;;;;;;;;;;;;;;;;;;;;;46.5;D;;6.21;2268;;;;;;;SS 430;Weiß;;;;;;;;;;;;;;;;;;;;4 Stellfüße;;;;;;42;;;;;;;;;;;;;;;;;;;;;;;484;620;470;LED;;;;;;;;;4;;;;;;;;;;;;;45;R290 / GWP 3;;;Ventiliert;;;;;;;;;;;;;;;;;;;;;;;;Weiß, ABS;;;;;;+30°C, 55% RH;;;;;;;;;;;;;;;;;;;;;;;;;47;120;;;;;;;;;;;;;;;;;;;;;;;;;;;;;;;;;;;;;;;2 Rollen;;;;3 Tragroste, weiß;;;;;;;;;;;;;;;;;220-240/50;;;Ja;;;;;;;;;;;Thermometer;-24 bis -10;;;;;;;;;;;;;;;Ja;;;;Nein;;;;;;;;;;;;;;;;;;;;;;;;;;0.24;;;;;;;;;;;;;;;;;;;;;;;;;;;;;;;;;;;;;;108;;;;;;;;;;490 x 380 mm;;690;650;910;UF200VSG_Produktblatt.pdf;UF200VSG_Betriebsanleitung.pdf;UF200VSG_Ersatzteilliste.pdf;UF200VSG_Energielabel.pdf;UF200VSG_Energiepfeil.png
Tefcold;Tefcold-Kühlschrank;Tefcold-Tiefkühlschrank-Glastür;;;Glastür / Tiefkühlschränke;33856;UF400G;5708181994303;5708181994303;TEFCOLD;1336,00;Gefriergeräte | Glastür – Tiefkühlschränke;494146;;;;;;;;;;Manuell;;;;;;;;380;;;;;;;;;;;;;;;7;;;;;;;;;;;;;;;;;;Elektronisch;;;;;;;;;;;;;;;;;;;;;;;1 Beheizte Dreh-Glastür;;;;;;;;;;;;;600;1855;585;;;;;;110;;;;;;;;;;;;;85;400;;;;;;;;;;;;;;;;;;;;;22.5;C;;5.29;1930;;;;;;;Weiß;Weiß;;;;;;;;;;;;;;;;;;;;4 Stellfüße;;;;;;40;;;;;;;;;;;;;;;;;;;;;;;484;1620;470;LED;;;;;;;;;4;;;;;;;;;;;;;110;R290 / GWP 3;;;Umluft;;;;;;;;;;;;;;;;;;;;;;;;Weiß, ABS;;;;;;+30°C, 55% RH;;;;;;;;;;;;;;;;;;;;;;;;;80;340;;;;;;;;;;;;;;;;;;;;;;;;;;;;;;;;;;;;;;;2 Rollen;;;;7 Feste Gefrierablagen;;;;;;;;;;;;;;;;;220-240/50;;;Ja;;;;;;;;;;;Thermometer;-24 bis -10;;;;;;;;;;;;;;;Ja;;;;Nein;;;;;;;;;;;;;;;;;;;;;;;;;;0.72;;;;;;;;;;;;;;;;;;;;;;;;;;;;;;;;;;;;;;54;;;;;;;;;;490 x 420 mm;;690;650;2050;UF400G_Produktblatt.pdf;UF400G_Betriebsanleitung.pdf;UF400G_Ersatzteilliste.pdf;UF400G_Energielabel.pdf;UF400G_Energiepfeil.png
Tefcold;Tefcold-Kühlschrank;Tefcold-Tiefkühlschrank-Glastür;;;Glastür / Tiefkühlschränke;33857;UF400SG;5708181994310;5708181994310;TEFCOLD;1468,00;Gefriergeräte | Glastür – Tiefkühlschränke;494146;;;;;;;;;;Manuell;;;;;;;;380;;;;;;;;;;;;;;;7;;;;;;;;;;;;;;;;;;Elektronisch;;;;;;;;;;;;;;;;;;;;;;;1 Beheizte Dreh-Glastür;;;;;;;;;;;;;600;1855;585;;;;;;110;;;;;;;;;;;;;85;400;;;;;;;;;;;;;;;;;;;;;22.5;C;;5.29;1930;;;;;;;SS 430;Weiß;;;;;;;;;;;;;;;;;;;;4 Stellfüße;;;;;;40;;;;;;;;;;;;;;;;;;;;;;;484;1620;470;LED;;;;;;;;;4;;;;;;;;;;;;;110;R290 / GWP 3;;;Statisch;;;;;;;;;;;;;;;;;;;;;;;;Weiß, ABS;;;;;;+30°C, 55% RH;;;;;;;;;;;;;;;;;;;;;;;;;80;340;;;;;;;;;;;;;;;;;;;;;;;;;;;;;;;;;;;;;;;2 Rollen;;;;7 Feste Gefrierablagen;;;;;;;;;;;;;;;;;220-240/50;;;Ja;;;;;;;;;;;Thermometer;-24 bis -10;;;;;;;;;;;;;;;Ja;;;;Nein;;;;;;;;;;;;;;;;;;;;;;;;;;0.72;;;;;;;;;;;;;;;;;;;;;;;;;;;;;;;;;;;;;;54;;;;;;;;;;490 x 420 mm;;690;650;2050;UF400SG_Produktblatt.pdf;UF400SG_Betriebsanleitung.pdf;UF400SG_Ersatzteilliste.pdf;UF400SG_Energielabel.pdf;UF400SG_Energiepfeil.png
Tefcold;Tefcold-Kühlschrank;Tefcold-Tiefkühlschrank-Glastür;;;Glastür / Tiefkühlschränke;33867;UF400VG;5708181994402;5708181994402;TEFCOLD;1499,00;Gefriergeräte | Glastür – Tiefkühlschränke;544226;;;;;;;;;;Automatisch, elektrisch;;;;;;;;300;;;;;;;;;;;;;;;4;;;;;;;;;;;;;;;;;;Elektronisch;;;;;;;;;;;;;;;;;;;;;;;1 Beheizte Dreh-Glastür;;;;;;;;;;;;;600;1855;595;;;;;;110;;;;;;;;;;;;;85;400;;;;;;;;;;;;;;;;;;;;;34.3;C;;7.3;2664;;;;;;;Weiß;Weiß;;;;;;;;;;;;;;;;;;;;4 Stellfüße;;;;;;42;;;;;;;;;;;;;;;;;;;;;;;484;1620;470;LED;;;;;;;;;4;;;;;;;;;;;;;80;R290 / GWP 3;;;Ventiliert;;;;;;;;;;;;;;;;;;;;;;;;Weiß, ABS;;;;;;+30°C, 55% RH;;;;;;;;;;;;;;;;;;;;;;;;;80;340;;;;;;;;;;;;;;;;;;;;;;;;;;;;;;;;;;;;;;;2 Rollen;;;;4 Tragroste, weiß;;;;;;;;;;;;;;;;;220-240/50;;;Ja;;;;;;;;;;;Thermometer;-24 bis -10;;;;;;;;;;;;;;;Ja;;;;Nein;;;;;;;;;;;;;;;;;;;;;;;;;;0.61;;;;;;;;;;;;;;;;;;;;;;;;;;;;;;;;;;;;;;54;;;;;;;;;;490 x 420 mm;;690;650;2050;UF400VG_Produktblatt.pdf;UF400VG_Betriebsanleitung.pdf;UF400VG_Ersatzteilliste.pdf;UF400VG_Energielabel.pdf;UF400VG_Energiepfeil.png
Tefcold;Tefcold-Kühlschrank;Tefcold-Tiefkühlschrank-Glastür;;;Glastür / Tiefkühlschränke;55787;UF400VGB;5708181741891;5708181741891;TEFCOLD;1540,00;Gefriergeräte | Glastür – Tiefkühlschränke;544226;;;;;;;;;;Automatisch, elektrisch;;;;;;;;300;;;;;;;;;;;;;;;6;;;;;;;;;;;;;;;;;;Elektronisch;;;;;;;;;;;;;;;;;;;;;;;1 Beheizte Dreh-Glastür;;;;;;;;;;;;;600;1855;585;;;;;;110;;;;;;;;;;;;;85;400;;;;;;;;;;;;;;;;;;;;;34.3;C;;7.3;2664;;;;;;;Schwarz;Schwarz;;;;;;;;;;;;;;;;;;;;4 Stellfüße;;;;;;42;;;;;;;;;;;;;;;;;;;;;;;484;1620;470;LED;;;;;;;;;4;;;;;;;;;;;;;80;R290 / GWP 3;;;Ventiliert;;;;;;;;;;;;;;;;;;;;;;;;Schwarz;;;;;;+30°C, 55% RH;;;;;;;;;;;;;;;;;;;;;;;;;80;340;;;;;;;;;;;;;;;;;;;;;;;;;;;;;;;;;;;;;;;2 Rollen;;;;6 Tragroste, schwarz;;;;;;;;;;;;;;;;;220-240/50;;;Ja;;;;;;;;;;;Thermometer;-24 bis -10;;;;;;;;;;;;;;;Ja;;;;Nein;;;;;;;;;;;;;;;;;;;;;;;;;;0.61;;;;;;;;;;;;;;;;;;;;;;;;;;;;;;;;;;;;;;54;;;;;;;;;;490 x 420 mm;;690;650;2050;UF400VGB_Produktblatt.pdf;UF400VGB_Betriebsanleitung.pdf;UF400VGB_Ersatzteilliste.pdf;UF400VGB_Energielabel.pdf;UF400VGB_Energiepfeil.png
Tefcold;Tefcold-Kühlschrank;Tefcold-Tiefkühlschrank-Glastür;;;Glastür / Tiefkühlschränke;66891;UF400VGW;5708181751951;5708181751951;TEFCOLD;1470,00;DEALS + | ProduktneuheitenGefriergeräte | Glastür – Tiefkühlschränke;544226;;;;;;;;;;Automatisch, elektrisch;;;;;;;;300;;;;;;;;;;;;;;;4;;;;;;;;;;;;;;;;;;Elektronisch;;;;;;;;;;;;;;;;;;;;;;;1 Beheizte Dreh-Glastür;;;;;;;;;;;;;600;1855;595;;;;;;110;;;;;;;;;;;;;85;400;;;;;;;;;;;;;;;;;;;;;34.3;C;;7.3;2664;;;;;;;Weiß;Weiß;;;;;;;;;;;;;;;;;;;;4 Stellfüße;;;;;;42;;;;;;;;;;;;;;;;;;;;;;;484;1620;470;LED;;;;;;;;;4;;;;;;;;;;;;;80;R290 / GWP 3;;;Ventiliert;;;;;;;;;;;;;;;;;;;;;;;;Weiß, ABS;;;;;;+30°C, 55% RH;;;;;;;;;;;;;;;;;;;;;;;;;80;340;;;;;;;;;;;;;;;;;;;;;;;;;;;;;;;;;;;;;;;2 Rollen;;;;4 Tragroste, weiß;;;;;;;;;;;;;;;;;220-240/50;;;Ja;;;;;;;;;;;Thermometer;-24 bis -10;;;;;;;;;;;;;;;Ja;;;;Nein;;;;;;;;;;;;;;;;;;;;;;;;;;0.61;;;;;;;;;;;;;;;;;;;;;;;;;;;;;;;;;;;;;;54;;;;;;;;;;490 x 420 mm;;690;650;2050;UF400VGW_Produktblatt.pdf;UF400VGW_Betriebsanleitung.pdf;UF400VGW_Ersatzteilliste.pdf;UF400VGW_Energielabel.pdf;UF400VGW_Energiepfeil.png
Tefcold;Tefcold-Kühlschrank;Tefcold-Tiefkühlschrank-Glastür;;;Glastür / Tiefkühlschränke;33868;UF400VSG;5708181994419;5708181994419;TEFCOLD;1646,00;Gefriergeräte | Glastür – Tiefkühlschränke;544226;;;;;;;;;;Automatisch, elektrisch;;;;;;;;300;;;;;;;;;;;;;;;4;;;;;;;;;;;;;;;;;;Elektronisch;;;;;;;;;;;;;;;;;;;;;;;1 Beheizte Dreh-Glastür;;;;;;;;;;;;;600;1855;595;;;;;;110;;;;;;;;;;;;;85;400;;;;;;;;;;;;;;;;;;;;;34.3;C;;7.3;2664;;;;;;;SS 430;Weiß;;;;;;;;;;;;;;;;;;;;4 Stellfüße;;;;;;42;;;;;;;;;;;;;;;;;;;;;;;484;1620;470;LED;;;;;;;;;4;;;;;;;;;;;;;80;R290 / GWP 3;;;Ventiliert;;;;;;;;;;;;;;;;;;;;;;;;Weiß, ABS;;;;;;+30°C, 55% RH;;;;;;;;;;;;;;;;;;;;;;;;;80;340;;;;;;;;;;;;;;;;;;;;;;;;;;;;;;;;;;;;;;;2 Rollen;;;;4 Tragroste, weiß;;;;;;;;;;;;;;;;;220-240/50;;;Ja;;;;;;;;;;;Thermometer;-24 bis -10;;;;;;;;;;;;;;;Ja;;;;Nein;;;;;;;;;;;;;;;;;;;;;;;;;;0.61;;;;;;;;;;;;;;;;;;;;;;;;;;;;;;;;;;;;;;54;;;;;;;;;;490 x 420 mm;;690;650;2050;UF400VSG_Produktblatt.pdf;UF400VSG_Betriebsanleitung.pdf;UF400VSG_Ersatzteilliste.pdf;UF400VSG_Energielabel.pdf;UF400VSG_Energiepfeil.png
Tefcold;Tefcold-Kühlschrank;Tefcold-Tiefkühlschrank-Glastür;;;Glastür / Tiefkühlschränke;16334;UF50G;5708181512347;5708181512347;TEFCOLD;611,00;Eiscreme – Gefriergeräte | Auftisch – TiefkühlschränkeGefriergeräte | Glastür – TiefkühlschränkeGefriergeräte | Auftisch – Tiefkühlschränke;543493;;;;;;;;;;Manuell;;;;;;;;154;;;;;;;;;;;;;;;2;;;;;;;;;;;;;;;;;;Mechanisch;;;;;;;;;;;;;;;;;;;;;;;1 Beheizte Dreh-Glastür;;;;;;;;;;;;;570;520;530;;;;;;;;;;;;;;;;;;;39;50;;;;;;;;;;;;;;;;;;;;;21;C;;2.53;923;;;;;;;Weiß;Weiß;;;;;;;;;;;;;;;;;;;;4 Stellfüße;;;;;;45;;;;;;;;;;;;;;;;;;;;;;;450;380;420;LED;;;;;;;;;4;;;;;;;;;;;;;45;R290 / GWP 3;;;Statisch;;;;;;;;;;;;;;;;;;;;;;;;Aluminium;;;;;;+30°C, 55% RH;;;;;;;;;;;;;;;;;;;;;;;;;34;48;;;;;;;;;;;;;;;;;;;;;;;;;;;;;;;;;;;;;;;2 Rollen;;;;2 Tragroste, weiß;;;;;;;;;;;;;;;;;220-240/50;;;Ja;;;;;;;;;;;Thermometer;-24 bis -12;;;;;;;;;;;;;;;Ja;;Ja;;Nein;;;;;;;;;;;;;;;;;;;;;;;;;;0.23;;;;;;;;;;;;;;;;;;;;;;;;;;;;;;;;;;;;;;304;;;;;;;;;;440 x 210 mm;;610;560;580;UF50G_Produktblatt.pdf;UF50G_Betriebsanleitung.pdf;UF50G_Ersatzteilliste.pdf;UF50G_Energielabel.pdf;UF50G_Energiepfeil.png
Tefcold;Tefcold-Kühlschrank;Tefcold-Tiefkühlschrank-Glastür;;;Glastür / Tiefkühlschränke;16332;UF50GCP;5708181512354;5708181512354;TEFCOLD;739,00;Eiscreme – Gefriergeräte | Auftisch – TiefkühlschränkeGefriergeräte | Glastür – TiefkühlschränkeGefriergeräte | Auftisch – Tiefkühlschränke;543710;;;;;;;;;;Manuell;;;;;;;;154;;;;;;;;;;;;;;;2;;;;;;;;;;;;;;;;;;Mechanisch;;;;;;;;;Gewölbt;;;;;;;;;;;;;;1 Beheizte Dreh-Glastür;;;;;;;;;;;;;570;657;530;;;;;;;;;;;;;;;;;;;46;50;;;;;;;;;;;;;;;;;;;;;22;C;;2.82;1031;;;;;;;Weiß;Weiß;;;;;;;;;;;;;;;;;;;;4 Stellfüße;;;;;;45;;;;;;;;;;;;;;;;;;;;;;;450;380;420;LED;;;;;;;;;4;;;;;;;;;;;;;45;R290 / GWP 3;;;Statisch;;;;;;;;;;;;;;;;;;;;;;;;Aluminium;;;;;;+30°C, 55% RH;;;;;;;;;;;;;;;;;;;;;;;;;42;48;;;;;;;;;;;;;;;;;;;;;;;;;;;;;;;;;;;;;;;2 Rollen;;;;2 Tragroste, weiß;;;;;;;;;;;;;;;;;220-240/50;;;Ja;;;;;;;;;;;Thermometer;-24 bis -12;;;;;;;;;;;;;;;Ja;;Ja;;Nein;;;;;;;;;;;;;;;;;;;;;;;;;;0.23;;;;;;;;;;;;;;;;;;;;;;;;;;;;;;;;;;;;;;171;;;;;;;;;;440 x 210 mm;;610;600;730;UF50GCP_Produktblatt.pdf;UF50GCP_Betriebsanleitung.pdf;UF50GCP_Ersatzteilliste.pdf;UF50GCP_Energielabel.pdf;UF50GCP_Energiepfeil.png
Tefcold;Tefcold-Kühlschrank;Tefcold-Tiefkühlschrank-Glastür;;;Glastür / Tiefkühlschränke;46987;UFFS371G;5708181726423;5708181726423;TEFCOLD;1563,00;Gefriergeräte | Glastür – Tiefkühlschränke;2723529;;;;;;;;;;Manuell;;;;;;;;570;;;;;;;;;;;;;;;6;;;;;;;;;;;;;;;;;;Mechanisch;;;;;;;;;;;;;;;;;;;;;;;1 Beheizte Dreh-Glastür;;;;;;;;;;;;;595;1840;640;;;;;;110;;;;;;;;;;;;;100;300;;;;;;;;;;;;;;;;;;;;;34.5;C;;8.267;3017.45;;;;;;;Weiß;Chrom;;;;;;;;;;;;;;;;;;;;2 Stellfüße;;;;;;40;;;;;;;;;;;;;;;;;;;;;;;470;1555;440;LED;;;;;;;;;4;;;;;;;;;;;;;85;R290 / GWP 3;;;Statisch;;;;;;;;;;;;;;;;;;;;;;;;Weiß;;;;;;+25°C, 60% RH;;;;;;;;;;;;;;;;;;;;;;;;;95;270;;;;;;;;;;;;;;;;;;;;;;;;;;;;;;;;;;;;;;;2 Rollen;;;;6 Feste Gefrierablagen;;;;;;;;;;;;;;;;;220-240/50;;;Ja;;;;;;;;;;;Thermometer;-23 bis -18;;;;;;;;;;;;;;;Ja;;;;Nein;;;;;;;;;;;;;;;;;;;;;;;;;;0.74;;;;;;;;;;;;;;;;;;;;;;;;;;;;;;;;;;;;;;54;;;;;;;;;;470 x 413 mm;;680;710;1940;UFFS371G_Produktblatt.pdf;UFFS371G_Betriebsanleitung.pdf;UFFS371G_Ersatzteilliste.pdf;UFFS371G_Energielabel.pdf;UFFS371G_Energiepfeil.png
Tefcold;Tefcold-Kühlschrank;Tefcold-Tiefkühlschrank-Glastür;;;Glastür / Tiefkühlschränke;47475;UFFS371G Eureka;5708181726942;5708181726942;TEFCOLD;1563,00;Gefriergeräte | Glastür – Tiefkühlschränke;2723529;;;;;;;;;;Manuell;;;;;;;;570;;;;;;;;;;;;;;;6;;;;;;;;;;;;;;;;;;Mechanisch;;;;;;;;;;;;;;;;;;;;;;;1 Dreh-Glastür;;;;;;;;;;;;;595;1840;640;;;;;;110;;;;;;;;;;;;;100;300;;;;;;;;;;;;;;;;;;;;;34.5;C;;8.267;3017.45;;;;;;;Weiß;Weiß;;;;;;;;;;;;;;;;;;;;2 Stellfüße;;;;;;40;;;;;;;;;;;;;;;;;;;;;;;470;1555;440;LED;;;;;;;;;4;;;;;;;;;;;;;85;R290 / GWP 3;;;Statisch;;;;;;;;;;;;;;;;;;;;;;;;ABS, Weiß;;;;;;+25°C, 60% RH;;;;;;;;;;;;;;;;;;;;;;;;;95;270;;;;;;;;;;;;;;;;;;;;;;;;;;;;;;;;;;;;;;;2 Rollen;;;;6 Tragroste, weiß;;;;;;;;;;;;;;;;;220-240/50;;;Ja;;;;;;;;;;;Thermometer;-23 bis -18;;;;;;;;;;;;;;;Ja;;;;;;;;;;;;;;;;;;;;;;;;;;;;;;0.74;;;;;;;;;;;;;;;;;;;;;;;;;;;;100;95;300;270;;;;;;;54;;;;;;;;;;470 x 413 mm;;680;710;1940;UFFS371G_Eureka_Produktblatt.pdf;UFFS371G_Eureka_Betriebsanleitung.pdf;UFFS371G_Eureka_Ersatzteilliste.pdf;UFFS371G_Eureka_Energielabel.pdf;UFFS371G_Eureka_Energiepfeil.png
Tefcold;Tefcold-Kühlschrank;Tefcold-Tiefkühlschrank-Glastür;;;Glastür / Tiefkühlschränke;46988;UFFS371G L/H;5708181726430;5708181726430;TEFCOLD;1563,00;Gefriergeräte | Glastür – Tiefkühlschränke;2723529;;;;;;;;;;Manuell;;;;;;;;570;;;;;;;;;;;;;;;6;;;;;;;;;;;;;;;;;;Mechanisch;;;;;;;;;;;;;;;;;;;;;;;1 Beheizte Dreh-Glastür;;;;;;;;;;;;;595;1840;640;;;;;;110;;;;;;;;;;;;;100;300;;;;;;;;;;;;;;;;;;;;;34.5;C;;8.267;3017.45;;;;;;;Weiß;Chrom;;;;;;;;;;;;;;;;;;;;2 Stellfüße;;;;;;40;;;;;;;;;;;;;;;;;;;;;;;470;1555;440;LED;;;;;;;;;4;;;;;;;;;;;;;85;R290 / GWP 3;;;Statisch;;;;;;;;;;;;;;;;;;;;;;;;Weiß;;;;;;+25°C, 60% RH;;;;;;;;;;;;;;;;;;;;;;;;;95;270;;;;;;;;;;;;;;;;;;;;;;;;;;;;;;;;;;;;;;;2 Rollen;;;;6 Feste Gefrierablagen;;;;;;;;;;;;;;;;;220-240/50;;;Ja;;;;;;;;;;;Thermometer;-23 bis -18;;;;;;;;;;;;;;;Ja;;;;Nein;;;;;;;;;;;;;;;;;;;;;;;;;;0.74;;;;;;;;;;;;;;;;;;;;;;;;;;;;;;;;;;;;;;54;;;;;;;;;;470 x 413 mm;;680;710;1940;UFFS371G_L_H_Produktblatt.pdf;UFFS371G_L_H_Betriebsanleitung.pdf;UFFS371G_L_H_Ersatzteilliste.pdf;UFFS371G_L_H_Energielabel.pdf;UFFS371G_L_H_Energiepfeil.png
Tefcold;Tefcold-Kühlschrank;Tefcold-Tiefkühlschrank-Glastür;;;Glastür / Tiefkühlschränke;46986;UFFS371GCP;5708181726416;5708181726416;TEFCOLD;1557,00;Gefriergeräte | Glastür – Tiefkühlschränke;2702266;;;;;;;;;;Manuell;;;;;;;;570;;;;;;;;;;;;;;;6;;;;;;;;;;;;;;;;;;Mechanisch;;;;;;;;;D-Form;;;;;;;;;;;;;;1 Beheizte Dreh-Glastür;;;;;;;;;;;;;595;1980;640;;;;;;110;;;;;;;;;;;;;103;300;;;;;;;;;;;;;;;;;;;;;34.7;C;;8.32;3035;;;;;;;Weiß;Chrom;;;;;;;;;;;;;;;;;;;;2 Stellfüße;;;;;;40;;;;;;;;;;;;;;;;;;;;;;;470;1555;440;LED;;;;;;;;;4;;;;;;;;;;;;;85;R290 / GWP 3;;;Statisch;;;;;;;;;;;;;;;;;;;;;;;;Weiß;;;;;;+30°C, 55% RH;;;;;;;;;;;;;;;;;;;;;;;;;98;270;;;;;;;;;;;;;;;;;;;;;;;;;;;;;;;;;;;;;;;2 Rollen;;;;6 Feste Gefrierablagen;;;;;;;;;;;;;;;;;220-240/50;;;Ja;;;;;;;;;;;Thermometer;-24 bis -14;;;;;;;;;;;;;;;Ja;;;;Nein;;;;;;;;;;;;;;;;;;;;;;;;;;0.74;;;;;;;;;;;;;;;;;;;;;;;;;;;;;;;;;;;;;;54;;;;;;;;;;470 x 413 mm;;680;710;2050;UFFS371GCP_Produktblatt.pdf;UFFS371GCP_Betriebsanleitung.pdf;UFFS371GCP_Ersatzteilliste.pdf;UFFS371GCP_Energielabel.pdf;UFFS371GCP_Energiepfeil.png
Tefcold;Tefcold-Kühlschrank;Tefcold-Tiefkühlschrank-Glastür;;;Glastür / Tiefkühlschränke;43894;UFSC1450GCP NF;5708181711436;5708181711436;TEFCOLD;2853,00;Gefriergeräte | Glastür – Tiefkühlschränke;1389556;;;;;;;;;;Automatisch;;;;;;;;700;;;;;;;;;;;;;;;5;;;;;;;;;;;;;;;;;;Elektronisch;;;;;;;;;L-Form;;;;;;;;;;;;;;1 Beheizte, selbstschließende Dreh-Glastür;;;;;;;;;;;;;680;2149;761;;;;;;196;;;;;;;;;;;;;148;544;;;;;;;;;;;;;;;;;;;;;;C;;8.64;3154;;;;;;;Weiß;Weiß;;;;;;;;;;;;;;;;;;;;2 Stellfüße;;;;;;55;;;;;;;;;;;;;;;;;;;;;;;565;1660;568;LED;;;;;;;;;4;;;;;;;;;;;;;110;R290 / GWP 3;;;Ventiliert;;;;;;;;;;;;;;;;;;;;;;;;Stahlblech, verzinkt, mit weißer Lackierung;;;;;;+30°C, 55% RH;;;;;;;;;;;;;;;;;;;;;;;;;125;440;;;;;;;;;;;;;;;;;;;;;;;;;;;;;;;;;;;;;;;4 Rollen;;;;5 einstellbare Tragroste, weiß;;;;;;;;;;;;;;;;;220-240/50;;;Ja;;;;;;;;;;;Thermometer;-22 bis -12;;;;;;;;;;;;;;;Ja;;Ja;;Nein;;;;;;;;;;;;;;;;;;;;;;;;;;0.78;;;;;;;;;;;;;;;;;;;;;;;;;;;;;;;;;;;;;;47;;;;;;;;;;543 x 485 mm;;745;785;2275;UFSC1450GCP_NF_Produktblatt.pdf;UFSC1450GCP_NF_Betriebsanleitung.pdf;UFSC1450GCP_NF_Ersatzteilliste.pdf;UFSC1450GCP_NF_Energielabel.pdf;UFSC1450GCP_NF_Energiepfeil.png
Tefcold;Tefcold-Kühlschrank;Tefcold-Tiefkühlschrank-Glastür;;;Glastür / Tiefkühlschränke;43907;UFSC1450GCP NF Silver;5708181711528;5708181711528;TEFCOLD;2853,00;Gefriergeräte | Glastür – Tiefkühlschränke;1389556;;;;;;;;;;Automatisch;;;;;;;;700;;;;;;;;;;;;;;;5;;;;;;;;;;;;;;;;;;Elektronisch;;;;;;;;;L-Form;;;;;;;;;;;;;;1 Beheizte, selbstschließende Dreh-Glastür;;;;;;;;;;;;;680;2149;761;;;;;;196;;;;;;;;;;;;;148;544;;;;;;;;;;;;;;;;;;;;;;C;;8.64;3154;;;;;;;Weiß;Weiß;;;;;;;;;;;;;;;;;;;;2 Stellfüße;;;;;;55;;;;;;;;;;;;;;;;;;;;;;;565;1660;568;LED;;;;;;;;;4;;;;;;;;;;;;;110;R290 / GWP 3;;;Ventiliert;;;;;;;;;;;;;;;;;;;;;;;;Stahlblech, verzinkt, mit weißer Lackierung;;;;;;+30°C, 55% RH;;;;;;;;;;;;;;;;;;;;;;;;;125;440;;;;;;;;;;;;;;;;;;;;;;;;;;;;;;;;;;;;;;;4 Rollen;;;;5 einstellbare Tragroste, weiß;;;;;;;;;;;;;;;;;220-240/50;;;Ja;;;;;;;;;;;Thermometer;-22 bis -12;;;;;;;;;;;;;;;Ja;;Ja;;Nein;;;;;;;;;;;;;;;;;;;;;;;;;;0.78;;;;;;;;;;;;;;;;;;;;;;;;;;;;;;;;;;;;;;47;;;;;;;;;;543 x 485 mm;;745;785;2275;UFSC1450GCP_NF_Silver_Produktblatt.pdf;UFSC1450GCP_NF_Silver_Betriebsanleitung.pdf;UFSC1450GCP_NF_Silver_Ersatzteilliste.pdf;UFSC1450GCP_NF_Silver_Energielabel.pdf;UFSC1450GCP_NF_Silver_Energiepfeil.png
Tefcold;Tefcold-Kühlschrank;Tefcold-Tiefkühlschrank-Glastür;;;Glastür / Tiefkühlschränke;16380;UFSC1600GCP;5708181002879;5708181002879;TEFCOLD;5652,00;Gefriergeräte | Glastür – Tiefkühlschränke;1029958;;;;;;;;;;Automatisch;;;;;;;;1555;;;;;;;;;;;;;;;15;;;;;;;;;;;;;;;;;;Elektronisch;;;;;;;;;D-Form;;;;;;;;;;;;;;3 Selbstschließende Dreh-Glastüren;;;;;;;;;;;;;1600;2073;762;;;;;;;;;;;;;;;;;;;219;1252;;;;;;;;;;;;;;;;;;;;;40.7;D;;16.58;6052;;;;;;;Weiß;Weiß;;;;;;;;;;;;;;;;;;;;6 Stellfüße;;;;;;53;;;;;;;;;;;;;;;;;;;;;;;1480;1518;568;LED;;;;;;;;;4;;;;;;;;;;;;;260;R290 / GWP 3;;;Ventiliert;;;;;;;;;;;;;;;;;;;;;;;;Weiß;;;;;;+30°C, 55% RH;;;;;;;;;;;;;;;;;;;;;;;;;214;891;;;;;;;;;;;;;;;;;;;;;;;;;;;;;;;;;;;;;;;6 Rollen;;;;15 verstellbar;;;;;;;;;;;;;;;;;220-240/50;;;Ja;;;;;;;;;;;Thermometer;-23 bis -18;;;;;;;;;;;;;;;Nein;;;;Nein;;;;;;;;;;;;;;;;;;;;;;;;;;1.53;;;;;;;;;;;;;;;;;;;;;;;;;;;;;;;;;;;;;;14;;;;;;;;;;465/535 x 470 mm;;1675;805;2124;UFSC1600GCP_Produktblatt.pdf;UFSC1600GCP_Betriebsanleitung.pdf;UFSC1600GCP_Ersatzteilliste.pdf;UFSC1600GCP_Energielabel.pdf;UFSC1600GCP_Energiepfeil.png
Tefcold;Tefcold-Kühlschrank;Tefcold-Tiefkühlschrank-Glastür;;;Glastür / Tiefkühlschränke;45390;UFSC371G;5708181722036;5708181722036;TEFCOLD;1551,00;Gefriergeräte | Glastür – Tiefkühlschränke;2723529;;;;;;;;;;Manuell;;;;;;;;350;;;;;;;;;;;;;;;6;;;;;;;;;;;;;;;;;;Mechanisch;;;;;;;;;;;;;;;;;;;;;;;1 Beheizte Dreh-Glastür;;;;;;;;;;;;;595;1840;640;;;;;;110;;;;;;;;;;;;;100;300;;;;;;;;;;;;;;;;;;;;;34.5;C;;8.267;3017.45;;;;;;;Weiß;Chrom;;;;;;;;;;;;;;;;;;;;2 Stellfüße;;;;;;45;;;;;;;;;;;;;;;;;;;;;;;470;1545;440;LED;;;;;;;;;4;;;;;;;;;;;;;85;R290 / GWP 3;;;Statisch;;;;;;;;;;;;;;;;;;;;;;;;Weiß;;;;;;+25°C, 60% RH;;;;;;;;;;;;;;;;;;;;;;;;;95;270;;;;;;;;;;;;;;;;;;;;;;;;;;;;;;;;;;;;;;;2 Rollen;;;;6 Feste Gefrierablagen;;;;;;;;;;;;;;;;;220-240/50;;;Ja;;;;;;;;;;;Thermometer;-23 bis -18;;;;;;;;;;;;;;;Ja;;;;Nein;;;;;;;;;;;;;;;;;;;;;;;;;;0.74;;;;;;;;;;;;;;;;;;;;;;;;;;;;;;;;;;;;;;54;;;;;;;;;;470 x 413 mm;;680;710;1940;UFSC371G_Produktblatt.pdf;UFSC371G_Betriebsanleitung.pdf;UFSC371G_Ersatzteilliste.pdf;UFSC371G_Energielabel.pdf;UFSC371G_Energiepfeil.png
Tefcold;Tefcold-Kühlschrank;Tefcold-Tiefkühlschrank-Glastür;;;Glastür / Tiefkühlschränke;45479;UFSC371G Black;5708181722067;5708181722067;TEFCOLD;1563,00;DEALS + | Komplett in SchwarzGefriergeräte | Glastür – Tiefkühlschränke;2723529;;;;;;;;;;Manuell;;;;;;;;350;;;;;;;;;;;;;;;6;;;;;;;;;;;;;;;;;;Mechanisch;;;;;;;;;;;;;;;;;;;;;;;1 Beheizte Dreh-Glastür;;;;;;;;;;;;;595;1840;640;;;;;;110;;;;;;;;;;;;;100;300;;;;;;;;;;;;;;;;;;;;;34.5;C;;8.267;3017.45;;;;;;;Schwarz;Chrom;;;;;;;;;;;;;;;;;;;;2 Stellfüße;;;;;;45;;;;;;;;;;;;;;;;;;;;;;;470;1545;440;LED;;;;;;;;;4;;;;;;;;;;;;;85;R290 / GWP 3;;;Statisch;;;;;;;;;;;;;;;;;;;;;;;;Schwarz;;;;;;+25°C, 60% RH;;;;;;;;;;;;;;;;;;;;;;;;;95;270;;;;;;;;;;;;;;;;;;;;;;;;;;;;;;;;;;;;;;;2 Rollen;;;;6 Feste Gefrierablagen;;;;;;;;;;;;;;;;;220-240/50;;;Ja;;;;;;;;;;;Thermometer;-23 bis -18;;;;;;;;;;;;;;;Ja;;;;Nein;;;;;;;;;;;;;;;;;;;;;;;;;;0.74;;;;;;;;;;;;;;;;;;;;;;;;;;;;;;;;;;;;;;54;;;;;;;;;;470 x 413 mm;;680;710;1940;UFSC371G_Black_Produktblatt.pdf;UFSC371G_Black_Betriebsanleitung.pdf;UFSC371G_Black_Ersatzteilliste.pdf;UFSC371G_Black_Energielabel.pdf;UFSC371G_Black_Energiepfeil.png
Tefcold;Tefcold-Kühlschrank;Tefcold-Tiefkühlschrank-Glastür;;;Glastür / Tiefkühlschränke;47059;UFSC371G Black L/H;5708181726485;5708181726485;TEFCOLD;1563,00;Gefriergeräte | Glastür – Tiefkühlschränke;2723529;;;;;;;;;;Manuell;;;;;;;;350;;;;;;;;;;;;;;;6;;;;;;;;;;;;;;;;;;Mechanisch;;;;;;;;;;;;;;;;;;;;;;;1 Beheizte Dreh-Glastür;;;;;;;;;;;;;595;1840;640;;;;;;110;;;;;;;;;;;;;100;300;;;;;;;;;;;;;;;;;;;;;34.5;C;;8.267;3017.45;;;;;;;Schwarz;Chrom;;;;;;;;;;;;;;;;;;;;2 Stellfüße;;;;;;45;;;;;;;;;;;;;;;;;;;;;;;470;1545;440;LED;;;;;;;;;4;;;;;;;;;;;;;85;R290 / GWP 3;;;Statisch;;;;;;;;;;;;;;;;;;;;;;;;Schwarz;;;;;;+25°C, 60% RH;;;;;;;;;;;;;;;;;;;;;;;;;95;270;;;;;;;;;;;;;;;;;;;;;;;;;;;;;;;;;;;;;;;2 Rollen;;;;6 Feste Gefrierablagen;;;;;;;;;;;;;;;;;220-240/50;;;Ja;;;;;;;;;;;Thermometer;-23 bis -18;;;;;;;;;;;;;;;Ja;;;;Nein;;;;;;;;;;;;;;;;;;;;;;;;;;0.74;;;;;;;;;;;;;;;;;;;;;;;;;;;;;;;;;;;;;;54;;;;;;;;;;470 x 413 mm;;680;710;1940;UFSC371G_Black_L_H_Produktblatt.pdf;UFSC371G_Black_L_H_Betriebsanleitung.pdf;UFSC371G_Black_L_H_Ersatzteilliste.pdf;UFSC371G_Black_L_H_Energielabel.pdf;UFSC371G_Black_L_H_Energiepfeil.png
Tefcold;Tefcold-Kühlschrank;Tefcold-Tiefkühlschrank-Glastür;;;Glastür / Tiefkühlschränke;47055;UFSC371GCP;5708181726478;5708181726478;TEFCOLD;1587,00;Gefriergeräte | Glastür – Tiefkühlschränke;2702266;;;;;;;;;;Manuell;;;;;;;;570;;;;;;;;;;;;;;;6;;;;;;;;;;;;;;;;;;Mechanisch;;;;;;;;;D-Form;;;;;;;;;;;;;;1 Beheizte Dreh-Glastür;;;;;;;;;;;;;595;1980;640;;;;;;110;;;;;;;;;;;;;100;300;;;;;;;;;;;;;;;;;;;;;34.7;C;;8.32;3035;;;;;;;Weiß;Chrom;;;;;;;;;;;;;;;;;;;;2 Stellfüße;;;;;;40;;;;;;;;;;;;;;;;;;;;;;;470;1545;440;LED;;;;;;;;;4;;;;;;;;;;;;;85;R290 / GWP 3;;;Statisch;;;;;;;;;;;;;;;;;;;;;;;;Weiß;;;;;;+30°C, 55% RH;;;;;;;;;;;;;;;;;;;;;;;;;95;270;;;;;;;;;;;;;;;;;;;;;;;;;;;;;;;;;;;;;;;2 Rollen;;;;6 Feste Gefrierablagen;;;;;;;;;;;;;;;;;220-240/50;;;Ja;;;;;;;;;;;Thermometer;-24 bis -14;;;;;;;;;;;;;;;Ja;;;;Nein;;;;;;;;;;;;;;;;;;;;;;;;;;0.74;;;;;;;;;;;;;;;;;;;;;;;;;;;;;;;;;;;;;;54;;;;;;;;;;470 x 413 mm;;680;710;2050;UFSC371GCP_Produktblatt.pdf;UFSC371GCP_Betriebsanleitung.pdf;UFSC371GCP_Ersatzteilliste.pdf;UFSC371GCP_Energielabel.pdf;UFSC371GCP_Energiepfeil.png
Tefcold;Tefcold-Kühlschrank;Tefcold-Tiefkühlschrank-Glastür;;;Glastür / Tiefkühlschränke;49561;UFSC371GCP Black;5708181732578;5708181732578;TEFCOLD;1600,00;DEALS + | Komplett in SchwarzGefriergeräte | Glastür – Tiefkühlschränke;2702266;;;;;;;;;;Manuell;;;;;;;;570;;;;;;;;;;;;;;;6;;;;;;;;;;;;;;;;;;Mechanisch;;;;;;;;;D-Form;;;;;;;;;;;;;;1 Beheizte Dreh-Glastür;;;;;;;;;;;;;595;1980;640;;;;;;110;;;;;;;;;;;;;103;300;;;;;;;;;;;;;;;;;;;;;34.7;C;;8.32;3035;;;;;;;Schwarz;Chrom;;;;;;;;;;;;;;;;;;;;2 Stellfüße;;;;;;40;;;;;;;;;;;;;;;;;;;;;;;470;1545;440;LED;;;;;;;;;4;;;;;;;;;;;;;85;R290 / GWP 3;;;Statisch;;;;;;;;;;;;;;;;;;;;;;;;Schwarz;;;;;;+30°C, 55% RH;;;;;;;;;;;;;;;;;;;;;;;;;98;270;;;;;;;;;;;;;;;;;;;;;;;;;;;;;;;;;;;;;;;2 Rollen;;;;6 Feste Gefrierablagen;;;;;;;;;;;;;;;;;220-240/50;;;Ja;;;;;;;;;;;Thermometer;-24 bis -14;;;;;;;;;;;;;;;Ja;;;;Nein;;;;;;;;;;;;;;;;;;;;;;;;;;0.74;;;;;;;;;;;;;;;;;;;;;;;;;;;;;;;;;;;;;;54;;;;;;;;;;470 x 413 mm;;680;710;2050;UFSC371GCP_Black_Produktblatt.pdf;UFSC371GCP_Black_Betriebsanleitung.pdf;UFSC371GCP_Black_Ersatzteilliste.pdf;UFSC371GCP_Black_Energielabel.pdf;UFSC371GCP_Black_Energiepfeil.png
Tefcold;Tefcold-Kühlschrank;Tefcold-Tiefkühlschrank-Glastür;;;Glastür / Tiefkühlschränke;16336;UR90G-SUB ZERO;5708181501860;5708181501860;TEFCOLD;769,00;DEALS + | Komplett in SchwarzGefriergeräte | Glastür – TiefkühlschränkeGefriergeräte | Auftisch – Tiefkühlschränke;442272;;;;;;;;;;Automatisch;;;;;;;;280;;;;;;;;;;;;;;;;;;;;;;;;;;;;;;;;;Elektronisch;;;;;;;;;;;;;;;;;;;;;;;1 Beheizte Dreh-Glastür;;;;;;;;;;;;;515;750;542;;;;;;;;;;;;;;;;;;;39.5;92;;;;;;;;;;;;;;;;;;;;;58;E;;1.51;551;;;;;;;Schwarz;Schwarz;;;;;;;;;;;;;;;;;;;;4 Stellfüße;;;;;;42;;;;;;;;;;;;;;;;;;;;;;;439;632;299;LED, kaltweiß, vertikal;;;;;;;;;4;;;;;;;;;;;;;40;R600a / GWP 3;;;Ventiliert;;;;;;;;;;;;;;;;;;;;;;;;Schwarz;;;;;;+30°C, 55% RH;;;;;;;;;;;;;;;;;;;;;;;;;35.5;81;;;;;;;;;;;;;;;;;;;;;;;;;;;;;;;;;;;;;;;2 Rollen;;;;3 Tragroste, schwarz;;;;;;;;;;;;;;;;;220-240/50;;;Ja;;;;;;;;;;;Thermometer;-8 bis +6;;;;;;;;;;;;;;;Ja;;;;Nein;;;;;;;;;;;;;;;;;;;;;;;;;;;;;;;;;;;;;;;;;;;;;;;;;;;;;;;;;;;;;;;;160;;;;;;;;;;420 x 300 mm;;570;585;805;UR90G-SUB_ZERO_Produktblatt.pdf;UR90G-SUB_ZERO_Betriebsanleitung.pdf;UR90G-SUB_ZERO_Ersatzteilliste.pdf;UR90G-SUB_ZERO_Energielabel.pdf;UR90G-SUB_ZERO_Energiepfeil.png
Tefcold;Tefcold-Kühlschrank;Tefcold-Kühlschrank-Glastür;;;Glastürkühlschränke - 2-3 Türen;47535;Atom Maxi C2DB;5708181727024;5708181727024;TEFCOLD;2413,00;DEALS + | Energieeffiziente GeräteGlastürkühlgeräte | Glastürkühlschränke - 2-3 Türen;1556583;;;;;;;;;;Automatisch / Off-Cycle-Abtauung;;;;;;;;460;;;;;;;;;;;;;;;10;;;;;;;;;;;;;;;;;;Elektronisch;;;;;;;;;;;;;;;;;;;;;;;2 Dreh-Glastüren;;;;;;;;;;;;;1253;2003;710;;;;;;135;;;;;;;;;;;;;197;1081;;;;;;;;;;;;;;;;;;;;;19.7;B;;4.17;1522;;;;;;;Schwarz RAL9005;Weiß;;;;;;;;;;;;;;;;;;;;;;;;;;62;;;;;;;;;;;;;;;;;;;;;;;1163;1568;595;LED;;;;;;;;;3;;;;;;;;;;;;;110;R290 / GWP 3;;;Ventiliert;;;;;;;;;;;;;;;;;;;;;;;;Weiß, RAL 9003;;;;;;+25°C, 60% RH;;;;;;;;;;;;;;;;;;;;;;;;;179;809;;;;;;;;;;;;;;;;;;;;;;;;;;;;;;;;;;;;;;;4 Rollen;;;;10 verstellbar;;;;;;;;;;;;;;;;;220-240/50;;;Ja;;;;;;;;;;;Thermometer;-1 bis +10;;;;;;;;;;;;;;;Ja;;Ja;;Nein;;;;;;;;;;;;;;;;;;;;;;;;;;1.58;;;;;;;;;;;;;;;;;;;;;;;;;;;;630;560;1120;672;;;;;;;27;;;;;;;;;;566 x 480 mm;;1278;760;2090;Atom_Maxi_C2DB_Produktblatt.pdf;Atom_Maxi_C2DB_Betriebsanleitung.pdf;Atom_Maxi_C2DB_Ersatzteilliste.pdf;Atom_Maxi_C2DB_Energielabel.pdf;Atom_Maxi_C2DB_Energiepfeil.png
Tefcold;Tefcold-Kühlschrank;Tefcold-Kühlschrank-Glastür;;;Glastürkühlschränke - 2-3 Türen;52328;Atom Maxi C2DBB;5708181736415;5708181736415;TEFCOLD;2426,00;DEALS + | Energieeffiziente GeräteDEALS + | Komplett in SchwarzGlastürkühlgeräte | Glastürkühlschränke - 2-3 Türen;1556583;;;;;;;;;;Automatisch / Off-Cycle-Abtauung;;;;;;;;460;;;;;;;;;;;;;;;10;;;;;;;;;;;;;;;;;;Elektronisch;;;;;;;;;;;;;;;;;;;;;;;2 Dreh-Glastüren;;;;;;;;;;;;;1253;2003;710;;;;;;135;;;;;;;;;;;;;197;1081;;;;;;;;;;;;;;;;;;;;;19.7;B;;4.17;1522;;;;;;;Schwarz RAL9005;Schwarz;;;;;;;;;;;;;;;;;;;;;;;;;;62;;;;;;;;;;;;;;;;;;;;;;;1163;1568;595;LED;;;;;;;;;3;;;;;;;;;;;;;110;R290 / GWP 3;;;Ventiliert;;;;;;;;;;;;;;;;;;;;;;;;Schwarz;;;;;;+25°C, 60% RH;;;;;;;;;;;;;;;;;;;;;;;;;179;809;;;;;;;;;;;;;;;;;;;;;;;;;;;;;;;;;;;;;;;4 Rollen;;;;10 verstellbar;;;;;;;;;;;;;;;;;220-240/50;;;Ja;;;;;;;;;;;Thermometer;-1 bis +10;;;;;;;;;;;;;;;Ja;;Ja;;Nein;;;;;;;;;;;;;;;;;;;;;;;;;;1.58;;;;;;;;;;;;;;;;;;;;;;;;;;;;630;560;1120;672;;;;;;;27;;;;;;;;;;566 x 480 mm;;1278;760;2090;Atom_Maxi_C2DBB_Produktblatt.pdf;Atom_Maxi_C2DBB_Betriebsanleitung.pdf;Atom_Maxi_C2DBB_Ersatzteilliste.pdf;Atom_Maxi_C2DBB_Energielabel.pdf;Atom_Maxi_C2DBB_Energiepfeil.png
Tefcold;Tefcold-Kühlschrank;Tefcold-Kühlschrank-Glastür;;;Glastürkühlschränke - 2-3 Türen;47537;Atom Maxi C3DB;5708181727031;5708181727031;TEFCOLD;3393,00;DEALS + | Energieeffiziente GeräteGlastürkühlgeräte | Glastürkühlschränke - 2-3 Türen;1556596;;;;;;;;;;Automatisch / Off-Cycle-Abtauung;;;;;;;;700;;;;;;;;;;;;;;;15;;;;;;;;;;;;;;;;;;Elektronisch;;;;;;;;;;;;;;;;;;;;;;;3 Dreh-Glastüren;;;;;;;;;;;;;1880;2003;710;;;;;;135;;;;;;;;;;;;;235;1664;;;;;;;;;;;;;;;;;;;;;19.5;B;;5.41;1975;;;;;;;Schwarz RAL9005;Weiß;;;;;;;;;;;;;;;;;;;;;;;;;;65;;;;;;;;;;;;;;;;;;;;;;;1790;1568;595;LED;;;;;;;;;3;;;;;;;;;;;;;130;R290 / GWP 3;;;Ventiliert;;;;;;;;;;;;;;;;;;;;;;;;Weiß, RAL 9003;;;;;;+25°C, 60% RH;;;;;;;;;;;;;;;;;;;;;;;;;207.5;1264;;;;;;;;;;;;;;;;;;;;;;;;;;;;;;;;;;;;;;;6 Rollen;;;;15 verstellbar;;;;;;;;;;;;;;;;;220-240/50;;;Ja;;;;;;;;;;;Thermometer;-1 bis +10;;;;;;;;;;;;;;;Ja;;Ja;;Nein;;;;;;;;;;;;;;;;;;;;;;;;;;2.38;;;;;;;;;;;;;;;;;;;;;;;;;;;;980;875;1750;1050;;;;;;;18;;;;;;;;;;566 x 480 mm  624 x 480 mm;;1905;760;2090;Atom_Maxi_C3DB_Produktblatt.pdf;Atom_Maxi_C3DB_Betriebsanleitung.pdf;Atom_Maxi_C3DB_Ersatzteilliste.pdf;Atom_Maxi_C3DB_Energielabel.pdf;Atom_Maxi_C3DB_Energiepfeil.png
Tefcold;Tefcold-Kühlschrank;Tefcold-Kühlschrank-Glastür;;;Glastürkühlschränke - 2-3 Türen;52331;Atom Maxi C3DBB;5708181736422;5708181736422;TEFCOLD;3439,00;DEALS + | Energieeffiziente GeräteDEALS + | Komplett in SchwarzGlastürkühlgeräte | Glastürkühlschränke - 2-3 Türen;1556596;;;;;;;;;;Automatisch / Off-Cycle-Abtauung;;;;;;;;700;;;;;;;;;;;;;;;15;;;;;;;;;;;;;;;;;;Elektronisch;;;;;;;;;;;;;;;;;;;;;;;3 Dreh-Glastüren;;;;;;;;;;;;;1880;2003;710;;;;;;136;;;;;;;;;;;;;235;1664;;;;;;;;;;;;;;;;;;;;;19.5;B;;5.41;1975;;;;;;;Schwarz RAL9005;Schwarz;;;;;;;;;;;;;;;;;;;;;;;;;;61;;;;;;;;;;;;;;;;;;;;;;;1790;1568;595;LED;;;;;;;;;3;;;;;;;;;;;;;130;R290 / GWP 3;;;Ventiliert;;;;;;;;;;;;;;;;;;;;;;;;Schwarz;;;;;;+25°C, 60% RH;;;;;;;;;;;;;;;;;;;;;;;;;207.5;1062;;;;;;;;;;;;;;;;;;;;;;;;;;;;;;;;;;;;;;;6 Rollen;;;;15 verstellbar;;;;;;;;;;;;;;;;;220-240/50;;;Ja;;;;;;;;;;;Thermometer;-1 bis +10;;;;;;;;;;;;;;;Ja;;Ja;;Nein;;;;;;;;;;;;;;;;;;;;;;;;;;2.38;;;;;;;;;;;;;;;;;;;;;;;;;;;;980;875;2100;1050;;;;;;;18;;;;;;;;;;566 x 480 mm  624 x 480 mm;;1920;750;2090;Atom_Maxi_C3DBB_Produktblatt.pdf;Atom_Maxi_C3DBB_Betriebsanleitung.pdf;Atom_Maxi_C3DBB_Ersatzteilliste.pdf;Atom_Maxi_C3DBB_Energielabel.pdf;Atom_Maxi_C3DBB_Energiepfeil.png
Tefcold;Tefcold-Kühlschrank;Tefcold-Kühlschrank-Glastür;;;Glastürkühlschränke - 2-3 Türen;15946;FS1002S;5708181019648;5708181019648;TEFCOLD;2066,00;Glastürkühlgeräte | Glastürkühlschränke - 2-3 Türen;469925;;;;;;;;;;Automatisch;;;;;;;;450;;;;;;;;;;;;;;;5;;;;;;;;;;;;;;;;;;Elektronisch;;;;;;;;;;;;;;;;;;;;;;;2 Selbstschließendes Schiebeglas;;;;;;;;;;;;;1000;1990;735;;;;;;196;;;;;;;;;;;;;176;730;;;;;;;;;;;;;;;;;;;;;72;F;;5.96;2175;;;;;;;Weiß RAL 9016;Weiß;;;;;;;;;;;;;;;;;;;;4 Stellfüße;;;;;;48;;;;;;;;;;;;;;;;;;;;;;;890;1533;573;LED;;;;;;;;;4;;;;;;;;;;;;;120;R290 / GWP 3;;;Ventiliert;;;;;;;;;;;;;;;;;;;;;;;;Stahlblech, verzinkt, mit weißer Lackierung;;;;;;+30°C, 55% RH;;;;;;;;;;;;;;;;;;;;;;;;;163;540;;;;;;;;;;;;;;;;;;;;;;;;;;;;;;;;;;;;;;;4 Rollen;;;;5 Tragroste, weiß;;;;;;;;;;;;;;;;;220-240/50;;;Ja;;;;;;;;;;;Thermometer;+2 bis +10;;;;;;;;;;;;;;;Ja;;Ja;;Nein;;;;;;;;;;;;;;;;;;;;;;;;;;;;;;;;;;;;;;;;;;;;;;;;;;;;;;455;455;936;663;;;;;;;28;;;;;;;;;;870 x 470 mm;870 x 475;1060;800;2160;FS1002S_Produktblatt.pdf;FS1002S_Betriebsanleitung.pdf;FS1002S_Ersatzteilliste.pdf;FS1002S_Energielabel.pdf;FS1002S_Energiepfeil.png
Tefcold;Tefcold-Kühlschrank;Tefcold-Kühlschrank-Glastür;;;Glastürkühlschränke - 2-3 Türen;34449;FS1202H;5708181995539;5708181995539;TEFCOLD;2168,00;Glastürkühlgeräte | Glastürkühlschränke - 2-3 Türen;1037164;;;;;;;;;;Automatisch;;;;;;;;850;;;;;;;;;;;;;;;10;;;;;;;;;;;;;;;;;;Elektronisch;;;;;;;;;;;;;;;;;;;;;;;2 Dreh-Glastüren;;;;;;;;;;;;;1200;1990;735;;;;;;196;;;;;;;;;;;;;189;936;;;;;;;;;;;;;;;;;;;;;68.7;F;;6.68;2438;;;;;;;Weiß RAL 9016;Weiß;;;;;;;;;;;;;;;;;;;;4 Stellfüße;;;;;;48;;;;;;;;;;;;;;;;;;;;;;;1090;1533;573;LED;;;;;;;;;4;;;;;;;;;;;;;120;R290 / GWP 3;;;Ventiliert;;;;;;;;;;;;;;;;;;;;;;;;Stahlblech, verzinkt, mit weißer Lackierung;;;;;;+30°C, 55% RH;;;;;;;;;;;;;;;;;;;;;;;;;174;652;;;;;;;;;;;;;;;;;;;;;;;;;;;;;;;;;;;;;;;4 Rollen;;;;10 Tragroste, weiß;;;;;;;;;;;;;;;;;220-240/50;;;Ja;;;;;;;;;;;Thermometer;+2 bis +10;;;;;;;;;;;;;;;Ja;;Ja;;Nein;;;;;;;;;;;;;;;;;;;;;;;;;;;;;;;;;;;;;;;;;;;;;;;;;;;;;;560;560;1152;816;;;;;;;23;;;;;;;;;;1072 x 540 mm;1070 x 475;1250;850;2160;FS1202H_Produktblatt.pdf;FS1202H_Betriebsanleitung.pdf;FS1202H_Ersatzteilliste.pdf;FS1202H_Energielabel.pdf;FS1202H_Energiepfeil.png
Tefcold;Tefcold-Kühlschrank;Tefcold-Kühlschrank-Glastür;;;Glastürkühlschränke - 2-3 Türen;15949;FS1202S;5708181019679;5708181019679;TEFCOLD;2280,00;Glastürkühlgeräte | Glastürkühlschränke - 2-3 Türen;469925;;;;;;;;;;Automatisch;;;;;;;;850;;;;;;;;;;;;;;;5;;;;;;;;;;;;;;;;;;Elektronisch;;;;;;;;;;;;;;;;;;;;;;;2 Selbstschließendes Schiebeglas;;;;;;;;;;;;;1200;1990;735;;;;;;196;;;;;;;;;;;;;189;895;;;;;;;;;;;;;;;;;;;;;70;F;;6.8;2482;;;;;;;Weiß RAL 9016;Weiß;;;;;;;;;;;;;;;;;;;;4 Stellfüße;;;;;;48;;;;;;;;;;;;;;;;;;;;;;;1090;1533;573;LED;;;;;;;;;4;;;;;;;;;;;;;120;R290 / GWP 3;;;Ventiliert;;;;;;;;;;;;;;;;;;;;;;;;Stahlblech, verzinkt, mit weißer Lackierung;;;;;;+30°C, 55% RH;;;;;;;;;;;;;;;;;;;;;;;;;174;660;;;;;;;;;;;;;;;;;;;;;;;;;;;;;;;;;;;;;;;4 Rollen;;;;5 Tragroste, weiß;;;;;;;;;;;;;;;;;220-240/50;;;Ja;;;;;;;;;;;Thermometer;+2 bis +10;;;;;;;;;;;;;;;Ja;;Ja;;Nein;;;;;;;;;;;;;;;;;;;;;;;;;;;;;;;;;;;;;;;;;;;;;;;;;;;;;;560;560;1152;816;;;;;;;23;;;;;;;;;;1072 x 470 mm;1070 x 475;1250;800;2160;FS1202S_Produktblatt.pdf;FS1202S_Betriebsanleitung.pdf;FS1202S_Ersatzteilliste.pdf;FS1202S_Energielabel.pdf;FS1202S_Energiepfeil.png
Tefcold;Tefcold-Kühlschrank;Tefcold-Kühlschrank-Glastür;;;Glastürkühlschränke - 2-3 Türen;15951;FS1600H;5708181019211;5708181019211;TEFCOLD;3188,00;DEALS + | SonderangeboteGlastürkühlgeräte | Glastürkühlschränke - 2-3 Türen;575887;;;;;;;;;;Automatisch;;;;;;;;817;;;;;;;;;;;;;;;;;;;;;;;;;;;;;;;;;Elektronisch;;;;;;;;;;;;;;;;;;;;;;;3 Selbstschließende Dreh-Glastüren;;;;;;;;;;;;;1600;2073;730;;;;;;196;;;;;;;;;;;;;211;1329;;;;;;;;;;;;;;;;;;;;;58;E;;6.4;2336;;;;;;;Weiß RAL 9016;Weiß;;;;;;;;;;;;;;;;;;;;6 Stellfüße;;;;;;45;;;;;;;;;;;;;;;;;;;;;;;1492;1518;585;LED;;;;;;;;;4;;;;;;;;;;;;;145;R290 / GWP 3;;;Ventiliert;;;;;;;;;;;;;;;;;;;;;;;;Stahlblech, verzinkt, mit weißer Lackierung;;;;;;+30°C, 55% RH;;;;;;;;;;;;;;;;;;;;;;;;;206;825;;;;;;;;;;;;;;;;;;;;;;;;;;;;;;;;;;;;;;;6 Rollen;;;;15 Tragroste, weiß;;;;;;;;;;;;;;;;;220-240/50;;;Ja;;;;;;;;;;;Thermometer;+2 bis +10;;;;;;;;;;;;;;;Ja;;;;Nein;;;;;;;;;;;;;;;;;;;;;;;;;;;;;;;;;;;;;;;;;;;;;;;;;;;;;;734;734;1386;770;;;;;;;14;;;;;;;;;;465/535 x 470 mm;;1660;795;2124;FS1600H_Produktblatt.pdf;FS1600H_Betriebsanleitung.pdf;FS1600H_Ersatzteilliste.pdf;FS1600H_Energielabel.pdf;FS1600H_Energiepfeil.png
Tefcold;Tefcold-Kühlschrank;Tefcold-Kühlschrank-Glastür;;;Glastürkühlschränke - 2-3 Türen;15953;FS890H;5708181008239;5708181008239;TEFCOLD;1968,00;Glastürkühlgeräte | Glastürkühlschränke - 2-3 Türen;574663;;;;;;;;;;Automatisch;;;;;;;;410;;;;;;;;;;;;;;;5;;;;;;;;;;;;;;;;;;Elektronisch;;;;;;;;;;;;;;;;;;;;;;;2 Dreh-Glastüren;;;;;;;;;;;;;890;1990;740;;;;;;196;;;;;;;;;;;;;166;707;;;;;;;;;;;;;;;;;;;;;78.5;F;;6.101;2227;;;;;;;Weiß RAL 9016;Weiß;;;;;;;;;;;;;;;;;;;;4 Stellfüße;;;;;;48;;;;;;;;;;;;;;;;;;;;;;;810;1556;561;LED;;;;;;;;;4;;;;;;;;;;;;;115;R290 / GWP 3;;;Ventiliert;;;;;;;;;;;;;;;;;;;;;;;;Stahlblech, verzinkt, mit weißer Lackierung;;;;;;+30°C, 55% RH;;;;;;;;;;;;;;;;;;;;;;;;;153;535;;;;;;;;;;;;;;;;;;;;;;;;;;;;;;;;;;;;;;;4 Rollen;;;;5 Tragroste, weiß;;;;;;;;;;;;;;;;;220-240/50;;;Ja;;;;;;;;;;;Thermometer;+2 bis +10;;;;;;;;;;;;;;;Ja;;;;Nein;;;;;;;;;;;;;;;;;;;;;;;;;;;;;;;;;;;;;;;;;;;;;;;;;;;;;;528;468;948;480;;;;;;;28;;;;;;;;;;794 x 540 mm;;950;840;2160;FS890H_Produktblatt.pdf;FS890H_Betriebsanleitung.pdf;FS890H_Ersatzteilliste.pdf;FS890H_Energielabel.pdf;FS890H_Energiepfeil.png
Tefcold;Tefcold-Kühlschrank;Tefcold-Kühlschrank-Glastür;;;Glastürkühlschränke - 2-3 Türen;34753;FS890H BLACK;5708181995737;5708181995737;TEFCOLD;2061,00;Glastürkühlgeräte | Glastürkühlschränke - 2-3 TürenDEALS + | Komplett in Schwarz;574663;;;;;;;;;;Automatisch;;;;;;;;410;;;;;;;;;;;;;;;5;;;;;;;;;;;;;;;;;;Elektronisch;;;;;;;;;;;;;;;;;;;;;;;2 Dreh-Glastüren;;;;;;;;;;;;;890;1990;740;;;;;;196;;;;;;;;;;;;;166;707;;;;;;;;;;;;;;;;;;;;;78.5;F;;6.101;2227;;;;;;;Schwarz RAL9005;Schwarz;;;;;;;;;;;;;;;;;;;;4 Stellfüße;;;;;;48;;;;;;;;;;;;;;;;;;;;;;;810;1556;561;LED;;;;;;;;;4;;;;;;;;;;;;;115;R290 / GWP 3;;;Ventiliert;;;;;;;;;;;;;;;;;;;;;;;;Schwarz RAL9005;;;;;;+30°C, 55% RH;;;;;;;;;;;;;;;;;;;;;;;;;153;535;;;;;;;;;;;;;;;;;;;;;;;;;;;;;;;;;;;;;;;4 Rollen;;;;5 Tragroste, schwarz;;;;;;;;;;;;;;;;;220-240/50;;;Ja;;;;;;;;;;;Thermometer;+2 bis +10;;;;;;;;;;;;;;;Ja;;Ja;;Nein;;;;;;;;;;;;;;;;;;;;;;;;;;;;;;;;;;;;;;;;;;;;;;;;;;;;;;528;468;948;480;;;;;;;28;;;;;;;;;;794 x 540 mm;;950;840;2160;FS890H_BLACK_Produktblatt.pdf;FS890H_BLACK_Betriebsanleitung.pdf;FS890H_BLACK_Ersatzteilliste.pdf;FS890H_BLACK_Energielabel.pdf;FS890H_BLACK_Energiepfeil.png
Tefcold;Tefcold-Kühlschrank;Tefcold-Kühlschrank-Glastür;;;Glastürkühlschränke - 2-3 Türen;15955;FSC1000H;5708181003500;5708181003500;TEFCOLD;2104,00;Glastürkühlgeräte | Glastürkühlschränke - 2-3 Türen;469893;;;;;;;;;;Automatisch;;;;;;;;450;;;;;;;;;;;;;;;5;;;;;;;;;;;;;;;;;;Elektronisch;;;;;;;;;D-Form;;;;;;;;;;;;;;2 Dreh-Glastüren;;;;;;;;;;;;;1000;2000;790;;;;;;196;;;;;;;;;;;;;175;796;;;;;;;;;;;;;;;;;;;;;76.5;F;;5.96;2175;;;;;;;Weiß RAL 9016;Weiß;;;;;;;;;;;;;;;;;;;;4 Stellfüße;;;;;;48;;;;;;;;;;;;;;;;;;;;;;;890;1533;670;LED;;;;;;;;;4;;;;;;;;;;;;;120;R290 / GWP 3;;;Ventiliert;;;;;;;;;;;;;;;;;;;;;;;;Stahlblech, verzinkt, mit weißer Lackierung;;;;;;+30°C, 55% RH;;;;;;;;;;;;;;;;;;;;;;;;;162;524;;;;;;;;;;;;;;;;;;;;;;;;;;;;;;;;;;;;;;;4 Rollen;;;;5 Tragroste, weiß;;;;;;;;;;;;;;;;;220-240/50;;;Ja;;;;;;;;;;;Thermometer;+2 bis +10;;;;;;;;;;;;;;;Ja;;;;Nein;;;;;;;;;;;;;;;;;;;;;;;;;;;;;;;;;;;;;;;;;;;;;;;;;;;;;;520;520;1066;754;;;;;;;26;;;;;;;;;;870 x 540 mm;870 x 475;1080;800;2100;FSC1000H_Produktblatt.pdf;FSC1000H_Betriebsanleitung.pdf;FSC1000H_Ersatzteilliste.pdf;FSC1000H_Energielabel.pdf;FSC1000H_Energiepfeil.png
Tefcold;Tefcold-Kühlschrank;Tefcold-Kühlschrank-Glastür;;;Glastürkühlschränke - 2-3 Türen;34754;FSC1000H BLACK;5708181995744;5708181995744;TEFCOLD;2351,00;DEALS + | Komplett in SchwarzGlastürkühlgeräte | Glastürkühlschränke - 2-3 Türen;469893;;;;;;;;;;Automatisch;;;;;;;;450;;;;;;;;;;;;;;;5;;;;;;;;;;;;;;;;;;Elektronisch;;;;;;;;;L-Form;;;;;;;;;;;;;;2 Dreh-Glastüren;;;;;;;;;;;;;1000;2000;790;;;;;;196;;;;;;;;;;;;;175;796;;;;;;;;;;;;;;;;;;;;;76.5;F;;5.96;2175;;;;;;;Schwarz RAL9005;Schwarz;;;;;;;;;;;;;;;;;;;;4 Stellfüße;;;;;;48;;;;;;;;;;;;;;;;;;;;;;;890;1533;670;LED;;;;;;;;;4;;;;;;;;;;;;;120;R290 / GWP 3;;;Ventiliert;;;;;;;;;;;;;;;;;;;;;;;;Schwarz RAL9005;;;;;;+30°C, 55% RH;;;;;;;;;;;;;;;;;;;;;;;;;162;524;;;;;;;;;;;;;;;;;;;;;;;;;;;;;;;;;;;;;;;4 Rollen;;;;5 Tragroste, schwarz;;;;;;;;;;;;;;;;;220-240/50;;;Ja;;;;;;;;;;;Thermometer;+2 bis +10;;;;;;;;;;;;;;;Ja;;Ja;;Nein;;;;;;;;;;;;;;;;;;;;;;;;;;;;;;;;;;;;;;;;;;;;;;;;;;;;;;520;520;1066;754;;;;;;;26;;;;;;;;;;870 x 540 mm;870 x 475;1080;800;2100;FSC1000H_BLACK_Produktblatt.pdf;FSC1000H_BLACK_Betriebsanleitung.pdf;FSC1000H_BLACK_Ersatzteilliste.pdf;FSC1000H_BLACK_Energielabel.pdf;FSC1000H_BLACK_Energiepfeil.png
Tefcold;Tefcold-Kühlschrank;Tefcold-Kühlschrank-Glastür;;;Glastürkühlschränke - 2-3 Türen;15957;FSC1000S;5708181003661;5708181003661;TEFCOLD;2115,00;Glastürkühlgeräte | Glastürkühlschränke - 2-3 Türen;469909;;;;;;;;;;Automatisch;;;;;;;;450;;;;;;;;;;;;;;;5;;;;;;;;;;;;;;;;;;Elektronisch;;;;;;;;;D-Form;;;;;;;;;;;;;;2 Selbstschließendes Schiebeglas;;;;;;;;;;;;;1000;2000;740;;;;;;196;;;;;;;;;;;;;164;771;;;;;;;;;;;;;;;;;;;;;79.6;F;;5.96;2175;;;;;;;Weiß RAL 9016;Weiß;;;;;;;;;;;;;;;;;;;;4 Stellfüße;;;;;;48;;;;;;;;;;;;;;;;;;;;;;;890;1533;572;LED;;;;;;;;;4;;;;;;;;;;;;;120;R290 / GWP 3;;;Ventiliert;;;;;;;;;;;;;;;;;;;;;;;;Stahlblech, verzinkt, mit weißer Lackierung;;;;;;+30°C, 55% RH;;;;;;;;;;;;;;;;;;;;;;;;;159;524;;;;;;;;;;;;;;;;;;;;;;;;;;;;;;;;;;;;;;;4 Rollen;;;;5 Tragroste, weiß;;;;;;;;;;;;;;;;;220-240/50;;;Ja;;;;;;;;;;;Thermometer;+2 bis +10;;;;;;;;;;;;;;;Ja;;Ja;;Nein;;;;;;;;;;;;;;;;;;;;;;;;;;;;;;;;;;;;;;;;;;;;;;;;;;;;;;455;455;936;663;;;;;;;28;;;;;;;;;;870 x 470 mm;870 x 475;1080;840;2100;FSC1000S_Produktblatt.pdf;FSC1000S_Betriebsanleitung.pdf;FSC1000S_Ersatzteilliste.pdf;FSC1000S_Energielabel.pdf;FSC1000S_Energiepfeil.png
Tefcold;Tefcold-Kühlschrank;Tefcold-Kühlschrank-Glastür;;;Glastürkühlschränke - 2-3 Türen;15959;FSC1200H;5708181003678;5708181003678;TEFCOLD;2310,00;Glastürkühlgeräte | Glastürkühlschränke - 2-3 Türen;469920;;;;;;;;;;Automatisch;;;;;;;;880;;;;;;;;;;;;;;;5;;;;;;;;;;;;;;;;;;Elektronisch;;;;;;;;;D-Form;;;;;;;;;;;;;;2 Dreh-Glastüren;;;;;;;;;;;;;1200;2000;790;;;;;;196;;;;;;;;;;;;;189;1082;;;;;;;;;;;;;;;;;;;;;72;F;;6.8;2482;;;;;;;Weiß RAL 9016;Weiß;;;;;;;;;;;;;;;;;;;;4 Stellfüße;;;;;;48;;;;;;;;;;;;;;;;;;;;;;;1090;1533;670;LED;;;;;;;;;4;;;;;;;;;;;;;120;R290 / GWP 3;;;Ventiliert;;;;;;;;;;;;;;;;;;;;;;;;Stahlblech, verzinkt, mit weißer Lackierung;;;;;;+30°C, 55% RH;;;;;;;;;;;;;;;;;;;;;;;;;174;645;;;;;;;;;;;;;;;;;;;;;;;;;;;;;;;;;;;;;;;4 Rollen;;;;5 Tragroste, weiß;;;;;;;;;;;;;;;;;220-240/50;;;Ja;;;;;;;;;;;Thermometer;+2 bis +10;;;;;;;;;;;;;;;Ja;;;;Nein;;;;;;;;;;;;;;;;;;;;;;;;;;;;;;;;;;;;;;;;;;;;;;;;;;;;;;640;640;1312;928;;;;;;;23;;;;;;;;;;1072 x 540 mm;1070 x 475;1250;840;2100;FSC1200H_Produktblatt.pdf;FSC1200H_Betriebsanleitung.pdf;FSC1200H_Ersatzteilliste.pdf;FSC1200H_Energielabel.pdf;FSC1200H_Energiepfeil.png
Tefcold;Tefcold-Kühlschrank;Tefcold-Kühlschrank-Glastür;;;Glastürkühlschränke - 2-3 Türen;34756;FSC1200H BLACK;5708181995768;5708181995768;TEFCOLD;2434,00;Glastürkühlgeräte | Glastürkühlschränke - 2-3 TürenDEALS + | Komplett in Schwarz;469920;;;;;;;;;;Automatisch;;;;;;;;880;;;;;;;;;;;;;;;5;;;;;;;;;;;;;;;;;;Elektronisch;;;;;;;;;L-Form;;;;;;;;;;;;;;2 Dreh-Glastüren;;;;;;;;;;;;;1200;2000;790;;;;;;196;;;;;;;;;;;;;189;1082;;;;;;;;;;;;;;;;;;;;;72;F;;6.8;2482;;;;;;;Schwarz RAL9005;Schwarz;;;;;;;;;;;;;;;;;;;;4 Stellfüße;;;;;;48;;;;;;;;;;;;;;;;;;;;;;;1090;1533;670;LED;;;;;;;;;4;;;;;;;;;;;;;120;R290 / GWP 3;;;Ventiliert;;;;;;;;;;;;;;;;;;;;;;;;Schwarz RAL9005;;;;;;+30°C, 55% RH;;;;;;;;;;;;;;;;;;;;;;;;;174;645;;;;;;;;;;;;;;;;;;;;;;;;;;;;;;;;;;;;;;;4 Rollen;;;;5 Tragroste, schwarz;;;;;;;;;;;;;;;;;220-240/50;;;Ja;;;;;;;;;;;Thermometer;+2 bis +10;;;;;;;;;;;;;;;Ja;;Ja;;Nein;;;;;;;;;;;;;;;;;;;;;;;;;;;;;;;;;;;;;;;;;;;;;;;;;;;;;;640;640;1312;928;;;;;;;23;;;;;;;;;;1072 x 540 mm;1070 x 475;1250;840;2100;FSC1200H_BLACK_Produktblatt.pdf;FSC1200H_BLACK_Betriebsanleitung.pdf;FSC1200H_BLACK_Ersatzteilliste.pdf;FSC1200H_BLACK_Energielabel.pdf;FSC1200H_BLACK_Energiepfeil.png
Tefcold;Tefcold-Kühlschrank;Tefcold-Kühlschrank-Glastür;;;Glastürkühlschränke - 2-3 Türen;15961;FSC1200S;5708181003494;5708181003494;TEFCOLD;2252,00;Glastürkühlgeräte | Glastürkühlschränke - 2-3 Türen;469941;;;;;;;;;;Automatisch;;;;;;;;880;;;;;;;;;;;;;;;5;;;;;;;;;;;;;;;;;;Elektronisch;;;;;;;;;D-Form;;;;;;;;;;;;;;2 Selbstschließendes Schiebeglas;;;;;;;;;;;;;1200;2000;740;;;;;;196;;;;;;;;;;;;;183;967;;;;;;;;;;;;;;;;;;;;;79;F;;8.65;3157;;;;;;;Weiß RAL 9016;Weiß;;;;;;;;;;;;;;;;;;;;4 Stellfüße;;;;;;48;;;;;;;;;;;;;;;;;;;;;;;1090;1533;572;LED;;;;;;;;;4;;;;;;;;;;;;;120;R290 / GWP 3;;;Ventiliert;;;;;;;;;;;;;;;;;;;;;;;;Stahlblech, verzinkt, mit weißer Lackierung;;;;;;+30°C, 55% RH;;;;;;;;;;;;;;;;;;;;;;;;;178;645;;;;;;;;;;;;;;;;;;;;;;;;;;;;;;;;;;;;;;;4 Rollen;;;;5 Tragroste, weiß;;;;;;;;;;;;;;;;;220-240/50;;;Ja;;;;;;;;;;;Thermometer;+2 bis +10;;;;;;;;;;;;;;;Ja;;Ja;;Nein;;;;;;;;;;;;;;;;;;;;;;;;;;;;;;;;;;;;;;;;;;;;;;;;;;;;;;560;560;1152;816;;;;;;;23;;;;;;;;;;1072 x 470 mm;1070 x 475;1250;840;2100;FSC1200S_Produktblatt.pdf;FSC1200S_Betriebsanleitung.pdf;FSC1200S_Ersatzteilliste.pdf;FSC1200S_Energielabel.pdf;FSC1200S_Energiepfeil.png
Tefcold;Tefcold-Kühlschrank;Tefcold-Kühlschrank-Glastür;;;Glastürkühlschränke - 2-3 Türen;15963;FSC1600H;5708181008895;5708181008895;TEFCOLD;3224,00;Glastürkühlgeräte | Glastürkühlschränke - 2-3 Türen;469943;;;;;;;;;;Automatisch;;;;;;;;817;;;;;;;;;;;;;;;;;;;;;;;;;;;;;;;;;Elektronisch;;;;;;;;;L-Form;;;;;;;;;;;;;;3 Selbstschließende Dreh-Glastüren;;;;;;;;;;;;;1600;2073;730;;;;;;196;;;;;;;;;;;;;229;1315;;;;;;;;;;;;;;;;;;;;;61;E;;6.6;2409;;;;;;;Weiß RAL 9016;Weiß;;;;;;;;;;;;;;;;;;;;6 Stellfüße;;;;;;45;;;;;;;;;;;;;;;;;;;;;;;1492;1518;585;LED;;;;;;;;;4;;;;;;;;;;;;;145;R290 / GWP 3;;;Ventiliert;;;;;;;;;;;;;;;;;;;;;;;;Stahlblech, verzinkt, mit weißer Lackierung;;;;;;+30°C, 55% RH;;;;;;;;;;;;;;;;;;;;;;;;;224;825;;;;;;;;;;;;;;;;;;;;;;;;;;;;;;;;;;;;;;;6 Rollen;;;;15 Tragroste, weiß;;;;;;;;;;;;;;;;;220-240/50;;;Ja;;;;;;;;;;;Thermometer;+2 bis +10;;;;;;;;;;;;;;;Ja;;;;Nein;;;;;;;;;;;;;;;;;;;;;;;;;;;;;;;;;;;;;;;;;;;;;;;;;;;;;;714;714;1218;840;;;;;;;14;;;;;;;;;;465/535 x 470 mm;;1660;840;2124;FSC1600H_Produktblatt.pdf;FSC1600H_Betriebsanleitung.pdf;FSC1600H_Ersatzteilliste.pdf;FSC1600H_Energielabel.pdf;FSC1600H_Energiepfeil.png
Tefcold;Tefcold-Kühlschrank;Tefcold-Kühlschrank-Glastür;;;Glastürkühlschränke - 2-3 Türen;15965;FSC1950H;5708181003692;5708181003692;TEFCOLD;2244,00;Glastürkühlgeräte | Glastürkühlschränke - 2-3 Türen;469912;;;;;;;;;;Automatisch;;;;;;;;490;;;;;;;;;;;;;;;;;;;;;;;;;;;;;;;;;Elektronisch;;;;;;;;;D-Form;;;;;;;;;;;;;;2 Dreh-Glastüren;;;;;;;;;;;;;1110;2010;875;;;;;;196;;;;;;;;;;;;;210;875;;;;;;;;;;;;;;;;;;;;;66;F;;6.4;2336;;;;;;;Weiß RAL 9016;Weiß;;;;;;;;;;;;;;;;;;;;4 Stellfüße;;;;;;48;;;;;;;;;;;;;;;;;;;;;;;1000;1533;750;Ja;;;;;;;;;4;;;;;;;;;;;;;125;R290 / GWP 3;;;Ventiliert;;;;;;;;;;;;;;;;;;;;;;;;Stahlblech, verzinkt, mit weißer Lackierung;;;;;;+30°C, 55% RH;;;;;;;;;;;;;;;;;;;;;;;;;200;710;;;;;;;;;;;;;;;;;;;;;;;;;;;;;;;;;;;;;;;4 Rollen;;;;5 Tragroste, weiß;;;;;;;;;;;;;;;;;220-240/50;;;Ja;;;;;;;;;;;Thermometer;+2 bis +10;;;;;;;;;;;;;;;Ja;;;;Nein;;;;;;;;;;;;;;;;;;;;;;;;;;;;;;;;;;;;;;;;;;;;;;;;;;;;;;560;560;1020;720;;;;;;;22;;;;;;;;;;985 x 555 mm;;1180;910;2100;FSC1950H_Produktblatt.pdf;FSC1950H_Betriebsanleitung.pdf;FSC1950H_Ersatzteilliste.pdf;FSC1950H_Energielabel.pdf;FSC1950H_Energiepfeil.png
Tefcold;Tefcold-Kühlschrank;Tefcold-Kühlschrank-Glastür;;;Glastürkühlschränke - 2-3 Türen;15967;FSC1950S;5708181003685;5708181003685;TEFCOLD;2244,00;Glastürkühlgeräte | Glastürkühlschränke - 2-3 Türen;469915;;;;;;;;;;Automatisch;;;;;;;;490;;;;;;;;;;;;;;;;;;;;;;;;;;;;;;;;;Elektronisch;;;;;;;;;D-Form;;;;;;;;;;;;;;2 Selbstschließendes Schiebeglas;;;;;;;;;;;;;1110;2010;825;;;;;;196;;;;;;;;;;;;;198;875;;;;;;;;;;;;;;;;;;;;;66;F;;6.4;2336;;;;;;;Weiß RAL 9016;Weiß;;;;;;;;;;;;;;;;;;;;4 Stellfüße;;;;;;48;;;;;;;;;;;;;;;;;;;;;;;1000;1533;652;Ja;;;;;;;;;4;;;;;;;;;;;;;125;R290 / GWP 3;;;Ventiliert;;;;;;;;;;;;;;;;;;;;;;;;Stahlblech, verzinkt, mit weißer Lackierung;;;;;;+30°C, 55% RH;;;;;;;;;;;;;;;;;;;;;;;;;193;710;;;;;;;;;;;;;;;;;;;;;;;;;;;;;;;;;;;;;;;4 Rollen;;;;5 Tragroste, weiß;;;;;;;;;;;;;;;;;220-240/50;;;Ja;;;;;;;;;;;Thermometer;+2 bis +10;;;;;;;;;;;;;;;Ja;;Ja;;Nein;;;;;;;;;;;;;;;;;;;;;;;;;;;;;;;;;;;;;;;;;;;;;;;;;;;;;;560;560;1020;720;;;;;;;22;;;;;;;;;;985 x 555 mm;;1180;910;2100;FSC1950S_Produktblatt.pdf;FSC1950S_Betriebsanleitung.pdf;FSC1950S_Ersatzteilliste.pdf;FSC1950S_Energielabel.pdf;FSC1950S_Energiepfeil.png
Tefcold;Tefcold-Kühlschrank;Tefcold-Kühlschrank-Glastür;;;Glastürkühlschränke - 2-3 Türen;48872;FSC891H;5708181731243;5708181731243;TEFCOLD;2142,00;Glastürkühlgeräte | Glastürkühlschränke - 2-3 Türen;1673425;;;;;;;;;;Automatisch;;;;;;;;410;;;;;;;;;;;;;;;5;;;;;;;;;;;;;;;;;;Elektronisch;;;;;;;;;D-Form;;;;;;;;;;;;;;2 Selbstschließende Dreh-Glastüren;;;;;;;;;;;;;890;1990;740;;;;;;196;;;;;;;;;;;;;166;707;;;;;;;;;;;;;;;;;;;;;34.7;C;;2.63;960;;;;;;;Weiß RAL 9016;Weiß;;;;;;;;;;;;;;;;;;;;4 Stellfüße;;;;;;48;;;;;;;;;;;;;;;;;;;;;;;810;1556;561;LED;;;;;;;;;4;;;;;;;;;;;;;115;R290 / GWP 3;;;Ventiliert;;;;;;;;;;;;;;;;;;;;;;;;Stahlblech, verzinkt, mit weißer Lackierung;;;;;;+30°C, 55% RH;;;;;;;;;;;;;;;;;;;;;;;;;153;535;;;;;;;;;;;;;;;;;;;;;;;;;;;;;;;;;;;;;;;4 Rollen;;;;5 Tragroste, weiß;;;;;;;;;;;;;;;;;220-240/50;;;Ja;;;;;;;;;;;Thermometer;+2 bis +10;;;;;;;;;;;;;;;Ja;;Ja;;Nein;;;;;;;;;;;;;;;;;;;;;;;;;;;;;;;;;;;;;;;;;;;;;;;;;;;;;;528;468;948;480;;;;;;;28;;;;;;;;;;794 x 540 mm;;950;840;2160;FSC891H_Produktblatt.pdf;FSC891H_Betriebsanleitung.pdf;FSC891H_Ersatzteilliste.pdf;FSC891H_Energielabel.pdf;FSC891H_Energiepfeil.png
Tefcold;Tefcold-Kühlschrank;Tefcold-Kühlschrank-Glastür;;;Glastürkühlschränke - 2-3 Türen;49271;FSC891H Black;5708181731762;5708181731762;TEFCOLD;2266,00;DEALS + | Komplett in SchwarzGlastürkühlgeräte | Glastürkühlschränke - 2-3 Türen;1673425;;;;;;;;;;Automatisch;;;;;;;;410;;;;;;;;;;;;;;;5;;;;;;;;;;;;;;;;;;Elektronisch;;;;;;;;;D-Form;;;;;;;;;;;;;;2 Selbstschließende Dreh-Glastüren;;;;;;;;;;;;;890;1990;740;;;;;;196;;;;;;;;;;;;;166;707;;;;;;;;;;;;;;;;;;;;;34.7;C;;2.63;960;;;;;;;Schwarz RAL9005;Schwarz;;;;;;;;;;;;;;;;;;;;4 Stellfüße;;;;;;48;;;;;;;;;;;;;;;;;;;;;;;810;1556;561;LED;;;;;;;;;4;;;;;;;;;;;;;115;R290 / GWP 3;;;Ventiliert;;;;;;;;;;;;;;;;;;;;;;;;Schwarz RAL9005;;;;;;+30°C, 55% RH;;;;;;;;;;;;;;;;;;;;;;;;;153;535;;;;;;;;;;;;;;;;;;;;;;;;;;;;;;;;;;;;;;;4 Rollen;;;;5 Tragroste, schwarz;;;;;;;;;;;;;;;;;220-240/50;;;Ja;;;;;;;;;;;Thermometer;+2 bis +10;;;;;;;;;;;;;;;Ja;;;;Nein;;;;;;;;;;;;;;;;;;;;;;;;;;;;;;;;;;;;;;;;;;;;;;;;;;;;;;528;468;948;480;;;;;;;28;;;;;;;;;;794 x 540 mm;;950;840;2160;FSC891H_Black_Produktblatt.pdf;FSC891H_Black_Betriebsanleitung.pdf;FSC891H_Black_Ersatzteilliste.pdf;FSC891H_Black_Energielabel.pdf;FSC891H_Black_Energiepfeil.png
Tefcold;Tefcold-Kühlschrank;Tefcold-Kühlschrank-Glastür;;;Glastürkühlschränke - 2-3 Türen;48870;FSC891S;5708181731229;5708181731229;TEFCOLD;2106,00;Glastürkühlgeräte | Glastürkühlschränke - 2-3 Türen;1904828;;;;;;;;;;Automatisch;;;;;;;;410;;;;;;;;;;;;;;;5;;;;;;;;;;;;;;;;;;Elektronisch;;;;;;;;;D-Form;;;;;;;;;;;;;;2 Selbstschließendes Schiebeglas;;;;;;;;;;;;;890;1990;740;;;;;;196;;;;;;;;;;;;;166;707;;;;;;;;;;;;;;;;;;;;;49.1;D;;3.32;1212;;;;;;;Weiß RAL 9016;Weiß;;;;;;;;;;;;;;;;;;;;4 Stellfüße;;;;;;48;;;;;;;;;;;;;;;;;;;;;;;810;1556;561;LED;;;;;;;;;4;;;;;;;;;;;;;115;R290 / GWP 3;;;Ventiliert;;;;;;;;;;;;;;;;;;;;;;;;Stahlblech, verzinkt, mit weißer Lackierung;;;;;;+30°C, 55% RH;;;;;;;;;;;;;;;;;;;;;;;;;153;462;;;;;;;;;;;;;;;;;;;;;;;;;;;;;;;;;;;;;;;4 Rollen;;;;5 Tragroste, weiß;;;;;;;;;;;;;;;;;220-240/50;;;Ja;;;;;;;;;;;Thermometer;+2 bis +10;;;;;;;;;;;;;;;Ja;;Ja;;Nein;;;;;;;;;;;;;;;;;;;;;;;;;;;;;;;;;;;;;;;;;;;;;;;;;;;;;;360;360;720;504;;;;;;;28;;;;;;;;;;794 x 470 mm;;950;840;2160;FSC891S_Produktblatt.pdf;FSC891S_Betriebsanleitung.pdf;FSC891S_Ersatzteilliste.pdf;FSC891S_Energielabel.pdf;FSC891S_Energiepfeil.png
Tefcold;Tefcold-Kühlschrank;Tefcold-Kühlschrank-Glastür;;;Glastürkühlschränke - 2-3 Türen;49273;FSC891S Black;5708181731786;5708181731786;TEFCOLD;2186,00;DEALS + | Komplett in SchwarzGlastürkühlgeräte | Glastürkühlschränke - 2-3 Türen;1904828;;;;;;;;;;Automatisch;;;;;;;;410;;;;;;;;;;;;;;;5;;;;;;;;;;;;;;;;;;Elektronisch;;;;;;;;;D-Form;;;;;;;;;;;;;;2 Selbstschließendes Schiebeglas;;;;;;;;;;;;;890;1990;740;;;;;;196;;;;;;;;;;;;;166;707;;;;;;;;;;;;;;;;;;;;;49.1;D;;3.32;1212;;;;;;;Schwarz RAL9005;Schwarz;;;;;;;;;;;;;;;;;;;;4 Stellfüße;;;;;;48;;;;;;;;;;;;;;;;;;;;;;;810;1556;561;LED;;;;;;;;;4;;;;;;;;;;;;;115;R290 / GWP 3;;;Ventiliert;;;;;;;;;;;;;;;;;;;;;;;;Schwarz RAL9005;;;;;;+30°C, 55% RH;;;;;;;;;;;;;;;;;;;;;;;;;153;462;;;;;;;;;;;;;;;;;;;;;;;;;;;;;;;;;;;;;;;4 Rollen;;;;5 Tragroste, schwarz;;;;;;;;;;;;;;;;;220-240/50;;;Ja;;;;;;;;;;;Thermometer;+2 bis +10;;;;;;;;;;;;;;;Ja;;Ja;;Nein;;;;;;;;;;;;;;;;;;;;;;;;;;;;;;;;;;;;;;;;;;;;;;;;;;;;;;360;360;720;504;;;;;;;28;;;;;;;;;;794 x 470 mm;;950;840;2160;FSC891S_Black_Produktblatt.pdf;FSC891S_Black_Betriebsanleitung.pdf;FSC891S_Black_Ersatzteilliste.pdf;FSC891S_Black_Energielabel.pdf;FSC891S_Black_Energiepfeil.png
Tefcold;Tefcold-Kühlschrank;Tefcold-Kühlschrank-Glastür;;;Glastürkühlschränke - 2-3 Türen;54988;LGC5000;5708181740573;5708181740573;TEFCOLD;2588,00;DEALS + | Energieeffiziente GeräteDEALS + | ProduktneuheitenGlastürkühlgeräte | SupermarktkühltruhenGlastürkühlgeräte | Glastürkühlschränke - 2-3 Türen;460133;;;;;;;;;;Automatisch / Off-Cycle-Abtauung;;;;;;;;400;;;;;;;;;;;;;;;10;;;;;;;;;;;;;;;;;;Elektronisch;;;;;;;;;;;;;;;;;;;;;;;2 Dreh-Glastüren;;;;;;;;;;;;;1382;2065;805;;;;;;196;;;;;;;;;;;;;210;1108;;;;;;;;;;;;;;;;;;;;;19;B;;5.21;1900;;;;;;;Weiß;;;;;;;;;;;;;;;;;;;;;;;;;;;58;;;;;;;;;;;;;;;;;;;;;;;1262;1520;640;LED;;;;;;;;;4;;;;;;;;;;;;;120;R290 / GWP 3;;;Umluft;;;;;;;;;;;;;;;;;;;;;;;;Weiß;;;;;;+30°C, 55% RH;;;;;;;;;;;;;;;;;;;;;;;;;190;922;;;;;;;;;;;;;;;;;;;;;;;;;;;;;;;;;;;;;;;;;;;10;;;;;;;;;;;;;;;;;220-240/50;;;Ja;;;;;;;;;;;Thermometer;+1 bis +8;;;;;;;;;;;;;;;Ja;;Ja;;Nein;;;;;;;;;;;;;;;;;;;;;;;;;;1.38;;;;;;;;;;;;;;;;;;;;;;;;;;;;1000;;;;;;;;;;22;;;;;;;;;;618*622;;1430;860;2260;LGC5000_Produktblatt.pdf;LGC5000_Betriebsanleitung.pdf;LGC5000_Ersatzteilliste.pdf;LGC5000_Energielabel.pdf;LGC5000_Energiepfeil.png
Tefcold;Tefcold-Kühlschrank;Tefcold-Kühlschrank-Glastür;;;Glastürkühlschränke - 2-3 Türen;54989;LGC7500;5708181740580;5708181740580;TEFCOLD;3516,00;DEALS + | ProduktneuheitenGlastürkühlgeräte | SupermarktkühltruhenGlastürkühlgeräte | Glastürkühlschränke - 2-3 Türen;460144;;;;;;;;;;Automatisch / Off-Cycle-Abtauung;;;;;;;;650;;;;;;;;;;;;;;;15;;;;;;;;;;;;;;;;;;Elektronisch;;;;;;;;;;;;;;;;;;;;;;;3 Dreh-Glastüren;;;;;;;;;;;;;2079;2065;805;;;;;;196;;;;;;;;;;;;;245;2050;;;;;;;;;;;;;;;;;;;;;30;C;;10.6;3870;;;;;;;Weiß;;;;;;;;;;;;;;;;;;;;;;;;;;;60;;;;;;;;;;;;;;;;;;;;;;;1959;1520;640;LED;;;;;;;;;4;;;;;;;;;;;;;150;R290 / GWP 3;;;Umluft;;;;;;;;;;;;;;;;;;;;;;;;Weiß;;;;;;+30°C, 55% RH;;;;;;;;;;;;;;;;;;;;;;;;;230;1436;;;;;;;;;;;;;;;;;;;;;;;;;;;;;;;;;;;;;;;;;;;15;;;;;;;;;;;;;;;;;220-240/50;;;Ja;;;;;;;;;;;Thermometer;+1 bis +8;;;;;;;;;;;;;;;Ja;;Ja;;Nein;;;;;;;;;;;;;;;;;;;;;;;;;;2.07;;;;;;;;;;;;;;;;;;;;;;;;;;;;1550;;;;;;;;;;14;;;;;;;;;;618*622 / 690*622;;2130;860;2260;LGC7500_Produktblatt.pdf;LGC7500_Betriebsanleitung.pdf;LGC7500_Ersatzteilliste.pdf;LGC7500_Energielabel.pdf;LGC7500_Energiepfeil.png
Tefcold;Tefcold-Kühlschrank;Tefcold-Kühlschrank-Glastür;;;Glastürkühlschränke - eintürig;49846;Atom Maxi C1DB;5708181733667;5708181733667;TEFCOLD;1596,00;DEALS + | Energieeffiziente GeräteGlastürkühlgeräte | Glastürkühlschränke - eintürig;1786679;;;;;;;;;;Automatisch / Off-Cycle-Abtauung;;;;;;;;323;;;;;;;;;;;;;;;5;;;;;;;;;;;;;;;;;;Elektronisch;;;;;;;;;;;;;;;;;;;;;;;1 Dreh-Glastür;;;;;;;;;;;;;750;2003;710;;;;;;135;;;;;;;;;;;;;141.5;614;;;;;;;;;;;;;;;;;;;;;15.4;B;;2.5;913;;;;;;;Schwarz RAL9005;Weiß;;;;;;;;;;;;;;;;;;;;;;;;;;58;;;;;;;;;;;;;;;;;;;;;;;660;1568;595;LED;;;;;;;;;3;;;;;;;;;;;;;85;R290 / GWP 3;;;Ventiliert;;;;;;;;;;;;;;;;;;;;;;;;Weiß, RAL 9003;;;;;;+25°C, 60% RH;;;;;;;;;;;;;;;;;;;;;;;;;130;459;;;;;;;;;;;;;;;;;;;;;;;;;;;;;;;;;;;;;;;4 Rollen;;;;5 verstellbar;;;;;;;;;;;;;;;;;220-240/50;;;Ja;;;;;;;;;;;Thermometer;-1 bis +10;;;;;;;;;;;;;;;Ja;;Ja;;Nein;;;;;;;;;;;;;;;;;;;;;;;;;;0.98;;;;;;;;;;;;;;;;;;;;;;;;;;;;350;315;630;378;;;;;;;45;;;;;;;;;;637 x 480 mm;;775;770;2090;Atom_Maxi_C1DB_Produktblatt.pdf;Atom_Maxi_C1DB_Betriebsanleitung.pdf;Atom_Maxi_C1DB_Ersatzteilliste.pdf;Atom_Maxi_C1DB_Energielabel.pdf;Atom_Maxi_C1DB_Energiepfeil.png
Tefcold;Tefcold-Kühlschrank;Tefcold-Kühlschrank-Glastür;;;Glastürkühlschränke - eintürig;53979;Atom Maxi C1DBB;5708181738600;5708181738600;TEFCOLD;1575,00;DEALS + | Energieeffiziente GeräteDEALS + | Komplett in SchwarzGlastürkühlgeräte | Glastürkühlschränke - eintürig;1786679;;;;;;;;;;Automatisch / Off-Cycle-Abtauung;;;;;;;;323;;;;;;;;;;;;;;;5;;;;;;;;;;;;;;;;;;Elektronisch;;;;;;;;;;;;;;;;;;;;;;;1 Dreh-Glastür;;;;;;;;;;;;;750;2003;710;;;;;;135;;;;;;;;;;;;;141.5;614;;;;;;;;;;;;;;;;;;;;;15.4;B;;2.5;913;;;;;;;Schwarz RAL9005;Schwarz;;;;;;;;;;;;;;;;;;;;;;;;;;58;;;;;;;;;;;;;;;;;;;;;;;660;1568;595;LED;;;;;;;;;3;;;;;;;;;;;;;85;R290 / GWP 3;;;Ventiliert;;;;;;;;;;;;;;;;;;;;;;;;Schwarz;;;;;;+25°C, 60% RH;;;;;;;;;;;;;;;;;;;;;;;;;130;459;;;;;;;;;;;;;;;;;;;;;;;;;;;;;;;;;;;;;;;4 Rollen;;;;5 verstellbar;;;;;;;;;;;;;;;;;220-240/50;;;Ja;;;;;;;;;;;Thermometer;-1 bis +10;;;;;;;;;;;;;;;Ja;;Ja;;Nein;;;;;;;;;;;;;;;;;;;;;;;;;;0.98;;;;;;;;;;;;;;;;;;;;;;;;;;;;350;315;630;378;;;;;;;45;;;;;;;;;;637 x 480 mm;;775;770;2090;Atom_Maxi_C1DBB_Produktblatt.pdf;Atom_Maxi_C1DBB_Betriebsanleitung.pdf;Atom_Maxi_C1DBB_Ersatzteilliste.pdf;Atom_Maxi_C1DBB_Energielabel.pdf;Atom_Maxi_C1DBB_Energiepfeil.png
Tefcold;Tefcold-Kühlschrank;Tefcold-Kühlschrank-Glastür;;;Glastürkühlschränke - eintürig;15882;BC145 W/FAN;5708181500924;5708181500924;TEFCOLD;480,00;Glastürkühlgeräte | Glastürkühlschränke - eintürig;442296;;;;;;;;;;Automatisch;;;;;;;;165;;;;;;;;;;;;;;;;;;;;;;;;;;;;;;;;;Mechanisch;;;;;;;;;;;;;;;;;;;;;;;1 Gewölbte Dreh-Glastür;;;;;;;;;;;;;503;850;567;;;;;;196;;;;;;;;;;;;;41;109;;;;;;;;;;;;;;;;;;;;;36;D;;0.98;359;;;;;;;Weiß;Weiß;;;;;;;;;;;;;;;;;;;;4 Stellfüße;;;;;;45;;;;;;;;;;;;;;;;;;;;;;;410;710;415;LED;;;;;;;;;4;;;;;;;;;;;;;28;R600a / GWP 3;;;Umluft;;;;;;;;;;;;;;;;;;;;;;;;Weiß, ABS;;;;;;+30°C, 55% RH;;;;;;;;;;;;;;;;;;;;;;;;;36;105;;;;;;;;;;;;;;;;;;;;;;;;;;;;;;;;;;;;;;;;;;;3 Tragroste, weiß;;;;;;;;;;;;;;;;;220-240/50;;;Ja;;;;;;;;;;;Thermometer;+2 bis +10;;;;;;;;;;;;;;;Ja;;;;Ja;;;;;;;;;;;;;;;;;;;;;;;;;;;;;;;;;;;;;;;;;;;;;;;;;;;;;;48;48;93;68;;;;;;;228;;;;;;;;;;410 x 353 mm;;570;610;900;BC145_W_FAN_Produktblatt.pdf;BC145_W_FAN_Betriebsanleitung.pdf;BC145_W_FAN_Ersatzteilliste.pdf;BC145_W_FAN_Energielabel.pdf;BC145_W_FAN_Energiepfeil.png
Tefcold;Tefcold-Kühlschrank;Tefcold-Kühlschrank-Glastür;;;Glastürkühlschränke - eintürig;34024;BC85 w/Fan;5708181994624;5708181994624;TEFCOLD;470,00;Glastürkühlgeräte | Glastürkühlschränke - eintürig;442292;;;;;;;;;;Automatisch;;;;;;;;165;;;;;;;;;;;;;;;3;;;;;;;;;;;;;;;;;;Mechanisch;;;;;;;;;;;;;;;;;;;;;;;1 Gewölbte Dreh-Glastür;;;;;;;;;;;;;503;775;567;;;;;;196;;;;;;;;;;;;;38;92;;;;;;;;;;;;;;;;;;;;;31;C;;1.06;387;;;;;;;Weiß;Weiß;;;;;;;;;;;;;;;;;;;;4 Stellfüße;;;;;;45;;;;;;;;;;;;;;;;;;;;;;;410;630;415;LED;;;;;;;;;4;;;;;;;;;;;;;28;R600a / GWP 3;;;Umluft;;;;;;;;;;;;;;;;;;;;;;;;Weiß, ABS;;;;;;+30°C, 55% RH;;;;;;;;;;;;;;;;;;;;;;;;;33;85;;;;;;;;;;;;;;;;;;;;;;;;;;;;;;;;;;;;;;;;;;;3 Tragroste, weiß;;;;;;;;;;;;;;;;;220-240/50;;;Ja;;;;;;;;;;;Thermometer;+2 bis +10;;;;;;;;;;;;;;;Ja;;;;Ja;;;;;;;;;;;;;;;;;;;;;;;;;;0.263;;;;;;;;;;;;;;;;;;;;;;;;;;;;43;43;93;68;;;;;;;228;;;;;;;;;;406 x 355 mm;;570;610;810;BC85_w_Fan_Produktblatt.pdf;BC85_w_Fan_Betriebsanleitung.pdf;BC85_w_Fan_Ersatzteilliste.pdf;BC85_w_Fan_Energielabel.pdf;BC85_w_Fan_Energiepfeil.png
Tefcold;Tefcold-Kühlschrank;Tefcold-Kühlschrank-Glastür;;;Glastürkühlschränke - eintürig;15824;CEV425 1 LED;5708181003715;5708181003715;TEFCOLD;838,00;Glastürkühlgeräte | Glastürkühlschränke - eintürig;469803;;;;;;;;;;Automatisch;;;;;;;;295;;;;;;;;;;;;;;;4;;;;;;;;;;;;;;;;;;Mechanisch;;;;;;;;;;;;;;;;;;;;;;;1 Dreh-Glastür;;;;;;;;;;;;;595;1840;600;;;;;;196;;;;;;;;;;;;;80;358;;;;;;;;;;;;;;;;;;;;;48.6;D;;2.2;803;;;;;;;Weiß;Weiß;;;;;;;;;;;;;;;;;;;;2 Stellfüße;;;;;;45;;;;;;;;;;;;;;;;;;;;;;;470;1555;440;LED, im Türrahmen;;;;;;;;;4;;;;;;;;;;;;;70;R600a / GWP 3;;;Umluft;;;;;;;;;;;;;;;;;;;;;;;;Weiß;;;;;;+30°C, 55% RH;;;;;;;;;;;;;;;;;;;;;;;;;75;345;;;;;;;;;;;;;;;;;;;;;;;;;;;;;;;;;;;;;;;2 Rollen;;;;4 Tragroste, weiß;;;;;;;;;;;;;;;;;220-240/50;;;Ja;;;;;;;;;;;Thermometer;+2 bis +10;;;;;;;;;;;;;;;Ja;;;;Ja;;;;;;;;;;;;;;;;;;;;;;;;;;;;;;;;;;;;;;;;;;;;;;;;;;;;;;213;174;357;231;;;;;;;54;;;;;;;;;;490 x 360 mm;;665;710;2000;CEV425_1_LED_Produktblatt.pdf;CEV425_1_LED_Betriebsanleitung.pdf;CEV425_1_LED_Ersatzteilliste.pdf;CEV425_1_LED_Energielabel.pdf;CEV425_1_LED_Energiepfeil.png
Tefcold;Tefcold-Kühlschrank;Tefcold-Kühlschrank-Glastür;;;Glastürkühlschränke - eintürig;43911;CEV425 1 LED L/H;5708181711559;5708181711559;TEFCOLD;838,00;Glastürkühlgeräte | Glastürkühlschränke - eintürig;469803;;;;;;;;;;Automatisch;;;;;;;;295;;;;;;;;;;;;;;;5;;;;;;;;;;;;;;;;;;Mechanisch;;;;;;;;;;;;;;;;;;;;;;;1 Glastür mit Linksanschlag;;;;;;;;;;;;;595;1840;600;;;;;;196;;;;;;;;;;;;;80;358;;;;;;;;;;;;;;;;;;;;;48.6;D;;2.2;803;;;;;;;Weiß;Weiß;;;;;;;;;;;;;;;;;;;;2 Stellfüße;;;;;;45;;;;;;;;;;;;;;;;;;;;;;;470;1555;440;LED, im Türrahmen;;;;;;;;;4;;;;;;;;;;;;;70;R600a / GWP 3;;;Umluft;;;;;;;;;;;;;;;;;;;;;;;;Weiß;;;;;;+30°C, 55% RH;;;;;;;;;;;;;;;;;;;;;;;;;75;345;;;;;;;;;;;;;;;;;;;;;;;;;;;;;;;;;;;;;;;2 Rollen;;;;5 Tragroste, weiß;;;;;;;;;;;;;;;;;220-240/50;;;Ja;;;;;;;;;;;Thermometer;+2 bis +10;;;;;;;;;;;;;;;Ja;;;;Ja;;;;;;;;;;;;;;;;;;;;;;;;;;;;;;;;;;;;;;;;;;;;;;;;;;;;;;213;174;357;231;;;;;;;54;;;;;;;;;;490 x 360 mm;;665;710;2000;CEV425_1_LED_L_H_Produktblatt.pdf;CEV425_1_LED_L_H_Betriebsanleitung.pdf;CEV425_1_LED_L_H_Ersatzteilliste.pdf;CEV425_1_LED_L_H_Energielabel.pdf;CEV425_1_LED_L_H_Energiepfeil.png
Tefcold;Tefcold-Kühlschrank;Tefcold-Kühlschrank-Glastür;;;Glastürkühlschränke - eintürig;15825;CEV425 BLACK;5708181019778;5708181019778;TEFCOLD;888,00;DEALS + | Komplett in SchwarzGlastürkühlgeräte | Glastürkühlschränke - eintürig;469803;;;;;;;;;;Automatisch;;;;;;;;295;;;;;;;;;;;;;;;5;;;;;;;;;;;;;;;;;;Mechanisch;;;;;;;;;;;;;;;;;;;;;;;1 Dreh-Glastür;;;;;;;;;;;;;595;1840;640;;;;;;196;;;;;;;;;;;;;80;358;;;;;;;;;;;;;;;;;;;;;48.6;D;;2.2;803;;;;;;;Schwarz;Schwarz;;;;;;;;;;;;;;;;;;;;2 Stellfüße;;;;;;45;;;;;;;;;;;;;;;;;;;;;;;505;1555;462;LED, im Türrahmen;;;;;;;;;4;;;;;;;;;;;;;70;R600a / GWP 3;;;Umluft;;;;;;;;;;;;;;;;;;;;;;;;Schwarz, ABS;;;;;;+30°C, 55% RH;;;;;;;;;;;;;;;;;;;;;;;;;75;219;;;;;;;;;;;;;;;;;;;;;;;;;;;;;;;;;;;;;;;2 Rollen;;;;5 Tragroste, schwarz;;;;;;;;;;;;;;;;;220-240/50;;;Ja;;;;;;;;;;;Thermometer;+2 bis +10;;;;;;;;;;;;;;;Ja;;;;Ja;;;;;;;;;;;;;;;;;;;;;;;;;;;;;;;;;;;;;;;;;;;;;;;;;;;;;;213;174;357;231;;;;;;;54;;;;;;;;;;499 x 360 mm;;665;710;2000;CEV425_BLACK_Produktblatt.pdf;CEV425_BLACK_Betriebsanleitung.pdf;CEV425_BLACK_Ersatzteilliste.pdf;CEV425_BLACK_Energielabel.pdf;CEV425_BLACK_Energiepfeil.png
Tefcold;Tefcold-Kühlschrank;Tefcold-Kühlschrank-Glastür;;;Glastürkühlschränke - eintürig;43909;CEV425 BLACK L/H;5708181711535;5708181711535;TEFCOLD;888,00;DEALS + | Komplett in SchwarzGlastürkühlgeräte | Glastürkühlschränke - eintürig;469803;;;;;;;;;;Automatisch;;;;;;;;295;;;;;;;;;;;;;;;5;;;;;;;;;;;;;;;;;;Mechanisch;;;;;;;;;;;;;;;;;;;;;;;1 Glastür mit Linksanschlag;;;;;;;;;;;;;595;1840;600;;;;;;196;;;;;;;;;;;;;80;358;;;;;;;;;;;;;;;;;;;;;48.6;D;;2.2;803;;;;;;;Schwarz;Schwarz;;;;;;;;;;;;;;;;;;;;2 Stellfüße;;;;;;45;;;;;;;;;;;;;;;;;;;;;;;470;1555;440;LED, im Türrahmen;;;;;;;;;4;;;;;;;;;;;;;70;R600a / GWP 3;;;Umluft;;;;;;;;;;;;;;;;;;;;;;;;Schwarz, ABS;;;;;;+30°C, 55% RH;;;;;;;;;;;;;;;;;;;;;;;;;75;345;;;;;;;;;;;;;;;;;;;;;;;;;;;;;;;;;;;;;;;2 Rollen;;;;5 Tragroste, schwarz;;;;;;;;;;;;;;;;;220-240/50;;;Ja;;;;;;;;;;;Thermometer;+2 bis +10;;;;;;;;;;;;;;;Ja;;;;Ja;;;;;;;;;;;;;;;;;;;;;;;;;;;;;;;;;;;;;;;;;;;;;;;;;;;;;;213;174;357;231;;;;;;;54;;;;;;;;;;490 x 360 mm;;665;710;2000;CEV425_BLACK_L_H_Produktblatt.pdf;CEV425_BLACK_L_H_Betriebsanleitung.pdf;CEV425_BLACK_L_H_Ersatzteilliste.pdf;CEV425_BLACK_L_H_Energielabel.pdf;CEV425_BLACK_L_H_Energiepfeil.png
Tefcold;Tefcold-Kühlschrank;Tefcold-Kühlschrank-Glastür;;;Glastürkühlschränke - eintürig;31588;CEV425BCPD - Esta;5708181003180;5708181003180;TEFCOLD;903,00;Glastürkühlgeräte | Glastürkühlschränke - eintürig;605352;;;;;;;;;;Automatisch;;;;;;;;295;;;;;;;;;;;;;;;4;;;;;;;;;;;;;;;;;;Mechanisch;;;;;;;;;D-Form;;;;;;;;;;;;;;1 Dreh-Glastür;;;;;;;;;;;;;595;1980;640;;;;;;196;;;;;;;;;;;;;83;358;;;;;;;;;;;;;;;;;;;;;49.7;D;;2.25;821;;;;;;;Schwarz;Schwarz;;;;;;;;;;;;;;;;;;;;2 Stellfüße;;;;;;45;;;;;;;;;;;;;;;;;;;;;;;505;1555;462;1 x LED vertikal rechts;;;;;;;;;4;;;;;;;;;;;;;70;R600a / GWP 3;;;Umluft;;;;;;;;;;;;;;;;;;;;;;;;Schwarz;;;;;;+30°C, 55% RH;;;;;;;;;;;;;;;;;;;;;;;;;78;345;;;;;;;;;;;;;;;;;;;;;;;;;;;;;;;;;;;;;;;2 Rollen;;;;4 Tragroste, schwarz;;;;;;;;;;;;;;;;;220-240/50;;;Ja;;;;;;;;;;;Thermometer;+2 bis +10;;;;;;;;;;;;;;;Ja;;;;Ja;;;;;;;;;;;;;;;;;;;;;;;;;;;;;;;;;;;;;;;;;;;;;;;;;;;;;;213;174;357;231;;;;;;;54;;;;;;;;;;475 x 373 mm;;665;715;2150;CEV425BCPD_-_Esta_Produktblatt.pdf;CEV425BCPD_-_Esta_Betriebsanleitung.pdf;CEV425BCPD_-_Esta_Ersatzteilliste.pdf;CEV425BCPD_-_Esta_Energielabel.pdf;CEV425BCPD_-_Esta_Energiepfeil.png
Tefcold;Tefcold-Kühlschrank;Tefcold-Kühlschrank-Glastür;;;Glastürkühlschränke - eintürig;31428;CEV425BCPLA - Esta;5708181021313;5708181021313;TEFCOLD;909,00;Glastürkühlgeräte | Glastürkühlschränke - eintürig;605352;;;;;;;;;;Automatisch;;;;;;;;295;;;;;;;;;;;;;;;4;;;;;;;;;;;;;;;;;;Mechanisch;;;;;;;;;L-Form;;;;;;;;;;;;;;1 Dreh-Glastür;;;;;;;;;;;;;595;1980;640;;;;;;196;;;;;;;;;;;;;83;358;;;;;;;;;;;;;;;;;;;;;49.7;D;;2.25;821;;;;;;;Schwarz;Schwarz;;;;;;;;;;;;;;;;;;;;2 Stellfüße;;;;;;45;;;;;;;;;;;;;;;;;;;;;;;470;1555;440;1 x LED vertikal rechts;;;;;;;;;4;;;;;;;;;;;;;70;R600a / GWP 3;;;Umluft;;;;;;;;;;;;;;;;;;;;;;;;Schwarz;;;;;;+30°C, 55% RH;;;;;;;;;;;;;;;;;;;;;;;;;78;345;;;;;;;;;;;;;;;;;;;;;;;;;;;;;;;;;;;;;;;2 Rollen;;;;4 Tragroste, schwarz;;;;;;;;;;;;;;;;;220-240/50;;;Ja;;;;;;;;;;;Thermometer;+2 bis +10;;;;;;;;;;;;;;;Ja;;;;Ja;;;;;;;;;;;;;;;;;;;;;;;;;;;;;;;;;;;;;;;;;;;;;;;;;;;;;;213;174;357;231;;;;;;;54;;;;;;;;;;475 x 373 mm;;665;715;2150;CEV425BCPLA_-_Esta_Produktblatt.pdf;CEV425BCPLA_-_Esta_Betriebsanleitung.pdf;CEV425BCPLA_-_Esta_Ersatzteilliste.pdf;CEV425BCPLA_-_Esta_Energielabel.pdf;CEV425BCPLA_-_Esta_Energiepfeil.png
Tefcold;Tefcold-Kühlschrank;Tefcold-Kühlschrank-Glastür;;;Glastürkühlschränke - eintürig;15821;CEV425CP 2 LED;5708181003722;5708181003722;TEFCOLD;854,00;Glastürkühlgeräte | Glastürkühlschränke - eintürig;605352;;;;;;;;;;Automatisch;;;;;;;;295;;;;;;;;;;;;;;;4;;;;;;;;;;;;;;;;;;Mechanisch;;;;;;;;;D-Form;;;;;;;;;;;;;;1 Dreh-Glastür;;;;;;;;;;;;;595;1980;640;;;;;;196;;;;;;;;;;;;;83;358;;;;;;;;;;;;;;;;;;;;;49.7;D;;2.25;821;;;;;;;Weiß;Weiß;;;;;;;;;;;;;;;;;;;;2 Stellfüße;;;;;;45;;;;;;;;;;;;;;;;;;;;;;;505;1555;462;LED, im Türrahmen;;;;;;;;;4;;;;;;;;;;;;;70;R600a / GWP 3;;;Umluft;;;;;;;;;;;;;;;;;;;;;;;;Weiß;;;;;;+30°C, 55% RH;;;;;;;;;;;;;;;;;;;;;;;;;78;345;;;;;;;;;;;;;;;;;;;;;;;;;;;;;;;;;;;;;;;2 Rollen;;;;4 Tragroste, weiß;;;;;;;;;;;;;;;;;220-240/50;;;Ja;;;;;;;;;;;Thermometer;+2 bis +10;;;;;;;;;;;;;;;Ja;;;;Ja;;;;;;;;;;;;;;;;;;;;;;;;;;;;;;;;;;;;;;;;;;;;;;;;;;;;;;213;174;357;231;;;;;;;54;;;;;;;;;;490 x 360 mm;;665;715;2150;CEV425CP_2_LED_Produktblatt.pdf;CEV425CP_2_LED_Betriebsanleitung.pdf;CEV425CP_2_LED_Ersatzteilliste.pdf;CEV425CP_2_LED_Energielabel.pdf;CEV425CP_2_LED_Energiepfeil.png
Tefcold;Tefcold-Kühlschrank;Tefcold-Kühlschrank-Glastür;;;Glastürkühlschränke - eintürig;43882;CEV425CP 2 LED L/H;5708181711399;5708181711399;TEFCOLD;854,00;Glastürkühlgeräte | Glastürkühlschränke - eintürig;605352;;;;;;;;;;Automatisch;;;;;;;;295;;;;;;;;;;;;;;;4;;;;;;;;;;;;;;;;;;Mechanisch;;;;;;;;;D-Form;;;;;;;;;;;;;;1 Glastür mit Linksanschlag;;;;;;;;;;;;;595;1980;640;;;;;;196;;;;;;;;;;;;;83;358;;;;;;;;;;;;;;;;;;;;;49.7;D;;2.25;821;;;;;;;Weiß;Weiß;;;;;;;;;;;;;;;;;;;;2 Stellfüße;;;;;;45;;;;;;;;;;;;;;;;;;;;;;;470;1555;440;LED, im Türrahmen;;;;;;;;;4;;;;;;;;;;;;;70;R600a / GWP 3;;;Umluft;;;;;;;;;;;;;;;;;;;;;;;;Weiß;;;;;;+30°C, 55% RH;;;;;;;;;;;;;;;;;;;;;;;;;78;345;;;;;;;;;;;;;;;;;;;;;;;;;;;;;;;;;;;;;;;2 Rollen;;;;4 Tragroste, weiß;;;;;;;;;;;;;;;;;220-240/50;;;Ja;;;;;;;;;;;Thermometer;+2 bis +10;;;;;;;;;;;;;;;Ja;;;;Ja;;;;;;;;;;;;;;;;;;;;;;;;;;;;;;;;;;;;;;;;;;;;;;;;;;;;;;213;174;357;231;;;;;;;54;;;;;;;;;;490 x 360 mm;;665;715;2150;CEV425CP_2_LED_L_H_Produktblatt.pdf;CEV425CP_2_LED_L_H_Betriebsanleitung.pdf;CEV425CP_2_LED_L_H_Ersatzteilliste.pdf;CEV425CP_2_LED_L_H_Energielabel.pdf;CEV425CP_2_LED_L_H_Energiepfeil.png
Tefcold;Tefcold-Kühlschrank;Tefcold-Kühlschrank-Glastür;;;Glastürkühlschränke - eintürig;17141;CEV425CP BLACK;5708181020538;5708181020538;TEFCOLD;903,00;Glastürkühlgeräte | Glastürkühlschränke - eintürigDEALS + | Komplett in Schwarz;605352;;;;;;;;;;Automatisch;;;;;;;;295;;;;;;;;;;;;;;;5;;;;;;;;;;;;;;;;;;Mechanisch;;;;;;;;;L-Form;;;;;;;;;;;;;;1 Dreh-Glastür;;;;;;;;;;;;;595;1980;640;;;;;;196;;;;;;;;;;;;;83;358;;;;;;;;;;;;;;;;;;;;;49.7;D;;2.25;821;;;;;;;Schwarz;Schwarz;;;;;;;;;;;;;;;;;;;;2 Stellfüße;;;;;;45;;;;;;;;;;;;;;;;;;;;;;;505;1555;462;LED, im Türrahmen;;;;;;;;;4;;;;;;;;;;;;;70;R600a / GWP 3;;;Umluft;;;;;;;;;;;;;;;;;;;;;;;;Schwarz, ABS;;;;;;+30°C, 55% RH;;;;;;;;;;;;;;;;;;;;;;;;;78;345;;;;;;;;;;;;;;;;;;;;;;;;;;;;;;;;;;;;;;;2 Rollen;;;;5 Tragroste, schwarz;;;;;;;;;;;;;;;;;220-240/50;;;Ja;;;;;;;;;;;Thermometer;+2 bis +10;;;;;;;;;;;;;;;Ja;;;;Ja;;;;;;;;;;;;;;;;;;;;;;;;;;;;;;;;;;;;;;;;;;;;;;;;;;;;;;213;174;357;231;;;;;;;54;;;;;;;;;;490 x 360 mm;;665;715;2150;CEV425CP_BLACK_Produktblatt.pdf;CEV425CP_BLACK_Betriebsanleitung.pdf;CEV425CP_BLACK_Ersatzteilliste.pdf;CEV425CP_BLACK_Energielabel.pdf;CEV425CP_BLACK_Energiepfeil.png
Tefcold;Tefcold-Kühlschrank;Tefcold-Kühlschrank-Glastür;;;Glastürkühlschränke - eintürig;34922;CEV425CPW;5708181995928;5708181995928;TEFCOLD;909,00;Glastürkühlgeräte | Glastürkühlschränke - eintürig;605352;;;;;;;;;;Automatisch;;;;;;;;295;;;;;;;;;;;;;;;5;;;;;;;;;;;;;;;;;;Mechanisch;;;;;;;;;L-Form;;;;;;;;;;;;;;1 Dreh-Glastür;;;;;;;;;;;;;595;1980;640;;;;;;196;;;;;;;;;;;;;83;358;;;;;;;;;;;;;;;;;;;;;49.7;D;;2.25;821;;;;;;;Weiß;Weiß;;;;;;;;;;;;;;;;;;;;2 Stellfüße;;;;;;45;;;;;;;;;;;;;;;;;;;;;;;505;1555;462;LED;;;;;;;;;4;;;;;;;;;;;;;80;R600a / GWP 3;;;Umluft;;;;;;;;;;;;;;;;;;;;;;;;Weiß;;;;;;+30°C, 55% RH;;;;;;;;;;;;;;;;;;;;;;;;;78;219;;;;;;;;;;;;;;;;;;;;;;;;;;;;;;;;;;;;;;;2 Rollen;;;;5 Tragroste, weiß;;;;;;;;;;;;;;;;;220-240/50;;;Ja;;;;;;;;;;;Thermometer;+2 bis +10;;;;;;;;;;;;;;;Ja;;;;Ja;;;;;;;;;;;;;;;;;;;;;;;;;;;;;;;;;;;;;;;;;;;;;;;;;;;;;;213;174;357;231;;;;;;;54;;;;;;;;;;495 x 370 mm;;665;715;2150;CEV425CPW_Produktblatt.pdf;CEV425CPW_Betriebsanleitung.pdf;CEV425CPW_Ersatzteilliste.pdf;CEV425CPW_Energielabel.pdf;CEV425CPW_Energiepfeil.png
Tefcold;Tefcold-Kühlschrank;Tefcold-Kühlschrank-Glastür;;;Glastürkühlschränke - eintürig;31583;CEV425WL - Esta;5708181005429;5708181005429;TEFCOLD;889,00;Glastürkühlgeräte | Glastürkühlschränke - eintürig;469803;;;;;;;;;;Automatisch;;;;;;;;295;;;;;;;;;;;;;;;5;;;;;;;;;;;;;;;;;;Mechanisch;;;;;;;;;;;;;;;;;;;;;;;1 Dreh-Glastür;;;;;;;;;;;;;595;1840;600;;;;;;196;;;;;;;;;;;;;80;358;;;;;;;;;;;;;;;;;;;;;48.6;D;;2.2;803;;;;;;;Weiß;Weiß;;;;;;;;;;;;;;;;;;;;2 Stellfüße;;;;;;45;;;;;;;;;;;;;;;;;;;;;;;505;1555;462;1 x LED vertikal rechts;;;;;;;;;4;;;;;;;;;;;;;70;R600a / GWP 3;;;Umluft;;;;;;;;;;;;;;;;;;;;;;;;Weiß;;;;;;+30°C, 55% RH;;;;;;;;;;;;;;;;;;;;;;;;;75;345;;;;;;;;;;;;;;;;;;;;;;;;;;;;;;;;;;;;;;;2 Rollen;;;;5 Tragroste, weiß;;;;;;;;;;;;;;;;;220-240/50;;;Ja;;;;;;;;;;;Thermometer;+2 bis +10;;;;;;;;;;;;;;;Ja;;;;Ja;;;;;;;;;;;;;;;;;;;;;;;;;;;;;;;;;;;;;;;;;;;;;;;;;;;;;;213;174;357;231;;;;;;;54;;;;;;;;;;475 x 373 mm;;665;710;2000;CEV425WL_-_Esta_Produktblatt.pdf;CEV425WL_-_Esta_Betriebsanleitung.pdf;CEV425WL_-_Esta_Ersatzteilliste.pdf;CEV425WL_-_Esta_Energielabel.pdf;CEV425WL_-_Esta_Energiepfeil.png
Tefcold;Tefcold-Kühlschrank;Tefcold-Kühlschrank-Glastür;;;Glastürkühlschränke - eintürig;31584;CEV425WLCPD1 - Esta;5708181005023;5708181005023;TEFCOLD;903,00;Glastürkühlgeräte | Glastürkühlschränke - eintürig;605352;;;;;;;;;;Automatisch;;;;;;;;295;;;;;;;;;;;;;;;5;;;;;;;;;;;;;;;;;;Mechanisch;;;;;;;;;D-Form;;;;;;;;;;;;;;1 Dreh-Glastür;;;;;;;;;;;;;595;1980;640;;;;;;196;;;;;;;;;;;;;83;358;;;;;;;;;;;;;;;;;;;;;49.7;D;;2.25;821;;;;;;;Weiß;Weiß;;;;;;;;;;;;;;;;;;;;2 Stellfüße;;;;;;45;;;;;;;;;;;;;;;;;;;;;;;505;1555;462;1 x LED vertikal rechts;;;;;;;;;4;;;;;;;;;;;;;70;R600a / GWP 3;;;Umluft;;;;;;;;;;;;;;;;;;;;;;;;Weiß;;;;;;+30°C, 55% RH;;;;;;;;;;;;;;;;;;;;;;;;;78;345;;;;;;;;;;;;;;;;;;;;;;;;;;;;;;;;;;;;;;;2 Rollen;;;;5 Tragroste, weiß;;;;;;;;;;;;;;;;;220-240/50;;;Ja;;;;;;;;;;;Thermometer;+2 bis +10;;;;;;;;;;;;;;;Ja;;;;Ja;;;;;;;;;;;;;;;;;;;;;;;;;;;;;;;;;;;;;;;;;;;;;;;;;;;;;;230;161;455;301;;;;;;;54;;;;;;;;;;475 x 373 mm;;665;715;2150;CEV425WLCPD1_-_Esta_Produktblatt.pdf;CEV425WLCPD1_-_Esta_Betriebsanleitung.pdf;CEV425WLCPD1_-_Esta_Ersatzteilliste.pdf;CEV425WLCPD1_-_Esta_Energielabel.pdf;CEV425WLCPD1_-_Esta_Energiepfeil.png
Tefcold;Tefcold-Kühlschrank;Tefcold-Kühlschrank-Glastür;;;Glastürkühlschränke - eintürig;31427;CEV425WLCPL  - Esta;5708181021306;5708181021306;TEFCOLD;889,00;Glastürkühlgeräte | Glastürkühlschränke - eintürig;605352;;;;;;;;;;Automatisch;;;;;;;;295;;;;;;;;;;;;;;;5;;;;;;;;;;;;;;;;;;Mechanisch;;;;;;;;;L-Form;;;;;;;;;;;;;;1 Dreh-Glastür;;;;;;;;;;;;;595;1980;640;;;;;;196;;;;;;;;;;;;;83;358;;;;;;;;;;;;;;;;;;;;;49.7;D;;2.25;821;;;;;;;Weiß;Weiß;;;;;;;;;;;;;;;;;;;;2 Stellfüße;;;;;;45;;;;;;;;;;;;;;;;;;;;;;;505;1555;462;1 x LED vertikal rechts;;;;;;;;;4;;;;;;;;;;;;;70;R600a / GWP 3;;;Umluft;;;;;;;;;;;;;;;;;;;;;;;;Weiß;;;;;;+30°C, 55% RH;;;;;;;;;;;;;;;;;;;;;;;;;78;345;;;;;;;;;;;;;;;;;;;;;;;;;;;;;;;;;;;;;;;2 Rollen;;;;5 Tragroste, weiß;;;;;;;;;;;;;;;;;220-240/50;;;Ja;;;;;;;;;;;Thermometer;+2 bis +10;;;;;;;;;;;;;;;Ja;;;;Ja;;;;;;;;;;;;;;;;;;;;;;;;;;;;;;;;;;;;;;;;;;;;;;;;;;;;;;230;161;455;301;;;;;;;54;;;;;;;;;;475 x 373 mm;;665;715;2150;CEV425WLCPL__-_Esta_Produktblatt.pdf;CEV425WLCPL__-_Esta_Betriebsanleitung.pdf;CEV425WLCPL__-_Esta_Ersatzteilliste.pdf;CEV425WLCPL__-_Esta_Energielabel.pdf;CEV425WLCPL__-_Esta_Energiepfeil.png
Tefcold;Tefcold-Kühlschrank;Tefcold-Kühlschrank-Glastür;;;Glastürkühlschränke - eintürig;51519;CEV435 BLACK;5708181734923;5708181734923;TEFCOLD;985,00;Glastürkühlgeräte | Glastürkühlschränke - eintürig;1887317;;;;;;;;;;Automatisch;;;;;;;;370;;;;;;;;;;;;;;;5;;;;;;;;;;;;;;;;;;Elektronisch;;;;;;;;;;;;;;;;;;;;;;;1 Dreh-Glastür;;;;;;;;;;;;;595;1840;640;;;;;;196;;;;;;;;;;;;;81;358;;;;;;;;;;;;;;;;;;;;;34.1;C;;1.54;563;;;;;;;Schwarz;Schwarz;;;;;;;;;;;;;;;;;;;;2 Stellfüße;;;;;;55;;;;;;;;;;;;;;;;;;;;;;;505;1555;462;LED, im Türrahmen;;;;;;;;;4;;;;;;;;;;;;;70;R600a / GWP 3;;;Umluft;;;;;;;;;;;;;;;;;;;;;;;;Schwarz, ABS;;;;;;+30°C, 55% RH;;;;;;;;;;;;;;;;;;;;;;;;;74;219;;;;;;;;;;;;;;;;;;;;;;;;;;;;;;;;;;;;;;;2 Rollen;;;;5 Tragroste, schwarz;;;;;;;;;;;;;;;;;220-240/50;;;Ja;;;;;;;;;;;Thermometer;+2 bis +10;;;;;;;;;;;;;;;Ja;;;;Ja;;;;;;;;;;;;;;;;;;;;;;;;;;;;;;;;;;;;;;;;;;;;;;;;;;;;;;213;174;357;231;;;;;;;54;;;;;;;;;;499 x 360 mm;;650;715;2050;CEV435_BLACK_Produktblatt.pdf;CEV435_BLACK_Betriebsanleitung.pdf;CEV435_BLACK_Ersatzteilliste.pdf;CEV435_BLACK_Energielabel.pdf;CEV435_BLACK_Energiepfeil.png
Tefcold;Tefcold-Kühlschrank;Tefcold-Kühlschrank-Glastür;;;Glastürkühlschränke - eintürig;51528;CEV435CP BLACK;5708181735005;5708181735005;TEFCOLD;993,00;DEALS + | Komplett in SchwarzGlastürkühlgeräte | Glastürkühlschränke - eintürig;2627305;;;;;;;;;;Automatisch;;;;;;;;370;;;;;;;;;;;;;;;5;;;;;;;;;;;;;;;;;;Elektronisch;;;;;;;;;L-Form;;;;;;;;;;;;;;1 Dreh-Glastür;;;;;;;;;;;;;595;1980;640;;;;;;196;;;;;;;;;;;;;85;358;;;;;;;;;;;;;;;;;;;;;24.6;C;;1.114;406.61;;;;;;;Schwarz;Schwarz;;;;;;;;;;;;;;;;;;;;2 Stellfüße;;;;;;55;;;;;;;;;;;;;;;;;;;;;;;505;1555;462;LED, im Türrahmen;;;;;;;;;4;;;;;;;;;;;;;70;R600a / GWP 3;;;Umluft;;;;;;;;;;;;;;;;;;;;;;;;Schwarz, ABS;;;;;;+30°C, 55% RH;;;;;;;;;;;;;;;;;;;;;;;;;78;345;;;;;;;;;;;;;;;;;;;;;;;;;;;;;;;;;;;;;;;2 Rollen;;;;5 Tragroste, schwarz;;;;;;;;;;;;;;;;;220-240/50;;;Ja;;;;;;;;;;;Thermometer;+2 bis +10;;;;;;;;;;;;;;;Ja;;;;Ja;;;;;;;;;;;;;;;;;;;;;;;;;;;;;;;;;;;;;;;;;;;;;;;;;;;;;;213;174;357;231;;;;;;;54;;;;;;;;;;490 x 360 mm;;650;715;2150;CEV435CP_BLACK_Produktblatt.pdf;CEV435CP_BLACK_Betriebsanleitung.pdf;CEV435CP_BLACK_Ersatzteilliste.pdf;CEV435CP_BLACK_Energielabel.pdf;CEV435CP_BLACK_Energiepfeil.png
Tefcold;Tefcold-Kühlschrank;Tefcold-Kühlschrank-Glastür;;;Glastürkühlschränke - eintürig;69746;Counter-68Black;5708181757717;5708181757717;IARP;578,00;Glastürkühlgeräte | Glastürkühlschränke - eintürig;1002541;;;;;;;;;;Automatisch;;;;;;;;82;;;;;;;;;;;;;;;3;;;;;;;;;;;;;;;;;;Mechanisch;;;;;;;;;;;;;;;;;;;;;;;1 Dreh-Glastür;;;;;;;;;;;;;435;686;475;;;;;;;;;;;;;;;;;;;26;75;;;;;;;;;;;;;;;;;;;;;33.2;C;;0.85;310;;;;;;;Schwarz;Schwarz;;;;;;;;;;;;;;;;;;;;4 Stellfüße;;;;;;;;;;;;;;;;;;;;;;;;;;;;;365;585;360;LED;;;;;;;;;4;;;;;;;;;;;;;;R600a / GWP 3;;;Statisch;;;;;;;;;;;;;;;;;;;;;;;;Schwarz, ABS;;;;;;+30°C, 55% RH;;;;;;;;;;;;;;;;;;;;;;;;;24;68;;;;;;;;;;;;;;;;;;;;;;;;;;;;;;;;;;;;;;;;;;;3 Tragroste, schwarz;;;;;;;;;;;;;;;;;220-240/50;;;Ja;;;;;;;;;;;;+2 bis +10;;;;;;;;;;;;;;;Ja;;;;;;;;;;;;;;;;;;;;;;;;;;;;;;;;;;;;;;;;;;;;;;;;;;;;;;;;;;;;;;;;;;;;160;;;;;;;;;;;;521;581;744;Counter-68Black_Produktblatt.pdf;Counter-68Black_Betriebsanleitung.pdf;Counter-68Black_Ersatzteilliste.pdf;Counter-68Black_Energielabel.pdf;Counter-68Black_Energiepfeil.png
Tefcold;Tefcold-Kühlschrank;Tefcold-Kühlschrank-Glastür;;;Glastürkühlschränke - eintürig;70034;Counter50-black;5708181758172;5708181758172;IARP;501,00;Glastürkühlgeräte | Glastürkühlschränke - eintürig;1002540;;;;;;;;;;Automatisch;;;;;;;;82;;;;;;;;;;;;;;;1;;;;;;;;;;;;;;;;;;Mechanisch;;;;;;;;;;;;;;;;;;;;;;;1 Dreh-Glastür;;;;;;;;;;;;;435;503;455;;;;;;;;;;;;;;;;;;;18;55;;;;;;;;;;;;;;;;;;;;;34.4;C;;0.85;310;;;;;;;Schwarz;Schwarz;;;;;;;;;;;;;;;;;;;;4 Stellfüße;;;;;;;;;;;;;;;;;;;;;;;;;;;;;380;410;375;LED;;;;;;;;;4;;;;;;;;;;;;;;R600a / GWP 3;;;Umluft;;;;;;;;;;;;;;;;;;;;;;;;Schwarz;;;;;;+30°C, 55% RH;;;;;;;;;;;;;;;;;;;;;;;;;16;50;;;;;;;;;;;;;;;;;;;;;;;;;;;;;;;;;;;;;;;;;;;1 Tragroste, schwarz;;;;;;;;;;;;;;;;;220-240/50;;;Ja;;;;;;;;;;;;+2 bis +10;;;;;;;;;;;;;;;Ja;;Ja;;;;;;;;;;;;;;;;;;;;;;;;;;;;;;;;;;;;;;;;;;;;;;;;;;;;;;;;;;;;;;;;;;360;;;;;;;;;;;;;;;Counter50-black_Produktblatt.pdf;Counter50-black_Betriebsanleitung.pdf;Counter50-black_Ersatzteilliste.pdf;Counter50-black_Energielabel.pdf;Counter50-black_Energiepfeil.png
Tefcold;Tefcold-Kühlschrank;Tefcold-Kühlschrank-Glastür;;;Glastürkühlschränke - eintürig;37800;CPV1380E;5708181706098;5708181706098;TEFCOLD;982,00;DEALS + | Komplett in SchwarzGlastürkühlgeräte | WeinkühlschränkeGlastürkühlgeräte | Glastürkühlschränke - eintürig;1109904;;;;;;;;;;Automatisch;;;;;;;;180;;;;;;;;;;;;;;;;;;;;;;;;;;;;;;;;;Elektronisch;;;;;;;;;;;;;;;;;;;;;;;1 Dreh-Glastür;;;;;;;;;;;;;595;1840;640;;;;;;;;;;;;;;;;;;;83;372;;;;;;;;;;;;;;;;;;;;;44.9;D;;1.96;713.58;;;;;;;Schwarz;;;;;;;;;;;;;;;;;;;;;2 Stellfüße;;;;;;42;;;;;;;;;;;;;;;;;;;;;;;470;1555;440;LED;;;;;;;;;4;;;;;;;;;;;;;70;R600a / GWP 3;;;Umluft;;;;;;;;;;;;;;;;;;;;;;;;Schwarz, ABS;;;;;;+30°C, 55% RH;;;;;;;;;;;;;;;;;;;;;;;;;78;350;;;;;118;;;;;;;;;;;;;;;;;;;;;;;;;;;;;;;;;;2 Rollen;;;;6 Holz-Weinablagen;;;;;;;;;;;;;;;;;220-240/50;;;Ja;;;;;;;;;;;Thermometer;+1 bis +18;;;;;;;;;;;;;;;Ja;;;;Ja;;;;;;;;;;;;;;;;;;;;;;;;;;;;;;;;;;;;;;;;;;;;;;;;;;;;;;;;;;;;;;;;54;;;;;;;;;;490 x 360 mm;;680;710;1940;CPV1380E_Produktblatt.pdf;CPV1380E_Betriebsanleitung.pdf;CPV1380E_Ersatzteilliste.pdf;CPV1380E_Energielabel.pdf;CPV1380E_Energiepfeil.png
Tefcold;Tefcold-Kühlschrank;Tefcold-Kühlschrank-Glastür;;;Glastürkühlschränke - eintürig;15887;FS1220;5708181002039;5708181002039;TEFCOLD;742,00;Glastürkühlgeräte | Glastürkühlschränke - eintürig;574591;;;;;;;;;;Automatisch;;;;;;;;229;;;;;;;;;;;;;;;;;;;;;;;;;;;;;;;;;Mechanisch;;;;;;;;;;;;;;;;;;;;;;;1 Dreh-Glastür;;;;;;;;;;;;;595;1315;640;;;;;;196;;;;;;;;;;;;;67;215;;;;;;;;;;;;;;;;;;;;;52;E;;1.9;694;;;;;;;Weiß;Weiß;;;;;;;;;;;;;;;;;;;;2 Stellfüße;;;;;;45;;;;;;;;;;;;;;;;;;;;;;;470;1027;440;LED;;;;;;;;;4;;;;;;;;;;;;;50;R600a / GWP 3;;;Umluft;;;;;;;;;;;;;;;;;;;;;;;;ABS;;;;;;+30°C, 55% RH;;;;;;;;;;;;;;;;;;;;;;;;;62;190;;;;;;;;;;;;;;;;;;;;;;;;;;;;;;;;;;;;;;;2 Rollen;;;;3 Tragroste, weiß;;;;;;;;;;;;;;;;;220-240/50;;;Ja;;;;;;;;;;;Thermometer;+2 bis +10;;;;;;;;;;;;;;;Ja;;;;Ja;;;;;;;;;;;;;;;;;;;;;;;;;;;;;;;;;;;;;;;;;;;;;;;;;;;;;;133;133;301;175;;;;;;;54;;;;;;;;;;498 x 405 mm;;680;710;1410;FS1220_Produktblatt.pdf;FS1220_Betriebsanleitung.pdf;FS1220_Ersatzteilliste.pdf;FS1220_Energielabel.pdf;FS1220_Energiepfeil.png
Tefcold;Tefcold-Kühlschrank;Tefcold-Kühlschrank-Glastür;;;Glastürkühlschränke - eintürig;15890;FS1280;5708181002053;5708181002053;TEFCOLD;841,00;Glastürkühlgeräte | Glastürkühlschränke - eintürig;469973;;;;;;;;;;Automatisch;;;;;;;;266;;;;;;;;;;;;;;;;;;;;;;;;;;;;;;;;;Mechanisch;;;;;;;;;;;;;;;;;;;;;;;1 Dreh-Glastür;;;;;;;;;;;;;595;1635;640;;;;;;196;;;;;;;;;;;;;78;305;;;;;;;;;;;;;;;;;;;;;48;D;;2;730;;;;;;;Weiß;Weiß;;;;;;;;;;;;;;;;;;;;2 Stellfüße;;;;;;45;;;;;;;;;;;;;;;;;;;;;;;462;1355;505;LED;;;;;;;;;4;;;;;;;;;;;;;70;R600a / GWP 3;;;Umluft;;;;;;;;;;;;;;;;;;;;;;;;ABS;;;;;;+30°C, 55% RH;;;;;;;;;;;;;;;;;;;;;;;;;73;290;;;;;;;;;;;;;;;;;;;;;;;;;;;;;;;;;;;;;;;2 Rollen;;;;4 Tragroste, weiß;;;;;;;;;;;;;;;;;220-240/50;;;Ja;;;;;;;;;;;Thermometer;+2 bis +10;;;;;;;;;;;;;;;Ja;;;;Ja;;;;;;;;;;;;;;;;;;;;;;;;;;;;;;;;;;;;;;;;;;;;;;;;;;;;;;175;175;392;259;;;;;;;54;;;;;;;;;;498 x 405 mm;;680;710;1740;FS1280_Produktblatt.pdf;FS1280_Betriebsanleitung.pdf;FS1280_Ersatzteilliste.pdf;FS1280_Energielabel.pdf;FS1280_Energiepfeil.png
Tefcold;Tefcold-Kühlschrank;Tefcold-Kühlschrank-Glastür;;;Glastürkühlschränke - eintürig;15892;FS1380;5708181002077;5708181002077;TEFCOLD;847,00;Glastürkühlgeräte | Glastürkühlschränke - eintürig;1016915;;;;;;;;;;Automatisch;;;;;;;;295;;;;;;;;;;;;;;;;;;;;;;;;;;;;;;;;;Mechanisch;;;;;;;;;;;;;;;;;;;;;;;1 Dreh-Glastür;;;;;;;;;;;;;595;1840;640;;;;;;196;;;;;;;;;;;;;81;358;;;;;;;;;;;;;;;;;;;;;48.6;D;;2.2;803;;;;;;;Weiß;Weiß;;;;;;;;;;;;;;;;;;;;2 Stellfüße;;;;;;45;;;;;;;;;;;;;;;;;;;;;;;505;1555;462;LED;;;;;;;;;4;;;;;;;;;;;;;80;R600a / GWP 3;;;Umluft;;;;;;;;;;;;;;;;;;;;;;;;ABS;;;;;;+30°C, 55% RH;;;;;;;;;;;;;;;;;;;;;;;;;74;345;;;;;;;;;;;;;;;;;;;;;;;;;;;;;;;;;;;;;;;2 Rollen;;;;5 Tragroste, weiß;;;;;;;;;;;;;;;;;220-240/50;;;Ja;;;;;;;;;;;Thermometer;+2 bis +10;;;;;;;;;;;;;;;Ja;;;;Ja;;;;;;;;;;;;;;;;;;;;;;;;;;;;;;;;;;;;;;;;;;;;;;;;;;;;;;217;217;455;301;;;;;;;54;;;;;;;;;;498 x 405 mm;;680;710;1940;FS1380_Produktblatt.pdf;FS1380_Betriebsanleitung.pdf;FS1380_Ersatzteilliste.pdf;FS1380_Energielabel.pdf;FS1380_Energiepfeil.png
Tefcold;Tefcold-Kühlschrank;Tefcold-Kühlschrank-Glastür;;;Glastürkühlschränke - eintürig;48897;FS176H;5708181731496;5708181731496;TEFCOLD;952,00;Glastürkühlgeräte | Glastürkühlschränke - eintürig;1674548;;;;;;;;;;Automatisch;;;;;;;;200;;;;;;;;;;;;;;;5;;;;;;;;;;;;;;;;;;Elektronisch;;;;;;;;;;;;;;;;;;;;;;;1 Dreh-Glastür;;;;;;;;;;;;;435;1833;500;;;;;;196;;;;;;;;;;;;;70;182;;;;;;;;;;;;;;;;;;;;;28.1;C;;0.95;347;;;;;;;Weiß;Weiß;;;;;;;;;;;;;;;;;;;;2 Stellfüße;;;;;;45;;;;;;;;;;;;;;;;;;;;;;;355;1410;363;LED;;;;;;;;;4;;;;;;;;;;;;;50;R600a / GWP 3;;;Umluft;;;;;;;;;;;;;;;;;;;;;;;;Weiß;;;;;;+30°C, 55% RH;;;;;;;;;;;;;;;;;;;;;;;;;64;114;;;;;;;;;;;;;;;;;;;;;;;;;;;;;;;;;;;;;;;2 Rollen;;;;5 Tragroste, weiß;;;;;;;;;;;;;;;;;220-240/50;;;Ja;;;;;;;;;;;Thermometer;+2 bis +10;;;;;;;;;;;;;;;Ja;;;;Nein;;;;;;;;;;;;;;;;;;;;;;;;;;;;;;;;;;;;;;;;;;;;;;;;;;;;;;100;100;200;120;;;;;;;96;;;;;;;;;;342 x 266;;500;560;1990;FS176H_Produktblatt.pdf;FS176H_Betriebsanleitung.pdf;FS176H_Ersatzteilliste.pdf;FS176H_Energielabel.pdf;FS176H_Energiepfeil.png
Tefcold;Tefcold-Kühlschrank;Tefcold-Kühlschrank-Glastür;;;Glastürkühlschränke - eintürig;48899;FS176H Black;5708181731519;5708181731519;TEFCOLD;991,00;Glastürkühlgeräte | Glastürkühlschränke - eintürig;1674548;;;;;;;;;;Automatisch;;;;;;;;200;;;;;;;;;;;;;;;5;;;;;;;;;;;;;;;;;;Elektronisch;;;;;;;;;;;;;;;;;;;;;;;1 Dreh-Glastür;;;;;;;;;;;;;435;1833;500;;;;;;196;;;;;;;;;;;;;70;182;;;;;;;;;;;;;;;;;;;;;28.1;C;;0.95;347;;;;;;;Schwarz;Schwarz;;;;;;;;;;;;;;;;;;;;2 Stellfüße;;;;;;45;;;;;;;;;;;;;;;;;;;;;;;355;1410;363;LED;;;;;;;;;4;;;;;;;;;;;;;50;R600a / GWP 3;;;Umluft;;;;;;;;;;;;;;;;;;;;;;;;Schwarz;;;;;;+30°C, 55% RH;;;;;;;;;;;;;;;;;;;;;;;;;64;114;;;;;;;;;;;;;;;;;;;;;;;;;;;;;;;;;;;;;;;2 Rollen;;;;5 Tragroste, schwarz;;;;;;;;;;;;;;;;;220-240/50;;;Ja;;;;;;;;;;;Thermometer;+2 bis +10;;;;;;;;;;;;;;;Ja;;;;Nein;;;;;;;;;;;;;;;;;;;;;;;;;;;;;;;;;;;;;;;;;;;;;;;;;;;;;;100;100;200;100;;;;;;;96;;;;;;;;;;342 x 266;;500;560;1990;FS176H_Black_Produktblatt.pdf;FS176H_Black_Betriebsanleitung.pdf;FS176H_Black_Ersatzteilliste.pdf;FS176H_Black_Energielabel.pdf;FS176H_Black_Energiepfeil.png
Tefcold;Tefcold-Kühlschrank;Tefcold-Kühlschrank-Glastür;;;Glastürkühlschränke - eintürig;15894;FS2380;5708181002121;5708181002121;TEFCOLD;938,00;Glastürkühlgeräte | Glastürkühlschränke - eintürig;471552;;;;;;;;;;Automatisch;;;;;;;;295;;;;;;;;;;;;;;;;;;;;;;;;;;;;;;;;;Mechanisch;;;;;;;;;;;;;;;;;;;;;;;2 Geteilte Dreh-Glastüren;;;;;;;;;;;;;595;1840;640;;;;;;196;;;;;;;;;;;;;87;358;;;;;;;;;;;;;;;;;;;;;48.6;D;;2.2;803;;;;;;;Weiß;Weiß;;;;;;;;;;;;;;;;;;;;2 Stellfüße;;;;;;45;;;;;;;;;;;;;;;;;;;;;;;470;1555;440;LED;;;;;;;;;4;;;;;;;;;;;;;80;R600a / GWP 3;;;Umluft;;;;;;;;;;;;;;;;;;;;;;;;ABS;;;;;;+30°C, 55% RH;;;;;;;;;;;;;;;;;;;;;;;;;82;345;;;;;;;;;;;;;;;;;;;;;;;;;;;;;;;;;;;;;;;2 Rollen;;;;5 Tragroste, weiß;;;;;;;;;;;;;;;;;220-240/50;;;Ja;;;;;;;;;;;Thermometer;+2 bis +10;;;;;;;;;;;;;;;Ja;;;;Ja;;;;;;;;;;;;;;;;;;;;;;;;;;;;;;;;;;;;;;;;;;;;;;;;;;;;;;210;210;448;294;;;;;;;54;;;;;;;;;;498 x 405 mm;;680;710;1940;FS2380_Produktblatt.pdf;FS2380_Betriebsanleitung.pdf;FS2380_Ersatzteilliste.pdf;FS2380_Energielabel.pdf;FS2380_Energiepfeil.png
Tefcold;Tefcold-Kühlschrank;Tefcold-Kühlschrank-Glastür;;;Glastürkühlschränke - eintürig;38834;FS80CP White / Esta L80 Lw-LED;5708181707132;5708181707132;TEFCOLD;662,00;Glastürkühlgeräte | Glastürkühlschränke - eintürig;473416;;;;;;;;;;Automatisch;;;;;;;;85;;;;;;;;;;;;;;;2;;;;;;;;;;;;;;;;;;Mechanisch;;;;;;;;;L-Form;;;;;;;;;;;;;;1 Selbstschließende Dreh-Glastür;;;;;;;;;;;;;480;840;460;;;;;;196;;;;;;;;;;;;;43;84;;;;;;;;;;;;;;;;;;;;;41;D;;1.1;402;;;;;;;Weiß;Weiß;;;;;;;;;;;;;;;;;;;;4 Stellfüße;;;;;;42;;;;;;;;;;;;;;;;;;;;;;;410;550;380;LED;;;;;;;;;4;;;;;;;;;;;;;40;R600a / GWP 3;;;Umluft;;;;;;;;;;;;;;;;;;;;;;;;ABS;;;;;;+30°C, 55% RH;;;;;;;;;;;;;;;;;;;;;;;;;38;55;;;;;;;;;;;;;;;;;;;;;;;;;;;;;;;;;;;;;;;;;;;2 Tragroste, weiß;;;;;;;;;;;;;;;;;220-240/50;;;Ja;;;;;;;;;;;Thermometer;+2 bis +10;;;;;;;;;;;;;;;Ja;;;;Ja;;;;;;;;;;;;;;;;;;;;;;;;;;;;;;;;;;;;;;;;;;;;;;;;;;;;;;40;40;60;48;;;;;;;152;;;;;;;;;;400 x 270 mm;;580;600;960;FS80CP_White___Esta_L80_Lw-LED_Produktblatt.pdf;FS80CP_White___Esta_L80_Lw-LED_Betriebsanleitung.pdf;FS80CP_White___Esta_L80_Lw-LED_Ersatzteilliste.pdf;FS80CP_White___Esta_L80_Lw-LED_Energielabel.pdf;FS80CP_White___Esta_L80_Lw-LED_Energiepfeil.png
Tefcold;Tefcold-Kühlschrank;Tefcold-Kühlschrank-Glastür;;;Glastürkühlschränke - eintürig;15900;FSC1380;5708181002107;5708181002107;TEFCOLD;896,00;Glastürkühlgeräte | Glastürkühlschränke - eintürig;473110;;;;;;;;;;Automatisch;;;;;;;;295;;;;;;;;;;;;;;;5;;;;;;;;;;;;;;;;;;Mechanisch;;;;;;;;;D-Form;;;;;;;;;;;;;;1 Dreh-Glastür;;;;;;;;;;;;;595;1980;640;;;;;;196;;;;;;;;;;;;;87;372;;;;;;;;;;;;;;;;;;;;;49.7;D;;2.25;821;;;;;;;Weiß;Weiß;;;;;;;;;;;;;;;;;;;;2 Stellfüße;;;;;;45;;;;;;;;;;;;;;;;;;;;;;;470;1555;440;LED;;;;;;;;;4;;;;;;;;;;;;;80;R600a / GWP 3;;;Umluft;;;;;;;;;;;;;;;;;;;;;;;;ABS;;;;;;+30°C, 55% RH;;;;;;;;;;;;;;;;;;;;;;;;;82;347;;;;;;;;;;;;;;;;;;;;;;;;;;;;;;;;;;;;;;;2 Rollen;;;;5 Tragroste, weiß;;;;;;;;;;;;;;;;;220-240/50;;;Ja;;;;;;;;;;;Thermometer;0 bis +7;;;;;;;;;;;;;;;Ja;;;;Ja;;;;;;;;;;;;;;;;;;;;;;;;;;;;;;;;;;;;;;;;;;;;;;;;;;;;;;217;217;455;301;;;;;;;54;;;;;;;;;;498 x 405 mm;;680;710;2080;FSC1380_Produktblatt.pdf;FSC1380_Betriebsanleitung.pdf;FSC1380_Ersatzteilliste.pdf;FSC1380_Energielabel.pdf;FSC1380_Energiepfeil.png
Tefcold;Tefcold-Kühlschrank;Tefcold-Kühlschrank-Glastür;;;Glastürkühlschränke - eintürig;15903;FSC1450;5708181002114;5708181002114;TEFCOLD;1048,00;Glastürkühlgeräte | Glastürkühlschränke - eintürig;2389261;;;;;;;;;;Automatisch;;;;;;;;265;;;;;;;;;;;;;;;;;;;;;;;;;;;;;;;;;Mechanisch;;;;;;;;;D-Form;;;;;;;;;;;;;;1 Dreh-Glastür;;;;;;;;;;;;;680;2096;655;;;;;;41;;;;;;;;;;;;;112;469;;;;;;;;;;;;;;;;;;;;;51.1;E;;2.58;942;;;;;;;Weiß;Weiß;;;;;;;;;;;;;;;;;;;;2 Stellfüße;;;;;;56;;;;;;;;;;;;;;;;;;;;;;;588;1517;514;LED;;;;;;;;;4;;;;;;;;;;;;;110;R600a / GWP 3;;;Umluft;;;;;;;;;;;;;;;;;;;;;;;;ABS;;;;;;+30°C, 55% RH;;;;;;;;;;;;;;;;;;;;;;;;;101;301;;;;;;;;;;;;;;;;;;;;;;;;;;;;;;;;;;;;;;;2 Rollen;;;;6 Tragroste, weiß;;;;;;;;;;;;;;;;;220-240/50;;;Ja;;;;;;;;;;;Thermometer;+1 bis +9;;;;;;;;;;;;;;;Ja;;;;Ja;;;;;;;;;;;;;;;;;;;;;;;;;;;;;;;;;;;;;;;;;;;;;;;;;;;;;;240;200;480;336;;;;;;;51;;;;;;;;;;584 x 405 mm;;760;705;2207;FSC1450_Produktblatt.pdf;FSC1450_Betriebsanleitung.pdf;FSC1450_Ersatzteilliste.pdf;FSC1450_Energielabel.pdf;FSC1450_Energiepfeil.png
Tefcold;Tefcold-Kühlschrank;Tefcold-Kühlschrank-Glastür;;;Glastürkühlschränke - eintürig;15907;FSC175H;5708181008567;5708181008567;TEFCOLD;814,00;Glastürkühlgeräte | Glastürkühlschränke - eintürig;469946;;;;;;;;;;Automatisch;;;;;;;;200;;;;;;;;;;;;;;;5;;;;;;;;;;;;;;;;;;Mechanisch;;;;;;;;;D-Form;;;;;;;;;;;;;;1 Selbstschließende Dreh-Glastür;;;;;;;;;;;;;435;2013;505;;;;;;196;;;;;;;;;;;;;70;182;;;;;;;;;;;;;;;;;;;;;78;F;;2.65;967;;;;;;;Weiß;Weiß;;;;;;;;;;;;;;;;;;;;2 Stellfüße;;;;;;45;;;;;;;;;;;;;;;;;;;;;;;357;1410;362;LED;;;;;;;;;4;;;;;;;;;;;;;50;R600a / GWP 3;;;Umluft;;;;;;;;;;;;;;;;;;;;;;;;Weiß;;;;;;+30°C, 55% RH;;;;;;;;;;;;;;;;;;;;;;;;;64;114;;;;;;;;;;;;;;;;;;;;;;;;;;;;;;;;;;;;;;;2 Rollen;;;;5 Tragroste, weiß;;;;;;;;;;;;;;;;;220-240/50;;;Ja;;;;;;;;;;;Thermometer;+2 bis +10;;;;;;;;;;;;;;;Ja;;Ja;;Nein;;;;;;;;;;;;;;;;;;;;;;;;;;;;;;;;;;;;;;;;;;;;;;;;;;;;;;100;100;200;100;;;;;;;100;;;;;;;;;;342 x 266;;500;550;2060;FSC175H_Produktblatt.pdf;FSC175H_Betriebsanleitung.pdf;FSC175H_Ersatzteilliste.pdf;FSC175H_Energielabel.pdf;FSC175H_Energiepfeil.png
Tefcold;Tefcold-Kühlschrank;Tefcold-Kühlschrank-Glastür;;;Glastürkühlschränke - eintürig;34077;FSC175H BLACK;5708181994853;5708181994853;TEFCOLD;916,00;Glastürkühlgeräte | Glastürkühlschränke - eintürig;469946;;;;;;;;;;Automatisch;;;;;;;;200;;;;;;;;;;;;;;;5;;;;;;;;;;;;;;;;;;Mechanisch;;;;;;;;;L-Form;;;;;;;;;;;;;;1 Selbstschließende Dreh-Glastür;;;;;;;;;;;;;435;2013;460;;;;;;196;;;;;;;;;;;;;70;182;;;;;;;;;;;;;;;;;;;;;78;F;;2.65;967;;;;;;;Schwarz;Schwarz;;;;;;;;;;;;;;;;;;;;2 Stellfüße;;;;;;45;;;;;;;;;;;;;;;;;;;;;;;357;1410;362;LED;;;;;;;;;4;;;;;;;;;;;;;50;R600a / GWP 3;;;Umluft;;;;;;;;;;;;;;;;;;;;;;;;Schwarz;;;;;;+30°C, 55% RH;;;;;;;;;;;;;;;;;;;;;;;;;64;114;;;;;;;;;;;;;;;;;;;;;;;;;;;;;;;;;;;;;;;2 Rollen;;;;5 Tragroste, schwarz;;;;;;;;;;;;;;;;;220-240/50;;;Ja;;;;;;;;;;;Thermometer;+2 bis +10;;;;;;;;;;;;;;;Ja;;Ja;;Nein;;;;;;;;;;;;;;;;;;;;;;;;;;;;;;;;;;;;;;;;;;;;;;;;;;;;;;100;100;200;100;;;;;;;96;;;;;;;;;;342 x 266;;500;550;2060;FSC175H_BLACK_Produktblatt.pdf;FSC175H_BLACK_Betriebsanleitung.pdf;FSC175H_BLACK_Ersatzteilliste.pdf;FSC175H_BLACK_Energielabel.pdf;FSC175H_BLACK_Energiepfeil.png
Tefcold;Tefcold-Kühlschrank;Tefcold-Kühlschrank-Glastür;;;Glastürkühlschränke - eintürig;15913;GBC375;5708181001254;5708181001254;TEFCOLD;881,00;Glastürkühlgeräte | Glastürkühlschränke - eintürig;1016947;;;;;;;;;;Automatisch;;;;;;;;295;;;;;;;;;;;;;;;;;;;;;;;;;;;;;;;;;Mechanisch;;;;;;;;;;;;;;;;;;;;;;;1 Dreh-Glastür;;;;;;;;;;;;;595;1840;640;;;;;;196;;;;;;;;;;;;;81;372;;;;;;;;;;;;;;;;;;;;;48.6;D;;2.2;803;;;;;;;Weiß;Weiß;;;;;;;;;;;;;;;;;;;;2 Stellfüße;;;;;;45;;;;;;;;;;;;;;;;;;;;;;;470;1555;440;LED;;;;;;;;;4;;;;;;;;;;;;;80;R600a / GWP 3;;;Umluft;;;;;;;;;;;;;;;;;;;;;;;;ABS;;;;;;+30°C, 55% RH;;;;;;;;;;;;;;;;;;;;;;;;;74;347;;;;;;;;;;;;;;;;;;;;;;;;;;;;;;;;;;;;;;;2 Rollen;;;;5 Tragroste, weiß;;;;;;;;;;;;;;;;;220-240/50;;;Ja;;;;;;;;;;;Thermometer;+2 bis +10;;;;;;;;;;;;;;;Ja;;;;Ja;;;;;;;;;;;;;;;;;;;;;;;;;;;;;;;;;;;;;;;;;;;;;;;;;;;;;;217;217;455;301;;;;;;;54;;;;;;;;;;498 x 405 mm;;680;710;1940;GBC375_Produktblatt.pdf;GBC375_Betriebsanleitung.pdf;GBC375_Ersatzteilliste.pdf;GBC375_Energielabel.pdf;GBC375_Energiepfeil.png
Tefcold;Tefcold-Kühlschrank;Tefcold-Kühlschrank-Glastür;;;Glastürkühlschränke - eintürig;54987;LGC2500;5708181740566;5708181740566;TEFCOLD;1709,00;DEALS + | ProduktneuheitenGlastürkühlgeräte | Glastürkühlschränke - eintürig;445261;;;;;;;;;;Automatisch / Off-Cycle-Abtauung;;;;;;;;280;;;;;;;;;;;;;;;5;;;;;;;;;;;;;;;;;;Elektronisch;;;;;;;;;;;;;;;;;;;;;;;1 Dreh-Glastür;;;;;;;;;;;;;685;2065;805;;;;;;196;;;;;;;;;;;;;135;496;;;;;;;;;;;;;;;;;;;;;19;B;;3.7;1349;;;;;;;Weiß;;;;;;;;;;;;;;;;;;;;;;;;;;;58;;;;;;;;;;;;;;;;;;;;;;;565;1520;640;LED;;;;;;;;;4;;;;;;;;;;;;;110;R600a / GWP 3;;;Umluft;;;;;;;;;;;;;;;;;;;;;;;;Weiß;;;;;;+30°C, 55% RH;;;;;;;;;;;;;;;;;;;;;;;;;115;405;;;;;;;;;;;;;;;;;;;;;;;;;;;;;;;;;;;;;;;;;;;5;;;;;;;;;;;;;;;;;220-240/50;;;Ja;;;;;;;;;;;Thermometer;+1 bis +8;;;;;;;;;;;;;;;Ja;;Ja;;Nein;;;;;;;;;;;;;;;;;;;;;;;;;;0.69;;;;;;;;;;;;;;;;;;;;;;;;;;;;450;;;;;;;;;;44;;;;;;;;;;545*622;;745;860;2260;LGC2500_Produktblatt.pdf;LGC2500_Betriebsanleitung.pdf;LGC2500_Ersatzteilliste.pdf;LGC2500_Energielabel.pdf;LGC2500_Energiepfeil.png
Tefcold;Tefcold-Kühlschrank;Tefcold-Kühlschrank-Glastür;;;Glastürkühlschränke - eintürig;56024;LGC2500B;5708181742263;5708181742263;TEFCOLD;1709,00;Glastürkühlgeräte | Glastürkühlschränke - eintürigDEALS + | Komplett in SchwarzDEALS + | Produktneuheiten;445261;;;;;;;;;;Automatisch / Off-Cycle-Abtauung;;;;;;;;280;;;;;;;;;;;;;;;5;;;;;;;;;;;;;;;;;;Elektronisch;;;;;;;;;;;;;;;;;;;;;;;1 Dreh-Glastür;;;;;;;;;;;;;685;2065;805;;;;;;196;;;;;;;;;;;;;135;496;;;;;;;;;;;;;;;;;;;;;19;B;;3.7;1349;;;;;;;Schwarz RAL9005;;;;;;;;;;;;;;;;;;;;;;;;;;;58;;;;;;;;;;;;;;;;;;;;;;;565;1520;640;LED;;;;;;;;;4;;;;;;;;;;;;;110;R600a / GWP 3;;;Umluft;;;;;;;;;;;;;;;;;;;;;;;;Schwarz;;;;;;+30°C, 55% RH;;;;;;;;;;;;;;;;;;;;;;;;;115;405;;;;;;;;;;;;;;;;;;;;;;;;;;;;;;;;;;;;;;;;;;;5;;;;;;;;;;;;;;;;;220-240/50;;;Ja;;;;;;;;;;;Thermometer;+1 bis +8;;;;;3M1;;;;;;;;;;Ja;;Ja;;Nein;;;;;;;;;;;;;;;;;;;;;;;;;;0.69;;;;;;;;;;;;;;;;;;;;;;;;;;;;450;;;;;;;;;;44;;;;;;;;;;545*622;;745;860;2260;LGC2500B_Produktblatt.pdf;LGC2500B_Betriebsanleitung.pdf;LGC2500B_Ersatzteilliste.pdf;LGC2500B_Energielabel.pdf;LGC2500B_Energiepfeil.png
Tefcold;Tefcold-Kühlschrank;Tefcold-Kühlschrank-Glastür;;;Glastürkühlschränke - eintürig;15973;MSU300;5708181002183;5708181002183;TEFCOLD;1020,00;Glastürkühlgeräte | Glastürkühlschränke - eintürig;469973;;;;;;;;;;Automatisch;;;;;;;;266;;;;;;;;;;;;;;;;;;;;;;;;;;;;;;;;;Elektronisch, mit Alarm;;;;;;;;;;;;;;;;;;;;;;;1 Dreh-Glastür;;;;;;;;;;;;;595;1635;640;;;;;;196;;;;;;;;;;;;;78;290;;;;;;;;;;;;;;;;;;;;;48;D;;2;730;;;;;;;Weiß;Weiß;;;;;;;;;;;;;;;;;;;;2 Stellfüße;;;;;;45;;;;;;;;;;;;;;;;;;;;;;;470;1347;440;LED;;;;;;;;;4;;;;;;;;;;;;;80;R600a / GWP 3;;;Umluft;;;;;;;;;;;;;;;;;;;;;;;;ABS;;;;;;+30°C, 55% RH;;;;;;;;;;;;;;;;;;;;;;;;;73;260;;;;;;;;;;;;;;;;;;;;;;;;;;;;;;;;;;;;;;;2 Rollen;;;;4 Tragroste, weiß;;;;;;;;;;;;;;;;;220-240/50;;;Ja;;;;;;;;;;;Thermometer;+2 bis +10;;;;;;;;;;;;;;;Ja;;;;Ja;;;;;;;;;;;;;;;;;;;;;;;;;;;;;;;;;;;;;;;;;;;;;;;;;;;;;;;;;;;;;;;;54;;;;;;;;;;498 x 405 mm;;680;710;1740;MSU300_Produktblatt.pdf;MSU300_Betriebsanleitung.pdf;MSU300_Ersatzteilliste.pdf;MSU300_Energielabel.pdf;MSU300_Energiepfeil.png
Tefcold;Tefcold-Kühlschrank;Tefcold-Kühlschrank-Glastür;;;Glastürkühlschränke - eintürig;15975;MSU400;5708181002190;5708181002190;TEFCOLD;1055,00;Glastürkühlgeräte | Glastürkühlschränke - eintürig;2304112;;;;;;;;;;Automatisch;;;;;;;;295;;;;;;;;;;;;;;;;;;;;;;;;;;;;;;;;;Elektronisch, mit Alarm;;;;;;;;;;;;;;;;;;;;;;;1 Dreh-Glastür;;;;;;;;;;;;;595;1840;640;;;;;;196;;;;;;;;;;;;;81;372;;;;;;;;;;;;;;;;;;;;;46.4;D;;2.1;767;;;;;;;Weiß;Weiß;;;;;;;;;;;;;;;;;;;;2 Stellfüße;;;;;;45;;;;;;;;;;;;;;;;;;;;;;;470;1555;440;LED;;;;;;;;;4;;;;;;;;;;;;;80;R600a / GWP 3;;;Umluft;;;;;;;;;;;;;;;;;;;;;;;;ABS;;;;;;+30°C, 55% RH;;;;;;;;;;;;;;;;;;;;;;;;;74;347;;;;;;;;;;;;;;;;;;;;;;;;;;;;;;;;;;;;;;;2 Rollen;;;;5 Tragroste, weiß;;;;;;;;;;;;;;;;;220-240/50;;;Ja;;;;;;;;;;;Thermometer;+2 bis +10;;;;;;;;;;;;;;;Ja;;;;Ja;;;;;;;;;;;;;;;;;;;;;;;;;;;;;;;;;;;;;;;;;;;;;;;;;;;;;;;;;;;;;;;;54;;;;;;;;;;498 x 405 mm;;680;710;1940;MSU400_Produktblatt.pdf;MSU400_Betriebsanleitung.pdf;MSU400_Ersatzteilliste.pdf;MSU400_Energielabel.pdf;MSU400_Energiepfeil.png
Tefcold;Tefcold-Kühlschrank;Tefcold-Kühlschrank-Glastür;;;Glastürkühlschränke - eintürig;15917;SCU1220;5708181002145;5708181002145;TEFCOLD;766,00;Glastürkühlgeräte | Glastürkühlschränke - eintürig;574591;;;;;;;;;;Automatisch;;;;;;;;229;;;;;;;;;;;;;;;;;;;;;;;;;;;;;;;;;Mechanisch;;;;;;;;;;;;;;;;;;;;;;;1 Dreh-Glastür;;;;;;;;;;;;;595;1315;640;;;;;;196;;;;;;;;;;;;;67;215;;;;;;;;;;;;;;;;;;;;;52;E;;1.9;694;;;;;;;Weiß;Weiß;;;;;;;;;;;;;;;;;;;;2 Stellfüße;;;;;;45;;;;;;;;;;;;;;;;;;;;;;;470;1027;440;LED;;;;;;;;;4;;;;;;;;;;;;;50;R600a / GWP 3;;;Umluft;;;;;;;;;;;;;;;;;;;;;;;;ABS;;;;;;+30°C, 55% RH;;;;;;;;;;;;;;;;;;;;;;;;;62;190;;;;;;;;;;;;;;;;;;;;;;;;;;;;;;;;;;;;;;;2 Rollen;;;;3 Tragroste, weiß;;;;;;;;;;;;;;;;;220-240/50;;;Ja;;;;;;;;;;;Thermometer;+2 bis +10;;;;;;;;;;;;;;;Ja;;;;Ja;;;;;;;;;;;;;;;;;;;;;;;;;;;;;;;;;;;;;;;;;;;;;;;;;;;;;;133;133;301;175;;;;;;;54;;;;;;;;;;498 x 405 mm;;680;710;1410;SCU1220_Produktblatt.pdf;SCU1220_Betriebsanleitung.pdf;SCU1220_Ersatzteilliste.pdf;SCU1220_Energielabel.pdf;SCU1220_Energiepfeil.png
Tefcold;Tefcold-Kühlschrank;Tefcold-Kühlschrank-Glastür;;;Glastürkühlschränke - eintürig;15921;SCU1280;5708181002169;5708181002169;TEFCOLD;808,00;Glastürkühlgeräte | Glastürkühlschränke - eintürig;469973;;;;;;;;;;Automatisch;;;;;;;;266;;;;;;;;;;;;;;;;;;;;;;;;;;;;;;;;;Mechanisch;;;;;;;;;;;;;;;;;;;;;;;1 Dreh-Glastür;;;;;;;;;;;;;595;1635;640;;;;;;196;;;;;;;;;;;;;78;290;;;;;;;;;;;;;;;;;;;;;48;D;;2;730;;;;;;;Weiß;Weiß;;;;;;;;;;;;;;;;;;;;2 Stellfüße;;;;;;45;;;;;;;;;;;;;;;;;;;;;;;470;1347;440;LED;;;;;;;;;4;;;;;;;;;;;;;70;R600a / GWP 3;;;Umluft;;;;;;;;;;;;;;;;;;;;;;;;ABS;;;;;;+30°C, 55% RH;;;;;;;;;;;;;;;;;;;;;;;;;73;260;;;;;;;;;;;;;;;;;;;;;;;;;;;;;;;;;;;;;;;2 Rollen;;;;4 Tragroste, weiß;;;;;;;;;;;;;;;;;220-240/50;;;Ja;;;;;;;;;;;Thermometer;+2 bis +10;;;;;;;;;;;;;;;Ja;;;;Ja;;;;;;;;;;;;;;;;;;;;;;;;;;;;;;;;;;;;;;;;;;;;;;;;;;;;;;175;175;392;259;;;;;;;54;;;;;;;;;;498 x 405 mm;;680;710;1740;SCU1280_Produktblatt.pdf;SCU1280_Betriebsanleitung.pdf;SCU1280_Ersatzteilliste.pdf;SCU1280_Energielabel.pdf;SCU1280_Energiepfeil.png
Tefcold;Tefcold-Kühlschrank;Tefcold-Kühlschrank-Glastür;;;Glastürkühlschränke - eintürig;31579;SCU1280 EUREKA;5708181018245;5708181018245;TEFCOLD;836,00;Glastürkühlgeräte | Glastürkühlschränke - eintürig;469973;;;;;;;;;;Automatisch;;;;;;;;266;;;;;;;;;;;;;;;4;;;;;;;;;;;;;;;;;;Mechanisch;;;;;;;;;;;;;;;;;;;;;;;1 Dreh-Glastür;;;;;;;;;;;;;595;1640;600;;;;;;196;;;;;;;;;;;;;78;290;;;;;;;;;;;;;;;;;;;;;48;D;;2;730;;;;;;;Weiß;Weiß;;;;;;;;;;;;;;;;;;;;2 Stellfüße;;;;;;45;;;;;;;;;;;;;;;;;;;;;;;505;1352;462;LED;;;;;;;;;4;;;;;;;;;;;;;70;R600a / GWP 3;;;Umluft;;;;;;;;;;;;;;;;;;;;;;;;ABS;;;;;;+30°C, 55% RH;;;;;;;;;;;;;;;;;;;;;;;;;73;260;;;;;;;;;;;;;;;;;;;;;;;;;;;;;;;;;;;;;;;2 Rollen;;;;4 Tragroste, weiß;;;;;;;;;;;;;;;;;220-240/50;;;Ja;;;;;;;;;;;Thermometer;+2 bis +10;;;;;;;;;;;;;;;Ja;;;;Ja;;;;;;;;;;;;;;;;;;;;;;;;;;;;;;;;;;;;;;;;;;;;;;;;;;;;;;;;266;;;;;;;;54;;;;;;;;;;475 x 373 mm;;680;710;1740;SCU1280_EUREKA_Produktblatt.pdf;SCU1280_EUREKA_Betriebsanleitung.pdf;SCU1280_EUREKA_Ersatzteilliste.pdf;SCU1280_EUREKA_Energielabel.pdf;SCU1280_EUREKA_Energiepfeil.png
Tefcold;Tefcold-Kühlschrank;Tefcold-Kühlschrank-Glastür;;;Glastürkühlschränke - eintürig;31422;SCU1280B - Esta;5708181021290;5708181021290;TEFCOLD;903,00;Glastürkühlgeräte | Glastürkühlschränke - eintürig;469973;;;;;;;;;;Automatisch;;;;;;;;266;;;;;;;;;;;;;;;4;;;;;;;;;;;;;;;;;;Mechanisch;;;;;;;;;;;;;;;;;;;;;;;1 Dreh-Glastür;;;;;;;;;;;;;595;1640;600;;;;;;196;;;;;;;;;;;;;78;290;;;;;;;;;;;;;;;;;;;;;48;D;;2;730;;;;;;;Schwarz;Schwarz;;;;;;;;;;;;;;;;;;;;2 Stellfüße;;;;;;45;;;;;;;;;;;;;;;;;;;;;;;505;1352;462;LED;;;;;;;;;4;;;;;;;;;;;;;70;R600a / GWP 3;;;Umluft;;;;;;;;;;;;;;;;;;;;;;;;ABS;;;;;;+30°C, 55% RH;;;;;;;;;;;;;;;;;;;;;;;;;73;260;;;;;;;;;;;;;;;;;;;;;;;;;;;;;;;;;;;;;;;2 Rollen;;;;4 Tragroste, schwarz;;;;;;;;;;;;;;;;;220-240/50;;;Ja;;;;;;;;;;;Thermometer;+2 bis +10;;;;;;;;;;;;;;;Ja;;;;Ja;;;;;;;;;;;;;;;;;;;;;;;;;;;;;;;;;;;;;;;;;;;;;;;;;;;;;;;;266;;;;;;;;54;;;;;;;;;;475 x 373 mm;;680;710;1740;SCU1280B_-_Esta_Produktblatt.pdf;SCU1280B_-_Esta_Betriebsanleitung.pdf;SCU1280B_-_Esta_Ersatzteilliste.pdf;SCU1280B_-_Esta_Energielabel.pdf;SCU1280B_-_Esta_Energiepfeil.png
Tefcold;Tefcold-Kühlschrank;Tefcold-Kühlschrank-Glastür;;;Glastürkühlschränke - eintürig;32901;SCU1280BCP - Esta;5708181003937;5708181003937;TEFCOLD;924,00;Glastürkühlgeräte | Glastürkühlschränke - eintürig;605379;;;;;;;;;;Automatisch;;;;;;;;266;;;;;;;;;;;;;;;4;;;;;;;;;;;;;;;;;;Mechanisch;;;;;;;;;D-Form;;;;;;;;;;;;;;1 Dreh-Glastür;;;;;;;;;;;;;595;1780;640;;;;;;196;;;;;;;;;;;;;93;290;;;;;;;;;;;;;;;;;;;;;49;D;;2;748;;;;;;;Schwarz;Schwarz;;;;;;;;;;;;;;;;;;;;2 Stellfüße;;;;;;45;;;;;;;;;;;;;;;;;;;;;;;505;1352;462;LED;;;;;;;;;4;;;;;;;;;;;;;70;R600a / GWP 3;;;Umluft;;;;;;;;;;;;;;;;;;;;;;;;ABS;;;;;;+30°C, 55% RH;;;;;;;;;;;;;;;;;;;;;;;;;83;260;;;;;;;;;;;;;;;;;;;;;;;;;;;;;;;;;;;;;;;2 Rollen;;;;4 Tragroste, schwarz;;;;;;;;;;;;;;;;;220-240/50;;;Ja;;;;;;;;;;;Thermometer;+2 bis +10;;;;;;;;;;;;;;;Ja;;;;Ja;;;;;;;;;;;;;;;;;;;;;;;;;;;;;;;;;;;;;;;;;;;;;;;;;;;;;;;;266;;;;;;;;54;;;;;;;;;;475 x 373 mm;;680;710;1875;SCU1280BCP_-_Esta_Produktblatt.pdf;SCU1280BCP_-_Esta_Betriebsanleitung.pdf;SCU1280BCP_-_Esta_Ersatzteilliste.pdf;SCU1280BCP_-_Esta_Energielabel.pdf;SCU1280BCP_-_Esta_Energiepfeil.png
Tefcold;Tefcold-Kühlschrank;Tefcold-Kühlschrank-Glastür;;;Glastürkühlschränke - eintürig;15919;SCU1280CP;5708181002176;5708181002176;TEFCOLD;868,00;Glastürkühlgeräte | Glastürkühlschränke - eintürig;605379;;;;;;;;;;Automatisch;;;;;;;;266;;;;;;;;;;;;;;;;;;;;;;;;;;;;;;;;;Mechanisch;;;;;;;;;D-Form;;;;;;;;;;;;;;1 Dreh-Glastür;;;;;;;;;;;;;595;1775;640;;;;;;196;;;;;;;;;;;;;93;290;;;;;;;;;;;;;;;;;;;;;49;D;;2;748;;;;;;;Weiß;Weiß;;;;;;;;;;;;;;;;;;;;2 Stellfüße;;;;;;45;;;;;;;;;;;;;;;;;;;;;;;470;1347;440;LED;;;;;;;;;4;;;;;;;;;;;;;70;R600a / GWP 3;;;Umluft;;;;;;;;;;;;;;;;;;;;;;;;ABS;;;;;;+30°C, 55% RH;;;;;;;;;;;;;;;;;;;;;;;;;83;260;;;;;;;;;;;;;;;;;;;;;;;;;;;;;;;;;;;;;;;2 Rollen;;;;4 Tragroste, weiß;;;;;;;;;;;;;;;;;220-240/50;;;Ja;;;;;;;;;;;Thermometer;+2 bis +10;;;;;;;;;;;;;;;Ja;;;;Ja;;;;;;;;;;;;;;;;;;;;;;;;;;;;;;;;;;;;;;;;;;;;;;;;;;;;;;175;175;392;259;;;;;;;54;;;;;;;;;;498 x 405 mm;;680;710;1875;SCU1280CP_Produktblatt.pdf;SCU1280CP_Betriebsanleitung.pdf;SCU1280CP_Ersatzteilliste.pdf;SCU1280CP_Energielabel.pdf;SCU1280CP_Energiepfeil.png
Tefcold;Tefcold-Kühlschrank;Tefcold-Kühlschrank-Glastür;;;Glastürkühlschränke - eintürig;31580;SCU1280CP EUREKA;5708181003920;5708181003920;TEFCOLD;880,00;Glastürkühlgeräte | Glastürkühlschränke - eintürig;605379;;;;;;;;;;Automatisch;;;;;;;;266;;;;;;;;;;;;;;;;;;;;;;;;;;;;;;;;;Mechanisch;;;;;;;;;D-Form;;;;;;;;;;;;;;1 Dreh-Glastür;;;;;;;;;;;;;595;1780;640;;;;;;196;;;;;;;;;;;;;93;290;;;;;;;;;;;;;;;;;;;;;49;D;;2;748;;;;;;;Weiß;Weiß;;;;;;;;;;;;;;;;;;;;2 Stellfüße;;;;;;45;;;;;;;;;;;;;;;;;;;;;;;505;1352;462;LED;;;;;;;;;4;;;;;;;;;;;;;70;R600a / GWP 3;;;Umluft;;;;;;;;;;;;;;;;;;;;;;;;ABS;;;;;;+30°C, 55% RH;;;;;;;;;;;;;;;;;;;;;;;;;83;260;;;;;;;;;;;;;;;;;;;;;;;;;;;;;;;;;;;;;;;2 Rollen;;;;4 Tragroste, weiß;;;;;;;;;;;;;;;;;220-240/50;;;Ja;;;;;;;;;;;Thermometer;+2 bis +10;;;;;;;;;;;;;;;Ja;;;;Ja;;;;;;;;;;;;;;;;;;;;;;;;;;;;;;;;;;;;;;;;;;;;;;;;;;;;;;;;266;;;;;;;;54;;;;;;;;;;475 x 373 mm;;680;710;1875;SCU1280CP_EUREKA_Produktblatt.pdf;SCU1280CP_EUREKA_Betriebsanleitung.pdf;SCU1280CP_EUREKA_Ersatzteilliste.pdf;SCU1280CP_EUREKA_Energielabel.pdf;SCU1280CP_EUREKA_Energiepfeil.png
Tefcold;Tefcold-Kühlschrank;Tefcold-Kühlschrank-Glastür;;;Glastürkühlschränke - eintürig;15926;SCU1375;5708181002206;5708181002206;TEFCOLD;856,00;Glastürkühlgeräte | Glastürkühlschränke - eintürig;1016939;;;;;;;;;;Automatisch;;;;;;;;295;;;;;;;;;;;;;;;5;;;;;;;;;;;;;;;;;;Mechanisch;;;;;;;;;;;;;;;;;;;;;;;1 Dreh-Glastür;;;;;;;;;;;;;595;1840;640;;;;;;196;;;;;;;;;;;;;81;372;;;;;;;;;;;;;;;;;;;;;48.6;D;;2.2;803;;;;;;;Weiß;Weiß;;;;;;;;;;;;;;;;;;;;2 Stellfüße;;;;;;45;;;;;;;;;;;;;;;;;;;;;;;470;1555;440;LED;;;;;;;;;4;;;;;;;;;;;;;80;R600a / GWP 3;;;Umluft;;;;;;;;;;;;;;;;;;;;;;;;ABS;;;;;;+30°C, 55% RH;;;;;;;;;;;;;;;;;;;;;;;;;74;347;;;;;;;;;;;;;;;;;;;;;;;;;;;;;;;;;;;;;;;2 Rollen;;;;5 Tragroste, weiß;;;;;;;;;;;;;;;;;220-240/50;;;Ja;;;;;;;;;;;Thermometer;+2 bis +10;;;;;;;;;;;;;;;Ja;;;;Ja;;;;;;;;;;;;;;;;;;;;;;;;;;;;;;;;;;;;;;;;;;;;;;;;;;;;;;217;217;455;301;;;;;;;54;;;;;;;;;;498 x 405 mm;;680;710;1940;SCU1375_Produktblatt.pdf;SCU1375_Betriebsanleitung.pdf;SCU1375_Ersatzteilliste.pdf;SCU1375_Energielabel.pdf;SCU1375_Energiepfeil.png
Tefcold;Tefcold-Kühlschrank;Tefcold-Kühlschrank-Glastür;;;Glastürkühlschränke - eintürig;15924;SCU1375CP;5708181002213;5708181002213;TEFCOLD;878,00;Glastürkühlgeräte | Glastürkühlschränke - eintürig;473110;;;;;;;;;;Automatisch;;;;;;;;295;;;;;;;;;;;;;;;;;;;;;;;;;;;;;;;;;Mechanisch;;;;;;;;;D-Form;;;;;;;;;;;;;;1 Dreh-Glastür;;;;;;;;;;;;;595;1980;640;;;;;;196;;;;;;;;;;;;;87;372;;;;;;;;;;;;;;;;;;;;;49.7;D;;2.25;821;;;;;;;Weiß;Weiß;;;;;;;;;;;;;;;;;;;;2 Stellfüße;;;;;;45;;;;;;;;;;;;;;;;;;;;;;;470;1555;440;LED;;;;;;;;;4;;;;;;;;;;;;;80;R600a / GWP 3;;;Umluft;;;;;;;;;;;;;;;;;;;;;;;;ABS;;;;;;+30°C, 55% RH;;;;;;;;;;;;;;;;;;;;;;;;;82;347;;;;;;;;;;;;;;;;;;;;;;;;;;;;;;;;;;;;;;;2 Rollen;;;;5 Tragroste, weiß;;;;;;;;;;;;;;;;;220-240/50;;;Ja;;;;;;;;;;;Thermometer;+2 bis +10;;;;;;;;;;;;;;;Ja;;;;Ja;;;;;;;;;;;;;;;;;;;;;;;;;;;;;;;;;;;;;;;;;;;;;;;;;;;;;;217;217;455;301;;;;;;;54;;;;;;;;;;498 x 405 mm;;680;710;2080;SCU1375CP_Produktblatt.pdf;SCU1375CP_Betriebsanleitung.pdf;SCU1375CP_Ersatzteilliste.pdf;SCU1375CP_Energielabel.pdf;SCU1375CP_Energiepfeil.png
Tefcold;Tefcold-Kühlschrank;Tefcold-Kühlschrank-Glastür;;;Glastürkühlschränke - eintürig;53321;SCU1425 FRAMELESS;5708181737429;5708181737429;TEFCOLD;1058,00;Glastürkühlgeräte | Glastürkühlschränke - eintürig;575918;;;;;;;;;;Automatisch;;;;;;;;235;;;;;;;;;;;;;;;5;;;;;;;;;;;;;;;;;;Mechanisch;;;;;;;;;;;;;;;;;;;;;;;1 Dreh-Glastür;;;;;;;;;;;;;595;1990;595;;;;;;196;;;;;;;;;;;;;87.5;387;;;;;;;;;;;;;;;;;;;;;38.9;D;;1.87;683;;;;;;;Schwarz;Schwarz;;;;;;;;;;;;;;;;;;;;2 Stellfüße;;;;;;45;;;;;;;;;;;;;;;;;;;;;;;505;1742;462;LED, im Türrahmen;;;;;;;;;4;;;;;;;;;;;;;85;R600a / GWP 3;;;Umluft;;;;;;;;;;;;;;;;;;;;;;;;Schwarz, ABS;;;;;;+30°C, 55% RH;;;;;;;;;;;;;;;;;;;;;;;;;77.5;347;;;;;;;;;;;;;;;;;;;;;;;;;;;;;;;;;;;;;;;2 Rollen;;;;5 Blech schwarz;;;;;;;;;;;;;;;;;220-240/50;;;Ja;;;;;;;;;;;Thermometer;+2 bis +10;;;;;;;;;;;;;;;Ja;;;;Nein;;;;;;;;;;;;;;;;;;;;;;;;;;;;;;;;;;;;;;;;;;;;;;;;;;;;;;272;238;441;308;;;;;;;54;;;;;;;;;;492 x 405 mm;;665;715;2150;SCU1425_FRAMELESS_Produktblatt.pdf;SCU1425_FRAMELESS_Betriebsanleitung.pdf;SCU1425_FRAMELESS_Ersatzteilliste.pdf;SCU1425_FRAMELESS_Energielabel.pdf;SCU1425_FRAMELESS_Energiepfeil.png
Tefcold;Tefcold-Kühlschrank;Tefcold-Kühlschrank-Glastür;;;Glastürkühlschränke - eintürig;53323;SCU1425 FRAMELESS L/H;5708181737443;5708181737443;TEFCOLD;1058,00;Glastürkühlgeräte | Glastürkühlschränke - eintürig;575918;;;;;;;;;;Automatisch;;;;;;;;235;;;;;;;;;;;;;;;5;;;;;;;;;;;;;;;;;;Mechanisch;;;;;;;;;;;;;;;;;;;;;;;1 Glastür mit Linksanschlag;;;;;;;;;;;;;595;1990;595;;;;;;196;;;;;;;;;;;;;87.5;387;;;;;;;;;;;;;;;;;;;;;38.9;D;;1.87;683;;;;;;;Schwarz;Schwarz;;;;;;;;;;;;;;;;;;;;2 Stellfüße;;;;;;45;;;;;;;;;;;;;;;;;;;;;;;505;1742;462;LED, im Türrahmen;;;;;;;;;4;;;;;;;;;;;;;85;R600a / GWP 3;;;Umluft;;;;;;;;;;;;;;;;;;;;;;;;Schwarz, ABS;;;;;;+30°C, 55% RH;;;;;;;;;;;;;;;;;;;;;;;;;77.5;347;;;;;;;;;;;;;;;;;;;;;;;;;;;;;;;;;;;;;;;2 Rollen;;;;5 Blech schwarz;;;;;;;;;;;;;;;;;220-240/50;;;Ja;;;;;;;;;;;Thermometer;+2 bis +10;;;;;;;;;;;;;;;Ja;;;;Nein;;;;;;;;;;;;;;;;;;;;;;;;;;;;;;;;;;;;;;;;;;;;;;;;;;;;;;272;238;441;308;;;;;;;54;;;;;;;;;;492 x 405 mm;;665;715;2150;SCU1425_FRAMELESS_L_H_Produktblatt.pdf;SCU1425_FRAMELESS_L_H_Betriebsanleitung.pdf;SCU1425_FRAMELESS_L_H_Ersatzteilliste.pdf;SCU1425_FRAMELESS_L_H_Energielabel.pdf;SCU1425_FRAMELESS_L_H_Energiepfeil.png
Tefcold;Tefcold-Kühlschrank;Tefcold-Kühlschrank-Glastür;;;Glastürkühlschränke - eintürig;53324;SCU1425H;5708181737450;5708181737450;TEFCOLD;985,00;DEALS + | Komplett in SchwarzGlastürkühlgeräte | Glastürkühlschränke - eintürig;647357;;;;;;;;;;Automatisch;;;;;;;;235;;;;;;;;;;;;;;;5;;;;;;;;;;;;;;;;;;Mechanisch;;;;;;;;;;;;;;;;;;;;;;;1 Dreh-Glastür;;;;;;;;;;;;;595;1990;595;;;;;;196;;;;;;;;;;;;;86;387;;;;;;;;;;;;;;;;;;;;;38.9;D;;1.87;683;;;;;;;Schwarz;Schwarz;;;;;;;;;;;;;;;;;;;;2 Stellfüße;;;;;;45;;;;;;;;;;;;;;;;;;;;;;;505;1742;462;LED, im Türrahmen;;;;;;;;;4;;;;;;;;;;;;;85;R600a / GWP 3;;;Umluft;;;;;;;;;;;;;;;;;;;;;;;;Schwarz, ABS;;;;;;+30°C, 55% RH;;;;;;;;;;;;;;;;;;;;;;;;;76;347;;;;;;;;;;;;;;;;;;;;;;;;;;;;;;;;;;;;;;;2 Rollen;;;;5 Blech schwarz;;;;;;;;;;;;;;;;;220-240/50;;;Ja;;;;;;;;;;;Thermometer;+2 bis +10;;;;;;;;;;;;;;;Ja;;;;Nein;;;;;;;;;;;;;;;;;;;;;;;;;;;;;;;;;;;;;;;;;;;;;;;;;;;;;;272;238;441;308;;;;;;;54;;;;;;;;;;492 x 405 mm;;665;715;2150;SCU1425H_Produktblatt.pdf;SCU1425H_Betriebsanleitung.pdf;SCU1425H_Ersatzteilliste.pdf;SCU1425H_Energielabel.pdf;SCU1425H_Energiepfeil.png
Tefcold;Tefcold-Kühlschrank;Tefcold-Kühlschrank-Glastür;;;Glastürkühlschränke - eintürig;15930;SCU1450CP;5708181002220;5708181002220;TEFCOLD;1040,00;Glastürkühlgeräte | Glastürkühlschränke - eintürig;2389261;;;;;;;;;;Automatisch;;;;;;;;295;;;;;;;;;;;;;;;6;;;;;;;;;;;;;;;;;;Mechanisch;;;;;;;;;D-Form;;;;;;;;;;;;;;1 Dreh-Glastür;;;;;;;;;;;;;680;2090;655;;;;;;196;;;;;;;;;;;;;107;438;;;;;;;;;;;;;;;;;;;;;51.1;E;;2.58;942;;;;;;;Weiß;Weiß;;;;;;;;;;;;;;;;;;;;2 Stellfüße;;;;;;45;;;;;;;;;;;;;;;;;;;;;;;585;1515;495;LED;;;;;;;;;4;;;;;;;;;;;;;80;R600a / GWP 3;;;Umluft;;;;;;;;;;;;;;;;;;;;;;;;ABS;;;;;;+30°C, 55% RH;;;;;;;;;;;;;;;;;;;;;;;;;102;374;;;;;;;;;;;;;;;;;;;;;;;;;;;;;;;;;;;;;;;2 Rollen;;;;6 Tragroste, weiß;;;;;;;;;;;;;;;;;220-240/50;;;Ja;;;;;;;;;;;Thermometer;+2 bis +10;;;;;;;;;;;;;;;Ja;;;;Ja;;;;;;;;;;;;;;;;;;;;;;;;;;;;;;;;;;;;;;;;;;;;;;;;;;;;;;360;360;480;270;;;;;;;51;;;;;;;;;;574 x 405 mm;;690;755;2200;SCU1450CP_Produktblatt.pdf;SCU1450CP_Betriebsanleitung.pdf;SCU1450CP_Ersatzteilliste.pdf;SCU1450CP_Energielabel.pdf;SCU1450CP_Energiepfeil.png
Tefcold;Tefcold-Kühlschrank;Tefcold-Kühlschrank-Glastür;;;Glastürkühlschränke - eintürig;15934;SCU2375;5708181002237;5708181002237;TEFCOLD;910,00;Glastürkühlgeräte | Glastürkühlschränke - eintürig;471552;;;;;;;;;;Automatisch;;;;;;;;295;;;;;;;;;;;;;;;5;;;;;;;;;;;;;;;;;;Mechanisch;;;;;;;;;;;;;;;;;;;;;;;2 Geteilte Dreh-Glastüren;;;;;;;;;;;;;595;1840;640;;;;;;196;;;;;;;;;;;;;87;372;;;;;;;;;;;;;;;;;;;;;48.6;D;;2.2;803;;;;;;;Weiß;Weiß;;;;;;;;;;;;;;;;;;;;2 Stellfüße;;;;;;45;;;;;;;;;;;;;;;;;;;;;;;470;1555;440;LED;;;;;;;;;4;;;;;;;;;;;;;80;R600a / GWP 3;;;Umluft;;;;;;;;;;;;;;;;;;;;;;;;ABS;;;;;;+30°C, 55% RH;;;;;;;;;;;;;;;;;;;;;;;;;82;347;;;;;;;;;;;;;;;;;;;;;;;;;;;;;;;;;;;;;;;2 Rollen;;;;5 Tragroste, weiß;;;;;;;;;;;;;;;;;220-240/50;;;Ja;;;;;;;;;;;Thermometer;+2 bis +10;;;;;;;;;;;;;;;Ja;;;;Ja;;;;;;;;;;;;;;;;;;;;;;;;;;;;;;;;;;;;;;;;;;;;;;;;;;;;;;210;210;448;294;;;;;;;54;;;;;;;;;;498 x 405 mm;;680;710;1940;SCU2375_Produktblatt.pdf;SCU2375_Betriebsanleitung.pdf;SCU2375_Ersatzteilliste.pdf;SCU2375_Energielabel.pdf;SCU2375_Energiepfeil.png
Tefcold;Tefcold-Kühlschrank;Tefcold-Kühlschrank-Glastür;;;Glastürkühlschränke - eintürig;69755;SD217E;5708181757755;5708181757755;-;815,00;Glastürkühlgeräte | Glastürkühlschränke - eintürig;376965;;;;;;;;;;Automatisch;;;;;;;;;;;;;;;;;;;;;;;;;;;;;;;;;;;;;;;;;;;;;;;;;;;;;;;;;;;;;;;;1 Dreh-Glastür;;;;;;;;;;;;;390;1880;475;;;;;;;;;;;;;;;;;;;57;160;;;;;;;;;;;;;;;;;;;;;;D;;1.57;573;;;;;;;Weiß;Weiß;;;;;;;;;;;;;;;;;;;;;;;;;;50;;;;;;;;;;;;;;;;;;;;;;;300;1498;365;LED;;;;;;;;;4;;;;;;;;;;;;;42;R600a / GWP 3;;;Umluft;;;;;;;;;;;;;;;;;;;;;;;;Weiß;;;;;;+30°C, 55% RH;;;;;;;;;;;;;;;;;;;;;;;;;60;133;;;;;;;;;;;;;;;;;;;;;;;;;;;;;;;;;;;;;;;;;;;5 Tragroste, weiß;;;;;;;;;;;;;;;;;220-240/50;;;Ja;;;;;;;;;;;Thermometer;+1 bis +10;;;;;;;;;;;;;;;Ja;;Ja;;Nein;;;;;;;;;;;;;;;;;;;;;;;;;;;;;;;;;;;;;;;;;;;;;;;;;;;;;;;;;;;;;;;;110;;;;;;;;;;295 x 355 mm;;530;450;1950;SD217E_Produktblatt.pdf;SD217E_Betriebsanleitung.pdf;SD217E_Ersatzteilliste.pdf;SD217E_Energielabel.pdf;SD217E_Energiepfeil.png
Tefcold;Tefcold-Kühlschrank;Tefcold-Kühlschrank-Glastür;;;Glastürkühlschränke - eintürig;69833;SD217EBlack;5708181757892;5708181757892;-;809,00;Glastürkühlgeräte | Glastürkühlschränke - eintürig;376940;;;;;;;;;;Automatisch;;;;;;;;230;;;;;;;;;;;;;;;;;;;;;;;;;;;;;;;;;;;;;;;;;;;;;;;;;;;;;;;;1 Dreh-Glastür;;;;;;;;;;;;;390;1880;475;;;;;;;;;;;;;;;;;;;57;160;;;;;;;;;;;;;;;;;;;;;;D;;1.57;573;;;;;;;Schwarz;Schwarz;;;;;;;;;;;;;;;;;;;;;;;;;;50;;;;;;;;;;;;;;;;;;;;;;;300;1498;365;LED;;;;;;;;;4;;;;;;;;;;;;;42;R600a / GWP 3;;;Umluft;;;;;;;;;;;;;;;;;;;;;;;;Schwarz;;;;;;+30°C, 55% RH;;;;;;;;;;;;;;;;;;;;;;;;;60;133;;;;;;;;;;;;;;;;;;;;;;;;;;;;;;;;;;;;;;;;;;;5 Tragroste, schwarz;;;;;;;;;;;;;;;;;220-240/50;;;Ja;;;;;;;;;;;Thermometer;+1 bis +10;;;;;;;;;;;;;;;Ja;;Ja;;Nein;;;;;;;;;;;;;;;;;;;;;;;;;;;;;;;;;;;;;;;;;;;;;;;;;;;;;;;;;;;;;;;;110;;;;;;;;;;295 x 355 mm;;530;450;1950;SD217EBlack_Produktblatt.pdf;SD217EBlack_Betriebsanleitung.pdf;SD217EBlack_Ersatzteilliste.pdf;SD217EBlack_Energielabel.pdf;SD217EBlack_Energiepfeil.png
Tefcold;Tefcold-Kühlschrank;Tefcold-Kühlschrank-Glastür;;;Glastürkühlschränke - eintürig;69067;SGD-300GE;5708181755386;5708181755386;Serrco by TEFCOLD;2827,00;DEALS + | ProduktneuheitenGlastürkühlgeräte | Glastürkühlschränke - eintürig;;;;;;;;;;;Automatisch;;;;;;;;280;;;;;;;;;;;;;;;4;;;;;;;;;;;;;;;;;;Elektronisch;;;;;;;;;;;;;;;;;;;;;;;1 Dreh-Glastür;;;;;;;;;;;;;600;1805;575;;;;;;150;;;;;;;;;;;;;115;270;;;;;;;;;;;;;;;;;;;;;;F;;2.93;1075;;;;;;;Anthrazit RAL 7021;Chrom;;;;;;;;;;;;;;;;;;;;Stellfüße;;;;;;48;;;;;;;;;;;;;;;;;;;;;;;520;1445;380;LED;;;;;;;;;4;;;;;;;;;;;;;90;R290 / GWP 3;;;Ventiliert;;;;;;;;;;;;;;;;;;;;;;;;Silber;;;;;;+30°C, 55% RH;;;;;;;;;;;;;;;;;;;;;;;;;107;260;;;;;;;;;;;;;;;;;;;;;;;;;;;;;;;;;;;;;;;;;;;4 verstellbar;;;;;;;;;;;;;;;;;220-240/50;;;Ja;;;;;;;;;;;Thermometer;+2 bis +12;;;;;;;;;;;;;;;Ja;;;;Ja;;;;;;;;;;;;;;;;;;;;;;;;;;;;;;;;;;;;;;;;;;;;;;;;;;;;;;198;210;420;252;;;;;;;122;;;;;;;;;;496 x 341 mm;520 x 369;1950;800;575;SGD-300GE_Produktblatt.pdf;SGD-300GE_Betriebsanleitung.pdf;SGD-300GE_Ersatzteilliste.pdf;SGD-300GE_Energielabel.pdf;SGD-300GE_Energiepfeil.png
Tefcold;Tefcold-Kühlschrank;Tefcold-Kühlschrank-Glastür;;;Glastürkühlschränke - eintürig;33849;UR200G;5708181994235;5708181994235;TEFCOLD;639,00;DEALS + | Energieeffiziente GeräteGlastürkühlgeräte | Glastürkühlschränke - eintürig;494176;;;;;;;;;;Automatisch;;;;;;;;105;;;;;;;;;;;;;;;3;;;;;;;;;;;;;;;;;;Elektronisch;;;;;;;;;;;;;;;;;;;;;;;1 Dreh-Glastür;;;;;;;;;;;;;600;855;585;;;;;;110;;;;;;;;;;;;;49;136;;;;;;;;;;;;;;;;;;;;;13;B;;1.6;584;;;;;;;Weiß;Weiß;;;;;;;;;;;;;;;;;;;;4 Stellfüße;;;;;;40;;;;;;;;;;;;;;;;;;;;;;;510;620;485;LED;;;;;;;;;4;;;;;;;;;;;;;35;R600a / GWP 3;;;Umluft;;;;;;;;;;;;;;;;;;;;;;;;Weiß, ABS;;;;;;+30°C, 55% RH;;;;;;;;;;;;;;;;;;;;;;;;;44;119;;;;;;;;;;;;;;;;;;;;;;;;;;;;;;;;;;;;;;;2 Rollen;;;;3 Tragroste, weiß;;;;;;;;;;;;;;;;;220-240/50;;;Ja;;;;;;;;;;;Thermometer;+2 bis +10;;;;;;;;;;;;;;;Ja;;;;Nein;;;;;;;;;;;;;;;;;;;;;;;;;;0.23;;;;;;;;;;;;;;;;;;;;;;;;;;;;64;64;112;56;;;;;;;108;;;;;;;;;;505 x 415 mm;505 x 220;690;650;910;UR200G_Produktblatt.pdf;UR200G_Betriebsanleitung.pdf;UR200G_Ersatzteilliste.pdf;UR200G_Energielabel.pdf;UR200G_Energiepfeil.png
Tefcold;Tefcold-Kühlschrank;Tefcold-Kühlschrank-Glastür;;;Glastürkühlschränke - eintürig;33850;UR200SG;5708181994242;5708181994242;TEFCOLD;703,00;DEALS + | Energieeffiziente GeräteGlastürkühlgeräte | Glastürkühlschränke - eintürig;494176;;;;;;;;;;Automatisch;;;;;;;;105;;;;;;;;;;;;;;;3;;;;;;;;;;;;;;;;;;Elektronisch;;;;;;;;;;;;;;;;;;;;;;;1 Dreh-Glastür;;;;;;;;;;;;;600;855;585;;;;;;110;;;;;;;;;;;;;49;136;;;;;;;;;;;;;;;;;;;;;13;B;;1.6;584;;;;;;;SS 430;Weiß;;;;;;;;;;;;;;;;;;;;4 Stellfüße;;;;;;40;;;;;;;;;;;;;;;;;;;;;;;510;620;485;LED;;;;;;;;;4;;;;;;;;;;;;;35;R600a / GWP 3;;;Umluft;;;;;;;;;;;;;;;;;;;;;;;;Weiß, ABS;;;;;;+30°C, 55% RH;;;;;;;;;;;;;;;;;;;;;;;;;44;119;;;;;;;;;;;;;;;;;;;;;;;;;;;;;;;;;;;;;;;2 Rollen;;;;3 Tragroste, weiß;;;;;;;;;;;;;;;;;220-240/50;;;Ja;;;;;;;;;;;Thermometer;+2 bis +10;;;;;;;;;;;;;;;Ja;;;;Nein;;;;;;;;;;;;;;;;;;;;;;;;;;0.23;;;;;;;;;;;;;;;;;;;;;;;;;;;;64;64;112;56;;;;;;;108;;;;;;;;;;505 x 415 mm;505 x 220;690;650;910;UR200SG_Produktblatt.pdf;UR200SG_Betriebsanleitung.pdf;UR200SG_Ersatzteilliste.pdf;UR200SG_Energielabel.pdf;UR200SG_Energiepfeil.png
Tefcold;Tefcold-Kühlschrank;Tefcold-Kühlschrank-Glastür;;;Glastürkühlschränke - eintürig;33852;UR400G;5708181994266;5708181994266;TEFCOLD;993,00;DEALS + | Energieeffiziente GeräteGlastürkühlgeräte | Glastürkühlschränke - eintürig;494199;;;;;;;;;;Automatisch;;;;;;;;130;;;;;;;;;;;;;;;4;;;;;;;;;;;;;;;;;;Elektronisch;;;;;;;;;;;;;;;;;;;;;;;1 Dreh-Glastür;;;;;;;;;;;;;600;1855;585;;;;;;110;;;;;;;;;;;;;85;374;;;;;;;;;;;;;;;;;;;;;14.8;B;;2.12;773;;;;;;;Weiß;Weiß;;;;;;;;;;;;;;;;;;;;4 Stellfüße;;;;;;40;;;;;;;;;;;;;;;;;;;;;;;506;1620;485;LED;;;;;;;;;4;;;;;;;;;;;;;75;R600a / GWP 3;;;Umluft;;;;;;;;;;;;;;;;;;;;;;;;Weiß, ABS;;;;;;+30°C, 55% RH;;;;;;;;;;;;;;;;;;;;;;;;;80;350;;;;;;;;;;;;;;;;;;;;;;;;;;;;;;;;;;;;;;;2 Rollen;;;;4 Tragroste, weiß;;;;;;;;;;;;;;;;;220-240/50;;;Ja;;;;;;;;;;;Thermometer;+2 bis +10;;;;;;;;;;;;;;;Ja;;;;Nein;;;;;;;;;;;;;;;;;;;;;;;;;;0.75;;;;;;;;;;;;;;;;;;;;;;;;;;;;288;217;448;273;;;;;;;54;;;;;;;;;;505 x 415 mm;505 x 220;690;650;2050;UR400G_Produktblatt.pdf;UR400G_Betriebsanleitung.pdf;UR400G_Ersatzteilliste.pdf;UR400G_Energielabel.pdf;UR400G_Energiepfeil.png
Tefcold;Tefcold-Kühlschrank;Tefcold-Kühlschrank-Glastür;;;Glastürkühlschränke - eintürig;33853;UR400SG;5708181994273;5708181994273;TEFCOLD;1090,00;DEALS + | Energieeffiziente GeräteGlastürkühlgeräte | Glastürkühlschränke - eintürig;494199;;;;;;;;;;Automatisch;;;;;;;;130;;;;;;;;;;;;;;;4;;;;;;;;;;;;;;;;;;Elektronisch;;;;;;;;;;;;;;;;;;;;;;;1 Dreh-Glastür;;;;;;;;;;;;;600;1855;585;;;;;;110;;;;;;;;;;;;;85;374;;;;;;;;;;;;;;;;;;;;;14.8;B;;2.12;773;;;;;;;SS 430;Weiß;;;;;;;;;;;;;;;;;;;;4 Stellfüße;;;;;;40;;;;;;;;;;;;;;;;;;;;;;;506;1620;485;LED, kaltweiß;;;;;;;;;4;;;;;;;;;;;;;75;R600a / GWP 3;;;Umluft;;;;;;;;;;;;;;;;;;;;;;;;Weiß, ABS;;;;;;+30°C, 55% RH;;;;;;;;;;;;;;;;;;;;;;;;;80;350;;;;;;;;;;;;;;;;;;;;;;;;;;;;;;;;;;;;;;;2 Rollen;;;;4 Tragroste, weiß;;;;;;;;;;;;;;;;;220-240/50;;;Ja;;;;;;;;;;;Thermometer;+2 bis +10;;;;;;;;;;;;;;;Ja;;;;Nein;;;;;;;;;;;;;;;;;;;;;;;;;;0.75;;;;;;;;;;;;;;;;;;;;;;;;;;;;288;217;448;273;;;;;;;54;;;;;;;;;;505 x 415 mm;505 x 220;690;650;2050;UR400SG_Produktblatt.pdf;UR400SG_Betriebsanleitung.pdf;UR400SG_Ersatzteilliste.pdf;UR400SG_Energielabel.pdf;UR400SG_Energiepfeil.png
Tefcold;Tefcold-Kühlschrank;Tefcold-Kühlschrank-Glastür;;;Glastürkühlschränke - eintürig;53933;UR600BG;5708181738525;5708181738525;TEFCOLD;1355,00;DEALS + | Komplett in SchwarzDEALS + | Energieeffiziente GeräteGlastürkühlgeräte | Glastürkühlschränke - eintürig;494259;;;;;;;;;;Automatisch;;;;;;;;130;;;;;;;;;;;;;;;4;;;;;;;;;;;;;;;;;;Elektronisch;;;;;;;;;;;;;;;;;;;;;;;1 Dreh-Glastür;;;;;;;;;;;;;777;1895;695;;;;;;196;;;;;;;;;;;;;112;605;;;;;;;;;;;;;;;;;;;;;14;B;;2.25;820;;;;;;;Schwarz;Schwarz;;;;;;;;;;;;;;;;;;;;4 Stellfüße;;;;;;45;;;;;;;;;;;;;;;;;;;;;;;653;1680;580;LED;;;;;;;;;4;;;;;;;;;;;;;100;R600a / GWP 3;;;Umluft;;;;;;;;;;;;;;;;;;;;;;;;Schwarz;;;;;;+30°C, 55% RH;;;;;;;;;;;;;;;;;;;;;;;;;107;570;;;;;;;;;;;;;;;;;;;;;;;;;;;;;;;;;;;;;;;2 Rollen;;;;4 Tragroste, schwarz;;;;;;;;;;;;;;;;;220-240/50;;;Ja;;;;;;;;;;;Thermometer;+2 bis +10;;;;;;;;;;;;;;;Ja;;;;Nein;;;;;;;;;;;;;;;;;;;;;;;;;;0.91;;;;;;;;;;;;;;;;;;;;;;;;;;;;480;387;792;477;;;;;;;42;;;;;;;;;;GN2/1;650 x 305;850;770;2070;UR600BG_Produktblatt.pdf;UR600BG_Betriebsanleitung.pdf;UR600BG_Ersatzteilliste.pdf;UR600BG_Energielabel.pdf;UR600BG_Energiepfeil.png
Tefcold;Tefcold-Kühlschrank;Tefcold-Kühlschrank-Glastür;;;Glastürkühlschränke - eintürig;32945;UR600G;5708181992750;5708181992750;TEFCOLD;1310,00;DEALS + | Energieeffiziente GeräteGastrobereich | GastrokühlschränkeGlastürkühlgeräte | Glastürkühlschränke - eintürig;494259;;;;;;;;;;Automatisch;;;;;;;;130;;;;;;;;;;;;;;;4;;;;;;;;;;;;;;;;;;Elektronisch;;;;;;;;;;;;;;;;;;;;;;;1 Dreh-Glastür;;;;;;;;;;;;;777;1895;695;;;;;;196;;;;;;;;;;;;;112;605;;;;;;;;;;;;;;;;;;;;;14;B;;2.25;820;;;;;;;Weiß;Weiß;;;;;;;;;;;;;;;;;;;;4 Stellfüße;;;;;;45;;;;;;;;;;;;;;;;;;;;;;;653;1680;580;LED;;;;;;;;;4;;;;;;;;;;;;;100;R600a / GWP 3;;;Umluft;;;;;;;;;;;;;;;;;;;;;;;;Weiß, ABS;;;;;;+30°C, 55% RH;;;;;;;;;;;;;;;;;;;;;;;;;107;570;;;;;;;;;;;;;;;;;;;;;;;;;;;;;;;;;;;;;;;2 Rollen;;;;4 Tragroste, weiß;;;;;;;;;;;;;;;;;220-240/50;;;Ja;;;;;;;;;;;Thermometer;+2 bis +10;;;;;;;;;;;;;;;Ja;;;;Nein;;;;;;;;;;;;;;;;;;;;;;;;;;0.91;;;;;;;;;;;;;;;;;;;;;;;;;;;;480;387;792;477;;;;;;;42;;;;;;;;;;GN2/1;650 x 305;850;770;2070;UR600G_Produktblatt.pdf;UR600G_Betriebsanleitung.pdf;UR600G_Ersatzteilliste.pdf;UR600G_Energielabel.pdf;UR600G_Energiepfeil.png
Tefcold;Tefcold-Kühlschrank;Tefcold-Kühlschrank-Glastür;;;Glastürkühlschränke - eintürig;32946;UR600SG;5708181355616;5708181355616;TEFCOLD;1420,00;DEALS + | Energieeffiziente GeräteGastrobereich | GastrokühlschränkeGlastürkühlgeräte | Glastürkühlschränke - eintürig;494259;;;;;;;;;;Automatisch;;;;;;;;130;;;;;;;;;;;;;;;4;;;;;;;;;;;;;;;;;;Elektronisch;;;;;;;;;;;;;;;;;;;;;;;1 Dreh-Glastür;;;;;;;;;;;;;777;1895;695;;;;;;196;;;;;;;;;;;;;112;605;;;;;;;;;;;;;;;;;;;;;14;B;;2.25;820;;;;;;;SS 430;Weiß;;;;;;;;;;;;;;;;;;;;4 Stellfüße;;;;;;45;;;;;;;;;;;;;;;;;;;;;;;653;1680;580;LED;;;;;;;;;4;;;;;;;;;;;;;100;R600a / GWP 3;;;Umluft;;;;;;;;;;;;;;;;;;;;;;;;Weiß, ABS;;;;;;+30°C, 55% RH;;;;;;;;;;;;;;;;;;;;;;;;;107;570;;;;;;;;;;;;;;;;;;;;;;;;;;;;;;;;;;;;;;;2 Rollen;;;;4 Tragroste, weiß;;;;;;;;;;;;;;;;;220-240/50;;;Ja;;;;;;;;;;;Thermometer;+2 bis +10;;;;;;;;;;;;;;;Ja;;;;Nein;;;;;;;;;;;;;;;;;;;;;;;;;;0.91;;;;;;;;;;;;;;;;;;;;;;;;;;;;480;387;792;477;;;;;;;42;;;;;;;;;;GN2/1;650 x 305;850;770;2070;UR600SG_Produktblatt.pdf;UR600SG_Betriebsanleitung.pdf;UR600SG_Ersatzteilliste.pdf;UR600SG_Energielabel.pdf;UR600SG_Energiepfeil.png
Tefcold;Tefcold-Kühltruhen-Tiefkühltruhen;Tefcold-Impulskühlgeräte;;;Impuls / Tiefkühlgeräte;49482;CF78;5708181732011;5708181732011;TEFCOLD;469,00;Gefriergeräte | Impuls – Tiefkühlgeräte;1713078;;;;;;;;;;Manuell;;;;;;;;100;;;;;;;;;;;;;;;;;;;;;;;;;;;;;;;;;Mechanisch;;;;;;;;;;;;;;;;;;;;;;;;;;;;;;;;;;;;569;830;569;;;;;;;;;;;;;;;;;;;33;80;;;;;;;;;;;;;;;;;;;;;48.7;D;;1.26;460;;;;;;;Weiß;Weiß;;;;;;;;;;;;;;;;;;;;;;;;;;45;;;;;;;;;;;;;;;;;;;;;;;455;457;455;Nein;;;;;;;;;4;;;;;;;;;;;;;40;R600a / GWP 3;;;Statisch;;;;;;;;;;;;;;;;;;;;;;;;Pulverbeschichtetes Stahlblech;;;;;;+30°C, 55% RH;;;;;;;;;;;;;;;;;;;;;;;;;29;72;;;;;;;;;;;;;;;;;;;;;;;;;;;;;;;;;;;;;;;4 Rollen, davon 1 mit Bremse;;;;;;;;;;;;;;;;;;;;;220-240/50;;;Ja;;;;;;;;;;;Thermometer;-22 bis -14;;;;;;;;;;;;;;;Nein;;;;;;;;;;;;;;;;;;;;;;;;;;;;;;;;;;;;;;;;;;;;;;;;;;;;;;;;;;;;;;;;;;;;240;40;;0;Ja;;;;1 Flip-Flap-Deckel aus Acrylglas, transparent;;;;584;584;880;CF78_Produktblatt.pdf;CF78_Betriebsanleitung.pdf;CF78_Ersatzteilliste.pdf;CF78_Energielabel.pdf;CF78_Energiepfeil.png
Tefcold;Tefcold-Kühltruhen-Tiefkühltruhen;Tefcold-Impulskühlgeräte;;;Impuls / Tiefkühlgeräte;69731;MOBILUX 11 COMBI;5708181757663;5708181757663;TEFCOLD;2579,00;Lagerkühlgeräte | KühltruhenDEALS + | ProduktneuheitenGefriergeräte | Impuls – Tiefkühlgeräte;;;;;;;;;;;Manuell;;;;;;;;98;;;;;;;;;;;;;;;;;;;;;;;;;;;;;;;;;Mechanisch;;;;;;;;;;;;;;;;;;;;;;;2 Geschäumte Schiebedeckel;;;;;;;;;;;;;724;916;654;;;;;;;;;;;;;;;;;;;62;144;;;;;;;;;;;;;;;;;;;;;;;;2.35;858;;;;;;;Weiß;;;;;;;;;;;;;;;;;;;;;;;;;;;;;;;;;;;;;;;;;;;;;;;;;;520;686;450;Nein;;;;;;;;;4;;;;;;;;;;;;;71;R290 / GWP 3;;;Statisch;;;;;;;;;;;;;;;;;;;;;;;;Aluminium gehämmert;;;;;;+30°C, 55% RH;;;;;;;;;;;;;;;;;;;;;;;;;55;117;;;;;;;;;;;;;;;;;;;;;;;;;;;;;;;;;;;;;;;Rollen;;;;;;;;;;;;;;;;;;;;;220-240/50;;;Ja;;;;;;;;;;;Thermometer;-15 bis -22 /+4 bis +12;;;;;;;;;;;;;;;Ja;;;;;;;;;;;;;;;;;;;;;;;;;;;;;;;;;;;;;;;;;;;;;;;;;;;;;;;;;1;;;;;;;;;;;90;;;;;;;;2 Geschäumte Schiebedeckel;;;;765;760;940;MOBILUX_11_COMBI_Produktblatt.pdf;MOBILUX_11_COMBI_Betriebsanleitung.pdf;MOBILUX_11_COMBI_Ersatzteilliste.pdf;MOBILUX_11_COMBI_Energielabel.pdf;MOBILUX_11_COMBI_Energiepfeil.png
Tefcold;Tefcold-Kühltruhen-Tiefkühltruhen;Tefcold-Impulskühlgeräte;;;Impuls / Tiefkühlgeräte;69732;MOBILUX 21 COMBI;5708181757670;5708181757670;TEFCOLD;3096,00;DEALS + | ProduktneuheitenLagerkühlgeräte | KühltruhenGefriergeräte | Impuls – Tiefkühlgeräte;;;;;;;;;;;Manuell;;;;;;;;110;;;;;;;;;;;;;;;;;;;;;;;;;;;;;;;;;Mechanisch;;;;;;;;;;;;;;;;;;;;;;;2 Geschäumte Schiebedeckel;;;;;;;;;;;;;1054;916;654;;;;;;;;;;;;;;;;;;;75;249;;;;;;;;;;;;;;;;;;;;;;;;2.64;964;;;;;;;Weiß;;;;;;;;;;;;;;;;;;;;;;;;;;;;;;;;;;;;;;;;;;;;;;;;;;850;686;450;Nein;;;;;;;;;4;;;;;;;;;;;;;93;R290 / GWP 3;;;Statisch;;;;;;;;;;;;;;;;;;;;;;;;Aluminium gehämmert;;;;;;+30°C, 55% RH;;;;;;;;;;;;;;;;;;;;;;;;;68;206;;;;;;;;;;;;;;;;;;;;;;;;;;;;;;;;;;;;;;;Rollen;;;;;;;;;;;;;;;;;;;;;220-240/50;;;Ja;;;;;;;;;;;Thermometer;-15 bis -22 /+4 bis +12;;;;;;;;;;;;;;;Ja;;;;;;;;;;;;;;;;;;;;;;;;;;;;;;;;;;;;;;;;;;;;;;;;;;;;;;;;;2;;;;;;;;;;;64;;;;;;;;2 Geschäumte Schiebedeckel;;;;1095;760;940;MOBILUX_21_COMBI_Produktblatt.pdf;MOBILUX_21_COMBI_Betriebsanleitung.pdf;MOBILUX_21_COMBI_Ersatzteilliste.pdf;MOBILUX_21_COMBI_Energielabel.pdf;MOBILUX_21_COMBI_Energiepfeil.png
Tefcold;Tefcold-Kühlvitrinen;;;;Kühlaufsätze;32373;GVC33-120;5708181992385;5708181992385;G-Line by TEFCOLD;480,00;Gastrobereich | Kühlaufsätze;;;;;;;;;;;Manuell;;;;;;;;110;;;;;;;;;;;;;;;;;;;;;;;;;;;;;;;;;Elektronisch;;;;;;;;;;;;;;;;;;;;;;;;;;;;;;;;;;;;1200;448;335;;;;;;;;;;;;;;;5 x GN1/4;;;;29;31;;;;;;;;;;;;;;;;;;;;;;;;2.64;964;;;;;;;SS 201;;;;;;;;;;;;;;;;;;;;;Stellfüße;;;;;;40;;;;;;;;;;;;;;;;;;;;;;;850;150;245;;;;;;;;;;;;;;;;;;;;;;;45;R600a / GWP 3;;;Statisch;;;;;;;;;;;;;;;;;;;;;;;;SS 201;;;;;;+30°C, 55% RH;;;;;;;;;;;;;;;;;;;;;;;;;25;26;;;;;;;;;;;;;;;;;;;;;;;;;;;;;;;;;;;;;;;;;;;;;;;;;;;;;;;;;;;;220-240/50;;;Ja;;;;;;;;;;;Thermometer;+2 bis +8;;;;;;;;;;;;;;;;;;;;;;;;;;;;;;;;;;;;;;;;;;;;;;;;;;;;;;;;;;;;;;;;;;;;;;;;;;;;;;;;;;;324;38;;;;;;;;;;;1300;375;280;GVC33-120_Produktblatt.pdf;GVC33-120_Betriebsanleitung.pdf;GVC33-120_Ersatzteilliste.pdf;GVC33-120_Energielabel.pdf;GVC33-120_Energiepfeil.pdf
Tefcold;Tefcold-Kühlvitrinen;;;;Kühlaufsätze;33586;GVC33-120 S/S;5708181993771;5708181993771;G-Line by TEFCOLD;549,00;Gastrobereich | Kühlaufsätze;;;;;;;;;;;Manuell;;;;;;;;110;;;;;;;;;;;;;;;;;;;;;;;;;;;;;;;;;Elektronisch;;;;;;;;;;;;;;;;;;;;;;;;;;;;;;;;;;;;1200;288.5;335;;;;;;;;;;;;;;;5 x GN1/4;;;;29;31;;;;;;;;;;;;;;;;;;;;;;;;2.64;964;;;;;;;SS 201;;;;;;;;;;;;;;;;;;;;;Stellfüße;;;;;;40;;;;;;;;;;;;;;;;;;;;;;;850;150;245;;;;;;;;;;;;;;;;;;;;;;;45;R600a / GWP 3;;;Statisch;;;;;;;;;;;;;;;;;;;;;;;;SS 201;;;;;;+30°C, 55% RH;;;;;;;;;;;;;;;;;;;;;;;;;25;26;;;;;;;;;;;;;;;;;;;;;;;;;;;;;;;;;;;;;;;;;;;;;;;;;;;;;;;;;;;;220-240/50;;;Ja;;;;;;;;;;;Thermometer;+2 bis +8;;;;;;;;;;;;;;;;;;;;;;;;;;;;;;;;;;;;;;;;;;;;;;;;;;;;;;;;;;;;;;;;;;;;;;;;;;;;;;;;;;;324;38;;;;;;;;;;;1300;375;330;GVC33-120_S_S_Produktblatt.pdf;GVC33-120_S_S_Betriebsanleitung.pdf;GVC33-120_S_S_Ersatzteilliste.pdf;GVC33-120_S_S_Energielabel.pdf;GVC33-120_S_S_Energiepfeil.pdf
Tefcold;Tefcold-Kühlvitrinen;;;;Kühlaufsätze;33587;GVC33-140;5708181993788;5708181993788;G-Line by TEFCOLD;570,00;Gastrobereich | Kühlaufsätze;;;;;;;;;;;Manuell;;;;;;;;110;;;;;;;;;;;;;;;;;;;;;;;;;;;;;;;;;Elektronisch;;;;;;;;;;;;;;;;;;;;;;;;;;;;;;;;;;;;1400;448;335;;;;;;;;;;;;;;;6 x GN1/4;;;;31.5;38.5;;;;;;;;;;;;;;;;;;;;;;;;2.64;964;;;;;;;SS 201;;;;;;;;;;;;;;;;;;;;;Stellfüße;;;;;;40;;;;;;;;;;;;;;;;;;;;;;;1050;150;245;;;;;;;;;;;;;;;;;;;;;;;45;R600a / GWP 3;;;Statisch;;;;;;;;;;;;;;;;;;;;;;;;SS 201;;;;;;+30°C, 55% RH;;;;;;;;;;;;;;;;;;;;;;;;;27;31;;;;;;;;;;;;;;;;;;;;;;;;;;;;;;;;;;;;;;;;;;;;;;;;;;;;;;;;;;;;220-240/50;;;Ja;;;;;;;;;;;Thermometer;+2 bis +8;;;;;;;;;;;;;;;;;;;;;;;;;;;;;;;;;;;;;;;;;;;;;;;;;;;;;;;;;;;;;;;;;;;;;;;;;;;;;;;;;;;270;38;;;;;;;;;;;1500;375;280;GVC33-140_Produktblatt.pdf;GVC33-140_Betriebsanleitung.pdf;GVC33-140_Ersatzteilliste.pdf;GVC33-140_Energielabel.pdf;GVC33-140_Energiepfeil.pdf
Tefcold;Tefcold-Kühlvitrinen;;;;Kühlaufsätze;30847;GVC33-140 S/S;5708181365370;5708181365370;G-Line by TEFCOLD;570,00;Gastrobereich | Kühlaufsätze;;;;;;;;;;;Manuell;;;;;;;;110;;;;;;;;;;;;;;;;;;;;;;;;;;;;;;;;;Elektronisch;;;;;;;;;;;;;;;;;;;;;;;;;;;;;;;;;;;;1400;288.5;335;;;;;;;;;;;;;;;6 x GN1/4;;;;31.5;38.5;;;;;;;;;;;;;;;;;;;;;;;;2.64;964;;;;;;;SS 201;;;;;;;;;;;;;;;;;;;;;Stellfüße;;;;;;40;;;;;;;;;;;;;;;;;;;;;;;1050;150;245;;;;;;;;;;;;;;;;;;;;;;;45;R600a / GWP 3;;;Statisch;;;;;;;;;;;;;;;;;;;;;;;;SS 201;;;;;;+30°C, 55% RH;;;;;;;;;;;;;;;;;;;;;;;;;27;31;;;;;;;;;;;;;;;;;;;;;;;;;;;;;;;;;;;;;;;;;;;;;;;;;;;;;;;;;;;;220-240/50;;;Ja;;;;;;;;;;;Thermometer;+2 bis +8;;;;;;;;;;;;;;;;;;;;;;;;;;;;;;;;;;;;;;;;;;;;;;;;;;;;;;;;;;;;;;;;;;;;;;;;;;;;;;;;;;;270;38;;;;;;;;;;;1500;375;330;GVC33-140_S_S_Produktblatt.pdf;GVC33-140_S_S_Betriebsanleitung.pdf;GVC33-140_S_S_Ersatzteilliste.pdf;GVC33-140_S_S_Energielabel.pdf;GVC33-140_S_S_Energiepfeil.pdf
Tefcold;Tefcold-Kühlvitrinen;;;;Kühlaufsätze;32372;GVC33-150;5708181992378;5708181992378;G-Line by TEFCOLD;491,00;Gastrobereich | Kühlaufsätze;;;;;;;;;;;Manuell;;;;;;;;110;;;;;;;;;;;;;;;;;;;;;;;;;;;;;;;;;Elektronisch;;;;;;;;;;;;;;;;;;;;;;;;;;;;;;;;;;;;1500;448;335;;;;;;;;;;;;;;;7 x GN1/4;;;;33;42.2;;;;;;;;;;;;;;;;;;;;;;;;2.64;964;;;;;;;SS 201;;;;;;;;;;;;;;;;;;;;;Stellfüße;;;;;;40;;;;;;;;;;;;;;;;;;;;;;;1150;150;245;;;;;;;;;;;;;;;;;;;;;;;45;R600a / GWP 3;;;Statisch;;;;;;;;;;;;;;;;;;;;;;;;SS 201;;;;;;+30°C, 55% RH;;;;;;;;;;;;;;;;;;;;;;;;;29;36.4;;;;;;;;;;;;;;;;;;;;;;;;;;;;;;;;;;;;;;;;;;;;;;;;;;;;;;;;;;;;220-240/50;;;Ja;;;;;;;;;;;Thermometer;+2 bis +8;;;;;;;;;;;;;;;;;;;;;;;;;;;;;;;;;;;;;;;;;;;;;;;;;;;;;;;;;;;;;;;;;;;;;;;;;;;;;;;;;;;258;38;;;;;;;;;;;1600;375;280;GVC33-150_Produktblatt.pdf;GVC33-150_Betriebsanleitung.pdf;GVC33-150_Ersatzteilliste.pdf;GVC33-150_Energielabel.pdf;GVC33-150_Energiepfeil.pdf
Tefcold;Tefcold-Kühlvitrinen;;;;Kühlaufsätze;33589;GVC33-150 S/S;5708181993801;5708181993801;G-Line by TEFCOLD;581,00;Gastrobereich | Kühlaufsätze;;;;;;;;;;;Manuell;;;;;;;;110;;;;;;;;;;;;;;;;;;;;;;;;;;;;;;;;;Elektronisch;;;;;;;;;;;;;;;;;;;;;;;;;;;;;;;;;;;;1500;288.5;335;;;;;;;;;;;;;;;7 x GN1/4;;;;33;42.2;;;;;;;;;;;;;;;;;;;;;;;;2.64;964;;;;;;;SS 201;;;;;;;;;;;;;;;;;;;;;Stellfüße;;;;;;40;;;;;;;;;;;;;;;;;;;;;;;1150;150;245;;;;;;;;;;;;;;;;;;;;;;;45;R600a / GWP 3;;;Statisch;;;;;;;;;;;;;;;;;;;;;;;;SS 201;;;;;;+30°C, 55% RH;;;;;;;;;;;;;;;;;;;;;;;;;29;36.4;;;;;;;;;;;;;;;;;;;;;;;;;;;;;;;;;;;;;;;;;;;;;;;;;;;;;;;;;;;;220-240/50;;;Ja;;;;;;;;;;;Thermometer;+2 bis +8;;;;;;;;;;;;;;;;;;;;;;;;;;;;;;;;;;;;;;;;;;;;;;;;;;;;;;;;;;;;;;;;;;;;;;;;;;;;;;;;;;;258;38;;;;;;;;;;;1600;375;330;GVC33-150_S_S_Produktblatt.pdf;GVC33-150_S_S_Betriebsanleitung.pdf;GVC33-150_S_S_Ersatzteilliste.pdf;GVC33-150_S_S_Energielabel.pdf;GVC33-150_S_S_Energiepfeil.pdf
Tefcold;Tefcold-Kühlvitrinen;;;;Kühlaufsätze;33590;GVC33-160;5708181993818;5708181993818;G-Line by TEFCOLD;595,00;Gastrobereich | Kühlaufsätze;;;;;;;;;;;Manuell;;;;;;;;110;;;;;;;;;;;;;;;;;;;;;;;;;;;;;;;;;Elektronisch;;;;;;;;;;;;;;;;;;;;;;;;;;;;;;;;;;;;1600;448;335;;;;;;;;;;;;;;;7 x GN1/4;;;;34.5;45.9;;;;;;;;;;;;;;;;;;;;;;;;2.64;964;;;;;;;SS 201;;;;;;;;;;;;;;;;;;;;;Stellfüße;;;;;;40;;;;;;;;;;;;;;;;;;;;;;;1250;150;245;;;;;;;;;;;;;;;;;;;;;;;45;R600a / GWP 3;;;Statisch;;;;;;;;;;;;;;;;;;;;;;;;SS 201;;;;;;+30°C, 55% RH;;;;;;;;;;;;;;;;;;;;;;;;;30;36.4;;;;;;;;;;;;;;;;;;;;;;;;;;;;;;;;;;;;;;;;;;;;;;;;;;;;;;;;;;;;220-240/50;;;Ja;;;;;;;;;;;Thermometer;+2 bis +8;;;;;;;;;;;;;;;;;;;;;;;;;;;;;;;;;;;;;;;;;;;;;;;;;;;;;;;;;;;;;;;;;;;;;;;;;;;;;;;;;;;252;38;;;;;;;;;;;1700;375;280;GVC33-160_Produktblatt.pdf;GVC33-160_Betriebsanleitung.pdf;GVC33-160_Ersatzteilliste.pdf;GVC33-160_Energielabel.pdf;GVC33-160_Energiepfeil.pdf
Tefcold;Tefcold-Kühlvitrinen;;;;Kühlaufsätze;33591;GVC33-160 S/S;5708181993825;5708181993825;G-Line by TEFCOLD;595,00;Gastrobereich | Kühlaufsätze;;;;;;;;;;;Manuell;;;;;;;;110;;;;;;;;;;;;;;;;;;;;;;;;;;;;;;;;;Elektronisch;;;;;;;;;;;;;;;;;;;;;;;;;;;;;;;;;;;;1600;288.5;335;;;;;;;;;;;;;;;7 x GN1/4;;;;34.5;45.9;;;;;;;;;;;;;;;;;;;;;;;;2.64;964;;;;;;;SS 201;;;;;;;;;;;;;;;;;;;;;Stellfüße;;;;;;40;;;;;;;;;;;;;;;;;;;;;;;1250;150;245;;;;;;;;;;;;;;;;;;;;;;;45;R600a / GWP 3;;;Statisch;;;;;;;;;;;;;;;;;;;;;;;;SS 201;;;;;;+30°C, 55% RH;;;;;;;;;;;;;;;;;;;;;;;;;30;36.4;;;;;;;;;;;;;;;;;;;;;;;;;;;;;;;;;;;;;;;;;;;;;;;;;;;;;;;;;;;;220-240/50;;;Ja;;;;;;;;;;;Thermometer;+2 bis +8;;;;;;;;;;;;;;;;;;;;;;;;;;;;;;;;;;;;;;;;;;;;;;;;;;;;;;;;;;;;;;;;;;;;;;;;;;;;;;;;;;;252;38;;;;;;;;;;;1700;375;330;GVC33-160_S_S_Produktblatt.pdf;GVC33-160_S_S_Betriebsanleitung.pdf;GVC33-160_S_S_Ersatzteilliste.pdf;GVC33-160_S_S_Energielabel.pdf;GVC33-160_S_S_Energiepfeil.pdf
Tefcold;Tefcold-Kühlvitrinen;;;;Kühlaufsätze;32371;GVC33-180;5708181992361;5708181992361;G-Line by TEFCOLD;612,00;Gastrobereich | Kühlaufsätze;;;;;;;;;;;Manuell;;;;;;;;122;;;;;;;;;;;;;;;;;;;;;;;;;;;;;;;;;Elektronisch;;;;;;;;;;;;;;;;;;;;;;;;;;;;;;;;;;;;1800;448;335;;;;;;;;;;;;;;;8 x GN1/4;;;;37;53.2;;;;;;;;;;;;;;;;;;;;;;;;2.93;1069;;;;;;;SS 201;;;;;;;;;;;;;;;;;;;;;Stellfüße;;;;;;40;;;;;;;;;;;;;;;;;;;;;;;1450;150;245;;;;;;;;;;;;;;;;;;;;;;;45;R600a / GWP 3;;;Statisch;;;;;;;;;;;;;;;;;;;;;;;;SS 201;;;;;;+30°C, 55% RH;;;;;;;;;;;;;;;;;;;;;;;;;32;41.6;;;;;;;;;;;;;;;;;;;;;;;;;;;;;;;;;;;;;;;;;;;;;;;;;;;;;;;;;;;;220-240/50;;;Ja;;;;;;;;;;;Thermometer;+2 bis +8;;;;;;;;;;;;;;;;;;;;;;;;;;;;;;;;;;;;;;;;;;;;;;;;;;;;;;;;;;;;;;;;;;;;;;;;;;;;;;;;;;;222;38;;;;;;;;;;;1900;375;280;GVC33-180_Produktblatt.pdf;GVC33-180_Betriebsanleitung.pdf;GVC33-180_Ersatzteilliste.pdf;GVC33-180_Energielabel.pdf;GVC33-180_Energiepfeil.pdf
Tefcold;Tefcold-Kühlvitrinen;;;;Kühlaufsätze;33592;GVC33-180 S/S;5708181993832;5708181993832;G-Line by TEFCOLD;612,00;Gastrobereich | Kühlaufsätze;;;;;;;;;;;Manuell;;;;;;;;122;;;;;;;;;;;;;;;;;;;;;;;;;;;;;;;;;Elektronisch;;;;;;;;;;;;;;;;;;;;;;;;;;;;;;;;;;;;1800;288.5;335;;;;;;;;;;;;;;;8 x GN1/4;;;;37;53.2;;;;;;;;;;;;;;;;;;;;;;;;2.93;1069;;;;;;;SS 201;;;;;;;;;;;;;;;;;;;;;Stellfüße;;;;;;40;;;;;;;;;;;;;;;;;;;;;;;1450;150;245;;;;;;;;;;;;;;;;;;;;;;;45;R600a / GWP 3;;;Statisch;;;;;;;;;;;;;;;;;;;;;;;;SS 201;;;;;;+30°C, 55% RH;;;;;;;;;;;;;;;;;;;;;;;;;32;41.6;;;;;;;;;;;;;;;;;;;;;;;;;;;;;;;;;;;;;;;;;;;;;;;;;;;;;;;;;;;;220-240/50;;;Ja;;;;;;;;;;;Thermometer;+2 bis +8;;;;;;;;;;;;;;;;;;;;;;;;;;;;;;;;;;;;;;;;;;;;;;;;;;;;;;;;;;;;;;;;;;;;;;;;;;;;;;;;;;;222;38;;;;;;;;;;;1900;375;330;GVC33-180_S_S_Produktblatt.pdf;GVC33-180_S_S_Betriebsanleitung.pdf;GVC33-180_S_S_Ersatzteilliste.pdf;GVC33-180_S_S_Energielabel.pdf;GVC33-180_S_S_Energiepfeil.pdf
Tefcold;Tefcold-Kühlvitrinen;;;;Kühlaufsätze;33593;GVC33-200;5708181993849;5708181993849;G-Line by TEFCOLD;638,00;Gastrobereich | Kühlaufsätze;;;;;;;;;;;Manuell;;;;;;;;122;;;;;;;;;;;;;;;;;;;;;;;;;;;;;;;;;Elektronisch;;;;;;;;;;;;;;;;;;;;;;;;;;;;;;;;;;;;2000;448;335;;;;;;;;;;;;;;;10 x GN1/4;;;;39;60.6;;;;;;;;;;;;;;;;;;;;;;;;2.93;1069;;;;;;;SS 201;;;;;;;;;;;;;;;;;;;;;Stellfüße;;;;;;40;;;;;;;;;;;;;;;;;;;;;;;1650;150;245;;;;;;;;;;;;;;;;;;;;;;;45;R600a / GWP 3;;;Statisch;;;;;;;;;;;;;;;;;;;;;;;;SS 201;;;;;;+30°C, 55% RH;;;;;;;;;;;;;;;;;;;;;;;;;34;52;;;;;;;;;;;;;;;;;;;;;;;;;;;;;;;;;;;;;;;;;;;;;;;;;;;;;;;;;;;;220-240/50;;;Ja;;;;;;;;;;;Thermometer;+2 bis +8;;;;;;;;;;;;;;;;;;;;;;;;;;;;;;;;;;;;;;;;;;;;;;;;;;;;;;;;;;;;;;;;;;;;;;;;;;;;;;;;;;;198;38;;;;;;;;;;;2100;375;280;GVC33-200_Produktblatt.pdf;GVC33-200_Betriebsanleitung.pdf;GVC33-200_Ersatzteilliste.pdf;GVC33-200_Energielabel.pdf;GVC33-200_Energiepfeil.pdf
Tefcold;Tefcold-Kühlvitrinen;;;;Kühlaufsätze;33594;GVC33-200 S/S;5708181993856;5708181993856;G-Line by TEFCOLD;638,00;Gastrobereich | Kühlaufsätze;;;;;;;;;;;Manuell;;;;;;;;122;;;;;;;;;;;;;;;;;;;;;;;;;;;;;;;;;Elektronisch;;;;;;;;;;;;;;;;;;;;;;;;;;;;;;;;;;;;2000;288.5;335;;;;;;;;;;;;;;;10 x GN1/4;;;;42.5;60.6;;;;;;;;;;;;;;;;;;;;;;;;2.93;1069;;;;;;;SS 201;;;;;;;;;;;;;;;;;;;;;Stellfüße;;;;;;40;;;;;;;;;;;;;;;;;;;;;;;1650;150;245;;;;;;;;;;;;;;;;;;;;;;;45;R600a / GWP 3;;;Statisch;;;;;;;;;;;;;;;;;;;;;;;;SS 201;;;;;;+30°C, 55% RH;;;;;;;;;;;;;;;;;;;;;;;;;37;52;;;;;;;;;;;;;;;;;;;;;;;;;;;;;;;;;;;;;;;;;;;;;;;;;;;;;;;;;;;;220-240/50;;;Ja;;;;;;;;;;;Thermometer;+2 bis +8;;;;;;;;;;;;;;;;;;;;;;;;;;;;;;;;;;;;;;;;;;;;;;;;;;;;;;;;;;;;;;;;;;;;;;;;;;;;;;;;;;;198;38;;;;;;;;;;;2100;375;330;GVC33-200_S_S_Produktblatt.pdf;GVC33-200_S_S_Betriebsanleitung.pdf;GVC33-200_S_S_Ersatzteilliste.pdf;GVC33-200_S_S_Energielabel.pdf;GVC33-200_S_S_Energiepfeil.pdf
Tefcold;Tefcold-Kühlvitrinen;;;;Kühlaufsätze;33595;GVC38-120;5708181993863;5708181993863;G-Line by TEFCOLD;580,00;Gastrobereich | Kühlaufsätze;;;;;;;;;;;Manuell;;;;;;;;110;;;;;;;;;;;;;;;;;;;;;;;;;;;;;;;;;Elektronisch;;;;;;;;;;;;;;;;;;;;;;;;;;;;;;;;;;;;1200;448;395;;;;;;;;;;;;;;;4 x GN1/3;;;;31.5;38.8;;;;;;;;;;;;;;;;;;;;;;;;2.64;964;;;;;;;SS 201;;;;;;;;;;;;;;;;;;;;;Stellfüße;;;;;;40;;;;;;;;;;;;;;;;;;;;;;;850;150;305;;;;;;;;;;;;;;;;;;;;;;;45;R600a / GWP 3;;;Statisch;;;;;;;;;;;;;;;;;;;;;;;;SS 201;;;;;;+30°C, 55% RH;;;;;;;;;;;;;;;;;;;;;;;;;28;28.4;;;;;;;;;;;;;;;;;;;;;;;;;;;;;;;;;;;;;;;;;;;;;;;;;;;;;;;;;;;;220-240/50;;;Ja;;;;;;;;;;;Thermometer;+2 bis +8;;;;;;;;;;;;;;;;;;;;;;;;;;;;;;;;;;;;;;;;;;;;;;;;;;;;;;;;;;;;;;;;;;;;;;;;;;;;;;;;;;;270;38;;;;;;;;;;;1300;435;280;GVC38-120_Produktblatt.pdf;GVC38-120_Betriebsanleitung.pdf;GVC38-120_Ersatzteilliste.pdf;GVC38-120_Energielabel.pdf;GVC38-120_Energiepfeil.pdf
Tefcold;Tefcold-Kühlvitrinen;;;;Kühlaufsätze;33596;GVC38-120 S/S;5708181993870;5708181993870;G-Line by TEFCOLD;580,00;Gastrobereich | Kühlaufsätze;;;;;;;;;;;Manuell;;;;;;;;110;;;;;;;;;;;;;;;;;;;;;;;;;;;;;;;;;Elektronisch;;;;;;;;;;;;;;;;;;;;;;;;;;;;;;;;;;;;1200;288.5;395;;;;;;;;;;;;;;;4 x GN1/3;;;;31.5;38.8;;;;;;;;;;;;;;;;;;;;;;;;2.64;964;;;;;;;SS 201;;;;;;;;;;;;;;;;;;;;;Stellfüße;;;;;;40;;;;;;;;;;;;;;;;;;;;;;;850;150;305;;;;;;;;;;;;;;;;;;;;;;;45;R600a / GWP 3;;;Statisch;;;;;;;;;;;;;;;;;;;;;;;;SS 201;;;;;;+30°C, 55% RH;;;;;;;;;;;;;;;;;;;;;;;;;28;28.4;;;;;;;;;;;;;;;;;;;;;;;;;;;;;;;;;;;;;;;;;;;;;;;;;;;;;;;;;;;;220-240/50;;;Ja;;;;;;;;;;;Thermometer;+2 bis +8;;;;;;;;;;;;;;;;;;;;;;;;;;;;;;;;;;;;;;;;;;;;;;;;;;;;;;;;;;;;;;;;;;;;;;;;;;;;;;;;;;;270;38;;;;;;;;;;;1300;435;330;GVC38-120_S_S_Produktblatt.pdf;GVC38-120_S_S_Betriebsanleitung.pdf;GVC38-120_S_S_Ersatzteilliste.pdf;GVC38-120_S_S_Energielabel.pdf;GVC38-120_S_S_Energiepfeil.pdf
Tefcold;Tefcold-Kühlvitrinen;;;;Kühlaufsätze;33597;GVC38-150;5708181993887;5708181993887;G-Line by TEFCOLD;612,00;Gastrobereich | Kühlaufsätze;;;;;;;;;;;Manuell;;;;;;;;110;;;;;;;;;;;;;;;;;;;;;;;;;;;;;;;;;Elektronisch;;;;;;;;;;;;;;;;;;;;;;;;;;;;;;;;;;;;1500;448;395;;;;;;;;;;;;;;;6 x GN1/3;;;;35.5;52.6;;;;;;;;;;;;;;;;;;;;;;;;2.64;964;;;;;;;SS 201;;;;;;;;;;;;;;;;;;;;;Stellfüße;;;;;;40;;;;;;;;;;;;;;;;;;;;;;;1150;150;305;;;;;;;;;;;;;;;;;;;;;;;45;R600a / GWP 3;;;Statisch;;;;;;;;;;;;;;;;;;;;;;;;SS 201;;;;;;+30°C, 55% RH;;;;;;;;;;;;;;;;;;;;;;;;;31;42.6;;;;;;;;;;;;;;;;;;;;;;;;;;;;;;;;;;;;;;;;;;;;;;;;;;;;;;;;;;;;220-240/50;;;Ja;;;;;;;;;;;Thermometer;+2 bis +8;;;;;;;;;;;;;;;;;;;;;;;;;;;;;;;;;;;;;;;;;;;;;;;;;;;;;;;;;;;;;;;;;;;;;;;;;;;;;;;;;;;216;38;;;;;;;;;;;1600;435;280;GVC38-150_Produktblatt.pdf;GVC38-150_Betriebsanleitung.pdf;GVC38-150_Ersatzteilliste.pdf;GVC38-150_Energielabel.pdf;GVC38-150_Energiepfeil.pdf
Tefcold;Tefcold-Kühlvitrinen;;;;Kühlaufsätze;33598;GVC38-150 S/S;5708181993894;5708181993894;G-Line by TEFCOLD;612,00;Gastrobereich | Kühlaufsätze;;;;;;;;;;;Manuell;;;;;;;;110;;;;;;;;;;;;;;;;;;;;;;;;;;;;;;;;;Elektronisch;;;;;;;;;;;;;;;;;;;;;;;;;;;;;;;;;;;;1500;288.5;395;;;;;;;;;;;;;;;6 x GN1/3;;;;35.5;52.6;;;;;;;;;;;;;;;;;;;;;;;;2.64;964;;;;;;;SS 201;;;;;;;;;;;;;;;;;;;;;Stellfüße;;;;;;40;;;;;;;;;;;;;;;;;;;;;;;1150;150;305;;;;;;;;;;;;;;;;;;;;;;;45;R600a / GWP 3;;;Statisch;;;;;;;;;;;;;;;;;;;;;;;;SS 201;;;;;;+30°C, 55% RH;;;;;;;;;;;;;;;;;;;;;;;;;31;42.6;;;;;;;;;;;;;;;;;;;;;;;;;;;;;;;;;;;;;;;;;;;;;;;;;;;;;;;;;;;;220-240/50;;;Ja;;;;;;;;;;;Thermometer;+2 bis +8;;;;;;;;;;;;;;;;;;;;;;;;;;;;;;;;;;;;;;;;;;;;;;;;;;;;;;;;;;;;;;;;;;;;;;;;;;;;;;;;;;;216;38;;;;;;;;;;;1600;435;330;GVC38-150_S_S_Produktblatt.pdf;GVC38-150_S_S_Betriebsanleitung.pdf;GVC38-150_S_S_Ersatzteilliste.pdf;GVC38-150_S_S_Energielabel.pdf;GVC38-150_S_S_Energiepfeil.pdf
Tefcold;Tefcold-Kühlvitrinen;;;;Kühlaufsätze;33599;GVC38-160;5708181993900;5708181993900;G-Line by TEFCOLD;635,00;Gastrobereich | Kühlaufsätze;;;;;;;;;;;Manuell;;;;;;;;110;;;;;;;;;;;;;;;;;;;;;;;;;;;;;;;;;Elektronisch;;;;;;;;;;;;;;;;;;;;;;;;;;;;;;;;;;;;1600;448;395;;;;;;;;;;;;;;;7 x GN1/3;;;;37;57.1;;;;;;;;;;;;;;;;;;;;;;;;2.64;964;;;;;;;SS 201;;;;;;;;;;;;;;;;;;;;;Stellfüße;;;;;;40;;;;;;;;;;;;;;;;;;;;;;;1250;150;305;;;;;;;;;;;;;;;;;;;;;;;45;R600a / GWP 3;;;Statisch;;;;;;;;;;;;;;;;;;;;;;;;SS 201;;;;;;+30°C, 55% RH;;;;;;;;;;;;;;;;;;;;;;;;;32;49.7;;;;;;;;;;;;;;;;;;;;;;;;;;;;;;;;;;;;;;;;;;;;;;;;;;;;;;;;;;;;220-240/50;;;Ja;;;;;;;;;;;Thermometer;+2 bis +8;;;;;;;;;;;;;;;;;;;;;;;;;;;;;;;;;;;;;;;;;;;;;;;;;;;;;;;;;;;;;;;;;;;;;;;;;;;;;;;;;;;210;38;;;;;;;;;;;1700;435;280;GVC38-160_Produktblatt.pdf;GVC38-160_Betriebsanleitung.pdf;GVC38-160_Ersatzteilliste.pdf;GVC38-160_Energielabel.pdf;GVC38-160_Energiepfeil.pdf
Tefcold;Tefcold-Kühlvitrinen;;;;Kühlaufsätze;33600;GVC38-160 S/S;5708181993917;5708181993917;G-Line by TEFCOLD;635,00;Gastrobereich | Kühlaufsätze;;;;;;;;;;;Manuell;;;;;;;;110;;;;;;;;;;;;;;;;;;;;;;;;;;;;;;;;;Elektronisch;;;;;;;;;;;;;;;;;;;;;;;;;;;;;;;;;;;;1600;288.5;395;;;;;;;;;;;;;;;7 x GN1/3;;;;55;57.1;;;;;;;;;;;;;;;;;;;;;;;;2.64;964;;;;;;;SS 201;;;;;;;;;;;;;;;;;;;;;Stellfüße;;;;;;40;;;;;;;;;;;;;;;;;;;;;;;1250;150;305;;;;;;;;;;;;;;;;;;;;;;;45;R600a / GWP 3;;;Statisch;;;;;;;;;;;;;;;;;;;;;;;;SS 201;;;;;;+30°C, 55% RH;;;;;;;;;;;;;;;;;;;;;;;;;50;49.7;;;;;;;;;;;;;;;;;;;;;;;;;;;;;;;;;;;;;;;;;;;;;;;;;;;;;;;;;;;;220-240/50;;;Ja;;;;;;;;;;;Thermometer;+2 bis +8;;;;;;;;;;;;;;;;;;;;;;;;;;;;;;;;;;;;;;;;;;;;;;;;;;;;;;;;;;;;;;;;;;;;;;;;;;;;;;;;;;;210;38;;;;;;;;;;;1700;435;330;GVC38-160_S_S_Produktblatt.pdf;GVC38-160_S_S_Betriebsanleitung.pdf;GVC38-160_S_S_Ersatzteilliste.pdf;GVC38-160_S_S_Energielabel.pdf;GVC38-160_S_S_Energiepfeil.pdf
Tefcold;Tefcold-Kühlvitrinen;;;;Kühlaufsätze;33601;GVC38-180;5708181993924;5708181993924;G-Line by TEFCOLD;652,00;Gastrobereich | Kühlaufsätze;;;;;;;;;;;Manuell;;;;;;;;122;;;;;;;;;;;;;;;;;;;;;;;;;;;;;;;;;Elektronisch;;;;;;;;;;;;;;;;;;;;;;;;;;;;;;;;;;;;1800;448;395;;;;;;;;;;;;;;;8 x GN1/3;;;;39.5;66.3;;;;;;;;;;;;;;;;;;;;;;;;2.93;1069;;;;;;;SS 201;;;;;;;;;;;;;;;;;;;;;Stellfüße;;;;;;40;;;;;;;;;;;;;;;;;;;;;;;1450;150;305;;;;;;;;;;;;;;;;;;;;;;;45;R600a / GWP 3;;;Statisch;;;;;;;;;;;;;;;;;;;;;;;;SS 201;;;;;;+30°C, 55% RH;;;;;;;;;;;;;;;;;;;;;;;;;35;56.8;;;;;;;;;;;;;;;;;;;;;;;;;;;;;;;;;;;;;;;;;;;;;;;;;;;;;;;;;;;;220-240/50;;;Ja;;;;;;;;;;;Thermometer;+2 bis +8;;;;;;;;;;;;;;;;;;;;;;;;;;;;;;;;;;;;;;;;;;;;;;;;;;;;;;;;;;;;;;;;;;;;;;;;;;;;;;;;;;;186;38;;;;;;;;;;;1900;435;280;GVC38-180_Produktblatt.pdf;GVC38-180_Betriebsanleitung.pdf;GVC38-180_Ersatzteilliste.pdf;GVC38-180_Energielabel.pdf;GVC38-180_Energiepfeil.pdf
Tefcold;Tefcold-Kühlvitrinen;;;;Kühlaufsätze;33602;GVC38-180 S/S;5708181993931;5708181993931;G-Line by TEFCOLD;652,00;Gastrobereich | Kühlaufsätze;;;;;;;;;;;Manuell;;;;;;;;122;;;;;;;;;;;;;;;;;;;;;;;;;;;;;;;;;Elektronisch;;;;;;;;;;;;;;;;;;;;;;;;;;;;;;;;;;;;1800;288.5;395;;;;;;;;;;;;;;;8 x GN1/3;;;;39.5;66.3;;;;;;;;;;;;;;;;;;;;;;;;2.93;1069;;;;;;;SS 201;;;;;;;;;;;;;;;;;;;;;Stellfüße;;;;;;40;;;;;;;;;;;;;;;;;;;;;;;1450;150;305;;;;;;;;;;;;;;;;;;;;;;;45;R600a / GWP 3;;;Statisch;;;;;;;;;;;;;;;;;;;;;;;;SS 201;;;;;;+30°C, 55% RH;;;;;;;;;;;;;;;;;;;;;;;;;35;56.8;;;;;;;;;;;;;;;;;;;;;;;;;;;;;;;;;;;;;;;;;;;;;;;;;;;;;;;;;;;;220-240/50;;;Ja;;;;;;;;;;;Thermometer;+2 bis +8;;;;;;;;;;;;;;;;;;;;;;;;;;;;;;;;;;;;;;;;;;;;;;;;;;;;;;;;;;;;;;;;;;;;;;;;;;;;;;;;;;;186;38;;;;;;;;;;;1900;435;330;GVC38-180_S_S_Produktblatt.pdf;GVC38-180_S_S_Betriebsanleitung.pdf;GVC38-180_S_S_Ersatzteilliste.pdf;GVC38-180_S_S_Energielabel.pdf;GVC38-180_S_S_Energiepfeil.pdf
Tefcold;Tefcold-Kühlvitrinen;;;;Kühlaufsätze;33603;GVC38-200;5708181993948;5708181993948;G-Line by TEFCOLD;678,00;Gastrobereich | Kühlaufsätze;;;;;;;;;;;Manuell;;;;;;;;122;;;;;;;;;;;;;;;;;;;;;;;;;;;;;;;;;Elektronisch;;;;;;;;;;;;;;;;;;;;;;;;;;;;;;;;;;;;2000;448;395;;;;;;;;;;;;;;;9 x GN1/3;;;;42.5;75.4;;;;;;;;;;;;;;;;;;;;;;;;2.93;1069;;;;;;;SS 201;;;;;;;;;;;;;;;;;;;;;Stellfüße;;;;;;40;;;;;;;;;;;;;;;;;;;;;;;1650;150;305;;;;;;;;;;;;;;;;;;;;;;;45;R600a / GWP 3;;;Statisch;;;;;;;;;;;;;;;;;;;;;;;;SS 201;;;;;;+30°C, 55% RH;;;;;;;;;;;;;;;;;;;;;;;;;37;63.9;;;;;;;;;;;;;;;;;;;;;;;;;;;;;;;;;;;;;;;;;;;;;;;;;;;;;;;;;;;;220-240/50;;;Ja;;;;;;;;;;;Thermometer;+2 bis +8;;;;;;;;;;;;;;;;;;;;;;;;;;;;;;;;;;;;;;;;;;;;;;;;;;;;;;;;;;;;;;;;;;;;;;;;;;;;;;;;;;;168;38;;;;;;;;;;;2100;435;280;GVC38-200_Produktblatt.pdf;GVC38-200_Betriebsanleitung.pdf;GVC38-200_Ersatzteilliste.pdf;GVC38-200_Energielabel.pdf;GVC38-200_Energiepfeil.pdf
Tefcold;Tefcold-Kühlvitrinen;;;;Kühlaufsätze;33604;GVC38-200 S/S;5708181993955;5708181993955;G-Line by TEFCOLD;678,00;Gastrobereich | Kühlaufsätze;;;;;;;;;;;Manuell;;;;;;;;122;;;;;;;;;;;;;;;;;;;;;;;;;;;;;;;;;Elektronisch;;;;;;;;;;;;;;;;;;;;;;;;;;;;;;;;;;;;2000;288.5;395;;;;;;;;;;;;;;;9 x GN1/3;;;;42.5;75.4;;;;;;;;;;;;;;;;;;;;;;;;2.93;1069;;;;;;;SS 201;;;;;;;;;;;;;;;;;;;;;Stellfüße;;;;;;40;;;;;;;;;;;;;;;;;;;;;;;1650;150;305;;;;;;;;;;;;;;;;;;;;;;;45;R600a / GWP 3;;;Statisch;;;;;;;;;;;;;;;;;;;;;;;;SS 201;;;;;;+30°C, 55% RH;;;;;;;;;;;;;;;;;;;;;;;;;37;63.9;;;;;;;;;;;;;;;;;;;;;;;;;;;;;;;;;;;;;;;;;;;;;;;;;;;;;;;;;;;;220-240/50;;;Ja;;;;;;;;;;;Thermometer;+2 bis +8;;;;;;;;;;;;;;;;;;;;;;;;;;;;;;;;;;;;;;;;;;;;;;;;;;;;;;;;;;;;;;;;;;;;;;;;;;;;;;;;;;;168;38;;;;;;;;;;;2100;435;330;GVC38-200_S_S_Produktblatt.pdf;GVC38-200_S_S_Betriebsanleitung.pdf;GVC38-200_S_S_Ersatzteilliste.pdf;GVC38-200_S_S_Energielabel.pdf;GVC38-200_S_S_Energiepfeil.pdf
Tefcold;;;;;Kühltonnen;71766;BTA54-B1;5708181761523;5708181761523;TEFCOLD;309,00;DEALS + | Energieeffiziente GeräteDEALS + | ProduktneuheitenGlastürkühlgeräte | Kühltonnen;2600839;;;;;;;;;;Automatisch / Off-Cycle-Abtauung;;;;;;;;74;;;;;;;;;;;;;;;;;;;;;;;;;;;;;;;;;Mechanisch;;;;;;;;;;;;;;;;;;;;;;;;;;;;;;;;;;;;456;832;456;;;;;;;;;;;;;;;;;;;25;54;;;;;;;;;;;;;;;;;;;;;19.1;B;;0.465;169.73;;;;;;;Schwarz;;;;;;;;;;;;;;;;;;;;;;;;;;;38;;;;;;;;;;;;;;;;;;;;;;;379;475;379;Nein;;;;;;;;;CC2;;;;;;;;;;;;;30;R600a / GWP 3;;;Statisch;;;;;;;;;;;;;;;;;;;;;;;;Weiß;;;;;;+32,2°C, 65% RH;;;;;;;;;;;;;;;;;;;;;;;;;20;54;;;;;;;;;;;;;;;;;;;;;;;;;;;;;;;;;;;;;;;4 Rollen;;;;;;;;;;;;;;;;;;;;;220-240/50;;;Ja;;;;;;;;;;;;+1 bis +9;;;;;;;;;;;;;;;Nein;;;;;;;;;;;;;;;;;;;;;;;;;;;;;;;;;;;;;;;;;;;;;;;;;;;;;;;;;;63;33;72;48;;;;;;;250;40;;;;;;;2 deckel aus Acrylglas, transparent;;;;468;468;880;BTA54-B1_Produktblatt.pdf;BTA54-B1_Betriebsanleitung.pdf;BTA54-B1_Ersatzteilliste.pdf;BTA54-B1_Energielabel.pdf;BTA54-B1_Energiepfeil.png
Tefcold;;;;;Kühltonnen;71767;BTA76-B1;5708181761530;5708181761530;TEFCOLD;329,00;Glastürkühlgeräte | KühltonnenDEALS + | Produktneuheiten;2600932;;;;;;;;;;Automatisch / Off-Cycle-Abtauung;;;;;;;;76;;;;;;;;;;;;;;;;;;;;;;;;;;;;;;;;;Mechanisch;;;;;;;;;;;;;;;;;;;;;;;;;;;;;;;;;;;;456;1076;456;;;;;;;;;;;;;;;;;;;30;76;;;;;;;;;;;;;;;;;;;;;21.6;C;;0.558;203.67;;;;;;;Schwarz;;;;;;;;;;;;;;;;;;;;;;;;;;;38;;;;;;;;;;;;;;;;;;;;;;;379;668;379;Nein;;;;;;;;;CC2;;;;;;;;;;;;;38;R600a / GWP 3;;;Statisch;;;;;;;;;;;;;;;;;;;;;;;;Weiß;;;;;;+32,2°C, 65% RH;;;;;;;;;;;;;;;;;;;;;;;;;25;76;;;;;;;;;;;;;;;;;;;;;;;;;;;;;;;;;;;;;;;4 Rollen;;;;;;;;;;;;;;;;;;;;;220-240/50;;;Ja;;;;;;;;;;;;+1 bis +9;;;;;;;;;;;;;;;Nein;;;;;;;;;;;;;;;;;;;;;;;;;;;;;;;;;;;;;;;;;;;;;;;;;;;;;;;;;;90;42;84;60;;;;;;;240;40;;;;;;;2 deckel aus Acrylglas, transparent;;;;468;468;1120;BTA76-B1_Produktblatt.pdf;BTA76-B1_Betriebsanleitung.pdf;BTA76-B1_Ersatzteilliste.pdf;BTA76-B1_Energielabel.pdf;BTA76-B1_Energiepfeil.png
Tefcold;;;;;Kühltonnen;71649;BTA80-B1;5708181761363;5708181761363;TEFCOLD;345,00;DEALS + | ProduktneuheitenDEALS + | Energieeffiziente GeräteGlastürkühlgeräte | Kühltonnen;2600724;;;;;;;;;;Automatisch / Off-Cycle-Abtauung;;;;;;;;70;;;;;;;;;;;;;;;;;;;;;;;;;;;;;;;;;Mechanisch;;;;;;;;;;;;;;;;;;;;;;;;;;;;;;;;;;;;569;832;569;;;;;;;;;;;;;;;;;;;32;80;;;;;;;;;;;;;;;;;;;;;16.5;B;;0.43;156.95;;;;;;;Schwarz;;;;;;;;;;;;;;;;;;;;;;;;;;;38;;;;;;;;;;;;;;;;;;;;;;;455;490;455;Nein;;;;;;;;;CC2;;;;;;;;;;;;;50;R600a / GWP 3;;;Statisch;;;;;;;;;;;;;;;;;;;;;;;;Weiß;;;;;;+32,2°C, 65% RH;;;;;;;;;;;;;;;;;;;;;;;;;27;80;;;;;;;;;;;;;;;;;;;;;;;;;;;;;;;;;;;;;;;4 Rollen;;;;;;;;;;;;;;;;;;;;;220-240/50;;;Ja;;;;;;;;;;;;+1 bis +9;;;;;;;;;;;;;;;Nein;;;;;;;;;;;;;;;;;;;;;;;;;;;;;;;;;;;;;;;;;;;;;;;;;;;;;;;;;;84;36;93;60;;;;;;;160;40;;;;;;;2 Flip-Flap-Deckel aus Temperglas;;;;584;584;880;BTA80-B1_Produktblatt.pdf;BTA80-B1_Betriebsanleitung.pdf;BTA80-B1_Ersatzteilliste.pdf;BTA80-B1_Energielabel.pdf;BTA80-B1_Energiepfeil.png
Tefcold;;;;;Kühltonnen;69834;CC40black;5708181757922;5708181757922;-;424,00;Glastürkühlgeräte | Kühltonnen;404263;;;;;;;;;;Automatisch;;;;;;;;56;;;;;;;;;;;;;;;;;;;;;;;;;;;;;;;;;Mechanisch;;;;;;;;;;;;;;;;;;;;;;;;;;;;;;;;;;;;445;735;445;;;;;;;;;;;;;;;;;;;18;41;;;;;;;;;;;;;;;;;;;;;16.3;B;;0.39;142;;;;;;;Schwarz;;;;;;;;;;;;;;;;;;;;;;;;;;;42;;;;;;;;;;;;;;;;;;;;;;;360;392;360;Nein;;;;;;;;;4;;;;;;;;;;;;;23;R600a / GWP 3;;;Statisch;;;;;;;;;;;;;;;;;;;;;;;;Weiß;;;;;;+30°C, 55% RH;;;;;;;;;;;;;;;;;;;;;;;;;16;37;;;;;;;;;;;;;;;;;;;;;;;;;;;;;;;;;;;;;;;4 Rollen;;;;;;;;;;;;;;;;;;;;;220-240/50;;;Ja;;;;;;;;;;;;+2 bis +10;;;;;;;;;;;;;;;Nein;;;;;;;;;;;;;;;;;;;;;;;;;;;;;;;;;;;;;;;;;;;;;;;;;;;;;;;;;;35;25;65;45;;;;;;;250;;;;Nein;;;;1 Flip-Flap-Deckel aus Temperglas;;;;460;460;790;CC40black_Produktblatt.pdf;CC40black_Betriebsanleitung.pdf;CC40black_Ersatzteilliste.pdf;CC40black_Energielabel.pdf;CC40black_Energiepfeil.png
Tefcold;;;;;Kühltonnen;15977;CC45;5708181501228;5708181501228;TEFCOLD;389,00;Glastürkühlgeräte | KühltonnenDEALS + | Energieeffiziente Geräte;1666650;;;;;;;;;;Automatisch;;;;;;;;76;;;;;;;;;;;;;;;;;;;;;;;;;;;;;;;;;Mechanisch;;;;;;;;;;;;;;;;;;;;;;;;;;;;;;;;;;;;457;830;457;;;;;;;;;;;;;;;;;;;25;53;;;;;;;;;;;;;;;;;;;;;14;B;;0.7;256;;;;;;;Schwarz;;;;;;;;;;;;;;;;;;;;;;;;;;;45;;;;;;;;;;;;;;;;;;;;;;;375;470;375;Nein;;;;;;;;;4;;;;;;;;;;;;;40;R600a / GWP 3;;;Umluft;;;;;;;;;;;;;;;;;;;;;;;;Pulverbeschichtetes Stahlblech;;;;;;+30°C, 55% RH;;;;;;;;;;;;;;;;;;;;;;;;;22;50;;;;;;;;;;;;;;;;;;;;;;;;;;;;;;;;;;;;;;;4 Rollen, davon 1 mit Bremse;;;;;;;;;;;;;;;;;;;;;220-240/50;;;Ja;;;;;;;;;;;;+2 bis +12;;;;;;;;;;;;;;;;;;;;;;;;;;;;;;;;;;;;;;;;;;;;;;;;;;;;;;;;;;;;;;;;;;;;;;;;1 Drahtkorb, grau;22;20;44;22;;;;;;;250;;;;Nein;;;;1 Flip-Flap-Deckel aus Acrylglas, transparent;;;;480;480;850;CC45_Produktblatt.pdf;CC45_Betriebsanleitung.pdf;CC45_Ersatzteilliste.pdf;CC45_Energielabel.pdf;CC45_Energiepfeil.png
Tefcold;;;;;Kühltonnen;15979;CC55;5708181501204;5708181501204;TEFCOLD;465,00;Glastürkühlgeräte | KühltonnenDEALS + | Energieeffiziente Geräte;1666660;;;;;;;;;;Automatisch;;;;;;;;76;;;;;;;;;;;;;;;;;;;;;;;;;;;;;;;;;Mechanisch;;;;;;;;;;;;;;;;;;;;;;;;;;;;;;;;;;;;457;1076;457;;;;;;;;;;;;;;;;;;;30;80;;;;;;;;;;;;;;;;;;;;;14;B;;0.61;223;;;;;;;Weiß;;;;;;;;;;;;;;;;;;;;;;;;;;;45;;;;;;;;;;;;;;;;;;;;;;;380;655;380;Nein;;;;;;;;;4;;;;;;;;;;;;;45;R600a / GWP 3;;;Umluft;;;;;;;;;;;;;;;;;;;;;;;;Pulverbeschichtetes Stahlblech;;;;;;+30°C, 55% RH;;;;;;;;;;;;;;;;;;;;;;;;;20;78;;;;;;;;;;;;;;;;;;;;;;;;;;;;;;;;;;;;;;;4 Rollen, davon 1 mit Bremse;;;;;;;;;;;;;;;;;;;;;220-240/50;;;Ja;;;;;;;;;;;;+2 bis +12;;;;;;;;;;;;;;;;;;;;;;;;;;;;;;;;;;;;;;;;;;;;;;;;;;;;;;;;;;;;;;;;;;;;;;;;2 Drahtkörbe;42;38;84;42;;;;;;;160;;;;Nein;;;;1 Flip-Flap-Deckel aus Acrylglas, transparent;;;;480;480;1120;CC55_Produktblatt.pdf;CC55_Betriebsanleitung.pdf;CC55_Ersatzteilliste.pdf;CC55_Energielabel.pdf;CC55_Energiepfeil.png
Tefcold;;;;;Kühltonnen;15981;CC77;5708181501419;5708181501419;TEFCOLD;433,00;Glastürkühlgeräte | KühltonnenDEALS + | Energieeffiziente Geräte;1666674;;;;;;;;;;Automatisch;;;;;;;;112;;;;;;;;;;;;;;;;;;;;;;;;;;;;;;;;;Mechanisch;;;;;;;;;;;;;;;;;;;;;;;;;;;;;;;;;;;;567;830;567;;;;;;;;;;;;;;;;;;;31;80;;;;;;;;;;;;;;;;;;;;;14;B;;0.67;245;;;;;;;Schwarz;;;;;;;;;;;;;;;;;;;;;;;;;;;45;;;;;;;;;;;;;;;;;;;;;;;450;475;450;Nein;;;;;;;;;4;;;;;;;;;;;;;45;R600a / GWP 3;;;Umluft;;;;;;;;;;;;;;;;;;;;;;;;Pulverbeschichtetes Stahlblech;;;;;;+30°C, 55% RH;;;;;;;;;;;;;;;;;;;;;;;;;26;72;;;;;;;;;;;;;;;;;;;;;;;;;;;;;;;;;;;;;;;4 Rollen, davon 1 mit Bremse;;;;;;;;;;;;;;;;;;;;;220-240/50;;;Ja;;;;;;;;;;;;+2 bis +12;;;;;;;;;;;;;;;;;;;;;;;;;;;;;;;;;;;;;;;;;;;;;;;;;;;;;;;;;;;;;;;;;;;;;;;;1 Drahtkorb, grau;36;32;78;36;;;;;;;240;;;;Nein;;;;1 Flip-Flap-Deckel aus Acrylglas, transparent;;;;580;580;880;CC77_Produktblatt.pdf;CC77_Betriebsanleitung.pdf;CC77_Ersatzteilliste.pdf;CC77_Energielabel.pdf;CC77_Energiepfeil.png
Tefcold;;;;;Kühltonnen;69835;CC77SKblack;5708181757939;5708181757939;-;521,00;Glastürkühlgeräte | Kühltonnen;423151;;;;;;;;;;Automatisch;;;;;;;;100;;;;;;;;;;;;;;;;;;;;;;;;;;;;;;;;;Mechanisch;;;;;;;;;;;;;;;;;;;;;;;;;;;;;;;;;;;;565;836;565;;;;;;;;;;;;;;;;;;;27;87;;;;;;;;;;;;;;;;;;;;;16.6;B;;0.45;164;;;;;;;Schwarz;;;;;;;;;;;;;;;;;;;;;;;;;;;50;;;;;;;;;;;;;;;;;;;;;;;470;493;470;Nein;;;;;;;;;4;;;;;;;;;;;;;35;R600a / GWP 3;;;Statisch;;;;;;;;;;;;;;;;;;;;;;;;Stahl, verzinkt oder kunststoffbeschichtet;;;;;;+30°C, 55% RH;;;;;;;;;;;;;;;;;;;;;;;;;25;84;;;;;;;;;;;;;;;;;;;;;;;;;;;;;;;;;;;;;;;4 Rollen, davon 1 mit Bremse;;;;;;;;;;;;;;;;;;;;;220-240/50;;;Ja;;;;;;;;;;;;0 bis +10;;;;;;;;;;;;;;;Nein;;;;;;;;;;;;;;;;;;;;;;;;;;;;;;;;;;;;;;;;;;;;;;;;;;;;;;;;;;42;37;148;36;;;;;;;200;;;;Nein;;;;1 Flip-Flap-Deckel aus Temperglas;;;;580;850;890;CC77SKblack_Produktblatt.pdf;CC77SKblack_Betriebsanleitung.pdf;CC77SKblack_Ersatzteilliste.pdf;CC77SKblack_Energielabel.pdf;CC77SKblack_Energiepfeil.png
Tefcold;;;;;Kühltonnen;69837;CC80SKblack;5708181757953;5708181757953;-;477,00;Glastürkühlgeräte | Kühltonnen;404265;;;;;;;;;;Automatisch;;;;;;;;100;;;;;;;;;;;;;;;;;;;;;;;;;;;;;;;;;Mechanisch;;;;;;;;;;;;;;;;;;;;;;;;;;;;;;;;;;;;445;960;445;;;;;;;;;;;;;;;;;;;21;63;;;;;;;;;;;;;;;;;;;;;15.3;B;;0.39;142;;;;;;;Schwarz;;;;;;;;;;;;;;;;;;;;;;;;;;;50;;;;;;;;;;;;;;;;;;;;;;;360;617;360;Nein;;;;;;;;;4;;;;;;;;;;;;;23;R600a / GWP 3;;;Statisch;;;;;;;;;;;;;;;;;;;;;;;;Stahl, verzinkt oder kunststoffbeschichtet;;;;;;+30°C, 55% RH;;;;;;;;;;;;;;;;;;;;;;;;;19;58;;;;;;;;;;;;;;;;;;;;;;;;;;;;;;;;;;;;;;;4 Rollen, davon 1 mit Bremse;;;;;;;;;;;;;;;;;;;;;220-240/50;;;Ja;;;;;;;;;;;;0 bis +10;;;;;;;;;;;;;;;Ja;;;;;;;;;;;;;;;;;;;;;;;;;;;;;;;;;;;;;;;;;;;;;;;;;;;;;;;;;;46;21;105;40;;;;;;;205;;;;Nein;;;;1 Flip-Flap-Deckel aus Temperglas;;;;460;460;1015;CC80SKblack_Produktblatt.pdf;CC80SKblack_Betriebsanleitung.pdf;CC80SKblack_Ersatzteilliste.pdf;CC80SKblack_Energielabel.pdf;CC80SKblack_Energiepfeil.png
Tefcold;;;;;Kühltonnen;15985;VOC100;5708181005054;5708181005054;TEFCOLD;871,00;Glastürkühlgeräte | Kühltonnen;497188;;;;;;;;;;Automatisch;;;;;;;;160;;;;;;;;;;;;;;;;;;;;;;;;;;;;;;;;;Elektronisch;;;;;;;;;;;;;;;;;;;;;;;;;;;;;;;;;;;;654;978;454;;;;;;;;;;;;;;;;;;;31;110;;;;;;;;;;;;;;;;;;;;;40.6;D;;2.6;949;;;;;;;Grau RAL 9006;;;;;;;;;;;;;;;;;;;;;7 Gleitfüße;;;;;;42;;;;;;;;;;;;;;;;;;;;;;;520;570;345;LED;;;;;;;;;4;;;;;;;;;;;;;55;R600a / GWP 3;;;Ventiliert;;;;;;;;;;;;;;;;;;;;;;;;Pulverbeschichtetes Stahlblech, LEXAN;;;;;;+30°C, 55% RH;;;;;;;;;;;;;;;;;;;;;;;;;29;103;;;;;;;;;;;;;;;;;;;;;;;;;;;;;;;;;;;;;;;Nein;;;;;;;;;;;;;;;;;;;;;220-240/50;;;Ja;;;;;;;;;;;Thermometer;+2 bis +12;;;;;;;;;;;;;;;Nein;;;;;;;;;;;;;;;;;;;;;;;;;;;;;;;;;;;;;;;;;;;;;;;;;;;;;;;;;;50;50;80;50;;;;;;;128;;;;Nein;;;;;;;;700;500;1150;VOC100_Produktblatt.pdf;VOC100_Betriebsanleitung.pdf;VOC100_Ersatzteilliste.pdf;VOC100_Energielabel.pdf;VOC100_Energiepfeil.png
Tefcold;Tefcold-Kühltruhen-Tiefkühltruhen;Tefcold-Kühltruhe;;;Kühltruhen;67399;BHC100X1;5708181752415;5708181752415;TEFCOLD;1554,00;Lagerkühlgeräte | Kühltruhen;2309918;;;;;;;;;;Automatisch;;;;;;;;200;;;;;;;;;;;;;;;;;;;;;;;;;;;;;;;;;Mechanisch;;;;;;;;;;;;;;;;;;;;;;;;;;;;;;;;;;;;1005;930;565;;;;;;;;;;;;;;;;;;;97;270;;;;;;;;;;;;;;;;;;;;;39.1;C;;2.34;854;;;;;;;SS 201;;;;;;;;;;;;;;;;;;;;;Stellfüße;;;;;;42;;;;;;;;;;;;;;;;;;;;;;;900;690;470;Nein;;;;;;;;;4;;;;;;;;;;;;;95;R600a / GWP 3;;;Statisch;;;;;;;;;;;;;;;;;;;;;;;;SS 201;;;;;;+30°C, 55% RH;;;;;;;;;;;;;;;;;;;;;;;;;67;155;;;;;;;;;;;;;;;;;;;;;;;;;;;;;;;;;;;;;;;;;;;;;;;;;;;;;;;;;;;;220-240/50;;;Ja;;;;;;;;;;;;+2 bis +8;;;;;;;;;;;;;;;Nein;;;;;;;;;;;;;;;;;;;;;;;;;;;;;;;;;;;;;;;;;;;;;;;;;;;;;;;;;;;;;;;;;;;;72;38;;0;Nein;;;;1;;;;1050;630;960;BHC100X1_Produktblatt.pdf;BHC100X1_Betriebsanleitung.pdf;BHC100X1_Ersatzteilliste.pdf;BHC100X1_Energielabel.pdf;BHC100X1_Energiepfeil.png
Tefcold;Tefcold-Kühltruhen-Tiefkühltruhen;Tefcold-Kühltruhe;;;Kühltruhen;67384;BHC150X1;5708181752347;5708181752347;TEFCOLD;1790,00;Lagerkühlgeräte | Kühltruhen;2309922;;;;;;;;;;Automatisch;;;;;;;;200;;;;;;;;;;;;;;;;;;;;;;;;;;;;;;;;;Mechanisch;;;;;;;;;;;;;;;;;;;;;;;;;;;;;;;;;;;;1505;930;565;;;;;;;;;;;;;;;;;;;114;440;;;;;;;;;;;;;;;;;;;;;42.4;C;;2.95;1077;;;;;;;SS 201;;;;;;;;;;;;;;;;;;;;;Stellfüße;;;;;;42;;;;;;;;;;;;;;;;;;;;;;;1400;690;470;Nein;;;;;;;;;4;;;;;;;;;;;;;95;R600a / GWP 3;;;Statisch;;;;;;;;;;;;;;;;;;;;;;;;SS 201;;;;;;+30°C, 55% RH;;;;;;;;;;;;;;;;;;;;;;;;;84;293;;;;;;;;;;;;;;;;;;;;;;;;;;;;;;;;;;;;;;;;;;;;;;;;;;;;;;;;;;;;220-240/50;;;Ja;;;;;;;;;;;;+2 bis +8;;;;;;;;;;;;;;;Nein;;;;;;;;;;;;;;;;;;;;;;;;;;;;;;;;;;;;;;;;;;;;;;;;;;;;;;;;;;;;;;;;;;;;50;38;;2;Ja;;;;2;;;;1550;630;960;BHC150X1_Produktblatt.pdf;BHC150X1_Betriebsanleitung.pdf;BHC150X1_Ersatzteilliste.pdf;BHC150X1_Energielabel.pdf;BHC150X1_Energiepfeil.png
Tefcold;Tefcold-Kühltruhen-Tiefkühltruhen;Tefcold-Kühltruhe;;;Kühltruhen;67389;BHC200X1;5708181752361;5708181752361;TEFCOLD;2160,00;Lagerkühlgeräte | Kühltruhen;2309924;;;;;;;;;;Automatisch;;;;;;;;200;;;;;;;;;;;;;;;;;;;;;;;;;;;;;;;;;Mechanisch;;;;;;;;;;;;;;;;;;;;;;;;;;;;;;;;;;;;2005;930;565;;;;;;;;;;;;;;;;;;;131;615;;;;;;;;;;;;;;;;;;;;;43.3;C;;3.42;1248;;;;;;;SS 201;;;;;;;;;;;;;;;;;;;;;Stellfüße;;;;;;42;;;;;;;;;;;;;;;;;;;;;;;1900;690;470;Nein;;;;;;;;;4;;;;;;;;;;;;;95;R600a / GWP 3;;;Statisch;;;;;;;;;;;;;;;;;;;;;;;;SS 201;;;;;;+30°C, 55% RH;;;;;;;;;;;;;;;;;;;;;;;;;101;429;;;;;;;;;;;;;;;;;;;;;;;;;;;;;;;;;;;;;;;;;;;;;;;;;;;;;;;;;;;;220-240/50;;;Ja;;;;;;;;;;;;+2 bis +8;;;;;;;;;;;;;;;Nein;;;;;;;;;;;;;;;;;;;;;;;;;;;;;;;;;;;;;;;;;;;;;;;;;;;;;;;;;;;;;;;;;;;;36;38;;3;Ja;;;;3;;;;2050;630;960;BHC200X1_Produktblatt.pdf;BHC200X1_Betriebsanleitung.pdf;BHC200X1_Ersatzteilliste.pdf;BHC200X1_Energielabel.pdf;BHC200X1_Energiepfeil.png
Tefcold;Tefcold-Kühltruhen-Tiefkühltruhen;Tefcold-Kühltruhe;;;Kühltruhen;67392;BHC250X1;5708181752385;5708181752385;TEFCOLD;2660,00;Lagerkühlgeräte | Kühltruhen;2309926;;;;;;;;;;Automatisch;;;;;;;;200;;;;;;;;;;;;;;;;;;;;;;;;;;;;;;;;;Mechanisch;;;;;;;;;;;;;;;;;;;;;;;;;;;;;;;;;;;;2505;930;565;;;;;;;;;;;;;;;;;;;148;790;;;;;;;;;;;;;;;;;;;;;45.7;C;;4.05;1478;;;;;;;SS 201;;;;;;;;;;;;;;;;;;;;;Stellfüße;;;;;;42;;;;;;;;;;;;;;;;;;;;;;;2400;690;470;Nein;;;;;;;;;4;;;;;;;;;;;;;95;R600a / GWP 3;;;Statisch;;;;;;;;;;;;;;;;;;;;;;;;SS 201;;;;;;+30°C, 55% RH;;;;;;;;;;;;;;;;;;;;;;;;;118;565;;;;;;;;;;;;;;;;;;;;;;;;;;;;;;;;;;;;;;;;;;;;;;;;;;;;;;;;;;;;220-240/50;;;Ja;;;;;;;;;;;;+2 bis +8;;;;;;;;;;;;;;;Nein;;;;;;;;;;;;;;;;;;;;;;;;;;;;;;;;;;;;;;;;;;;;;;;;;;;;;;;;;;;;;;;;;;;;24;38;;4;Ja;;;;4;;;;2550;630;960;BHC250X1_Produktblatt.pdf;BHC250X1_Betriebsanleitung.pdf;BHC250X1_Ersatzteilliste.pdf;BHC250X1_Energielabel.pdf;BHC250X1_Energiepfeil.png
Tefcold;Tefcold-Kühltruhen-Tiefkühltruhen;Tefcold-Kühltruhe;;;Kühltruhen;48248;EBC35;5708181729325;5708181729325;TEFCOLD;600,00;DEALS + | Energieeffiziente GeräteLagerkühlgeräte | Kühltruhen;1868899;;;;;;;;;;Manuell;;;;;;;;165;;;;;;;;;;;;;;;;;;;;;;;;;;;;;;;;;Elektronisch;;;;;;;;;;;;;;;;;;;;;;;;;;;;;;;;;;;;1096;857;696;;;;;;;;;;;;;;;;;;;47;278;;;;;;;;;;;;;;;;;;;;;14.9;B;;0.58;212;;;;;;;Weiß;;;;;;;;;;;;;;;;;;;;;;;;;;;44;;;;;;;;;;;;;;;;;;;;;;;962;686;472;LED als option;;;;;;;;;4;;;;;;;;;;;;;60;R600a / GWP 3;;;Statisch;;;;;;;;;;;;;;;;;;;;;;;;Weiß;;;;;;+30°C, 55% RH;;;;;;;;;;;;;;;;;;;;;;;;;44;275;;;;;;;;;;;;;;;;;;;;;;;;;;;;;;;;;;;;;;;4 Rollen;;;;;;;;;;;;;;;;;;;;;220-240/50;;;Ja;;;;;;;;;;;Thermometer;+3 bis +10;;;;;;;;;;;;;;;Ja;;;;;;;;;;;;;;;;;;;;;;;;;;;;;;;;;;;;;;;;;;;;;;;;;;;;;;;;;0 Drahtkorb;;;;;;;;;;;66;33;;;;;;;1 Geschäumter Drehdeckel;;;;1140;710;880;EBC35_Produktblatt.pdf;EBC35_Betriebsanleitung.pdf;EBC35_Ersatzteilliste.pdf;EBC35_Energielabel.pdf;EBC35_Energiepfeil.png
Tefcold;Tefcold-Kühltruhen-Tiefkühltruhen;Tefcold-Kühltruhe;;;Kühltruhen;48250;EBC45;5708181729349;5708181729349;TEFCOLD;629,00;DEALS + | Energieeffiziente GeräteLagerkühlgeräte | Kühltruhen;1869190;;;;;;;;;;Manuell;;;;;;;;250;;;;;;;;;;;;;;;;;;;;;;;;;;;;;;;;;Elektronisch;;;;;;;;;;;;;;;;;;;;;;;;;;;;;;;;;;;;1326;857;696;;;;;;;;;;;;;;;;;;;51;352;;;;;;;;;;;;;;;;;;;;;12.8;B;;0.56;204;;;;;;;Weiß;;;;;;;;;;;;;;;;;;;;;;;;;;;44;;;;;;;;;;;;;;;;;;;;;;;1192;686;472;LED als option;;;;;;;;;4;;;;;;;;;;;;;72;R600a / GWP 3;;;Statisch;;;;;;;;;;;;;;;;;;;;;;;;Weiß;;;;;;+30°C, 55% RH;;;;;;;;;;;;;;;;;;;;;;;;;48;349;;;;;;;;;;;;;;;;;;;;;;;;;;;;;;;;;;;;;;;4 Rollen;;;;;;;;;;;;;;;;;;;;;220-240/50;;;Ja;;;;;;;;;;;Thermometer;+3 bis +10;;;;;;;;;;;;;;;Ja;;;;;;;;;;;;;;;;;;;;;;;;;;;;;;;;;;;;;;;;;;;;;;;;;;;;;;;;;0 Drahtkorb;;;;;;;;;;;50;33;;;;;;;1 Geschäumter Drehdeckel;;;;1370;710;880;EBC45_Produktblatt.pdf;EBC45_Betriebsanleitung.pdf;EBC45_Ersatzteilliste.pdf;EBC45_Energielabel.pdf;EBC45_Energiepfeil.png
Tefcold;Tefcold-Kühltruhen-Tiefkühltruhen;Tefcold-Kühltruhe;;;Kühltruhen;48252;EBC53;5708181729363;5708181729363;TEFCOLD;765,00;DEALS + | Energieeffiziente GeräteLagerkühlgeräte | Kühltruhen;1869215;;;;;;;;;;Manuell;;;;;;;;320;;;;;;;;;;;;;;;;;;;;;;;;;;;;;;;;;Elektronisch;;;;;;;;;;;;;;;;;;;;;;;;;;;;;;;;;;;;1516;857;696;;;;;;;;;;;;;;;;;;;57;414;;;;;;;;;;;;;;;;;;;;;13.8;B;;0.66;241;;;;;;;Weiß;;;;;;;;;;;;;;;;;;;;;;;;;;;42;;;;;;;;;;;;;;;;;;;;;;;1382;686;472;LED als option;;;;;;;;;4;;;;;;;;;;;;;72;R600a / GWP 3;;;Statisch;;;;;;;;;;;;;;;;;;;;;;;;Weiß;;;;;;+30°C, 55% RH;;;;;;;;;;;;;;;;;;;;;;;;;53;411;;;;;;;;;;;;;;;;;;;;;;;;;;;;;;;;;;;;;;;4 Rollen;;;;;;;;;;;;;;;;;;;;;220-240/50;;;Ja;;;;;;;;;;;Thermometer;+3 bis +10;;;;;;;;;;;;;;;Ja;;;;;;;;;;;;;;;;;;;;;;;;;;;;;;;;;;;;;;;;;;;;;;;;;;;;;;;;;0 Drahtkorb;;;;;;;;;;;46;33;;;;;;;1 Geschäumter Drehdeckel;;;;1560;710;880;EBC53_Produktblatt.pdf;EBC53_Betriebsanleitung.pdf;EBC53_Ersatzteilliste.pdf;EBC53_Energielabel.pdf;EBC53_Energiepfeil.png
Tefcold;Tefcold-Kühltruhen-Tiefkühltruhen;Tefcold-Kühltruhe;;;Kühltruhen;48254;EBC61;5708181729387;5708181729387;TEFCOLD;855,00;DEALS + | Energieeffiziente GeräteLagerkühlgeräte | Kühltruhen;1869224;;;;;;;;;;Manuell;;;;;;;;320;;;;;;;;;;;;;;;;;;;;;;;;;;;;;;;;;Elektronisch;;;;;;;;;;;;;;;;;;;;;;;;;;;;;;;;;;;;1706;857;696;;;;;;;;;;;;;;;;;;;63;476;;;;;;;;;;;;;;;;;;;;;13.1;B;;0.68;247;;;;;;;Weiß;;;;;;;;;;;;;;;;;;;;;;;;;;;41;;;;;;;;;;;;;;;;;;;;;;;1572;686;472;LED als option;;;;;;;;;4;;;;;;;;;;;;;77;R600a / GWP 3;;;Statisch;;;;;;;;;;;;;;;;;;;;;;;;Weiß;;;;;;+30°C, 55% RH;;;;;;;;;;;;;;;;;;;;;;;;;58;472;;;;;;;;;;;;;;;;;;;;;;;;;;;;;;;;;;;;;;;4 Rollen;;;;;;;;;;;;;;;;;;;;;220-240/50;;;Ja;;;;;;;;;;;Thermometer;+3 bis +10;;;;;;;;;;;;;;;Ja;;;;;;;;;;;;;;;;;;;;;;;;;;;;;;;;;;;;;;;;;;;;;;;;;;;;;;;;;0 Drahtkorb;;;;;;;;;;;38;33;;;;;;;1 Geschäumter Drehdeckel;;;;1750;710;880;EBC61_Produktblatt.pdf;EBC61_Betriebsanleitung.pdf;EBC61_Ersatzteilliste.pdf;EBC61_Energielabel.pdf;EBC61_Energiepfeil.png
Tefcold;Tefcold-Kühltruhen-Tiefkühltruhen;Tefcold-Kühltruhe;;;Kühltruhen;71547;ISC302SD;5708181760977;5708181760977;TEFCOLD;720,00;DEALS + | Energieeffiziente GeräteDEALS + | ProduktneuheitenLagerkühlgeräte | Kühltruhen;2602568;;;;;;;;;;Automatisch;;;;;;;;70;;;;;;;;;;;;;;;;;;;;;;;;;;;;;;;;;Elektronisch;;;;;;;;;;;;;;;;;;;;;;;;;;;;;;;;;;;;1014;892;635;;;;;;;;;;;;;;;;;;;69;286;;;;;;;;;;;;;;;;;;;;;14.4;B;;0.561;204.765;;;;;;;Weiß;;;;;;;;;;;;;;;;;;;;;;;;;;;47;;;;;;;;;;;;;;;;;;;;;;;890;715;510;Nein;;;;;;;;;7;;;;;;;;;;;;;70;R600a / GWP 3;;;Statisch;;;;;;;;;;;;;;;;;;;;;;;;Weiß, RAL 9010;;;;;;+35°C, 75% RH;;;;;;;;;;;;;;;;;;;;;;;;;55;232;;;;;;;;;;;;;;;;;;;;;;;;;;;;;;;;;;;;;;;Rollen;;;;;;;;;;;;;;;;;;;;;220-240/50;;;Ja;;;;;;;;;;;Thermometer;+1 bis +9;;;;;;;;;;;;;;;Nein;;;;;;;;;;;;;;;;;;;;;;;;;;;;;;;;;;;;;;;;;;;;;;;;;;;;;;;;;;;;;;;;;;;;64;;;;;;;;2 Geschäumte Schiebedeckel;;;;1100;750;960;ISC302SD_Produktblatt.pdf;ISC302SD_Betriebsanleitung.pdf;ISC302SD_Ersatzteilliste.pdf;ISC302SD_Energielabel.pdf;ISC302SD_Energiepfeil.png
Tefcold;Tefcold-Kühltruhen-Tiefkühltruhen;Tefcold-Kühltruhe;;;Kühltruhen;48008;KBAK104;5708181728052;5708181728052;TEFCOLD;1149,00;DEALS + | Energieeffiziente GeräteLagerkühlgeräte | Kühltruhen;1611159;;;;;;;;;;Manuell;;;;;;;;190;;;;;;;;;;;;;;;;;;;;;;;;;;;;;;;;;Mechanisch;;;;;;;;;;;;;;;;;;;;;;;;;;;;;;;;;;;;1025;1000;625;;;;;;;;;;;;;;;;;;;70;250;;;;;;;;;;;;;;;;;;;;;14;B;;0.54;198;;;;;;;Weiß;;;;;;;;;;;;;;;;;;;;;;;;;;;45;;;;;;;;;;;;;;;;;;;;;;;900;555;500;Nein;;;;;;;;;4;;;;;;;;;;;;;34;R600a / GWP 3;;;Statisch;;;;;;;;;;;;;;;;;;;;;;;;Weiß;;;;;;+30°C, 55% RH;;;;;;;;;;;;;;;;;;;;;;;;;60;226;;;;;;;;;;;;;;;;;;;;;;;;;;;;;;;;;;;;;;;Rollen;;;;;;;;;;;;;;;;;;;;;220-240/50;;;Ja;;;;;;;;;;;Thermometer;+1 bis +8;;;;;;;;;;;;;;;Werkseitige Option;;;;;;;;;;;;;;;;;;;;;;;;;;;;;;;;;;;;;;;;;;;;;;;;;;;;;;;;;;364;;216;;;;;;;;72;42;;;;;;;2 Geschäumte Schiebedeckel;;;;660;1100;1060;KBAK104_Produktblatt.pdf;KBAK104_Betriebsanleitung.pdf;KBAK104_Ersatzteilliste.pdf;KBAK104_Energielabel.pdf;KBAK104_Energiepfeil.png
Tefcold;Tefcold-Kühltruhen-Tiefkühltruhen;Tefcold-Kühltruhe;;;Kühltruhen;48009;KBAK104PLUS;5708181728069;5708181728069;TEFCOLD;1311,00;DEALS + | Energieeffiziente GeräteLagerkühlgeräte | Kühltruhen;1611159;;;;;;;;;;Manuell;;;;;;;;190;;;;;;;;;;;;;;;;;;;;;;;;;;;;;;;;;Mechanisch;;;;;;;;;;;;;;;;;;;;;;;;;;;;;;;;;;;;1065;1060;665;;;;;;;;;;;;;;;;;;;70;264;;;;;;;;;;;;;;;;;;;;;14;B;;0.54;198;;;;;;;Weiß;;;;;;;;;;;;;;;;;;;;;;;;;;;45;;;;;;;;;;;;;;;;;;;;;;;900;555;500;Nein;;;;;;;;;4;;;;;;;;;;;;;36;R600a / GWP 3;;;Statisch;;;;;;;;;;;;;;;;;;;;;;;;Weiß;;;;;;+30°C, 55% RH;;;;;;;;;;;;;;;;;;;;;;;;;60;250;;;;;;;;;;;;;;;;;;;;;;;;;;;;;;;;;;;;;;;Rollen;;;;;;;;;;;;;;;;;;;;;220-240/50;;;Ja;;;;;;;;;;;Thermometer;+1 bis +8;;;;;;;;;;;;;;;Werkseitige Option;;;;;;;;;;;;;;;;;;;;;;;;;;;;;;;;;;;;;;;;;;;;;;;;;;;;;;;;;;216;;364;;;;;;;;72;35;;;;;;;2 Geschäumte Schiebedeckel;;;;1100;660;1060;KBAK104PLUS_Produktblatt.pdf;KBAK104PLUS_Betriebsanleitung.pdf;KBAK104PLUS_Ersatzteilliste.pdf;KBAK104PLUS_Energielabel.pdf;KBAK104PLUS_Energiepfeil.png
Tefcold;Tefcold-Kühlvitrinen;;;;Kühlvitrinen;16036;LCT750C/BLACK;5708181221638;5708181221638;TEFCOLD;824,00;Glastürkühlgeräte | Kühlvitrinen;494703;;;;;;;;;;Automatisch;;;;;;;;242;;;;;;;;;;;;;;;2;;;;;;;;;;;;;;;;;;Elektronisch;;;;;;;;;;;;;;;;;;;;;;;2 Schiebetüren aus Glas;;;;;;;;;;;;;700;670;560;;;;;;;;;;;;;;;;;;;87;100;;;;;;;;;;;;;;;;;;;;;22;C;;4.13;1507;;;;;;;Edelstahl / Glas;;;;;;;;;;;;;;;;;;;;;4 Stellfüße;;;;;;48;;;;;;;;;;;;;;;;;;;;;;;640;400;450;LED;;;;;;;;;3;;;;;;;;;;;;;45;R290 / GWP 3;;;Ventiliert;;;;;;;;;;;;;;;;;;;;;;;;Edelstahl / Glas;;;;;;+25°C, 60% RH;;;;;;;;;;;;;;;;;;;;;;;;;63;60;;;;;;;;;;;;;;;;;;;;;;;;;;;;;;;;;;;;;;;;;;;2 Tragroste, Chrom + Boden;;;;;;;;;;;;;;;;;220-240/50;;;Ja;;;;;;;;;;;Thermometer;+2 bis +8;;;;;;;;;;;;;;;;;;;;;;;;;;;;;;;;;;;;;;;;;;;;;0.7;;;;;;;;;;;;;;;;;;;;;;;;;;;;;;;;;;;;;;153;;;;;;;;;;;;784;641;790;LCT750C_BLACK_Produktblatt.pdf;LCT750C_BLACK_Betriebsanleitung.pdf;LCT750C_BLACK_Ersatzteilliste.pdf;LCT750C_BLACK_Energielabel.pdf;LCT750C_BLACK_Energiepfeil.png
Tefcold;Tefcold-Kühlvitrinen;;;;Kühlvitrinen;16038;LCT750F/BLACK;5708181221614;5708181221614;TEFCOLD;842,00;Glastürkühlgeräte | Kühlvitrinen;494685;;;;;;;;;;Automatisch;;;;;;;;242;;;;;;;;;;;;;;;2;;;;;;;;;;;;;;;;;;Elektronisch;;;;;;;;;;;;;;;;;;;;;;;2 Schiebetüren aus Glas;;;;;;;;;;;;;700;670;560;;;;;;;;;;;;;;;;;;;89;120;;;;;;;;;;;;;;;;;;;;;23;C;;4.39;1603;;;;;;;Edelstahl / Glas;;;;;;;;;;;;;;;;;;;;;4 Stellfüße;;;;;;48;;;;;;;;;;;;;;;;;;;;;;;640;400;450;LED;;;;;;;;;3;;;;;;;;;;;;;45;R290 / GWP 3;;;Ventiliert;;;;;;;;;;;;;;;;;;;;;;;;Edelstahl / Glas;;;;;;+25°C, 60% RH;;;;;;;;;;;;;;;;;;;;;;;;;65;67;;;;;;;;;;;;;;;;;;;;;;;;;;;;;;;;;;;;;;;;;;;2 Tragroste, Chrom + Boden;;;;;;;;;;;;;;;;;220-240/50;;;Ja;;;;;;;;;;;Thermometer;+2 bis +8;;;;;;;;;;;;;;;;;;;;;;;;;;;;;;;;;;;;;;;;;;;;;0.72;;;;;;;;;;;;;;;;;;;;;;;;;;;;;;;;;;;;;;153;;;;;;;;;;;;784;641;790;LCT750F_BLACK_Produktblatt.pdf;LCT750F_BLACK_Betriebsanleitung.pdf;LCT750F_BLACK_Ersatzteilliste.pdf;LCT750F_BLACK_Energielabel.pdf;LCT750F_BLACK_Energiepfeil.png
Tefcold;Tefcold-Kühlvitrinen;;;;Kühlvitrinen;16040;LCT900C/BLACK;5708181221645;5708181221645;TEFCOLD;982,00;Glastürkühlgeräte | Kühlvitrinen;494706;;;;;;;;;;Automatisch;;;;;;;;242;;;;;;;;;;;;;;;2;;;;;;;;;;;;;;;;;;Elektronisch;;;;;;;;;;;;;;;;;;;;;;;2 Schiebetüren aus Glas;;;;;;;;;;;;;900;670;560;;;;;;;;;;;;;;;;;;;94;130;;;;;;;;;;;;;;;;;;;;;22;C;;4.32;1577;;;;;;;Edelstahl / Glas;;;;;;;;;;;;;;;;;;;;;4 Stellfüße;;;;;;48;;;;;;;;;;;;;;;;;;;;;;;840;400;450;LED;;;;;;;;;3;;;;;;;;;;;;;45;R290 / GWP 3;;;Ventiliert;;;;;;;;;;;;;;;;;;;;;;;;Edelstahl / Glas;;;;;;+25°C, 60% RH;;;;;;;;;;;;;;;;;;;;;;;;;70;78;;;;;;;;;;;;;;;;;;;;;;;;;;;;;;;;;;;;;;;;;;;2 Tragroste, chrom;;;;;;;;;;;;;;;;;220-240/50;;;Ja;;;;;;;;;;;Thermometer;+2 bis +8;;;;;;;;;;;;;;;;;;;;;;;;;;;;;;;;;;;;;;;;;;;;;0.8;;;;;;;;;;;;;;;;;;;;;;;;;;;;;;;;;;;;;;126;;;;;;;;;;;;984;641;790;LCT900C_BLACK_Produktblatt.pdf;LCT900C_BLACK_Betriebsanleitung.pdf;LCT900C_BLACK_Ersatzteilliste.pdf;LCT900C_BLACK_Energielabel.pdf;LCT900C_BLACK_Energiepfeil.png
Tefcold;Tefcold-Kühlvitrinen;;;;Kühlvitrinen;16042;LCT900F/BLACK;5708181221621;5708181221621;TEFCOLD;1011,00;Glastürkühlgeräte | Kühlvitrinen;494698;;;;;;;;;;Automatisch;;;;;;;;242;;;;;;;;;;;;;;;2;;;;;;;;;;;;;;;;;;Elektronisch;;;;;;;;;;;;;;;;;;;;;;;2 Schiebetüren aus Glas;;;;;;;;;;;;;900;670;560;;;;;;;;;;;;;;;;;;;99;160;;;;;;;;;;;;;;;;;;;;;22;C;;4.61;1684;;;;;;;Edelstahl / Glas;;;;;;;;;;;;;;;;;;;;;4 Stellfüße;;;;;;48;;;;;;;;;;;;;;;;;;;;;;;840;400;450;LED;;;;;;;;;3;;;;;;;;;;;;;45;R290 / GWP 3;;;Ventiliert;;;;;;;;;;;;;;;;;;;;;;;;Edelstahl / Glas;;;;;;+25°C, 60% RH;;;;;;;;;;;;;;;;;;;;;;;;;75;88;;;;;;;;;;;;;;;;;;;;;;;;;;;;;;;;;;;;;;;;;;;2 Tragroste, Chrom + Boden;;;;;;;;;;;;;;;;;220-240/50;;;Ja;;;;;;;;;;;Thermometer;+2 bis +8;;;;;;;;;;;;;;;;;;;;;;;;;;;;;;;;;;;;;;;;;;;;;0.9;;;;;;;;;;;;;;;;;;;;;;;;;;;;;;;;;;;;;;126;;;;;;;;;;;;984;641;790;LCT900F_BLACK_Produktblatt.pdf;LCT900F_BLACK_Betriebsanleitung.pdf;LCT900F_BLACK_Ersatzteilliste.pdf;LCT900F_BLACK_Energielabel.pdf;LCT900F_BLACK_Energiepfeil.png
Tefcold;Tefcold-Kühlvitrinen;;;;Kühlvitrinen;16044;LPD1200C/BLACK;5708181221553;5708181221553;TEFCOLD;2422,00;Glastürkühlgeräte | Kühlvitrinen;494571;;;;;;;;;;Automatisch;;;;;;;;580;;;;;;;;;;;;;;;3;;;;;;;;;;;;;;;;;;Elektronisch;;;;;;;;;;;;;;;;;;;;;;;2 Schiebetüren aus Glas;;;;;;;;;;;;;1205;1360;745;;;;;;;;;;;;;;;;;;;309;328;;;;;;;;;;;;;;;;;;;;;38;D;;12.58;4592;;;;;;;Edelstahl / Glas;;;;;;;;;;;;;;;;;;;;;4 Stellfüße;;;;;;58;;;;;;;;;;;;;;;;;;;;;;;1050;780;580;LED;;;;;;;;;3;;;;;;;;;;;;;130;R290 / GWP 3;;;Umluft;;;;;;;;;;;;;;;;;;;;;;;;Edelstahl / Glas;;;;;;+25°C, 60% RH;;;;;;;;;;;;;;;;;;;;;;;;;269;218;;;;;;;;;;;;;;;;;;;;;;;;;;;;;;;;;;;;;;;4 Rollen;;;;3 Glasablagen + Boden;;;;;;;;;;;;;;;;;220-240/50;;;Ja;;;;;;;;;;;Thermometer;+2 bis +8;;;;;;;;;;;;;;;;;;;;;;;;;;;;;;;;;;;;;;;;;;;;;2.01;;;;;;;;;;;;;;;;;;;;;;;;;;;;;;;;;;;;;;23;;;;;;;;;;105x23 / 105x28 / 105x33 / 105x44;;1260;800;1480;LPD1200C_BLACK_Produktblatt.pdf;LPD1200C_BLACK_Betriebsanleitung.pdf;LPD1200C_BLACK_Ersatzteilliste.pdf;LPD1200C_BLACK_Energielabel.pdf;LPD1200C_BLACK_Energiepfeil.png
Tefcold;Tefcold-Kühlvitrinen;;;;Kühlvitrinen;16047;LPD1200F/BLACK;5708181221522;5708181221522;TEFCOLD;2178,00;Glastürkühlgeräte | Kühlvitrinen;494577;;;;;;;;;;Automatisch;;;;;;;;580;;;;;;;;;;;;;;;2;;;;;;;;;;;;;;;;;;Elektronisch;;;;;;;;;;;;;;;;;;;;;;;2 Schiebetüren aus Glas;;;;;;;;;;;;;1205;1209;745;;;;;;;;;;;;;;;;;;;255;377;;;;;;;;;;;;;;;;;;;;;36;D;;11.13;4062;;;;;;;Edelstahl / Glas;;;;;;;;;;;;;;;;;;;;;4 Stellfüße;;;;;;58;;;;;;;;;;;;;;;;;;;;;;;1140;670;510;LED;;;;;;;;;3;;;;;;;;;;;;;130;R290 / GWP 3;;;Umluft;;;;;;;;;;;;;;;;;;;;;;;;Edelstahl / Glas;;;;;;+25°C, 60% RH;;;;;;;;;;;;;;;;;;;;;;;;;206;191;;;;;;;;;;;;;;;;;;;;;;;;;;;;;;;;;;;;;;;4 Rollen;;;;2 Glasablagen + Boden;;;;;;;;;;;;;;;;;220-240/50;;;Ja;;;;;;;;;;;Thermometer;+2 bis +8;;;;;;;;;;;;;;;;;;;;;;;;;;;;;;;;;;;;;;;;;;;;;1.85;;;;;;;;;;;;;;;;;;;;;;;;;;;;;;;;;;;;;;46;;;;;;;;;;105x33 / 105x33 / 105x44;;1260;800;1320;LPD1200F_BLACK_Produktblatt.pdf;LPD1200F_BLACK_Betriebsanleitung.pdf;LPD1200F_BLACK_Ersatzteilliste.pdf;LPD1200F_BLACK_Energielabel.pdf;LPD1200F_BLACK_Energiepfeil.png
Tefcold;Tefcold-Kühlvitrinen;;;;Kühlvitrinen;16050;LPD1500C/BLACK;5708181221560;5708181221560;TEFCOLD;2981,00;Glastürkühlgeräte | Kühlvitrinen;494629;;;;;;;;;;Automatisch;;;;;;;;798;;;;;;;;;;;;;;;3;;;;;;;;;;;;;;;;;;Elektronisch;;;;;;;;;;;;;;;;;;;;;;;2 Schiebetüren aus Glas;;;;;;;;;;;;;1505;1360;745;;;;;;;;;;;;;;;;;;;315;418;;;;;;;;;;;;;;;;;;;;;35;D;;13.53;4938;;;;;;;Edelstahl / Glas;;;;;;;;;;;;;;;;;;;;;4 Stellfüße;;;;;;58;;;;;;;;;;;;;;;;;;;;;;;1350;780;580;LED;;;;;;;;;3;;;;;;;;;;;;;140;R290 / GWP 3;;;Umluft;;;;;;;;;;;;;;;;;;;;;;;;Edelstahl / Glas;;;;;;+25°C, 60% RH;;;;;;;;;;;;;;;;;;;;;;;;;275;277;;;;;;;;;;;;;;;;;;;;;;;;;;;;;;;;;;;;;;;4 Rollen;;;;3 Glasablagen + Boden;;;;;;;;;;;;;;;;;220-240/50;;;Ja;;;;;;;;;;;Thermometer;+2 bis +8;;;;;;;;;;;;;;;;;;;;;;;;;;;;;;;;;;;;;;;;;;;;;2.47;;;;;;;;;;;;;;;;;;;;;;;;;;;;;;;;;;;;;;15;;;;;;;;;;135x23 / 135x28 / 135x33 / 135x44;;1560;800;1480;LPD1500C_BLACK_Produktblatt.pdf;LPD1500C_BLACK_Betriebsanleitung.pdf;LPD1500C_BLACK_Ersatzteilliste.pdf;LPD1500C_BLACK_Energielabel.pdf;LPD1500C_BLACK_Energiepfeil.png
Tefcold;Tefcold-Kühlvitrinen;;;;Kühlvitrinen;16052;LPD1500F/BLACK;5708181221539;5708181221539;TEFCOLD;2647,00;Glastürkühlgeräte | Kühlvitrinen;494633;;;;;;;;;;Automatisch;;;;;;;;685;;;;;;;;;;;;;;;2;;;;;;;;;;;;;;;;;;Elektronisch;;;;;;;;;;;;;;;;;;;;;;;2 Schiebetüren aus Glas;;;;;;;;;;;;;1505;1209;745;;;;;;33.7;;;;;;;;;;;;;301;480;;;;;;;;;;;;;;;;;;;;;36;D;;12.94;4723;;;;;;;Edelstahl / Glas;;;;;;;;;;;;;;;;;;;;;4 Stellfüße;;;;;;58;;;;;;;;;;;;;;;;;;;;;;;1440;670;510;LED;;;;;;;;;3;;;;;;;;;;;;;140;R290 / GWP 3;;;Umluft;;;;;;;;;;;;;;;;;;;;;;;;Edelstahl / Glas;;;;;;+25°C, 60% RH;;;;;;;;;;;;;;;;;;;;;;;;;245;244;;;;;;;;;;;;;;;;;;;;;;;;;;;;;;;;;;;;;;;4 Rollen;;;;2 Glasablagen + Boden;;;;;;;;;;;;;;;;;220-240/50;;;Ja;;;;;;;;;;;Thermometer;+2 bis +8;;;;;;;;;;;;;;;;;;;;;;;;;;;;;;;;;;;;;;;;;;;;;2.26;;;;;;;;;;;;;;;;;;;;;;;;;;;;;;;;;;;;;;30;;;;;;;;;;135x33 / 135x33 / 135x44;;1560;800;1320;LPD1500F_BLACK_Produktblatt.pdf;LPD1500F_BLACK_Betriebsanleitung.pdf;LPD1500F_BLACK_Ersatzteilliste.pdf;LPD1500F_BLACK_Energielabel.pdf;LPD1500F_BLACK_Energiepfeil.png
Tefcold;Tefcold-Kühlvitrinen;;;;Kühlvitrinen;16055;LPD900C/BLACK;5708181221546;5708181221546;TEFCOLD;2171,00;Glastürkühlgeräte | Kühlvitrinen;494527;;;;;;;;;;Automatisch;;;;;;;;598;;;;;;;;;;;;;;;3;;;;;;;;;;;;;;;;;;Elektronisch;;;;;;;;;;;;;;;;;;;;;;;2 Schiebetüren aus Glas;;;;;;;;;;;;;905;1360;745;;;;;;;;;;;;;;;;;;;235;238;;;;;;;;;;;;;;;;;;;;;39;D;;10.97;4004;;;;;;;Edelstahl / Glas;;;;;;;;;;;;;;;;;;;;;4 Stellfüße;;;;;;58;;;;;;;;;;;;;;;;;;;;;;;750;780;580;LED;;;;;;;;;3;;;;;;;;;;;;;110;R290 / GWP 3;;;Umluft;;;;;;;;;;;;;;;;;;;;;;;;Edelstahl / Glas;;;;;;+25°C, 60% RH;;;;;;;;;;;;;;;;;;;;;;;;;204;158;;;;;;;;;;;;;;;;;;;;;;;;;;;;;;;;;;;;;;;4 Rollen;;;;3 Glasablagen + Boden;;;;;;;;;;;;;;;;;220-240/50;;;Ja;;;;;;;;;;;Thermometer;+2 bis +8;;;;;;;;;;;;;;;;;;;;;;;;;;;;;;;;;;;;;;;;;;;;;1.54;;;;;;;;;;;;;;;;;;;;;;;;;;;;;;;;;;;;;;28;;;;;;;;;;75x33 / 75x33 / 75x44;;960;800;1480;LPD900C_BLACK_Produktblatt.pdf;LPD900C_BLACK_Betriebsanleitung.pdf;LPD900C_BLACK_Ersatzteilliste.pdf;LPD900C_BLACK_Energielabel.pdf;LPD900C_BLACK_Energiepfeil.png
Tefcold;Tefcold-Kühlvitrinen;;;;Kühlvitrinen;16057;LPD900F/BLACK;5708181221515;5708181221515;TEFCOLD;2061,00;Glastürkühlgeräte | Kühlvitrinen;494540;;;;;;;;;;Automatisch;;;;;;;;480;;;;;;;;;;;;;;;2;;;;;;;;;;;;;;;;;;Elektronisch;;;;;;;;;;;;;;;;;;;;;;;2 Schiebetüren aus Glas;;;;;;;;;;;;;905;1209;745;;;;;;;;;;;;;;;;;;;224;275;;;;;;;;;;;;;;;;;;;;;35.7;D;;9.59;3500;;;;;;;Edelstahl / Glas;;;;;;;;;;;;;;;;;;;;;4 Stellfüße;;;;;;58;;;;;;;;;;;;;;;;;;;;;;;840;670;510;LED;;;;;;;;;3;;;;;;;;;;;;;110;R290 / GWP 3;;;Umluft;;;;;;;;;;;;;;;;;;;;;;;;Edelstahl / Glas;;;;;;+25°C, 60% RH;;;;;;;;;;;;;;;;;;;;;;;;;175;140;;;;;;;;;;;;;;;;;;;;;;;;;;;;;;;;;;;;;;;4 Rollen;;;;2 Glasablagen + Boden;;;;;;;;;;;;;;;;;220-240/50;;;Ja;;;;;;;;;;;Thermometer;+2 bis +8;;;;;;;;;;;;;;;;;;;;;;;;;;;;;;;;;;;;;;;;;;;;;1.44;;;;;;;;;;;;;;;;;;;;;;;;;;;;;;;;;;;;;;56;;;;;;;;;;75x33 / 75x33 / 75x44;;960;800;1320;LPD900F_BLACK_Produktblatt.pdf;LPD900F_BLACK_Betriebsanleitung.pdf;LPD900F_BLACK_Ersatzteilliste.pdf;LPD900F_BLACK_Energielabel.pdf;LPD900F_BLACK_Energiepfeil.png
Tefcold;Tefcold-Kühlvitrinen;;;;Kühlvitrinen;31536;LPD903F/BLACK;5708181212025;5708181212025;TEFCOLD;2401,00;Glastürkühlgeräte | Kühlvitrinen;494552;;;;;;;;;;Automatisch;;;;;;;;530;;;;;;;;;;;;;;;3;;;;;;;;;;;;;;;;;;Elektronisch;;;;;;;;;;;;;;;;;;;;;;;2 Schiebetüren aus Glas;;;;;;;;;;;;;905;1350;745;;;;;;;;;;;;;;;;;;;236;390;;;;;;;;;;;;;;;;;;;;;39.5;D;;11.83;4318;;;;;;;Edelstahl / Glas;;;;;;;;;;;;;;;;;;;;;4 Stellfüße;;;;;;58;;;;;;;;;;;;;;;;;;;;;;;840;774;510;LED;;;;;;;;;3;;;;;;;;;;;;;110;R290 / GWP 3;;;Umluft;;;;;;;;;;;;;;;;;;;;;;;;Edelstahl / Glas;;;;;;+25°C, 60% RH;;;;;;;;;;;;;;;;;;;;;;;;;180;210;;;;;;;;;;;;;;;;;;;;;;;;;;;;;;;;;;;;;;;4 Rollen;;;;3 Glasablagen + Boden;;;;;;;;;;;;;;;;;220-240/50;;;Ja;;;;;;;;;;;Thermometer;+2 bis +8;;;;;;;;;;;;;;;;;;;;;;;;;;;;;;;;;;;;;;;;;;;;;1.72;;;;;;;;;;;;;;;;;;;;;;;;;;;;;;;;;;;;;;28;;;;;;;;;;75x33 / 75x33 / 75x33 / 75x44;;980;820;1480;LPD903F_BLACK_Produktblatt.pdf;LPD903F_BLACK_Betriebsanleitung.pdf;LPD903F_BLACK_Ersatzteilliste.pdf;LPD903F_BLACK_Energielabel.pdf;LPD903F_BLACK_Energiepfeil.png
Tefcold;Tefcold-Kühlvitrinen;;;;Kühlvitrinen;69047;PDA3-CTF120B-1;5708181756277;5708181756277;TEFCOLD;2548,00;Glastürkühlgeräte | KühlvitrinenDEALS + | ProduktneuheitenDEALS + | Energieeffiziente Geräte;2427352;;;;;;;;;;Automatisch;;;;;;;;610;;;;;;;;;;;;;;;3;;;;;;;;;;;;;;;;;;Elektronisch;;;;;;;;;;;;;;;;;;;;;;;2 Schiebetüren aus Glas;;;;;;;;;;;;;1200;1360;750;;;;;;;;;;;;;;;;;;;285;530;;;;;;;;;;;;;;;;;;;;;14.5;B;;5.73;2091;;;;;;;Schwarz / Glas;;;;;;;;;;;;;;;;;;;;;;;;;;;65;;;;;;;;;;;;;;;;;;;;;;;1146;808;600;LED;;;;;;;;;3;;;;;;;;;;;;;115;R290 / GWP 3;;;;;;;;;;;;;;;;;;;;;;;;;;;Edelstahl / Glas;;;;;;+25°C, 60% RH;;;;;;;;;;;;;;;;;;;;;;;;;213;338;;;;;;;;;;;;;;;;;;;;;;;;;;;;;;;;;;;;;;;4 Rollen;;;;3 Glasablagen + Boden;;;;;;;;;;;;;;;;;220-240/50;;;Ja;;;;;;;;;;;Thermometer;-1 bis +5;;;;;3M1;;;;;;;;;;;;;;Ja;;;;;;;;;;;;;;;;;;;;;;;;;;2.43;;;;;;;;;;;;;;;;;;;;;;;;;;;;;;;;;;;;;;23;;;;;;;;;;1116 x 400 mm;;1280;820;1475;PDA3-CTF120B-1_Produktblatt.pdf;PDA3-CTF120B-1_Betriebsanleitung.pdf;PDA3-CTF120B-1_Ersatzteilliste.pdf;PDA3-CTF120B-1_Energielabel.pdf;PDA3-CTF120B-1_Energiepfeil.png
Tefcold;Tefcold-Kühlvitrinen;;;;Kühlvitrinen;69049;PDA3-CTF150B-1;5708181756291;5708181756291;TEFCOLD;3097,00;DEALS + | Energieeffiziente GeräteDEALS + | ProduktneuheitenGlastürkühlgeräte | Kühlvitrinen;2427384;;;;;;;;;;Automatisch;;;;;;;;790;;;;;;;;;;;;;;;3;;;;;;;;;;;;;;;;;;Elektronisch;;;;;;;;;;;;;;;;;;;;;;;2 Schiebetüren aus Glas;;;;;;;;;;;;;1500;1360;750;;;;;;;;;;;;;;;;;;;320;680;;;;;;;;;;;;;;;;;;;;;16.9;B;;7.74;2825;;;;;;;Schwarz / Glas;;;;;;;;;;;;;;;;;;;;;;;;;;;65;;;;;;;;;;;;;;;;;;;;;;;1446;808;600;LED;;;;;;;;;3;;;;;;;;;;;;;145;R290 / GWP 3;;;;;;;;;;;;;;;;;;;;;;;;;;;Edelstahl / Glas;;;;;;+25°C, 60% RH;;;;;;;;;;;;;;;;;;;;;;;;;253;432;;;;;;;;;;;;;;;;;;;;;;;;;;;;;;;;;;;;;;;4 Rollen;;;;3 Glasablagen + Boden;;;;;;;;;;;;;;;;;220-240/50;;;Ja;;;;;;;;;;;Thermometer;-1 bis +5;;;;;3M1;;;;;;;;;;;;;;Ja;;;;;;;;;;;;;;;;;;;;;;;;;;2.98;;;;;;;;;;;;;;;;;;;;;;;;;;;;;;;;;;;;;;15;;;;;;;;;;1416 x 400 mm;;1580;820;1475;PDA3-CTF150B-1_Produktblatt.pdf;PDA3-CTF150B-1_Betriebsanleitung.pdf;PDA3-CTF150B-1_Ersatzteilliste.pdf;PDA3-CTF150B-1_Energielabel.pdf;PDA3-CTF150B-1_Energiepfeil.png
Tefcold;Tefcold-Kühlvitrinen;;;;Kühlvitrinen;69376;PDA3-CTF90B-1;5708181756253;5708181756253;TEFCOLD;2411,00;DEALS + | Energieeffiziente GeräteDEALS + | ProduktneuheitenGlastürkühlgeräte | Kühlvitrinen;2415552;;;;;;;;;;Automatisch;;;;;;;;470;;;;;;;;;;;;;;;3;;;;;;;;;;;;;;;;;;Elektronisch;;;;;;;;;;;;;;;;;;;;;;;2 Schiebetüren aus Glas;;;;;;;;;;;;;900;1360;750;;;;;;;;;;;;;;;;;;;240;390;;;;;;;;;;;;;;;;;;;;;18.3;B;;5.31;1938;;;;;;;Schwarz / Glas;;;;;;;;;;;;;;;;;;;;;;;;;;;65;;;;;;;;;;;;;;;;;;;;;;;840;808;600;LED;;;;;;;;;3;;;;;;;;;;;;;80;R290 / GWP 3;;;;;;;;;;;;;;;;;;;;;;;;;;;Edelstahl / Glas;;;;;;+25°C, 60% RH;;;;;;;;;;;;;;;;;;;;;;;;;180;248;;;;;;;;;;;;;;;;;;;;;;;;;;;;;;;;;;;;;;;4 Rollen;;;;3 Glasablagen + Boden;;;;;;;;;;;;;;;;;220-240/50;;;Ja;;;;;;;;;;;Thermometer;-1 bis +5;;;;;3M1;;;;;;;;;;;;;;Ja;;;;;;;;;;;;;;;;;;;;;;;;;;1.52;;;;;;;;;;;;;;;;;;;;;;;;;;;;;;;;;;;;;;28;;;;;;;;;;816 x 400 mm;;980;820;1475;PDA3-CTF90B-1_Produktblatt.pdf;PDA3-CTF90B-1_Betriebsanleitung.pdf;PDA3-CTF90B-1_Ersatzteilliste.pdf;PDA3-CTF90B-1_Energielabel.pdf;PDA3-CTF90B-1_Energiepfeil.png
Tefcold;Tefcold-Kühlvitrinen;;;;Kühlvitrinen;16059;UPD200;5708181361716;5708181361716;TEFCOLD;2087,00;DEALS + | Energieeffiziente GeräteGlastürkühlgeräte | Kühlvitrinen;494291;;;;;;;;;;Automatisch;;;;;;;;255;;;;;;;;;;;;;;;;;;;;;;;;;;;;;;;;;Elektronisch;;;;;;;;;;;;;;;;;;;;;;;1 Dreh-Glastür;;;;;;;;;;;;;706;1800;706;;;;;;72.48;;;;;;;;;;;;;160;468;;;;;;;;;;;;;;;;;;;;;18.5;B;;4.99;1822;;;;;;;Aluminium / SS 304;Edelstahl;;;;;;;;;;;;;;;;;;;;4 Stellfüße;;;;;;46;;;;;;;;;;;;;;;;;;;;;;;638;1180;638;LED;;;;;;;;;4;;;;;;;;;;;;;130;R290 / GWP 3;;;Ventiliert;;;;;;;;;;;;;;;;;;;;;;;;Aluminium / SS 304;;;;;;+30°C, 55% RH;;;;;;;;;;;;;;;;;;;;;;;;;140;425;;;;;;;;;;;;;;;;;;;;;;;;;;;;;;;;;;;;;;;4 Rollen, davon zwei mit Bremse;;;;5 Tragroste;;;;;;;;;;;;;;;;;220-240/50;;;Ja;;;;;;;;;;;Thermometer;+2 bis +12;;;;;;;;;;;;;;;;;;;Nein;;;;;;;;;;;;;;;;;;;;;;;;;;2.29;;;;;;;;;;;;;;;;;;;;;;;;;;;;;;;;;;;;;;45;;;;;;;;;;511*486;;760;820;1930;UPD200_Produktblatt.pdf;UPD200_Betriebsanleitung.pdf;UPD200_Ersatzteilliste.pdf;UPD200_Energielabel.pdf;UPD200_Energiepfeil.png
Tefcold;Tefcold-Kühlvitrinen;;;;Kühlvitrinen;31539;UPD400-C;5708181365042;5708181365042;TEFCOLD;2435,00;DEALS + | Komplett in SchwarzGlastürkühlgeräte | Kühlvitrinen;579538;;;;;;;;;;Automatisch;;;;;;;;320;;;;;;;;;;;;;;;5;;;;;;;;;;;;;;;;;;Elektronisch;;;;;;;;;;;;;;;;;;;;;;;1 Dreh-Glastür;;;;;;;;;;;;;650;1950;650;;;;;;150;;;;;;;;;;;;;225;364;;;;;;;;;;;;;;;;;;;;;27.1;C;;6.55;2391;;;;;;;Schwarz / Glas;;;;;;;;;;;;;;;;;;;;;4 Stellfüße;;;;;;42;;;;;;;;;;;;;;;;;;;;;;;588;1200;516;4 x LED vertikal;;;;;;;;;4;;;;;;;;;;;;;95;R290 / GWP 3;;;Ventiliert;;;;;;;;;;;;;;;;;;;;;;;;Edelstahl / Glas;;;;;;+30°C, 55% RH;;;;;;;;;;;;;;;;;;;;;;;;;203;248;;;;;;;;;;;;;;;;;;;;;;;;;;;;;;;;;;;;;;;4 Rollen, davon zwei mit Bremse;;;;5 Glasablagen + Boden;;;;;;;;;;;;;;;;;220-240/50;;;Ja;;;;;;;;;;;Thermometer;+2 bis +8;;;;;;;;;;;;;;;;;;;;;;;;;;;;;;;;;;;;;;;;;;;;;1.95;;;;;;;;;;;;;;;;;;;;;;;;;;;;;;;;;;;;;;48;;;;;;;;;;;;720;720;2030;UPD400-C_Produktblatt.pdf;UPD400-C_Betriebsanleitung.pdf;UPD400-C_Ersatzteilliste.pdf;UPD400-C_Energielabel.pdf;UPD400-C_Energiepfeil.png
Tefcold;Tefcold-Kühlvitrinen;;;;Kühlvitrinen;31540;UPD400-F;5708181365059;5708181365059;TEFCOLD;3124,00;DEALS + | Komplett in SchwarzGefriergeräte | Glastür – TiefkühlschränkeGlastürkühlgeräte | Kühlvitrinen;543903;;;;;;;;;;Automatisch;;;;;;;;1000;;;;;;;;;;;;;;;;;;;;;;;;;;;;;;;;;Elektronisch;;;;;;;;;;;;;;;;;;;;;;;1 Beheizte Dreh-Glastür;;;;;;;;;;;;;650;1950;650;;;;;;150;;;;;;;;;;;;;225;364;;;;;;;;;;;;;;;;;;;;;47.4;D;;23.51;8582;;;;;;;Schwarz / Glas;;;;;;;;;;;;;;;;;;;;;4 Stellfüße;;;;;;42;;;;;;;;;;;;;;;;;;;;;;;588;1200;516;4 x LED vertikal;;;;;;;;;4;;;;;;;;;;;;;150;R290 / GWP 3;;;Ventiliert;;;;;;;;;;;;;;;;;;;;;;;;Edelstahl / Glas;;;;;;+30°C, 55% RH;;;;;;;;;;;;;;;;;;;;;;;;;203;248;;;;;;;;;;;;;;;;;;;;;;;;;;;;;;;;;;;;;;;4 Rollen, davon zwei mit Bremse;;;;5 Glasablagen + Boden;;;;;;;;;;;;;;;;;220-240/50;;;Ja;;;;;;;;;;;Thermometer;-22 bis -18;;;;;;;;;;;;;;;Ja;;;;;;;;;;;;;;;;;;;;;;;;;;;;;;1.95;;;;;;;;;;;;;;;;;;;;;;;;;;;;;;;;;;;;;;48;;;;;;;;;;530 x 417;;720;720;2030;UPD400-F_Produktblatt.pdf;UPD400-F_Betriebsanleitung.pdf;UPD400-F_Ersatzteilliste.pdf;UPD400-F_Energielabel.pdf;UPD400-F_Energiepfeil.png
Tefcold;Tefcold-Kühlvitrinen;;;;Kühlvitrinen;16061;UPD60-BLACK;5708181302788;5708181302788;TEFCOLD;497,00;DEALS + | Komplett in SchwarzGlastürkühlgeräte | Kühlvitrinen;544792;;;;;;;;;;Automatisch;;;;;;;;164;;;;;;;;;;;;;;;;;;;;;;;;;;;;;;;;;Elektronisch;;;;;;;;;;;;;;;;;;;;;;;1 Dreh-Glastür;;;;;;;;;;;;;428;855;386;;;;;;;;;;;;;;;;;;;42;60;;;;;;;;;;;;;;;;;;;;;27.8;C;;3.59;1311;;;;;;;Schwarz, ABS;Schwarz;;;;;;;;;;;;;;;;;;;;4 Stellfüße;;;;;;42;;;;;;;;;;;;;;;;;;;;;;;400;460;358;LED;;;;;;;;;4;;;;;;;;;;;;;38;R600a / GWP 3;;;Ventiliert;;;;;;;;;;;;;;;;;;;;;;;;Schwarz, ABS;;;;;;+30°C, 55% RH;;;;;;;;;;;;;;;;;;;;;;;;;38;58;;;;;;;;;;;;;;;;;;;;;;;;;;;;;;;;;;;;;;;4 Rollen, davon zwei mit Bremse;;;;2 Tragroste, schwarz;;;;;;;;;;;;;;;;;220-240/50;;;Ja;;;;;;;;;;;Thermometer;+2 bis +12;;;;;;;;;;;;;;;;;;;;;;;;;;;;;;;;;;;;;;;;;;;;;0.57;;;;;;;;;;;;;;;;;;;;;;;;;;;;;;;;;;;;;;230;;;;;;;;;;;;500;450;895;UPD60-BLACK_Produktblatt.pdf;UPD60-BLACK_Betriebsanleitung.pdf;UPD60-BLACK_Ersatzteilliste.pdf;UPD60-BLACK_Energielabel.pdf;UPD60-BLACK_Energiepfeil.png
Tefcold;Tefcold-Kühlvitrinen;;;;Kühlvitrinen;16062;UPD60-GREY;5708181302764;5708181302764;TEFCOLD;502,00;Glastürkühlgeräte | Kühlvitrinen;544792;;;;;;;;;;Automatisch;;;;;;;;164;;;;;;;;;;;;;;;;;;;;;;;;;;;;;;;;;Elektronisch;;;;;;;;;;;;;;;;;;;;;;;1 Dreh-Glastür;;;;;;;;;;;;;428;855;386;;;;;;;;;;;;;;;;;;;42;60;;;;;;;;;;;;;;;;;;;;;27.8;C;;3.59;1311;;;;;;;Grau, ABS;Grau;;;;;;;;;;;;;;;;;;;;4 Stellfüße;;;;;;42;;;;;;;;;;;;;;;;;;;;;;;400;460;358;LED;;;;;;;;;4;;;;;;;;;;;;;38;R600a / GWP 3;;;Ventiliert;;;;;;;;;;;;;;;;;;;;;;;;Grau, ABS;;;;;;+30°C, 55% RH;;;;;;;;;;;;;;;;;;;;;;;;;38;58;;;;;;;;;;;;;;;;;;;;;;;;;;;;;;;;;;;;;;;4 Rollen, davon zwei mit Bremse;;;;2 Tragroste, grau;;;;;;;;;;;;;;;;;220-240/50;;;Ja;;;;;;;;;;;Thermometer;+2 bis +12;;;;;;;;;;;;;;;;;;;;;;;;;;;;;;;;;;;;;;;;;;;;;0.57;;;;;;;;;;;;;;;;;;;;;;;;;;;;;;;;;;;;;;230;;;;;;;;;;;;500;450;895;UPD60-GREY_Produktblatt.pdf;UPD60-GREY_Betriebsanleitung.pdf;UPD60-GREY_Ersatzteilliste.pdf;UPD60-GREY_Energielabel.pdf;UPD60-GREY_Energiepfeil.png
Tefcold;Tefcold-Kühlvitrinen;;;;Kühlvitrinen;16064;UPD80-BLACK;5708181302795;5708181302795;TEFCOLD;588,00;DEALS + | Komplett in SchwarzGlastürkühlgeräte | Kühlvitrinen;543892;;;;;;;;;;Automatisch;;;;;;;;184;;;;;;;;;;;;;;;;;;;;;;;;;;;;;;;;;Elektronisch;;;;;;;;;;;;;;;;;;;;;;;1 Dreh-Glastür;;;;;;;;;;;;;428;1000;386;;;;;;;;;;;;;;;;;;;46;80;;;;;;;;;;;;;;;;;;;;;25.9;C;;3.75;1369;;;;;;;Schwarz, ABS;Schwarz;;;;;;;;;;;;;;;;;;;;4 Stellfüße;;;;;;42;;;;;;;;;;;;;;;;;;;;;;;400;610;358;LED;;;;;;;;;4;;;;;;;;;;;;;40;R600a / GWP 3;;;Ventiliert;;;;;;;;;;;;;;;;;;;;;;;;Schwarz, ABS;;;;;;+30°C, 55% RH;;;;;;;;;;;;;;;;;;;;;;;;;41;78;;;;;;;;;;;;;;;;;;;;;;;;;;;;;;;;;;;;;;;4 Rollen, davon zwei mit Bremse;;;;3 Tragroste, schwarz;;;;;;;;;;;;;;;;;220-240/50;;;Ja;;;;;;;;;;;Thermometer;+2 bis +12;;;;;;;;;;;;;;;;;;;;;;;;;;;;;;;;;;;;;;;;;;;;;0.76;;;;;;;;;;;;;;;;;;;;;;;;;;;;;;;;;;;;;;230;;;;;;;;;;;;500;450;1045;UPD80-BLACK_Produktblatt.pdf;UPD80-BLACK_Betriebsanleitung.pdf;UPD80-BLACK_Ersatzteilliste.pdf;UPD80-BLACK_Energielabel.pdf;UPD80-BLACK_Energiepfeil.png
Tefcold;Tefcold-Kühlvitrinen;;;;Kühlvitrinen;16065;UPD80-GREY;5708181302771;5708181302771;TEFCOLD;588,00;Glastürkühlgeräte | Kühlvitrinen;543892;;;;;;;;;;Automatisch;;;;;;;;184;;;;;;;;;;;;;;;;;;;;;;;;;;;;;;;;;Elektronisch;;;;;;;;;;;;;;;;;;;;;;;1 Dreh-Glastür;;;;;;;;;;;;;428;1000;386;;;;;;;;;;;;;;;;;;;46;80;;;;;;;;;;;;;;;;;;;;;25.9;C;;3.75;1369;;;;;;;Grau, ABS;Grau;;;;;;;;;;;;;;;;;;;;4 Stellfüße;;;;;;42;;;;;;;;;;;;;;;;;;;;;;;400;610;358;LED;;;;;;;;;4;;;;;;;;;;;;;40;R600a / GWP 3;;;Ventiliert;;;;;;;;;;;;;;;;;;;;;;;;Grau, ABS;;;;;;+30°C, 55% RH;;;;;;;;;;;;;;;;;;;;;;;;;41;78;;;;;;;;;;;;;;;;;;;;;;;;;;;;;;;;;;;;;;;4 Rollen, davon zwei mit Bremse;;;;3 Tragroste, grau;;;;;;;;;;;;;;;;;220-240/50;;;Ja;;;;;;;;;;;Thermometer;+2 bis +12;;;;;;;;;;;;;;;;;;;;;;;;;;;;;;;;;;;;;;;;;;;;;0.76;;;;;;;;;;;;;;;;;;;;;;;;;;;;;;;;;;;;;;230;;;;;;;;;;;;500;450;1045;UPD80-GREY_Produktblatt.pdf;UPD80-GREY_Betriebsanleitung.pdf;UPD80-GREY_Ersatzteilliste.pdf;UPD80-GREY_Energielabel.pdf;UPD80-GREY_Energiepfeil.png
Tefcold;;;;;Kühlwannen;16394;CW2;5708181361648;5708181361648;TEFCOLD;958,00;Gastrobereich | Kühlwannen;;;;;;;;;;;Automatisch;;;;;;;;122;;;;;;;;;;;;;;;;;;;;;;;;;;;;;;;;;Elektronisch;;;;;;;;;;;;;;;;;;;;;;;;;;;;;;;;;;;;768;536;678;;;;;;;;;;;;;;;2;;;;49;69;;;;;;;;;;;;;;;;;;;;;;;;2.88;1051;;;;;;;SS 304;;;;;;;;;;;;;;;;;;;;;;;;;;;42;;;;;;;;;;;;;;;;;;;;;;;660;175;570;;;;;;;;;;;;;;;;;;;;;;;70;R600a / GWP 3;;;Statisch;;;;;;;;;;;;;;;;;;;;;;;;SS 304;;;;;;;;;;;;;;;;;;;;;;;;;;;;;;;44;68;;;;;;;;;;;;;;;;;;;;;;;;;;;;;;;;;;;;;;;;;;;;;;;;;;;;;;;;;;;;220-240/50;;;Ja;;;;;;;;;;;Thermometer;+2 bis +8;;;;;;;;;;;;;;;;;;;;;;;;;;;;;;;;;;;;;;;;;;;;;;;;;;;;;;;;;;;;;;;;;;;;;;;;;;;;;;;;;;;132;;;;;;;;;;;;820;730;680;CW2_Produktblatt.pdf;CW2_Betriebsanleitung.pdf;CW2_Ersatzteilliste.pdf;CW2_Energielabel.pdf;CW2_Energiepfeil.pdf
Tefcold;;;;;Kühlwannen;16396;CW2/V;5708181361211;5708181361211;TEFCOLD;1045,00;Gastrobereich | Kühlwannen;;;;;;;;;;;Automatisch;;;;;;;;122;;;;;;;;;;;;;;;;;;;;;;;;;;;;;;;;;Elektronisch;;;;;;;;;;;;;;;;;;;;;;;;;;;;;;;;;;;;788;636;688;;;;;;;;;;;;;;;2;;;;46;107;;;;;;;;;;;;;;;;;;;;;;;;3.66;1336;;;;;;;SS 304;;;;;;;;;;;;;;;;;;;;;;;;;;;42;;;;;;;;;;;;;;;;;;;;;;;681.6;210;547.6;;;;;;;;;;;;;;;;;;;;;;;60;R290 / GWP 3;;;Ventiliert;;;;;;;;;;;;;;;;;;;;;;;;SS 304;;;;;;;;;;;;;;;;;;;;;;;;;;;;;;;38;64;;;;;;;;;;;;;;;;;;;;;;;;;;;;;;;;;;;;;;;;;;;;;;;;;;;;;;;;;;;;220-240/50;;;Ja;;;;;;;;;;;Thermometer;+2 bis +8;;;;;;;;;;;;;;;;;;;;;;;;;;;;;;;;;;;;;;;;;;;;;;;;;;;;;;;;;;;;;;;;;;;;;;;;;;;;;;;;;;;132;;;;;;;;;;;;842;760;742;CW2_V_Produktblatt.pdf;CW2_V_Betriebsanleitung.pdf;CW2_V_Ersatzteilliste.pdf;CW2_V_Energielabel.pdf;CW2_V_Energiepfeil.pdf
Tefcold;;;;;Kühlwannen;16398;CW3;5708181361310;5708181361310;TEFCOLD;1061,00;Gastrobereich | Kühlwannen;;;;;;;;;;;Automatisch;;;;;;;;122;;;;;;;;;;;;;;;;;;;;;;;;;;;;;;;;;Elektronisch;;;;;;;;;;;;;;;;;;;;;;;;;;;;;;;;;;;;1102;536;678;;;;;;;;;;;;;;;3;;;;55;104;;;;;;;;;;;;;;;;;;;;;;;;2.88;1051;;;;;;;SS 304;;;;;;;;;;;;;;;;;;;;;;;;;;;42;;;;;;;;;;;;;;;;;;;;;;;994;175;570;;;;;;;;;;;;;;;;;;;;;;;70;R600a / GWP 3;;;Statisch;;;;;;;;;;;;;;;;;;;;;;;;SS 304;;;;;;;;;;;;;;;;;;;;;;;;;;;;;;;50;102;;;;;;;;;;;;;;;;;;;;;;;;;;;;;;;;;;;;;;;;;;;;;;;;;;;;;;;;;;;;220-240/50;;;Ja;;;;;;;;;;;Thermometer;+2 bis +8;;;;;;;;;;;;;;;;;;;;;;;;;;;;;;;;;;;;;;;;;;;;;;;;;;;;;;;;;;;;;;;;;;;;;;;;;;;;;;;;;;;96;;;;;;;;;;;;1150;730;680;CW3_Produktblatt.pdf;CW3_Betriebsanleitung.pdf;CW3_Ersatzteilliste.pdf;CW3_Energielabel.pdf;CW3_Energiepfeil.pdf
Tefcold;;;;;Kühlwannen;16400;CW3/V;5708181361334;5708181361334;TEFCOLD;1163,00;Gastrobereich | Kühlwannen;;;;;;;;;;;Automatisch;;;;;;;;122;;;;;;;;;;;;;;;;;;;;;;;;;;;;;;;;;Elektronisch;;;;;;;;;;;;;;;;;;;;;;;;;;;;;;;;;;;;1122;636;688;;;;;;;;;;;;;;;3;;;;52;161;;;;;;;;;;;;;;;;;;;;;;;;3.84;1402;;;;;;;SS 304;;;;;;;;;;;;;;;;;;;;;;;;;;;42;;;;;;;;;;;;;;;;;;;;;;;1014;186;508;;;;;;;;;;;;;;;;;;;;;;;100;R290 / GWP 3;;;Ventiliert;;;;;;;;;;;;;;;;;;;;;;;;SS 304;;;;;;;;;;;;;;;;;;;;;;;;;;;;;;;42;96;;;;;;;;;;;;;;;;;;;;;;;;;;;;;;;;;;;;;;;;;;;;;;;;;;;;;;;;;;;;220-240/50;;;Ja;;;;;;;;;;;Thermometer;+2 bis +8;;;;;;;;;;;;;;;;;;;;;;;;;;;;;;;;;;;;;;;;;;;;;;;;;;;;;;;;;;;;;;;;;;;;;;;;;;;;;;;;;;;90;;;;;;;;;;;;1176;760;742;CW3_V_Produktblatt.pdf;CW3_V_Betriebsanleitung.pdf;CW3_V_Ersatzteilliste.pdf;CW3_V_Energielabel.pdf;CW3_V_Energiepfeil.pdf
Tefcold;;;;;Kühlwannen;16402;CW4;5708181361327;5708181361327;TEFCOLD;1193,00;Gastrobereich | Kühlwannen;;;;;;;;;;;Automatisch;;;;;;;;235;;;;;;;;;;;;;;;;;;;;;;;;;;;;;;;;;Elektronisch;;;;;;;;;;;;;;;;;;;;;;;;;;;;;;;;;;;;1436;536;678;;;;;;;;;;;;;;;4;;;;80;139;;;;;;;;;;;;;;;;;;;;;;;;2.88;1051;;;;;;;SS 304;;;;;;;;;;;;;;;;;;;;;;;;;;;42;;;;;;;;;;;;;;;;;;;;;;;1326;175;570;;;;;;;;;;;;;;;;;;;;;;;135;R600a / GWP 3;;;Statisch;;;;;;;;;;;;;;;;;;;;;;;;SS 304;;;;;;;;;;;;;;;;;;;;;;;;;;;;;;;47;136;;;;;;;;;;;;;;;;;;;;;;;;;;;;;;;;;;;;;;;;;;;;;;;;;;;;;;;;;;;;220-240/50;;;Ja;;;;;;;;;;;Thermometer;+2 bis +8;;;;;;;;;;;;;;;;;;;;;;;;;;;;;;;;;;;;;;;;;;;;;;;;;;;;;;;;;;;;;;;;;;;;;;;;;;;;;;;;;;;69;;;;;;;;;;;;1490;730;680;CW4_Produktblatt.pdf;CW4_Betriebsanleitung.pdf;CW4_Ersatzteilliste.pdf;CW4_Energielabel.pdf;CW4_Energiepfeil.pdf
Tefcold;;;;;Kühlwannen;16404;CW4/V;5708181361259;5708181361259;TEFCOLD;1310,00;Gastrobereich | Kühlwannen;;;;;;;;;;;Automatisch;;;;;;;;235;;;;;;;;;;;;;;;;;;;;;;;;;;;;;;;;;Elektronisch;;;;;;;;;;;;;;;;;;;;;;;;;;;;;;;;;;;;1456;636;688;;;;;;;;;;;;;;;4;;;;58;213;;;;;;;;;;;;;;;;;;;;;;;;4.56;1664;;;;;;;SS 304;;;;;;;;;;;;;;;;;;;;;;;;;;;42;;;;;;;;;;;;;;;;;;;;;;;1344;186;508;;;;;;;;;;;;;;;;;;;;;;;120;R290 / GWP 3;;;Ventiliert;;;;;;;;;;;;;;;;;;;;;;;;SS 304;;;;;;;;;;;;;;;;;;;;;;;;;;;;;;;46;127;;;;;;;;;;;;;;;;;;;;;;;;;;;;;;;;;;;;;;;;;;;;;;;;;;;;;;;;;;;;220-240/50;;;Ja;;;;;;;;;;;Thermometer;+2 bis +8;;;;;;;;;;;;;;;;;;;;;;;;;;;;;;;;;;;;;;;;;;;;;;;;;;;;;;;;;;;;;;;;;;;;;;;;;;;;;;;;;;;69;;;;;;;;;;;;1510;760;742;CW4_V_Produktblatt.pdf;CW4_V_Betriebsanleitung.pdf;CW4_V_Ersatzteilliste.pdf;CW4_V_Energielabel.pdf;CW4_V_Energiepfeil.pdf
Tefcold;;;;;Kühlwannen;16406;CW5;5708181361679;5708181361679;TEFCOLD;1291,00;Gastrobereich | Kühlwannen;;;;;;;;;;;Automatisch;;;;;;;;235;;;;;;;;;;;;;;;;;;;;;;;;;;;;;;;;;Elektronisch;;;;;;;;;;;;;;;;;;;;;;;;;;;;;;;;;;;;1770;536;678;;;;;;;;;;;;;;;5;;;;91;170;;;;;;;;;;;;;;;;;;;;;;;;2.88;1051;;;;;;;SS 304;;;;;;;;;;;;;;;;;;;;;;;;;;;42;;;;;;;;;;;;;;;;;;;;;;;1662;175;570;;;;;;;;;;;;;;;;;;;;;;;135;R600a / GWP 3;;;Statisch;;;;;;;;;;;;;;;;;;;;;;;;SS 304;;;;;;;;;;;;;;;;;;;;;;;;;;;;;;;86;166;;;;;;;;;;;;;;;;;;;;;;;;;;;;;;;;;;;;;;;;;;;;;;;;;;;;;;;;;;;;220-240/50;;;Ja;;;;;;;;;;;Thermometer;+2 bis +8;;;;;;;;;;;;;;;;;;;;;;;;;;;;;;;;;;;;;;;;;;;;;;;;;;;;;;;;;;;;;;;;;;;;;;;;;;;;;;;;;;;57;;;;;;;;;;;;1810;730;680;CW5_Produktblatt.pdf;CW5_Betriebsanleitung.pdf;CW5_Ersatzteilliste.pdf;CW5_Energielabel.pdf;CW5_Energiepfeil.pdf
Tefcold;;;;;Kühlwannen;16409;CW5/V;5708181361266;5708181361266;TEFCOLD;1505,00;Gastrobereich | Kühlwannen;;;;;;;;;;;Automatisch;;;;;;;;235;;;;;;;;;;;;;;;;;;;;;;;;;;;;;;;;;Elektronisch;;;;;;;;;;;;;;;;;;;;;;;;;;;;;;;;;;;;1790;676;688;;;;;;;;;;;;;;;5;;;;64;266;;;;;;;;;;;;;;;;;;;;;;;;4.56;1664;;;;;;;SS 304;;;;;;;;;;;;;;;;;;;;;;;;;;;42;;;;;;;;;;;;;;;;;;;;;;;1683.6;210;547;;;;;;;;;;;;;;;;;;;;;;;130;R290 / GWP 3;;;Ventiliert;;;;;;;;;;;;;;;;;;;;;;;;SS 304;;;;;;;;;;;;;;;;;;;;;;;;;;;;;;;50;159;;;;;;;;;;;;;;;;;;;;;;;;;;;;;;;;;;;;;;;;;;;;;;;;;;;;;;;;;;;;220-240/50;;;Ja;;;;;;;;;;;Thermometer;+2 bis +8;;;;;;;;;;;;;;;;;;;;;;;;;;;;;;;;;;;;;;;;;;;;;;;;;;;;;;;;;;;;;;;;;;;;;;;;;;;;;;;;;;;57;;;;;;;;;;;;1850;750;820;CW5_V_Produktblatt.pdf;CW5_V_Betriebsanleitung.pdf;CW5_V_Ersatzteilliste.pdf;CW5_V_Energielabel.pdf;CW5_V_Energiepfeil.pdf
Tefcold;;;;;Kühlzellen;44162;CRPF1212;5708181711597;5708181711597;TEFCOLD;4563,00;Kühlzellen | Kühlzellen;;;;;;;;;;;Automatisch, Heißgas;;;;;;;;830;;;;;;;;;;;;;;;;;;;;;;;;;;;;;;;;;Elektronisch;;;;;;;;;;;;;;;;;;;;;;;1 Dreh-Volltür B:580 H:1845;;;;;;;;;;;;;1200;2200;1200;;;;;;;;;;;;;;;;;;;275;;;;;;;;;;;;;;;;;;;;;;;;;17.93;6545;;;;;;;Weiß;;;;;;;;;;;;;;;;;;;;;;;;;;;60;;;;;;;;;;;;;;;;;;;;;;;1040;2040;1040;LED;;;80;;;;;;;;;;;;;;;;;;;130;R290 / GWP 3;;;Ventiliert;;;;;;;;;;;;;;;;;;;;;;;;Weiß;;;;;;;;;;;;;;;;;;;;;;;;;;;;;;;245;;;;;;;;;;;;;;;;;;;;;;;;;;;;;;;;;;;;;;;;;;;;;;;;;;;;;;;;;;;;;220-240/50;;;Ja;;;;;;;;;;;Thermometer;0 bis +8;;;;;;;;;;;;;;;Ja;;;;Ja;;;;;;;;;;;;;;;;;;2.2;;;;;;;;;;;;;;;;;;;;;;;;;;;;;;;;;;;;;;;;;;;;;;14;42;;;;;;;;1500;;;2000;1300;2400;CRPF1212_Produktblatt.pdf;CRPF1212_Betriebsanleitung.pdf;CRPF1212_Ersatzteilliste.pdf;CRPF1212_Energielabel.pdf;CRPF1212_Energiepfeil.pdf
Tefcold;;;;;Kühlzellen;44163;CRPF1215;5708181711597;5708181711597;TEFCOLD;4692,00;Kühlzellen | Kühlzellen;;;;;;;;;;;Automatisch, Heißgas;;;;;;;;830;;;;;;;;;;;;;;;;;;;;;;;;;;;;;;;;;Elektronisch;;;;;;;;;;;;;;;;;;;;;;;1 Dreh-Volltür B:580 H:1845;;;;;;;;;;;;;1200;2200;1500;;;;;;;;;;;;;;;;;;;280;;;;;;;;;;;;;;;;;;;;;;;;;17.93;6545;;;;;;;Weiß;;;;;;;;;;;;;;;;;;;;;;;;;;;60;;;;;;;;;;;;;;;;;;;;;;;1040;2040;1340;LED;;;80;;;;;;;;;;;;;;;;;;;130;R290 / GWP 3;;;Ventiliert;;;;;;;;;;;;;;;;;;;;;;;;Weiß;;;;;;;;;;;;;;;;;;;;;;;;;;;;;;;250;;;;;;;;;;;;;;;;;;;;;;;;;;;;;;;;;;;;;;;;;;;;;;;;;;;;;;;;;;;;;220-240/50;;;Ja;;;;;;;;;;;Thermometer;0 bis +8;;;;;;;;;;;;;;;Ja;;;;Ja;;;;;;;;;;;;;;;;;;2.84;;;;;;;;;;;;;;;;;;;;;;;;;;;;;;;;;;;;;;;;;;;;;;14;42;;;;;;;;1500;;;2000;1300;2400;CRPF1215_Produktblatt.pdf;CRPF1215_Betriebsanleitung.pdf;CRPF1215_Ersatzteilliste.pdf;CRPF1215_Energielabel.pdf;CRPF1215_Energiepfeil.pdf
Tefcold;;;;;Kühlzellen;44164;CRPF1218;5708181711597;5708181711597;TEFCOLD;5015,00;Kühlzellen | Kühlzellen;;;;;;;;;;;Automatisch, Heißgas;;;;;;;;830;;;;;;;;;;;;;;;;;;;;;;;;;;;;;;;;;Elektronisch;;;;;;;;;;;;;;;;;;;;;;;1 Dreh-Volltür B:580 H:1845;;;;;;;;;;;;;1200;2200;1800;;;;;;;;;;;;;;;;;;;285;;;;;;;;;;;;;;;;;;;;;;;;;17.93;6545;;;;;;;Weiß;;;;;;;;;;;;;;;;;;;;;;;;;;;60;;;;;;;;;;;;;;;;;;;;;;;1040;2040;1640;LED;;;80;;;;;;;;;;;;;;;;;;;130;R290 / GWP 3;;;Ventiliert;;;;;;;;;;;;;;;;;;;;;;;;Weiß;;;;;;;;;;;;;;;;;;;;;;;;;;;;;;;255;;;;;;;;;;;;;;;;;;;;;;;;;;;;;;;;;;;;;;;;;;;;;;;;;;;;;;;;;;;;;220-240/50;;;Ja;;;;;;;;;;;Thermometer;0 bis +8;;;;;;;;;;;;;;;Ja;;;;Ja;;;;;;;;;;;;;;;;;;3.48;;;;;;;;;;;;;;;;;;;;;;;;;;;;;;;;;;;;;;;;;;;;;;14;42;;;;;;;;1500;;;2200;1300;2400;CRPF1218_Produktblatt.pdf;CRPF1218_Betriebsanleitung.pdf;CRPF1218_Ersatzteilliste.pdf;CRPF1218_Energielabel.pdf;CRPF1218_Energiepfeil.pdf
Tefcold;;;;;Kühlzellen;44165;CRPF1221;5708181711597;5708181711597;TEFCOLD;5334,00;Kühlzellen | Kühlzellen;;;;;;;;;;;Automatisch, Heißgas;;;;;;;;830;;;;;;;;;;;;;;;;;;;;;;;;;;;;;;;;;Elektronisch;;;;;;;;;;;;;;;;;;;;;;;1 Dreh-Volltür B:580 H:1845;;;;;;;;;;;;;1200;2200;2100;;;;;;;;;;;;;;;;;;;290;;;;;;;;;;;;;;;;;;;;;;;;;17.93;6545;;;;;;;Weiß;;;;;;;;;;;;;;;;;;;;;;;;;;;60;;;;;;;;;;;;;;;;;;;;;;;1040;2040;1940;LED;;;80;;;;;;;;;;;;;;;;;;;130;R290 / GWP 3;;;Ventiliert;;;;;;;;;;;;;;;;;;;;;;;;Weiß;;;;;;;;;;;;;;;;;;;;;;;;;;;;;;;260;;;;;;;;;;;;;;;;;;;;;;;;;;;;;;;;;;;;;;;;;;;;;;;;;;;;;;;;;;;;;220-240/50;;;Ja;;;;;;;;;;;Thermometer;0 bis +8;;;;;;;;;;;;;;;Ja;;;;Ja;;;;;;;;;;;;;;;;;;4.1;;;;;;;;;;;;;;;;;;;;;;;;;;;;;;;;;;;;;;;;;;;;;;14;42;;;;;;;;1500;;;2200;1300;2400;CRPF1221_Produktblatt.pdf;CRPF1221_Betriebsanleitung.pdf;CRPF1221_Ersatzteilliste.pdf;CRPF1221_Energielabel.pdf;CRPF1221_Energiepfeil.pdf
Tefcold;;;;;Kühlzellen;44166;CRPF1224;5708181711597;5708181711597;TEFCOLD;5844,00;Kühlzellen | Kühlzellen;;;;;;;;;;;Automatisch, Heißgas;;;;;;;;830;;;;;;;;;;;;;;;;;;;;;;;;;;;;;;;;;Elektronisch;;;;;;;;;;;;;;;;;;;;;;;1 Dreh-Volltür B:580 H:1845;;;;;;;;;;;;;1200;2200;2400;;;;;;;;;;;;;;;;;;;300;;;;;;;;;;;;;;;;;;;;;;;;;17.93;6545;;;;;;;Weiß;;;;;;;;;;;;;;;;;;;;;;;;;;;60;;;;;;;;;;;;;;;;;;;;;;;1040;2040;2240;LED;;;80;;;;;;;;;;;;;;;;;;;130;R290 / GWP 3;;;Ventiliert;;;;;;;;;;;;;;;;;;;;;;;;Weiß;;;;;;;;;;;;;;;;;;;;;;;;;;;;;;;270;;;;;;;;;;;;;;;;;;;;;;;;;;;;;;;;;;;;;;;;;;;;;;;;;;;;;;;;;;;;;220-240/50;;;Ja;;;;;;;;;;;Thermometer;0 bis +8;;;;;;;;;;;;;;;Ja;;;;Ja;;;;;;;;;;;;;;;;;;4.75;;;;;;;;;;;;;;;;;;;;;;;;;;;;;;;;;;;;;;;;;;;;;;8;42;;;;;;;;1500;;;2500;1300;2400;CRPF1224_Produktblatt.pdf;CRPF1224_Betriebsanleitung.pdf;CRPF1224_Ersatzteilliste.pdf;CRPF1224_Energielabel.pdf;CRPF1224_Energiepfeil.pdf
Tefcold;;;;;Kühlzellen;44167;CRPF1227;5708181711603;5708181711603;TEFCOLD;6138,00;Kühlzellen | Kühlzellen;;;;;;;;;;;Automatisch, Heißgas;;;;;;;;860;;;;;;;;;;;;;;;;;;;;;;;;;;;;;;;;;Elektronisch;;;;;;;;;;;;;;;;;;;;;;;1 Dreh-Volltür B:580 H:1845;;;;;;;;;;;;;1200;2200;2700;;;;;;;;;;;;;;;;;;;315;;;;;;;;;;;;;;;;;;;;;;;;;18.72;6833;;;;;;;Weiß;;;;;;;;;;;;;;;;;;;;;;;;;;;60;;;;;;;;;;;;;;;;;;;;;;;1040;2040;2540;LED;;;80;;;;;;;;;;;;;;;;;;;130;R290 / GWP 3;;;Ventiliert;;;;;;;;;;;;;;;;;;;;;;;;Weiß;;;;;;;;;;;;;;;;;;;;;;;;;;;;;;;285;;;;;;;;;;;;;;;;;;;;;;;;;;;;;;;;;;;;;;;;;;;;;;;;;;;;;;;;;;;;;220-240/50;;;Ja;;;;;;;;;;;Thermometer;0 bis +8;;;;;;;;;;;;;;;Ja;;;;Ja;;;;;;;;;;;;;;;;;;5.39;;;;;;;;;;;;;;;;;;;;;;;;;;;;;;;;;;;;;;;;;;;;;;8;42;;;;;;;;1500;;;2500;1300;2400;CRPF1227_Produktblatt.pdf;CRPF1227_Betriebsanleitung.pdf;CRPF1227_Ersatzteilliste.pdf;CRPF1227_Energielabel.pdf;CRPF1227_Energiepfeil.pdf
Tefcold;;;;;Kühlzellen;44168;CRPF1230;5708181711603;5708181711603;TEFCOLD;7043,00;Kühlzellen | Kühlzellen;;;;;;;;;;;Automatisch, Heißgas;;;;;;;;860;;;;;;;;;;;;;;;;;;;;;;;;;;;;;;;;;Elektronisch;;;;;;;;;;;;;;;;;;;;;;;1 Dreh-Volltür B:580 H:1845;;;;;;;;;;;;;1200;2200;3000;;;;;;;;;;;;;;;;;;;325;;;;;;;;;;;;;;;;;;;;;;;;;18.72;6833;;;;;;;Weiß;;;;;;;;;;;;;;;;;;;;;;;;;;;60;;;;;;;;;;;;;;;;;;;;;;;1040;2040;2840;LED;;;80;;;;;;;;;;;;;;;;;;;130;R290 / GWP 3;;;Ventiliert;;;;;;;;;;;;;;;;;;;;;;;;Weiß;;;;;;;;;;;;;;;;;;;;;;;;;;;;;;;295;;;;;;;;;;;;;;;;;;;;;;;;;;;;;;;;;;;;;;;;;;;;;;;;;;;;;;;;;;;;;220-240/50;;;Ja;;;;;;;;;;;Thermometer;0 bis +8;;;;;;;;;;;;;;;Ja;;;;Ja;;;;;;;;;;;;;;;;;;6.03;;;;;;;;;;;;;;;;;;;;;;;;;;;;;;;;;;;;;;;;;;;;;;3;42;;;;;;;;1500;;;3100;1300;2400;CRPF1230_Produktblatt.pdf;CRPF1230_Betriebsanleitung.pdf;CRPF1230_Ersatzteilliste.pdf;CRPF1230_Energielabel.pdf;CRPF1230_Energiepfeil.pdf
Tefcold;;;;;Kühlzellen;44169;CRPF1515;5708181711597;5708181711597;TEFCOLD;5022,00;Kühlzellen | Kühlzellen;;;;;;;;;;;Automatisch, Heißgas;;;;;;;;830;;;;;;;;;;;;;;;;;;;;;;;;;;;;;;;;;Elektronisch;;;;;;;;;;;;;;;;;;;;;;;1 Dreh-Volltür B:700 H:1845;;;;;;;;;;;;;1500;2200;1500;;;;;;;;;;;;;;;;;;;309;;;;;;;;;;;;;;;;;;;;;;;;;17.93;6545;;;;;;;Weiß;;;;;;;;;;;;;;;;;;;;;;;;;;;60;;;;;;;;;;;;;;;;;;;;;;;1340;2040;1340;LED;;;80;;;;;;;;;;;;;;;;;;;130;R290 / GWP 3;;;Ventiliert;;;;;;;;;;;;;;;;;;;;;;;;Weiß;;;;;;;;;;;;;;;;;;;;;;;;;;;;;;;279;;;;;;;;;;;;;;;;;;;;;;;;;;;;;;;;;;;;;;;;;;;;;;;;;;;;;;;;;;;;;220-240/50;;;Ja;;;;;;;;;;;Thermometer;0 bis +8;;;;;;;;;;;;;;;Ja;;;;Ja;;;;;;;;;;;;;;;;;;3.66;;;;;;;;;;;;;;;;;;;;;;;;;;;;;;;;;;;;;;;;;;;;;;7;42;;;;;;;;1500;;;2200;1300;2400;CRPF1515_Produktblatt.pdf;CRPF1515_Betriebsanleitung.pdf;CRPF1515_Ersatzteilliste.pdf;CRPF1515_Energielabel.pdf;CRPF1515_Energiepfeil.pdf
Tefcold;;;;;Kühlzellen;44170;CRPF1518;5708181711597;5708181711597;TEFCOLD;5440,00;Kühlzellen | Kühlzellen;;;;;;;;;;;Automatisch, Heißgas;;;;;;;;830;;;;;;;;;;;;;;;;;;;;;;;;;;;;;;;;;Elektronisch;;;;;;;;;;;;;;;;;;;;;;;1 Dreh-Volltür B:700 H:1845;;;;;;;;;;;;;1500;2200;1800;;;;;;;;;;;;;;;;;;;304;;;;;;;;;;;;;;;;;;;;;;;;;17.93;6545;;;;;;;Weiß;;;;;;;;;;;;;;;;;;;;;;;;;;;60;;;;;;;;;;;;;;;;;;;;;;;1340;2040;1640;LED;;;80;;;;;;;;;;;;;;;;;;;130;R290 / GWP 3;;;Ventiliert;;;;;;;;;;;;;;;;;;;;;;;;Weiß;;;;;;;;;;;;;;;;;;;;;;;;;;;;;;;284;;;;;;;;;;;;;;;;;;;;;;;;;;;;;;;;;;;;;;;;;;;;;;;;;;;;;;;;;;;;;220-240/50;;;Ja;;;;;;;;;;;Thermometer;0 bis +8;;;;;;;;;;;;;;;Ja;;;;Ja;;;;;;;;;;;;;;;;;;4.48;;;;;;;;;;;;;;;;;;;;;;;;;;;;;;;;;;;;;;;;;;;;;;14;42;;;;;;;;1500;;;2200;1300;2400;CRPF1518_Produktblatt.pdf;CRPF1518_Betriebsanleitung.pdf;CRPF1518_Ersatzteilliste.pdf;CRPF1518_Energielabel.pdf;CRPF1518_Energiepfeil.pdf
Tefcold;;;;;Kühlzellen;44171;CRPF1521;5708181711603;5708181711603;TEFCOLD;5639,00;Kühlzellen | Kühlzellen;;;;;;;;;;;Automatisch, Heißgas;;;;;;;;860;;;;;;;;;;;;;;;;;;;;;;;;;;;;;;;;;Elektronisch;;;;;;;;;;;;;;;;;;;;;;;1 Dreh-Volltür B:700 H:1845;;;;;;;;;;;;;1500;2200;2100;;;;;;;;;;;;;;;;;;;321;;;;;;;;;;;;;;;;;;;;;;;;;18.72;6833;;;;;;;Weiß;;;;;;;;;;;;;;;;;;;;;;;;;;;60;;;;;;;;;;;;;;;;;;;;;;;1340;2040;1940;LED;;;80;;;;;;;;;;;;;;;;;;;130;R290 / GWP 3;;;Ventiliert;;;;;;;;;;;;;;;;;;;;;;;;Weiß;;;;;;;;;;;;;;;;;;;;;;;;;;;;;;;291;;;;;;;;;;;;;;;;;;;;;;;;;;;;;;;;;;;;;;;;;;;;;;;;;;;;;;;;;;;;;220-240/50;;;Ja;;;;;;;;;;;Thermometer;0 bis +8;;;;;;;;;;;;;;;Ja;;;;Ja;;;;;;;;;;;;;;;;;;5.3;;;;;;;;;;;;;;;;;;;;;;;;;;;;;;;;;;;;;;;;;;;;;;14;42;;;;;;;;1500;;;2200;1300;2400;CRPF1521_Produktblatt.pdf;CRPF1521_Betriebsanleitung.pdf;CRPF1521_Ersatzteilliste.pdf;CRPF1521_Energielabel.pdf;CRPF1521_Energiepfeil.pdf
Tefcold;;;;;Kühlzellen;44172;CRPF1524;5708181711603;5708181711603;TEFCOLD;6107,00;Kühlzellen | Kühlzellen;;;;;;;;;;;Automatisch, Heißgas;;;;;;;;860;;;;;;;;;;;;;;;;;;;;;;;;;;;;;;;;;Elektronisch;;;;;;;;;;;;;;;;;;;;;;;1 Dreh-Volltür B:700 H:1845;;;;;;;;;;;;;1500;2200;2400;;;;;;;;;;;;;;;;;;;326;;;;;;;;;;;;;;;;;;;;;;;;;18.72;6833;;;;;;;Weiß;;;;;;;;;;;;;;;;;;;;;;;;;;;60;;;;;;;;;;;;;;;;;;;;;;;1340;2040;2240;LED;;;80;;;;;;;;;;;;;;;;;;;130;R290 / GWP 3;;;Ventiliert;;;;;;;;;;;;;;;;;;;;;;;;Weiß;;;;;;;;;;;;;;;;;;;;;;;;;;;;;;;296;;;;;;;;;;;;;;;;;;;;;;;;;;;;;;;;;;;;;;;;;;;;;;;;;;;;;;;;;;;;;220-240/50;;;Ja;;;;;;;;;;;Thermometer;0 bis +8;;;;;;;;;;;;;;;Ja;;;;Ja;;;;;;;;;;;;;;;;;;6.12;;;;;;;;;;;;;;;;;;;;;;;;;;;;;;;;;;;;;;;;;;;;;;12;42;;;;;;;;1500;;;2200;1600;2400;CRPF1524_Produktblatt.pdf;CRPF1524_Betriebsanleitung.pdf;CRPF1524_Ersatzteilliste.pdf;CRPF1524_Energielabel.pdf;CRPF1524_Energiepfeil.pdf
Tefcold;;;;;Kühlzellen;44173;CRPF1527;5708181711603;5708181711603;TEFCOLD;6418,00;Kühlzellen | Kühlzellen;;;;;;;;;;;Automatisch, Heißgas;;;;;;;;860;;;;;;;;;;;;;;;;;;;;;;;;;;;;;;;;;Elektronisch;;;;;;;;;;;;;;;;;;;;;;;1 Dreh-Volltür B:700 H:1845;;;;;;;;;;;;;1500;2200;2700;;;;;;;;;;;;;;;;;;;335;;;;;;;;;;;;;;;;;;;;;;;;;18.72;6833;;;;;;;Weiß;;;;;;;;;;;;;;;;;;;;;;;;;;;60;;;;;;;;;;;;;;;;;;;;;;;1340;2040;2540;LED;;;80;;;;;;;;;;;;;;;;;;;130;R290 / GWP 3;;;Ventiliert;;;;;;;;;;;;;;;;;;;;;;;;Weiß;;;;;;;;;;;;;;;;;;;;;;;;;;;;;;;305;;;;;;;;;;;;;;;;;;;;;;;;;;;;;;;;;;;;;;;;;;;;;;;;;;;;;;;;;;;;;220-240/50;;;Ja;;;;;;;;;;;Thermometer;0 bis +8;;;;;;;;;;;;;;;Ja;;;;Ja;;;;;;;;;;;;;;;;;;6.94;;;;;;;;;;;;;;;;;;;;;;;;;;;;;;;;;;;;;;;;;;;;;;12;42;;;;;;;;1500;;;2000;1600;2400;CRPF1527_Produktblatt.pdf;CRPF1527_Betriebsanleitung.pdf;CRPF1527_Ersatzteilliste.pdf;CRPF1527_Energielabel.pdf;CRPF1527_Energiepfeil.pdf
Tefcold;;;;;Kühlzellen;44174;CRPF1530;5708181734701;5708181734701;TEFCOLD;6768,00;Kühlzellen | Kühlzellen;;;;;;;;;;;Automatisch, Heißgas;;;;;;;;905;;;;;;;;;;;;;;;;;;;;;;;;;;;;;;;;;Elektronisch;;;;;;;;;;;;;;;;;;;;;;;1 Dreh-Volltür B:700 H:1845;;;;;;;;;;;;;1500;2200;3000;;;;;;;;;;;;;;;;;;;352;;;;;;;;;;;;;;;;;;;;;;;;;21.12;7709;;;;;;;Weiß;;;;;;;;;;;;;;;;;;;;;;;;;;;60;;;;;;;;;;;;;;;;;;;;;;;1340;2040;2840;LED;;;80;;;;;;;;;;;;;;;;;;;150;R290 / GWP 3;;;Ventiliert;;;;;;;;;;;;;;;;;;;;;;;;Weiß;;;;;;;;;;;;;;;;;;;;;;;;;;;;;;;322;;;;;;;;;;;;;;;;;;;;;;;;;;;;;;;;;;;;;;;;;;;;;;;;;;;;;;;;;;;;;220-240/50;;;Ja;;;;;;;;;;;Thermometer;0 bis +8;;;;;;;;;;;;;;;Ja;;;;Ja;;;;;;;;;;;;;;;;;;7.76;;;;;;;;;;;;;;;;;;;;;;;;;;;;;;;;;;;;;;;;;;;;;;10;42;;;;;;;;1500;;;2200;1900;2400;CRPF1530_Produktblatt.pdf;CRPF1530_Betriebsanleitung.pdf;CRPF1530_Ersatzteilliste.pdf;CRPF1530_Energielabel.pdf;CRPF1530_Energiepfeil.pdf
Tefcold;;;;;Kühlzellen;44394;CRPF1815;5708181711597;5708181711597;TEFCOLD;5434,00;Kühlzellen | Kühlzellen;;;;;;;;;;;Automatisch, Heißgas;;;;;;;;830;;;;;;;;;;;;;;;;;;;;;;;;;;;;;;;;;Elektronisch;;;;;;;;;;;;;;;;;;;;;;;1 Dreh-Volltür B:700 H:1845;;;;;;;;;;;;;1800;2200;1500;;;;;;;;;;;;;;;;;;;362;;;;;;;;;;;;;;;;;;;;;;;;;17.93;6545;;;;;;;Weiß;;;;;;;;;;;;;;;;;;;;;;;;;;;60;;;;;;;;;;;;;;;;;;;;;;;1640;2040;1340;LED;;;80;;;;;;;;;;;;;;;;;;;130;R290 / GWP 3;;;Ventiliert;;;;;;;;;;;;;;;;;;;;;;;;Weiß;;;;;;;;;;;;;;;;;;;;;;;;;;;;;;;332;;;;;;;;;;;;;;;;;;;;;;;;;;;;;;;;;;;;;;;;;;;;;;;;;;;;;;;;;;;;;220-240/50;;;Ja;;;;;;;;;;;Thermometer;0 bis +8;;;;;;;;;;;;;;;Ja;;;;Ja;;;;;;;;;;;;;;;;;;4.48;;;;;;;;;;;;;;;;;;;;;;;;;;;;;;;;;;;;;;;;;;;;;;14;42;;;;;;;;1500;;;2200;1300;2400;CRPF1815_Produktblatt.pdf;CRPF1815_Betriebsanleitung.pdf;CRPF1815_Ersatzteilliste.pdf;CRPF1815_Energielabel.pdf;CRPF1815_Energiepfeil.pdf
Tefcold;;;;;Kühlzellen;44175;CRPF1818;5708181711603;5708181711603;TEFCOLD;5713,00;Kühlzellen | Kühlzellen;;;;;;;;;;;Automatisch, Heißgas;;;;;;;;860;;;;;;;;;;;;;;;;;;;;;;;;;;;;;;;;;Elektronisch;;;;;;;;;;;;;;;;;;;;;;;1 Dreh-Volltür B:700 H:1845;;;;;;;;;;;;;1800;2200;1800;;;;;;;;;;;;;;;;;;;475;;;;;;;;;;;;;;;;;;;;;;;;;18.72;6833;;;;;;;Weiß;;;;;;;;;;;;;;;;;;;;;;;;;;;60;;;;;;;;;;;;;;;;;;;;;;;1640;2040;1640;LED;;;80;;;;;;;;;;;;;;;;;;;130;R290 / GWP 3;;;Ventiliert;;;;;;;;;;;;;;;;;;;;;;;;Weiß;;;;;;;;;;;;;;;;;;;;;;;;;;;;;;;445;;;;;;;;;;;;;;;;;;;;;;;;;;;;;;;;;;;;;;;;;;;;;;;;;;;;;;;;;;;;;220-240/50;;;Ja;;;;;;;;;;;Thermometer;0 bis +8;;;;;;;;;;;;;;;Ja;;;;Ja;;;;;;;;;;;;;;;;;;5.49;;;;;;;;;;;;;;;;;;;;;;;;;;;;;;;;;;;;;;;;;;;;;;14;42;;;;;;;;1500;;;2150;1250;2400;CRPF1818_Produktblatt.pdf;CRPF1818_Betriebsanleitung.pdf;CRPF1818_Ersatzteilliste.pdf;CRPF1818_Energielabel.pdf;CRPF1818_Energiepfeil.pdf
Tefcold;;;;;Kühlzellen;44176;CRPF1821;5708181711603;5708181711603;TEFCOLD;5941,00;Kühlzellen | Kühlzellen;;;;;;;;;;;Automatisch, Heißgas;;;;;;;;860;;;;;;;;;;;;;;;;;;;;;;;;;;;;;;;;;Elektronisch;;;;;;;;;;;;;;;;;;;;;;;1 Dreh-Volltür B:700 H:1845;;;;;;;;;;;;;1800;2200;2100;;;;;;;;;;;;;;;;;;;485;;;;;;;;;;;;;;;;;;;;;;;;;18.72;6833;;;;;;;Weiß;;;;;;;;;;;;;;;;;;;;;;;;;;;60;;;;;;;;;;;;;;;;;;;;;;;1640;2040;1940;LED;;;80;;;;;;;;;;;;;;;;;;;130;R290 / GWP 3;;;Ventiliert;;;;;;;;;;;;;;;;;;;;;;;;Weiß;;;;;;;;;;;;;;;;;;;;;;;;;;;;;;;452;;;;;;;;;;;;;;;;;;;;;;;;;;;;;;;;;;;;;;;;;;;;;;;;;;;;;;;;;;;;;220-240/50;;;Ja;;;;;;;;;;;Thermometer;0 bis +8;;;;;;;;;;;;;;;Ja;;;;Ja;;;;;;;;;;;;;;;;;;6.49;;;;;;;;;;;;;;;;;;;;;;;;;;;;;;;;;;;;;;;;;;;;;;14;42;;;;;;;;1500;;;2200;1300;2400;CRPF1821_Produktblatt.pdf;CRPF1821_Betriebsanleitung.pdf;CRPF1821_Ersatzteilliste.pdf;CRPF1821_Energielabel.pdf;CRPF1821_Energiepfeil.pdf
Tefcold;;;;;Kühlzellen;44177;CRPF1824;5708181711610;5708181711610;TEFCOLD;6401,00;Kühlzellen | Kühlzellen;;;;;;;;;;;Automatisch, Heißgas;;;;;;;;860;;;;;;;;;;;;;;;;;;;;;;;;;;;;;;;;;Elektronisch;;;;;;;;;;;;;;;;;;;;;;;1 Dreh-Volltür B:700 H:1845;;;;;;;;;;;;;1800;2200;2400;;;;;;;;;;;;;;;;;;;500;;;;;;;;;;;;;;;;;;;;;;;;;18.72;6833;;;;;;;Weiß;;;;;;;;;;;;;;;;;;;;;;;;;;;60;;;;;;;;;;;;;;;;;;;;;;;1640;2040;2240;LED;;;80;;;;;;;;;;;;;;;;;;;130;R290 / GWP 3;;;Ventiliert;;;;;;;;;;;;;;;;;;;;;;;;Weiß;;;;;;;;;;;;;;;;;;;;;;;;;;;;;;;470;;;;;;;;;;;;;;;;;;;;;;;;;;;;;;;;;;;;;;;;;;;;;;;;;;;;;;;;;;;;;220-240/50;;;Ja;;;;;;;;;;;Thermometer;0 bis +8;;;;;;;;;;;;;;;Ja;;;;Ja;;;;;;;;;;;;;;;;;;7.49;;;;;;;;;;;;;;;;;;;;;;;;;;;;;;;;;;;;;;;;;;;;;;12;42;;;;;;;;1500;;;2100;1250;2400;CRPF1824_Produktblatt.pdf;CRPF1824_Betriebsanleitung.pdf;CRPF1824_Ersatzteilliste.pdf;CRPF1824_Energielabel.pdf;CRPF1824_Energiepfeil.pdf
Tefcold;;;;;Kühlzellen;44178;CRPF1827;5708181711610;5708181711610;TEFCOLD;6801,00;Kühlzellen | Kühlzellen;;;;;;;;;;;Automatisch, Heißgas;;;;;;;;905;;;;;;;;;;;;;;;;;;;;;;;;;;;;;;;;;Elektronisch;;;;;;;;;;;;;;;;;;;;;;;1 Dreh-Volltür B:700 H:1845;;;;;;;;;;;;;1800;2200;2700;;;;;;;;;;;;;;;;;;;520;;;;;;;;;;;;;;;;;;;;;;;;;21.12;7709;;;;;;;Weiß;;;;;;;;;;;;;;;;;;;;;;;;;;;60;;;;;;;;;;;;;;;;;;;;;;;1640;2040;2540;LED;;;80;;;;;;;;;;;;;;;;;;;150;R290 / GWP 3;;;Ventiliert;;;;;;;;;;;;;;;;;;;;;;;;Weiß;;;;;;;;;;;;;;;;;;;;;;;;;;;;;;;490;;;;;;;;;;;;;;;;;;;;;;;;;;;;;;;;;;;;;;;;;;;;;;;;;;;;;;;;;;;;;220-240/50;;;Ja;;;;;;;;;;;Thermometer;0 bis +8;;;;;;;;;;;;;;;Ja;;;;Ja;;;;;;;;;;;;;;;;;;8.5;;;;;;;;;;;;;;;;;;;;;;;;;;;;;;;;;;;;;;;;;;;;;;10;42;;;;;;;;1500;;;2200;1900;2400;CRPF1827_Produktblatt.pdf;CRPF1827_Betriebsanleitung.pdf;CRPF1827_Ersatzteilliste.pdf;CRPF1827_Energielabel.pdf;CRPF1827_Energiepfeil.pdf
Tefcold;;;;;Kühlzellen;44179;CRPF1830;5708181711610;5708181711610;TEFCOLD;7467,00;Kühlzellen | Kühlzellen;;;;;;;;;;;Automatisch, Heißgas;;;;;;;;905;;;;;;;;;;;;;;;;;;;;;;;;;;;;;;;;;Elektronisch;;;;;;;;;;;;;;;;;;;;;;;1 Dreh-Volltür B:700 H:1845;;;;;;;;;;;;;1800;2200;3000;;;;;;;;;;;;;;;;;;;635;;;;;;;;;;;;;;;;;;;;;;;;;21.12;7709;;;;;;;Weiß;;;;;;;;;;;;;;;;;;;;;;;;;;;60;;;;;;;;;;;;;;;;;;;;;;;1640;2040;2840;LED;;;80;;;;;;;;;;;;;;;;;;;150;R290 / GWP 3;;;Ventiliert;;;;;;;;;;;;;;;;;;;;;;;;Weiß;;;;;;;;;;;;;;;;;;;;;;;;;;;;;;;605;;;;;;;;;;;;;;;;;;;;;;;;;;;;;;;;;;;;;;;;;;;;;;;;;;;;;;;;;;;;;220-240/50;;;Ja;;;;;;;;;;;Thermometer;0 bis +8;;;;;;;;;;;;;;;Ja;;;;Ja;;;;;;;;;;;;;;;;;;12.34;;;;;;;;;;;;;;;;;;;;;;;;;;;;;;;;;;;;;;;;;;;;;;10;42;;;;;;;;1500;;;2000;1600;2400;CRPF1830_Produktblatt.pdf;CRPF1830_Betriebsanleitung.pdf;CRPF1830_Ersatzteilliste.pdf;CRPF1830_Energielabel.pdf;CRPF1830_Energiepfeil.pdf
Tefcold;;;;;Kühlzellen;44180;CRPF2121;5708181711610;5708181711610;TEFCOLD;6313,00;Kühlzellen | Kühlzellen;;;;;;;;;;;Automatisch, Heißgas;;;;;;;;905;;;;;;;;;;;;;;;;;;;;;;;;;;;;;;;;;Elektronisch;;;;;;;;;;;;;;;;;;;;;;;1 Dreh-Volltür B:700 H:1845;;;;;;;;;;;;;2100;2200;2100;;;;;;;;;;;;;;;;;;;488;;;;;;;;;;;;;;;;;;;;;;;;;21.12;7709;;;;;;;Weiß;;;;;;;;;;;;;;;;;;;;;;;;;;;60;;;;;;;;;;;;;;;;;;;;;;;1940;2040;1940;LED;;;80;;;;;;;;;;;;;;;;;;;150;R290 / GWP 3;;;Ventiliert;;;;;;;;;;;;;;;;;;;;;;;;Weiß;;;;;;;;;;;;;;;;;;;;;;;;;;;;;;;458;;;;;;;;;;;;;;;;;;;;;;;;;;;;;;;;;;;;;;;;;;;;;;;;;;;;;;;;;;;;;220-240/50;;;Ja;;;;;;;;;;;Thermometer;0 bis +8;;;;;;;;;;;;;;;Ja;;;;Ja;;;;;;;;;;;;;;;;;;7.68;;;;;;;;;;;;;;;;;;;;;;;;;;;;;;;;;;;;;;;;;;;;;;12;42;;;;;;;;1500;;;2200;1600;2400;CRPF2121_Produktblatt.pdf;CRPF2121_Betriebsanleitung.pdf;CRPF2121_Ersatzteilliste.pdf;CRPF2121_Energielabel.pdf;CRPF2121_Energiepfeil.pdf
Tefcold;;;;;Kühlzellen;44181;CRPF2124;5708181711610;5708181711610;TEFCOLD;6801,00;Kühlzellen | Kühlzellen;;;;;;;;;;;Automatisch, Heißgas;;;;;;;;905;;;;;;;;;;;;;;;;;;;;;;;;;;;;;;;;;Elektronisch;;;;;;;;;;;;;;;;;;;;;;;1 Dreh-Volltür B:700 H:1845;;;;;;;;;;;;;2100;2200;2400;;;;;;;;;;;;;;;;;;;535;;;;;;;;;;;;;;;;;;;;;;;;;21.12;7709;;;;;;;Weiß;;;;;;;;;;;;;;;;;;;;;;;;;;;60;;;;;;;;;;;;;;;;;;;;;;;1940;2040;2240;LED;;;80;;;;;;;;;;;;;;;;;;;150;R290 / GWP 3;;;Ventiliert;;;;;;;;;;;;;;;;;;;;;;;;Weiß;;;;;;;;;;;;;;;;;;;;;;;;;;;;;;;505;;;;;;;;;;;;;;;;;;;;;;;;;;;;;;;;;;;;;;;;;;;;;;;;;;;;;;;;;;;;;220-240/50;;;Ja;;;;;;;;;;;Thermometer;0 bis +8;;;;;;;;;;;;;;;Ja;;;;Ja;;;;;;;;;;;;;;;;;;8.87;;;;;;;;;;;;;;;;;;;;;;;;;;;;;;;;;;;;;;;;;;;;;;10;42;;;;;;;;1500;;;2200;1900;2400;CRPF2124_Produktblatt.pdf;CRPF2124_Betriebsanleitung.pdf;CRPF2124_Ersatzteilliste.pdf;CRPF2124_Energielabel.pdf;CRPF2124_Energiepfeil.pdf
Tefcold;;;;;Kühlzellen;44182;CRPF2127;5708181711627;5708181711627;TEFCOLD;7665,00;Kühlzellen | Kühlzellen;;;;;;;;;;;Automatisch, Heißgas;;;;;;;;910;;;;;;;;;;;;;;;;;;;;;;;;;;;;;;;;;Elektronisch;;;;;;;;;;;;;;;;;;;;;;;1 Dreh-Volltür B:700 H:1845;;;;;;;;;;;;;2100;2200;2700;;;;;;;;;;;;;;;;;;;591;;;;;;;;;;;;;;;;;;;;;;;;;23.4;8541;;;;;;;Weiß;;;;;;;;;;;;;;;;;;;;;;;;;;;60;;;;;;;;;;;;;;;;;;;;;;;1940;2040;2540;LED;;;80;;;;;;;;;;;;;;;;;;;170;R290 / GWP 3;;;Ventiliert;;;;;;;;;;;;;;;;;;;;;;;;Weiß;;;;;;;;;;;;;;;;;;;;;;;;;;;;;;;551;;;;;;;;;;;;;;;;;;;;;;;;;;;;;;;;;;;;;;;;;;;;;;;;;;;;;;;;;;;;;220-240/50;;;Ja;;;;;;;;;;;Thermometer;0 bis +8;;;;;;;;;;;;;;;Ja;;;;Ja;;;;;;;;;;;;;;;;;;10.05;;;;;;;;;;;;;;;;;;;;;;;;;;;;;;;;;;;;;;;;;;;;;;10;42;;;;;;;;1500;;;2200;1900;2400;CRPF2127_Produktblatt.pdf;CRPF2127_Betriebsanleitung.pdf;CRPF2127_Ersatzteilliste.pdf;CRPF2127_Energielabel.pdf;CRPF2127_Energiepfeil.pdf
Tefcold;;;;;Kühlzellen;44183;CRPF2130;5708181711627;5708181711627;TEFCOLD;7995,00;Kühlzellen | Kühlzellen;;;;;;;;;;;Automatisch, Heißgas;;;;;;;;910;;;;;;;;;;;;;;;;;;;;;;;;;;;;;;;;;Elektronisch;;;;;;;;;;;;;;;;;;;;;;;1 Dreh-Volltür B:700 H:1845;;;;;;;;;;;;;2100;2200;3000;;;;;;;;;;;;;;;;;;;561;;;;;;;;;;;;;;;;;;;;;;;;;23.4;8541;;;;;;;Weiß;;;;;;;;;;;;;;;;;;;;;;;;;;;60;;;;;;;;;;;;;;;;;;;;;;;1940;2040;2840;LED;;;80;;;;;;;;;;;;;;;;;;;170;R290 / GWP 3;;;Ventiliert;;;;;;;;;;;;;;;;;;;;;;;;Weiß;;;;;;;;;;;;;;;;;;;;;;;;;;;;;;;531;;;;;;;;;;;;;;;;;;;;;;;;;;;;;;;;;;;;;;;;;;;;;;;;;;;;;;;;;;;;;220-240/50;;;Ja;;;;;;;;;;;Thermometer;0 bis +8;;;;;;;;;;;;;;;Ja;;;;Ja;;;;;;;;;;;;;;;;;;11.24;;;;;;;;;;;;;;;;;;;;;;;;;;;;;;;;;;;;;;;;;;;;;;10;42;;;;;;;;1500;;;2200;1900;2400;CRPF2130_Produktblatt.pdf;CRPF2130_Betriebsanleitung.pdf;CRPF2130_Ersatzteilliste.pdf;CRPF2130_Energielabel.pdf;CRPF2130_Energiepfeil.pdf
Tefcold;;;;;Kühlzellen;51056;CRPF2130WD;5708181711627;5708181711627;TEFCOLD;9685,00;Kühlzellen | Kühlzellen;;;;;;;;;;;Automatisch, Heißgas;;;;;;;;910;;;;;;;;;;;;;;;;;;;;;;;;;;;;;;;;;Elektronisch;;;;;;;;;;;;;;;;;;;;;;;1 Dreh-Volltür;;;;;;;;;;;;;2100;2200;3000;;;;;;;;;;;;;;;;;;;561;;;;;;;;;;;;;;;;;;;;;;;;;23.4;8541;;;;;;;Weiß;;;;;;;;;;;;;;;;;;;;;;;;;;;60;;;;;;;;;;;;;;;;;;;;;;;1940;2040;2840;LED;;;80;;;;;;;;;;;;;;;;;;;170;R290 / GWP 3;;;Ventiliert;;;;;;;;;;;;;;;;;;;;;;;;Weiß;;;;;;;;;;;;;;;;;;;;;;;;;;;;;;;531;;;;;;;;;;;;;;;;;;;;;;;;;;;;;;;;;;;;;;;;;;;;;;;;;;;;;;;;;;;;;220-240/50;;;Ja;;;;;;;;;;;Thermometer;0 bis +8;;;;;;;;;;;;;;;Ja;;;;Ja;;;;;;;;;;;;;;;;;;11.24;;;;;;;;;;;;;;;;;;;;;;;;;;;;;;;;;;;;;;;;;;;;;;10;42;;;;;;;;1500;;;1900;2200;1150;CRPF2130WD_Produktblatt.pdf;CRPF2130WD_Betriebsanleitung.pdf;CRPF2130WD_Ersatzteilliste.pdf;CRPF2130WD_Energielabel.pdf;CRPF2130WD_Energiepfeil.pdf
Tefcold;;;;;Kühlzellen;44184;CRPF2424;5708181711627;5708181711627;TEFCOLD;7862,00;Kühlzellen | Kühlzellen;;;;;;;;;;;Automatisch, Heißgas;;;;;;;;910;;;;;;;;;;;;;;;;;;;;;;;;;;;;;;;;;Elektronisch;;;;;;;;;;;;;;;;;;;;;;;1 Dreh-Volltür B:700 H:1845;;;;;;;;;;;;;2400;2200;2400;;;;;;;;;;;;;;;;;;;596;;;;;;;;;;;;;;;;;;;;;;;;;23.4;8541;;;;;;;Weiß;;;;;;;;;;;;;;;;;;;;;;;;;;;60;;;;;;;;;;;;;;;;;;;;;;;2240;2040;2240;LED;;;80;;;;;;;;;;;;;;;;;;;170;R290 / GWP 3;;;Ventiliert;;;;;;;;;;;;;;;;;;;;;;;;Weiß;;;;;;;;;;;;;;;;;;;;;;;;;;;;;;;566;;;;;;;;;;;;;;;;;;;;;;;;;;;;;;;;;;;;;;;;;;;;;;;;;;;;;;;;;;;;;220-240/50;;;Ja;;;;;;;;;;;Thermometer;0 bis +8;;;;;;;;;;;;;;;Ja;;;;Ja;;;;;;;;;;;;;;;;;;10.24;;;;;;;;;;;;;;;;;;;;;;;;;;;;;;;;;;;;;;;;;;;;;;8;42;;;;;;;;1500;;;2500;1900;2400;CRPF2424_Produktblatt.pdf;CRPF2424_Betriebsanleitung.pdf;CRPF2424_Ersatzteilliste.pdf;CRPF2424_Energielabel.pdf;CRPF2424_Energiepfeil.pdf
Tefcold;;;;;Kühlzellen;44185;CRPF2427;5708181711627;5708181711627;TEFCOLD;8147,00;Kühlzellen | Kühlzellen;;;;;;;;;;;Automatisch, Heißgas;;;;;;;;910;;;;;;;;;;;;;;;;;;;;;;;;;;;;;;;;;Elektronisch;;;;;;;;;;;;;;;;;;;;;;;1 Dreh-Volltür B:700 H:1845;;;;;;;;;;;;;2400;2200;2700;;;;;;;;;;;;;;;;;;;666;;;;;;;;;;;;;;;;;;;;;;;;;23.4;8541;;;;;;;Weiß;;;;;;;;;;;;;;;;;;;;;;;;;;;60;;;;;;;;;;;;;;;;;;;;;;;2240;2040;2540;LED;;;80;;;;;;;;;;;;;;;;;;;170;R290 / GWP 3;;;Ventiliert;;;;;;;;;;;;;;;;;;;;;;;;Weiß;;;;;;;;;;;;;;;;;;;;;;;;;;;;;;;636;;;;;;;;;;;;;;;;;;;;;;;;;;;;;;;;;;;;;;;;;;;;;;;;;;;;;;;;;;;;;220-240/50;;;Ja;;;;;;;;;;;Thermometer;0 bis +8;;;;;;;;;;;;;;;Ja;;;;Ja;;;;;;;;;;;;;;;;;;11.6;;;;;;;;;;;;;;;;;;;;;;;;;;;;;;;;;;;;;;;;;;;;;;8;42;;;;;;;;1500;;;2500;1900;2400;CRPF2427_Produktblatt.pdf;CRPF2427_Betriebsanleitung.pdf;CRPF2427_Ersatzteilliste.pdf;CRPF2427_Energielabel.pdf;CRPF2427_Energiepfeil.pdf
Tefcold;;;;;Kühlzellen;51057;CRPF2427WD;5708181711627;5708181711627;TEFCOLD;9902,00;Kühlzellen | Kühlzellen;;;;;;;;;;;Automatisch, Heißgas;;;;;;;;910;;;;;;;;;;;;;;;;;;;;;;;;;;;;;;;;;Elektronisch;;;;;;;;;;;;;;;;;;;;;;;1 Dreh-Volltür;;;;;;;;;;;;;2400;2200;2700;;;;;;;;;;;;;;;;;;;666;;;;;;;;;;;;;;;;;;;;;;;;;23.4;8541;;;;;;;Weiß;;;;;;;;;;;;;;;;;;;;;;;;;;;60;;;;;;;;;;;;;;;;;;;;;;;2240;2040;2540;LED;;;80;;;;;;;;;;;;;;;;;;;170;R290 / GWP 3;;;Ventiliert;;;;;;;;;;;;;;;;;;;;;;;;Weiß;;;;;;;;;;;;;;;;;;;;;;;;;;;;;;;636;;;;;;;;;;;;;;;;;;;;;;;;;;;;;;;;;;;;;;;;;;;;;;;;;;;;;;;;;;;;;220-240/50;;;Ja;;;;;;;;;;;Thermometer;0 bis +8;;;;;;;;;;;;;;;Ja;;;;Ja;;;;;;;;;;;;;;;;;;11.6;;;;;;;;;;;;;;;;;;;;;;;;;;;;;;;;;;;;;;;;;;;;;;8;42;;;;;;;;1500;;;1600;2500;1300;CRPF2427WD_Produktblatt.pdf;CRPF2427WD_Betriebsanleitung.pdf;CRPF2427WD_Ersatzteilliste.pdf;CRPF2427WD_Energielabel.pdf;CRPF2427WD_Energiepfeil.pdf
Tefcold;;;;;Kühlzellen;44186;CRPF2430;5708181711627;5708181711627;TEFCOLD;8511,00;Kühlzellen | Kühlzellen;;;;;;;;;;;Automatisch, Heißgas;;;;;;;;910;;;;;;;;;;;;;;;;;;;;;;;;;;;;;;;;;Elektronisch;;;;;;;;;;;;;;;;;;;;;;;1 Dreh-Volltür B:700 H:1845;;;;;;;;;;;;;2400;2200;3000;;;;;;;;;;;;;;;;;;;676;;;;;;;;;;;;;;;;;;;;;;;;;23.4;8541;;;;;;;Weiß;;;;;;;;;;;;;;;;;;;;;;;;;;;60;;;;;;;;;;;;;;;;;;;;;;;2240;2040;2840;LED;;;80;;;;;;;;;;;;;;;;;;;170;R290 / GWP 3;;;Ventiliert;;;;;;;;;;;;;;;;;;;;;;;;Weiß;;;;;;;;;;;;;;;;;;;;;;;;;;;;;;;646;;;;;;;;;;;;;;;;;;;;;;;;;;;;;;;;;;;;;;;;;;;;;;;;;;;;;;;;;;;;;220-240/50;;;Ja;;;;;;;;;;;Thermometer;0 bis +8;;;;;;;;;;;;;;;Ja;;;;Ja;;;;;;;;;;;;;;;;;;12.98;;;;;;;;;;;;;;;;;;;;;;;;;;;;;;;;;;;;;;;;;;;;;;8;42;;;;;;;;1500;;;2500;1900;2400;CRPF2430_Produktblatt.pdf;CRPF2430_Betriebsanleitung.pdf;CRPF2430_Ersatzteilliste.pdf;CRPF2430_Energielabel.pdf;CRPF2430_Energiepfeil.pdf
Tefcold;;;;;Kühlzellen;44187;CRPF2727;5708181711627;5708181711627;TEFCOLD;8800,00;Kühlzellen | Kühlzellen;;;;;;;;;;;Automatisch, Heißgas;;;;;;;;910;;;;;;;;;;;;;;;;;;;;;;;;;;;;;;;;;Elektronisch;;;;;;;;;;;;;;;;;;;;;;;1 Dreh-Volltür B:700 H:1845;;;;;;;;;;;;;2700;2200;2700;;;;;;;;;;;;;;;;;;;698;;;;;;;;;;;;;;;;;;;;;;;;;23.4;8541;;;;;;;Weiß;;;;;;;;;;;;;;;;;;;;;;;;;;;60;;;;;;;;;;;;;;;;;;;;;;;2540;2040;2540;LED;;;80;;;;;;;;;;;;;;;;;;;170;R290 / GWP 3;;;Ventiliert;;;;;;;;;;;;;;;;;;;;;;;;Weiß;;;;;;;;;;;;;;;;;;;;;;;;;;;;;;;668;;;;;;;;;;;;;;;;;;;;;;;;;;;;;;;;;;;;;;;;;;;;;;;;;;;;;;;;;;;;;220-240/50;;;Ja;;;;;;;;;;;Thermometer;0 bis +8;;;;;;;;;;;;;;;Ja;;;;Ja;;;;;;;;;;;;;;;;;;13.16;;;;;;;;;;;;;;;;;;;;;;;;;;;;;;;;;;;;;;;;;;;;;;7;42;;;;;;;;1500;;;2800;1900;2400;CRPF2727_Produktblatt.pdf;CRPF2727_Betriebsanleitung.pdf;CRPF2727_Ersatzteilliste.pdf;CRPF2727_Energielabel.pdf;CRPF2727_Energiepfeil.pdf
Tefcold;;;;;Kühlzellen;44188;CRPF2730;5708181711627;5708181711627;TEFCOLD;9222,00;Kühlzellen | Kühlzellen;;;;;;;;;;;Automatisch, Heißgas;;;;;;;;910;;;;;;;;;;;;;;;;;;;;;;;;;;;;;;;;;Elektronisch;;;;;;;;;;;;;;;;;;;;;;;1 Dreh-Volltür B:700 H:1845;;;;;;;;;;;;;2700;2200;3000;;;;;;;;;;;;;;;;;;;761;;;;;;;;;;;;;;;;;;;;;;;;;23.4;8541;;;;;;;Weiß;;;;;;;;;;;;;;;;;;;;;;;;;;;60;;;;;;;;;;;;;;;;;;;;;;;2540;2040;2840;LED;;;80;;;;;;;;;;;;;;;;;;;170;R290 / GWP 3;;;Ventiliert;;;;;;;;;;;;;;;;;;;;;;;;Weiß;;;;;;;;;;;;;;;;;;;;;;;;;;;;;;;731;;;;;;;;;;;;;;;;;;;;;;;;;;;;;;;;;;;;;;;;;;;;;;;;;;;;;;;;;;;;;220-240/50;;;Ja;;;;;;;;;;;Thermometer;0 bis +8;;;;;;;;;;;;;;;Ja;;;;Ja;;;;;;;;;;;;;;;;;;14.72;;;;;;;;;;;;;;;;;;;;;;;;;;;;;;;;;;;;;;;;;;;;;;7;42;;;;;;;;1500;;;2800;1900;2400;CRPF2730_Produktblatt.pdf;CRPF2730_Betriebsanleitung.pdf;CRPF2730_Ersatzteilliste.pdf;CRPF2730_Energielabel.pdf;CRPF2730_Energiepfeil.pdf
Tefcold;;;;;Kühlzellen;44189;CRPF3030;5708181711634;5708181711634;TEFCOLD;10210,00;Kühlzellen | Kühlzellen;;;;;;;;;;;Automatisch, Heißgas;;;;;;;;960;;;;;;;;;;;;;;;;;;;;;;;;;;;;;;;;;Elektronisch;;;;;;;;;;;;;;;;;;;;;;;1 Dreh-Volltür B:700 H:1845;;;;;;;;;;;;;3000;2200;3000;;;;;;;;;;;;;;;;;;;830;;;;;;;;;;;;;;;;;;;;;;;;;25.92;9461;;;;;;;Weiß;;;;;;;;;;;;;;;;;;;;;;;;;;;60;;;;;;;;;;;;;;;;;;;;;;;2840;2040;2840;LED;;;80;;;;;;;;;;;;;;;;;;;200;R290 / GWP 3;;;Ventiliert;;;;;;;;;;;;;;;;;;;;;;;;Weiß;;;;;;;;;;;;;;;;;;;;;;;;;;;;;;;800;;;;;;;;;;;;;;;;;;;;;;;;;;;;;;;;;;;;;;;;;;;;;;;;;;;;;;;;;;;;;220-240/50;;;Ja;;;;;;;;;;;Thermometer;0 bis +8;;;;;;;;;;;;;;;Ja;;;;Ja;;;;;;;;;;;;;;;;;;16.45;;;;;;;;;;;;;;;;;;;;;;;;;;;;;;;;;;;;;;;;;;;;;;7;42;;;;;;;;1500;;;2500;1900;2400;CRPF3030_Produktblatt.pdf;CRPF3030_Betriebsanleitung.pdf;CRPF3030_Ersatzteilliste.pdf;CRPF3030_Energielabel.pdf;CRPF3030_Energiepfeil.pdf
Tefcold;;;;;Kühlzellen;49686;CRPF3030WD;5708181711634;5708181711634;TEFCOLD;11234,00;Kühlzellen | Kühlzellen;;;;;;;;;;;Automatisch, Heißgas;;;;;;;;960;;;;;;;;;;;;;;;;;;;;;;;;;;;;;;;;;Elektronisch;;;;;;;;;;;;;;;;;;;;;;;1 Dreh-Volltür;;;;;;;;;;;;;3000;2200;3000;;;;;;;;;;;;;;;;;;;840;;;;;;;;;;;;;;;;;;;;;;;;;25.92;9461;;;;;;;Weiß;;;;;;;;;;;;;;;;;;;;;;;;;;;60;;;;;;;;;;;;;;;;;;;;;;;2840;2040;2840;LED;;;80;;;;;;;;;;;;;;;;;;;200;R290 / GWP 3;;;Ventiliert;;;;;;;;;;;;;;;;;;;;;;;;Weiß;;;;;;;;;;;;;;;;;;;;;;;;;;;;;;;810;;;;;;;;;;;;;;;;;;;;;;;;;;;;;;;;;;;;;;;;;;;;;;;;;;;;;;;;;;;;;220-240/50;;;Ja;;;;;;;;;;;Thermometer;0 bis +8;;;;;;;;;;;;;;;Ja;;;;Ja;;;;;;;;;;;;;;;;;;16.45;;;;;;;;;;;;;;;;;;;;;;;;;;;;;;;;;;;;;;;;;;;;;;7;42;;;;;;;;1500;;;1900;3100;1200;CRPF3030WD_Produktblatt.pdf;CRPF3030WD_Betriebsanleitung.pdf;CRPF3030WD_Ersatzteilliste.pdf;CRPF3030WD_Energielabel.pdf;CRPF3030WD_Energiepfeil.pdf
Tefcold;Tefcold-Kühlschrank;Tefcold-Tiefkühlschrank-Volltür;;;Lager / Tiefkühlschränke;69747;TKL600N-Eco;5708181757724;5708181757724;IARP;2011,00;Gefriergeräte | Lager – Tiefkühlschränke;;;;;;;;;;;Manuell;;;;;;;;400;;;;;;;;;;;;;;;5;;;;;;;;;;;;;;;;;;Elektronisch;;;;;;;;;;;;;;;;;;;;;;;1 Dreh-Volltür;;;;;;;;;;;;;670;1960;870;;;;;;;;;;;;;;;;;;;130;618;;;;;;;;;;;;;;;;;;;;;;;;4.09;1456;;;;;;;Weiß;Weiß;;;;;;;;;;;;;;;;;;;;2 Stellfüße;;;;;;;;;;;;;;;;;;;;;;;;;;;;;550;1450;745;Nein;;;;;;;;;4;;;;;;;;;;;;;70;R290 / GWP 3;;;Statisch;;;;;;;;;;;;;;;;;;;;;;;;Weiß;;;;;;+30°C, 55% RH;;;;;;;;;;;;;;;;;;;;;;;;;122;505;;;;;;;;;;;;;;;;;;;;;;;;;;;;;;;;;;;;;;;4 Rollen;;;;5 Tragroste, weiß;;;;;;;;;;;;;;;;;220-240/50;;;Ja;;;;;;;;;;;Thermometer;-22 bis -12;;;;;;;;;;;;;;;Ja;;;;;;;;;;;;;;;;;;;;;;;;;;;;;;;;;;;;;;;;;;;;;;;;;;;;;;;;;;;;;;;;;;;;39;;;;;;;;;;GN2/1;;795;2070;905;TKL600N-Eco_Produktblatt.pdf;TKL600N-Eco_Betriebsanleitung.pdf;TKL600N-Eco_Ersatzteilliste.pdf;TKL600N-Eco_Energielabel.pdf;TKL600N-Eco_Energiepfeil.png
Tefcold;Tefcold-Kühlschrank;Tefcold-Tiefkühlschrank-Volltür;;;Lager / Tiefkühlschränke;69748;TKL660N-Eco;5708181757731;5708181757731;IARP;1793,00;Gefriergeräte | Lager – Tiefkühlschränke;;;;;;;;;;;Manuell;;;;;;;;315;;;;;;;;;;;;;;;6;;;;;;;;;;;;;;;;;;Elektronisch;;;;;;;;;;;;;;;;;;;;;;;1 Dreh-Volltür;;;;;;;;;;;;;868;1980;760;;;;;;;;;;;;;;;;;;;127;630;;;;;;;;;;;;;;;;;;;;;;;;2.1;766.5;;;;;;;Weiß;Weiß;;;;;;;;;;;;;;;;;;;;2 Stellfüße;;;;;;;;;;;;;;;;;;;;;;;;;;;;;684;1700;590;Nein;;;;;;;;;5;;;;;;;;;;;;;112;R290 / GWP 3;;;Statisch;;;;;;;;;;;;;;;;;;;;;;;;Weiß, ABS;;;;;;+40°C, 40% RH;;;;;;;;;;;;;;;;;;;;;;;;;119;570;;;;;;;;;;;;;;;;;;;;;;;;;;;;;;;;;;;;;;;2 Rollen;;;;6 Tragroste, weiß;;;;;;;;;;;;;;;;;220-240/50;;;Ja;;;;;;;;;;;Thermometer;-25 bis -15;;;;;;;;;;;;;;;Ja;;;;;;;;;;;;;;;;;;;;;;;;;;;;;;;;;;;;;;;;;;;;;;;;;;;;;;;;;;;;;;;;;;;;39;;;;;;;;;;GN2/1;;895;2090;795;TKL660N-Eco_Produktblatt.pdf;TKL660N-Eco_Betriebsanleitung.pdf;TKL660N-Eco_Ersatzteilliste.pdf;TKL660N-Eco_Energielabel.pdf;TKL660N-Eco_Energiepfeil.png
Tefcold;Tefcold-Kühlschrank;Tefcold-Tiefkühlschrank-Volltür;;;Lager / Tiefkühlschränke;69749;TKL660NV-Eco;5708181757748;5708181757748;IARP;1975,00;Gefriergeräte | Lager – Tiefkühlschränke;;;;;;;;;;;Manuell;;;;;;;;315;;;;;;;;;;;;;;;6;;;;;;;;;;;;;;;;;;Elektronisch;;;;;;;;;;;;;;;;;;;;;;;1 Dreh-Volltür;;;;;;;;;;;;;850;1980;760;;;;;;;;;;;;;;;;;;;127;630;;;;;;;;;;;;;;;;;;;;;;A;;2.75;1003;;;;;;;Weiß;Weiß;;;;;;;;;;;;;;;;;;;;2 Stellfüße;;;;;;;;;;;;;;;;;;;;;;;;;;;;;684;1700;590;Nein;;;;;;;;;5;;;;;;;;;;;;;112;R290 / GWP 3;;;Ventiliert;;;;;;;;;;;;;;;;;;;;;;;;Weiß, ABS;;;;;;+40°C, 40% RH;;;;;;;;;;;;;;;;;;;;;;;;;119;550;;;;;;;;;;;;;;;;;;;;;;;;;;;;;;;;;;;;;;;2 Rollen;;;;6 Tragroste, weiß;;;;;;;;;;;;;;;;;220-240/50;;;Ja;;;;;;;;;;;Thermometer;-25 bis -15;;;;;;;;;;;;;;;Ja;;;;;;;;;;;;;;;;;;;;;;;;;;;;;;;;;;;;;;;;;;;;;;;;;;;;;;;;;;;;;;;;;;;;28;;;;;;;;;;GN2/1;;895;2090;815;TKL660NV-Eco_Produktblatt.pdf;TKL660NV-Eco_Betriebsanleitung.pdf;TKL660NV-Eco_Ersatzteilliste.pdf;TKL660NV-Eco_Energielabel.pdf;TKL660NV-Eco_Energiepfeil.png
Tefcold;Tefcold-Kühlschrank;Tefcold-Tiefkühlschrank-Volltür;;;Lager / Tiefkühlschränke;32314;UF200;5708181992132;5708181992132;TEFCOLD;599,00;Gefriergeräte | Lager – Tiefkühlschränke;;;;;;;;;;;Manuell;;;;;;;;105;;;;;;;;;;;;;;;2;;;;;;;;;;;;;;;;;;Elektronisch;;;;;;;;;;;;;;;;;;;;;;;1 Dreh-Volltür;;;;;;;;;;;;;600;855;585;;;;;;110;;;;;;;;;;;;;52;200;;;;;;;;;;;;;;;;;;;;;;;;1.2;438;;;;;;;Weiß;Weiß;;;;;;;;;;;;;;;;;;;;4 Stellfüße;;;;;;40;;;;;;;;;;;;;;;;;;;;;;;484;620;470;Nein;;;;;;;;;4;;;;;;;;;;;;;60;R600a / GWP 3;;;Statisch;;;;;;;;;;;;;;;;;;;;;;;;Weiß, ABS;;;;;;+30°C, 55% RH;;;;;;;;;;;;;;;;;;;;;;;;;47;120;;;;;;;;;;;;;;;;;;;;;;;;;;;;;;;;;;;;;;;2 Rollen;;;;2 Feste Gefrierablagen;;;;;;;;;;;;;;;;;220-240/50;;;Ja;;;;;;;;;;;Thermometer;-24 bis -10;;;;;;;;;;;;;;;Ja;;;;Nein;;;;;;;;;;;;;;;;;;;;;;;;;;;;;;;;;;;;;;;;;;;;;;;;;;;;;;;;;;;;;;;;108;;;;;;;;;;490 x 380 mm;;690;650;910;UF200_Produktblatt.pdf;UF200_Betriebsanleitung.pdf;UF200_Ersatzteilliste.pdf;UF200_Energielabel.pdf;UF200_Energiepfeil.png
Tefcold;Tefcold-Kühlschrank;Tefcold-Tiefkühlschrank-Volltür;;;Lager / Tiefkühlschränke;33640;UF200S;5708181994075;5708181994075;TEFCOLD;637,00;Gefriergeräte | Lager – Tiefkühlschränke;;;;;;;;;;;Manuell;;;;;;;;105;;;;;;;;;;;;;;;2;;;;;;;;;;;;;;;;;;Elektronisch;;;;;;;;;;;;;;;;;;;;;;;1 Dreh-Volltür;;;;;;;;;;;;;600;855;585;;;;;;110;;;;;;;;;;;;;52;200;;;;;;;;;;;;;;;;;;;;;;;;1.2;438;;;;;;;SS 430;Weiß;;;;;;;;;;;;;;;;;;;;4 Stellfüße;;;;;;40;;;;;;;;;;;;;;;;;;;;;;;484;620;470;Nein;;;;;;;;;4;;;;;;;;;;;;;60;R600a / GWP 3;;;Statisch;;;;;;;;;;;;;;;;;;;;;;;;Weiß, ABS;;;;;;+30°C, 55% RH;;;;;;;;;;;;;;;;;;;;;;;;;47;120;;;;;;;;;;;;;;;;;;;;;;;;;;;;;;;;;;;;;;;2 Rollen;;;;2 Feste Gefrierablagen;;;;;;;;;;;;;;;;;220-240/50;;;Ja;;;;;;;;;;;Thermometer;-24 bis -10;;;;;;;;;;;;;;;Ja;;;;Nein;;;;;;;;;;;;;;;;;;;;;;;;;;;;;;;;;;;;;;;;;;;;;;;;;;;;;;;;;;;;;;;;108;;;;;;;;;;490 x 380 mm;;690;650;910;UF200S_Produktblatt.pdf;UF200S_Betriebsanleitung.pdf;UF200S_Ersatzteilliste.pdf;UF200S_Energielabel.pdf;UF200S_Energiepfeil.png
Tefcold;Tefcold-Kühlschrank;Tefcold-Tiefkühlschrank-Volltür;;;Lager / Tiefkühlschränke;33861;UF200V;5708181994341;5708181994341;TEFCOLD;821,00;DEALS + | Energieeffiziente GeräteGefriergeräte | Lager – Tiefkühlschränke;102371;;;;;;;;;;Automatisch;;;;;;;;180;;;;;;;;;;;;;;;3;;;;;;;;;;;;;;;;;;Elektronisch;;;;;;;;;;;;;;;;;;;;;;;1 Dreh-Volltür;;;;;;;;;;;;;600;850;600;;;;;;110;;;;;;;;;;;;;52;200;;;;;;;;;;;;;;;;;;;;;21.7;A;;1.62;592;;;;;;;Weiß;Weiß;;;;;;;;;;;;;;;;;;;;4 Stellfüße;;;;;;42;;;;;;;;;;;;;;;;;;;;;;;484;610;470;Nein;;;;;;;;;4;;;;;;;;;;;;;45;R290 / GWP 3;;;Ventiliert;;;;;;;;;;;;;;;;;;;;;;;;Weiß, ABS;;;;;;+30°C, 55% RH;;;;;;;;;;;;;;;;;;;;;;;;;47;120;;;;;;;;;;;;;;;;;;;;;;;;;;;;;;;;;;;;;;;2 Rollen;;;;3 Tragroste, weiß;;;;;;;;;;;;;;;;;220-240/50;;;Ja;;;;;;;;;;;Thermometer;-24 bis -10;;;;;;;;;;;;;;;Ja;;;;Nein;;;;;;;;;;;;;;;;;;;;;;;;;;;;;;;;;;;;;;;;;;;;;;;;;;;;;;;;;;;;;;;;108;;;;;;;;;;490 x 380 mm;;690;650;910;UF200V_Produktblatt.pdf;UF200V_Betriebsanleitung.pdf;UF200V_Ersatzteilliste.pdf;UF200V_Energielabel.pdf;UF200V_Energiepfeil.png
Tefcold;Tefcold-Kühlschrank;Tefcold-Tiefkühlschrank-Volltür;;;Lager / Tiefkühlschränke;33862;UF200VS;5708181994358;5708181994358;TEFCOLD;867,00;DEALS + | Energieeffiziente GeräteGefriergeräte | Lager – Tiefkühlschränke;102373;;;;;;;;;;Automatisch;;;;;;;;180;;;;;;;;;;;;;;;3;;;;;;;;;;;;;;;;;;Elektronisch;;;;;;;;;;;;;;;;;;;;;;;1 Dreh-Volltür;;;;;;;;;;;;;600;850;600;;;;;;110;;;;;;;;;;;;;52;200;;;;;;;;;;;;;;;;;;;;;21.7;A;;1.62;592;;;;;;;SS 430;Weiß;;;;;;;;;;;;;;;;;;;;4 Stellfüße;;;;;;42;;;;;;;;;;;;;;;;;;;;;;;484;610;470;Nein;;;;;;;;;4;;;;;;;;;;;;;45;R290 / GWP 3;;;Ventiliert;;;;;;;;;;;;;;;;;;;;;;;;Weiß, ABS;;;;;;+30°C, 55% RH;;;;;;;;;;;;;;;;;;;;;;;;;47;120;;;;;;;;;;;;;;;;;;;;;;;;;;;;;;;;;;;;;;;2 Rollen;;;;3 Tragroste, weiß;;;;;;;;;;;;;;;;;220-240/50;;;Ja;;;;;;;;;;;Thermometer;-24 bis -10;;;;;;;;;;;;;;;Ja;;;;Nein;;;;;;;;;;;;;;;;;;;;;;;;;;;;;;;;;;;;;;;;;;;;;;;;;;;;;;;;;;;;;;;;108;;;;;;;;;;490 x 380 mm;;690;650;910;UF200VS_Produktblatt.pdf;UF200VS_Betriebsanleitung.pdf;UF200VS_Ersatzteilliste.pdf;UF200VS_Energielabel.pdf;UF200VS_Energiepfeil.png
Tefcold;Tefcold-Kühlschrank;Tefcold-Tiefkühlschrank-Volltür;;;Lager / Tiefkühlschränke;33854;UF400;5708181994280;5708181994280;TEFCOLD;992,00;Gefriergeräte | Lager – Tiefkühlschränke;;;;;;;;;;;Manuell;;;;;;;;150;;;;;;;;;;;;;;;6;;;;;;;;;;;;;;;;;;Elektronisch;;;;;;;;;;;;;;;;;;;;;;;1 Dreh-Volltür;;;;;;;;;;;;;600;1855;585;;;;;;110;;;;;;;;;;;;;85;400;;;;;;;;;;;;;;;;;;;;;;;;2.3;840;;;;;;;Weiß;Weiß;;;;;;;;;;;;;;;;;;;;4 Stellfüße;;;;;;40;;;;;;;;;;;;;;;;;;;;;;;484;1620;470;Nein;;;;;;;;;4;;;;;;;;;;;;;90;R600a / GWP 3;;;Statisch;;;;;;;;;;;;;;;;;;;;;;;;Weiß, ABS;;;;;;+30°C, 55% RH;;;;;;;;;;;;;;;;;;;;;;;;;80;340;;;;;;;;;;;;;;;;;;;;;;;;;;;;;;;;;;;;;;;2 Rollen;;;;6 Feste Gefrierablagen;;;;;;;;;;;;;;;;;220-240/50;;;Ja;;;;;;;;;;;Thermometer;-24 bis -10;;;;;;;;;;;;;;;Ja;;;;Nein;;;;;;;;;;;;;;;;;;;;;;;;;;;;;;;;;;;;;;;;;;;;;;;;;;;;;;;;;;;;;;;;54;;;;;;;;;;490 x 420 mm;;690;650;2050;UF400_Produktblatt.pdf;UF400_Betriebsanleitung.pdf;UF400_Ersatzteilliste.pdf;UF400_Energielabel.pdf;UF400_Energiepfeil.png
Tefcold;Tefcold-Kühlschrank;Tefcold-Tiefkühlschrank-Volltür;;;Lager / Tiefkühlschränke;33855;UF400S;5708181994297;5708181994297;TEFCOLD;1054,00;Gefriergeräte | Lager – Tiefkühlschränke;;;;;;;;;;;Manuell;;;;;;;;150;;;;;;;;;;;;;;;6;;;;;;;;;;;;;;;;;;Elektronisch;;;;;;;;;;;;;;;;;;;;;;;1 Dreh-Volltür;;;;;;;;;;;;;600;1855;585;;;;;;110;;;;;;;;;;;;;85;400;;;;;;;;;;;;;;;;;;;;;;;;2.3;840;;;;;;;SS 430;Weiß;;;;;;;;;;;;;;;;;;;;4 Stellfüße;;;;;;40;;;;;;;;;;;;;;;;;;;;;;;484;1620;470;Nein;;;;;;;;;4;;;;;;;;;;;;;90;R600a / GWP 3;;;Statisch;;;;;;;;;;;;;;;;;;;;;;;;Weiß, ABS;;;;;;+30°C, 55% RH;;;;;;;;;;;;;;;;;;;;;;;;;80;340;;;;;;;;;;;;;;;;;;;;;;;;;;;;;;;;;;;;;;;2 Rollen;;;;6 Feste Gefrierablagen;;;;;;;;;;;;;;;;;220-240/50;;;Ja;;;;;;;;;;;Thermometer;-24 bis -10;;;;;;;;;;;;;;;Ja;;;;Nein;;;;;;;;;;;;;;;;;;;;;;;;;;;;;;;;;;;;;;;;;;;;;;;;;;;;;;;;;;;;;;;;54;;;;;;;;;;490 x 420 mm;;690;650;2050;UF400S_Produktblatt.pdf;UF400S_Betriebsanleitung.pdf;UF400S_Ersatzteilliste.pdf;UF400S_Energielabel.pdf;UF400S_Energiepfeil.png
Tefcold;Tefcold-Kühlschrank;Tefcold-Tiefkühlschrank-Volltür;;;Lager / Tiefkühlschränke;33865;UF400V;5708181994389;5708181994389;TEFCOLD;1247,00;Gefriergeräte | Lager – Tiefkühlschränke;102375;;;;;;;;;;Automatisch;;;;;;;;300;;;;;;;;;;;;;;;4;;;;;;;;;;;;;;;;;;Elektronisch;;;;;;;;;;;;;;;;;;;;;;;1 Dreh-Volltür;;;;;;;;;;;;;600;1855;585;;;;;;110;;;;;;;;;;;;;85;400;;;;;;;;;;;;;;;;;;;;;74.1;D;;5.48;2000;;;;;;;Weiß;Weiß;;;;;;;;;;;;;;;;;;;;4 Stellfüße;;;;;;40;;;;;;;;;;;;;;;;;;;;;;;484;1620;470;Nein;;;;;;;;;4;;;;;;;;;;;;;80;R290 / GWP 3;;;Ventiliert;;;;;;;;;;;;;;;;;;;;;;;;Weiß, ABS;;;;;;+30°C, 55% RH;;;;;;;;;;;;;;;;;;;;;;;;;80;340;;;;;;;;;;;;;;;;;;;;;;;;;;;;;;;;;;;;;;;2 Rollen;;;;4 Tragroste, weiß;;;;;;;;;;;;;;;;;220-240/50;;;Ja;;;;;;;;;;;Thermometer;-24 bis -10;;;;;;;;;;;;;;;Ja;;;;Nein;;;;;;;;;;;;;;;;;;;;;;;;;;;;;;;;;;;;;;;;;;;;;;;;;;;;;;;;;;;;;;;;54;;;;;;;;;;490 x 420 mm;;690;650;2050;UF400V_Produktblatt.pdf;UF400V_Betriebsanleitung.pdf;UF400V_Ersatzteilliste.pdf;UF400V_Energielabel.pdf;UF400V_Energiepfeil.png
Tefcold;Tefcold-Kühlschrank;Tefcold-Tiefkühlschrank-Volltür;;;Lager / Tiefkühlschränke;33866;UF400VS;5708181994396;5708181994396;TEFCOLD;1289,00;Gefriergeräte | Lager – Tiefkühlschränke;102379;;;;;;;;;;Automatisch;;;;;;;;300;;;;;;;;;;;;;;;4;;;;;;;;;;;;;;;;;;Elektronisch;;;;;;;;;;;;;;;;;;;;;;;1 Dreh-Volltür;;;;;;;;;;;;;600;1855;585;;;;;;110;;;;;;;;;;;;;85;400;;;;;;;;;;;;;;;;;;;;;74.1;D;;5.48;2000;;;;;;;SS 430;Weiß;;;;;;;;;;;;;;;;;;;;4 Stellfüße;;;;;;40;;;;;;;;;;;;;;;;;;;;;;;484;1620;470;Nein;;;;;;;;;4;;;;;;;;;;;;;80;R290 / GWP 3;;;Ventiliert;;;;;;;;;;;;;;;;;;;;;;;;Weiß, ABS;;;;;;+30°C, 55% RH;;;;;;;;;;;;;;;;;;;;;;;;;80;340;;;;;;;;;;;;;;;;;;;;;;;;;;;;;;;;;;;;;;;2 Rollen;;;;4 Tragroste, weiß;;;;;;;;;;;;;;;;;220-240/50;;;Ja;;;;;;;;;;;Thermometer;-24 bis -10;;;;;;;;;;;;;;;Ja;;;;Nein;;;;;;;;;;;;;;;;;;;;;;;;;;;;;;;;;;;;;;;;;;;;;;;;;;;;;;;;;;;;;;;;54;;;;;;;;;;490 x 420 mm;;690;650;2050;UF400VS_Produktblatt.pdf;UF400VS_Betriebsanleitung.pdf;UF400VS_Ersatzteilliste.pdf;UF400VS_Energielabel.pdf;UF400VS_Energiepfeil.png
Tefcold;Tefcold-Kühlschrank;Tefcold-Tiefkühlschrank-Volltür;;;Lager / Tiefkühlschränke;34070;UF550;5708181994815;5708181994815;TEFCOLD;1329,00;Gefriergeräte | Lager – Tiefkühlschränke;;;;;;;;;;;Manuell;;;;;;;;190;;;;;;;;;;;;;;;6;;;;;;;;;;;;;;;;;;Elektronisch;;;;;;;;;;;;;;;;;;;;;;;1 Dreh-Volltür;;;;;;;;;;;;;777;1720;715;;;;;;110;;;;;;;;;;;;;101;461;;;;;;;;;;;;;;;;;;;;;;;;2.24;818;;;;;;;Weiß;Weiß;;;;;;;;;;;;;;;;;;;;2 Stellfüße;;;;;;45;;;;;;;;;;;;;;;;;;;;;;;667;1485;570;Nein;;;;;;;;;4;;;;;;;;;;;;;130;R600a / GWP 3;;;Statisch;;;;;;;;;;;;;;;;;;;;;;;;Weiß, ABS;;;;;;+30°C, 55% RH;;;;;;;;;;;;;;;;;;;;;;;;;94;420;;;;;;;;;;;;;;;;;;;;;;;;;;;;;;;;;;;;;;;2 Rollen;;;;6 Feste Gefrierablagen;;;;;;;;;;;;;;;;;220-240/50;;;Ja;;;;;;;;;;;Thermometer;-24 bis -10;;;;;;;;;;;;;;;Ja;;;;Nein;;;;;;;;;;;;;;;;;;;;;;;;;;;;;;;;;;;;;;;;;;;;;;;;;;;;;;;;;;;;;;;;42;;;;;;;;;;GN2/1;;850;770;1900;UF550_Produktblatt.pdf;UF550_Betriebsanleitung.pdf;UF550_Ersatzteilliste.pdf;UF550_Energielabel.pdf;UF550_Energiepfeil.png
Tefcold;Tefcold-Kühlschrank;Tefcold-Tiefkühlschrank-Volltür;;;Lager / Tiefkühlschränke;34071;UF550S;5708181994822;5708181994822;TEFCOLD;1399,00;Gefriergeräte | Lager – Tiefkühlschränke;;;;;;;;;;;Manuell;;;;;;;;190;;;;;;;;;;;;;;;6;;;;;;;;;;;;;;;;;;Elektronisch;;;;;;;;;;;;;;;;;;;;;;;1 Dreh-Volltür;;;;;;;;;;;;;777;1720;715;;;;;;110;;;;;;;;;;;;;101;461;;;;;;;;;;;;;;;;;;;;;;;;2.24;818;;;;;;;SS 430;Weiß;;;;;;;;;;;;;;;;;;;;2 Stellfüße;;;;;;45;;;;;;;;;;;;;;;;;;;;;;;667;1485;570;Nein;;;;;;;;;4;;;;;;;;;;;;;130;R600a / GWP 3;;;Statisch;;;;;;;;;;;;;;;;;;;;;;;;Weiß, ABS;;;;;;+30°C, 55% RH;;;;;;;;;;;;;;;;;;;;;;;;;94;420;;;;;;;;;;;;;;;;;;;;;;;;;;;;;;;;;;;;;;;2 Rollen;;;;6 Feste Gefrierablagen;;;;;;;;;;;;;;;;;220-240/50;;;Ja;;;;;;;;;;;Thermometer;-24 bis -10;;;;;;;;;;;;;;;Ja;;;;Nein;;;;;;;;;;;;;;;;;;;;;;;;;;;;;;;;;;;;;;;;;;;;;;;;;;;;;;;;;;;;;;;;42;;;;;;;;;;GN2/1;;850;770;1900;UF550S_Produktblatt.pdf;UF550S_Betriebsanleitung.pdf;UF550S_Ersatzteilliste.pdf;UF550S_Energielabel.pdf;UF550S_Energiepfeil.png
Tefcold;Tefcold-Kühlschrank;Tefcold-Tiefkühlschrank-Volltür;;;Lager / Tiefkühlschränke;32313;UF600;5708181992125;5708181992125;TEFCOLD;1319,00;Gefriergeräte | Lager – TiefkühlschränkeGastrobereich | Gastrokühlschränke;;;;;;;;;;;Manuell;;;;;;;;300;;;;;;;;;;;;;;;6;;;;;;;;;;;;;;;;;;Elektronisch;;;;;;;;;;;;;;;;;;;;;;;1 Dreh-Volltür;;;;;;;;;;;;;777;1895;695;;;;;;110;;;;;;;;;;;;;112;605;;;;;;;;;;;;;;;;;;;;;;;;2.24;818;;;;;;;Weiß;Weiß;;;;;;;;;;;;;;;;;;;;4 Stellfüße;;;;;;45;;;;;;;;;;;;;;;;;;;;;;;653;1680;580;Nein;;;;;;;;;4;;;;;;;;;;;;;130;R600a / GWP 3;;;Statisch;;;;;;;;;;;;;;;;;;;;;;;;Weiß, ABS;;;;;;+30°C, 55% RH;;;;;;;;;;;;;;;;;;;;;;;;;107;555;;;;;;;;;;;;;;;;;;;;;;;;;;;;;;;;;;;;;;;2 Rollen;;;;6 Feste GN2/1 Gefrierablagen;;;;;;;;;;;;;;;;;220-240/50;;;Ja;;;;;;;;;;;Thermometer;-24 bis -10;;;;;;;;;;;;;;;Ja;;;;Nein;;;;;;;;;;;;;;;;;;;;;;;;;;;;;;;;;;;;;;;;;;;;;;;;;;;;;;;;;;;;;;;;42;;;;;;;;;;GN2/1;;850;770;2070;UF600_Produktblatt.pdf;UF600_Betriebsanleitung.pdf;UF600_Ersatzteilliste.pdf;UF600_Energielabel.pdf;UF600_Energiepfeil.png
Tefcold;Tefcold-Kühlschrank;Tefcold-Tiefkühlschrank-Volltür;;;Lager / Tiefkühlschränke;31485;UF600 W/BASKETS;5708181021191;5708181021191;TEFCOLD;1513,00;Gefriergeräte | Lager – TiefkühlschränkeGastrobereich | Gastrokühlschränke;;;;;;;;;;;Manuell;;;;;;;;300;;;;;;;;;;;;;;;6;;;;;;;;;;;;;;;;;;Elektronisch;;;;;;;;;;;;;;;;;;;;;;;1 Dreh-Volltür;;;;;;;;;;;;;777;1895;695;;;;;;110;;;;;;;;;;;;;112;605;;;;;;;;;;;;;;;;;;;;;;;;2.24;818;;;;;;;Weiß;Weiß;;;;;;;;;;;;;;;;;;;;4 Stellfüße;;;;;;45;;;;;;;;;;;;;;;;;;;;;;;653;1680;580;Nein;;;;;;;;;4;;;;;;;;;;;;;130;R600a / GWP 3;;;Statisch;;;;;;;;;;;;;;;;;;;;;;;;Weiß, ABS;;;;;;+30°C, 55% RH;;;;;;;;;;;;;;;;;;;;;;;;;107;555;;;;;;;;;;;;;;;;;;;;;;;;;;;;;;;;;;;;;;;2 Rollen;;;;6 Feste GN2/1 Gefrierablagen;;;;;;;;;;;;;;;;;220-240/50;;;Ja;;;;;;;;;;;Thermometer;-24 bis -10;;;;;;;;;;;;;;;Ja;;;;Nein;;;;;;;;;;;;;;;;;;;;;;;;;;;;;;;;;;;;;;;;;;;;;;;;;;;;;;;;;;;;;;;;42;;;;;;;;;;GN2/1;;850;770;2070;UF600_W_BASKETS_Produktblatt.pdf;UF600_W_BASKETS_Betriebsanleitung.pdf;UF600_W_BASKETS_Ersatzteilliste.pdf;UF600_W_BASKETS_Energielabel.pdf;UF600_W_BASKETS_Energiepfeil.png
Tefcold;Tefcold-Kühlschrank;Tefcold-Tiefkühlschrank-Volltür;;;Lager / Tiefkühlschränke;33641;UF600S;5708181994082;5708181994082;TEFCOLD;1331,00;Gefriergeräte | Lager – TiefkühlschränkeGastrobereich | Gastrokühlschränke;;;;;;;;;;;Manuell;;;;;;;;300;;;;;;;;;;;;;;;6;;;;;;;;;;;;;;;;;;Elektronisch;;;;;;;;;;;;;;;;;;;;;;;1 Dreh-Volltür;;;;;;;;;;;;;777;1895;695;;;;;;110;;;;;;;;;;;;;112;605;;;;;;;;;;;;;;;;;;;;;;;;2.24;818;;;;;;;SS 430;Weiß;;;;;;;;;;;;;;;;;;;;4 Stellfüße;;;;;;45;;;;;;;;;;;;;;;;;;;;;;;653;1680;580;Nein;;;;;;;;;4;;;;;;;;;;;;;130;R600a / GWP 3;;;Statisch;;;;;;;;;;;;;;;;;;;;;;;;Weiß, ABS;;;;;;+30°C, 55% RH;;;;;;;;;;;;;;;;;;;;;;;;;107;555;;;;;;;;;;;;;;;;;;;;;;;;;;;;;;;;;;;;;;;2 Rollen;;;;6 Feste GN2/1 Gefrierablagen;;;;;;;;;;;;;;;;;220-240/50;;;Ja;;;;;;;;;;;Thermometer;-24 bis -10;;;;;;;;;;;;;;;Ja;;;;Nein;;;;;;;;;;;;;;;;;;;;;;;;;;;;;;;;;;;;;;;;;;;;;;;;;;;;;;;;;;;;;;;;42;;;;;;;;;;GN2/1;;850;770;2070;UF600S_Produktblatt.pdf;UF600S_Betriebsanleitung.pdf;UF600S_Ersatzteilliste.pdf;UF600S_Energielabel.pdf;UF600S_Energiepfeil.png
Tefcold;Tefcold-Kühlschrank;Tefcold-Tiefkühlschrank-Volltür;;;Lager / Tiefkühlschränke;53540;UF600SS;5708181737788;5708181737788;TEFCOLD;1557,00;Gefriergeräte | Lager – TiefkühlschränkeGastrobereich | Gastrokühlschränke;1958913;;;;;;;;;;Automatisch, elektrisch;;;;;;;;270;;;;;;;;;;;;;;;3;;;;;;;;;;;;;;;;;;Elektronisch;;;;;;;;;;;;;;;;;;;;;;;1 Dreh-Volltür;;;;;;;;;;;;;777;1895;745;;;;;;196;;;;;;;;;;;;;101;620;;;;;;;;;;;;;;;;;;;;;42.3;C;;4.05;1478;;;;;;;SS 430;Grau;;;;;;;;;;;;;;;;;;;;2 Stellfüße;;;;;;45;;;;;;;;;;;;;;;;;;;;;;;657;1660;580;Nein;;;;;;;;;4;;;;;;;;;;;;;120;R290 / GWP 3;;;Ventiliert;;;;;;;;;;;;;;;;;;;;;;;;SS 304;;;;;;+30°C, 55% RH;;;;;;;;;;;;;;;;;;;;;;;;;94;518;;;;;;;;;;;;;;;;;;;;;;;;;;;;;;;;;;;;;;;2 Rollen;;;;3 verstellbar;;;;;;;;;;;;;;;;;220-240/50;;;Ja;;;;;;;;;;;Thermometer;-22 bis -18;;;;;;;;;;;;;;;Ja;;;;Nein;;;;;;;;;;;;;;;;;;;;;;;;;;;;;;;;;;;;;;;;;;;;;;;;;;;;;;;;;;;;;;;;42;38;;;;;;;;;GN2/1;;840;760;2100;UF600SS_Produktblatt.pdf;UF600SS_Betriebsanleitung.pdf;UF600SS_Ersatzteilliste.pdf;UF600SS_Energielabel.pdf;UF600SS_Energiepfeil.png
Tefcold;Tefcold-Kühlschrank;Tefcold-Tiefkühlschrank-Volltür;;;Lager / Tiefkühlschränke;34072;UF700V;5708181994839;5708181994839;TEFCOLD;1685,00;Gefriergeräte | Lager – TiefkühlschränkeGastrobereich | Gastrokühlschränke;1879604;;;;;;;;;;Automatisch;;;;;;;;540;;;;;;;;;;;;;;;3;;;;;;;;;;;;;;;;;;Elektronisch;;;;;;;;;;;;;;;;;;;;;;;1 Dreh-Volltür;;;;;;;;;;;;;777;1970;730;;;;;;110;;;;;;;;;;;;;122;641;;;;;;;;;;;;;;;;;;;;;46.6;C;;4.65;1697;;;;;;;Weiß;Weiß;;;;;;;;;;;;;;;;;;;;2 Stellfüße;;;;;;45;;;;;;;;;;;;;;;;;;;;;;;653;1660;581;Nein;;;;;;;;;4;;;;;;;;;;;;;110;R290 / GWP 3;;;Ventiliert;;;;;;;;;;;;;;;;;;;;;;;;Weiß, ABS;;;;;;+30°C, 55% RH;;;;;;;;;;;;;;;;;;;;;;;;;113;440;;;;;;;;;;;;;;;;;;;;;;;;;;;;;;;;;;;;;;;2 Rollen;;;;3 Tragroste, weiß;;;;;;;;;;;;;;;;;220-240/50;;;Ja;;;;;;;;;;;Thermometer;-24 bis -10;;;;;;;;;;;;;;;Ja;;;;Nein;;;;;;;;;;;;;;;;;;;;;;;;;;;;;;;;;;;;;;;;;;;;;;;;;;;;;;;;;;;;;;;;42;;;;;;;;;;GN2/1;;840;760;2120;UF700V_Produktblatt.pdf;UF700V_Betriebsanleitung.pdf;UF700V_Ersatzteilliste.pdf;UF700V_Energielabel.pdf;UF700V_Energiepfeil.png
Tefcold;Tefcold-Kühlschrank;Tefcold-Tiefkühlschrank-Volltür;;;Lager / Tiefkühlschränke;34073;UF700VS;5708181994846;5708181994846;TEFCOLD;1804,00;Gefriergeräte | Lager – TiefkühlschränkeGastrobereich | Gastrokühlschränke;1879604;;;;;;;;;;Automatisch;;;;;;;;540;;;;;;;;;;;;;;;3;;;;;;;;;;;;;;;;;;Elektronisch;;;;;;;;;;;;;;;;;;;;;;;1 Dreh-Volltür;;;;;;;;;;;;;777;1970;730;;;;;;110;;;;;;;;;;;;;122;641;;;;;;;;;;;;;;;;;;;;;46.6;C;;4.65;1697;;;;;;;SS 430;Weiß;;;;;;;;;;;;;;;;;;;;2 Stellfüße;;;;;;45;;;;;;;;;;;;;;;;;;;;;;;653;1660;581;Nein;;;;;;;;;4;;;;;;;;;;;;;110;R290 / GWP 3;;;Ventiliert;;;;;;;;;;;;;;;;;;;;;;;;Weiß, ABS;;;;;;+30°C, 55% RH;;;;;;;;;;;;;;;;;;;;;;;;;113;440;;;;;;;;;;;;;;;;;;;;;;;;;;;;;;;;;;;;;;;2 Rollen;;;;3 Tragroste, weiß;;;;;;;;;;;;;;;;;220-240/50;;;Ja;;;;;;;;;;;Thermometer;-24 bis -10;;;;;;;;;;;;;;;Ja;;;;Nein;;;;;;;;;;;;;;;;;;;;;;;;;;;;;;;;;;;;;;;;;;;;;;;;;;;;;;;;;;;;;;;;42;;;;;;;;;;GN2/1;;840;760;2120;UF700VS_Produktblatt.pdf;UF700VS_Betriebsanleitung.pdf;UF700VS_Ersatzteilliste.pdf;UF700VS_Energielabel.pdf;UF700VS_Energiepfeil.png
Tefcold;Tefcold-Kühlschrank;Tefcold-Tiefkühlschrank-Volltür;;;Lager / Tiefkühlschränke;47501;UFFS371SD;5708181726973;5708181726973;TEFCOLD;1061,00;DEALS + | Energieeffiziente GeräteGefriergeräte | Lager – Tiefkühlschränke;1471490;;;;;;;;;;Manuell;;;;;;;;270;;;;;;;;;;;;;;;;;;;;;;;;;;;;;;;;;Mechanisch;;;;;;;;;;;;;;;;;;;;;;;1 Dreh-Volltür;;;;;;;;;;;;;595;1840;600;;;;;;110;;;;;;;;;;;;;100;300;;;;;;;;;;;;;;;;;;;;;29.6;B;;2.16;789;;;;;;;Weiß;Chrom;;;;;;;;;;;;;;;;;;;;2 Stellfüße;;;;;;40;;;;;;;;;;;;;;;;;;;;;;;475;1550;440;Nein;;;;;;;;;4;;;;;;;;;;;;;85;R290 / GWP 3;;;Statisch;;;;;;;;;;;;;;;;;;;;;;;;Weiß;;;;;;+30°C, 55% RH;;;;;;;;;;;;;;;;;;;;;;;;;95;270;;;;;;;;;;;;;;;;;;;;;;;;;;;;;;;;;;;;;;;2 Rollen;;;;6 Feste Gefrierablagen;;;;;;;;;;;;;;;;;220-240/50;;;Ja;;;;;;;;;;;Thermometer;-24 bis -14;;;;;;;;;;;;;;;Ja;;;;Ja;;;;;;;;;;;;;;;;;;;;;;;;;;;;;;;;;;;;;;;;;;;;;;;;;;;;;;;;;;;;;;;;54;;;;;;;;;;470 x 413 mm;;660;680;2000;UFFS371SD_Produktblatt.pdf;UFFS371SD_Betriebsanleitung.pdf;UFFS371SD_Ersatzteilliste.pdf;UFFS371SD_Energielabel.pdf;UFFS371SD_Energiepfeil.png
Tefcold;Tefcold-Kühlschrank;Tefcold-Tiefkühlschrank-Volltür;;;Lager / Tiefkühlschränke;45389;UFSC371SD;5708181722029;5708181722029;TEFCOLD;1061,00;DEALS + | Energieeffiziente GeräteGefriergeräte | Lager – Tiefkühlschränke;1471490;;;;;;;;;;Manuell;;;;;;;;270;;;;;;;;;;;;;;;;;;;;;;;;;;;;;;;;;Mechanisch;;;;;;;;;;;;;;;;;;;;;;;1 Dreh-Volltür;;;;;;;;;;;;;595;1840;640;;;;;;110;;;;;;;;;;;;;100;300;;;;;;;;;;;;;;;;;;;;;29.6;B;;2.16;789;;;;;;;Weiß;Chrom;;;;;;;;;;;;;;;;;;;;2 Stellfüße;;;;;;45;;;;;;;;;;;;;;;;;;;;;;;470;1545;440;Nein;;;;;;;;;4;;;;;;;;;;;;;85;R290 / GWP 3;;;Statisch;;;;;;;;;;;;;;;;;;;;;;;;Weiß;;;;;;+30°C, 55% RH;;;;;;;;;;;;;;;;;;;;;;;;;95;270;;;;;;;;;;;;;;;;;;;;;;;;;;;;;;;;;;;;;;;2 Rollen;;;;6 Feste Gefrierablagen;;;;;;;;;;;;;;;;;220-240/50;;;Ja;;;;;;;;;;;Thermometer;-24 bis -14;;;;;;;;;;;;;;;Ja;;;;Ja;;;;;;;;;;;;;;;;;;;;;;;;;;;;;;;;;;;;;;;;;;;;;;;;;;;;;;;;;;;;;;;;54;;;;;;;;;;470 x 413 mm;;680;710;2000;UFSC371SD_Produktblatt.pdf;UFSC371SD_Betriebsanleitung.pdf;UFSC371SD_Ersatzteilliste.pdf;UFSC371SD_Energielabel.pdf;UFSC371SD_Energiepfeil.png
Tefcold;Tefcold-Kühltruhen-Tiefkühltruhen;Tefcold-Tiefkühltruhe-Klappdeckel;;;Lager / Tiefkühltruhen;16162;CF700 SL;5708181003852;5708181003852;TEFCOLD;1186,00;Gefriergeräte | Lager – Tiefkühltruhen;1124225;;;;;;;;;;Manuell;;;;;;;;277;;;;;;;;;;;;;;;;;;;;;;;;;;;;;;;;;Mechanisch;;;;;;;;;;;;;;;;;;;;;;;1 Geschäumter Drehdeckel;;;;;;;;;;;;;2060;903;716;;;;;;;;;;;;;;;;;;;119;660;;;;;;;;;;;;;;;;;;;;;41.4;D;;3.28;1199;;;;;;;Weiß;Weiß;;;;;;;;;;;;;;;;;;;;;;;;;;42;;;;;;;;;;;;;;;;;;;;;;;1935;685;510;Nein;;;;;;;;;4;;;;;;;;;;;;;110;R290 / GWP 3;;;Statisch;;;;;;;;;;;;;;;;;;;;;;;;Stahlblech, verzinkt, mit weißer Lackierung;;;;;;+30°C, 55% RH;;;;;;;;;;;;;;;;;;;;;;;;;114;600;;;;;;;;;;;;;;;;;;;;;;;;;;;;;;;;;;;;;;;4 Doppelrollen;;;;;;;;;;;;;;;;;;;;;220-240/50;;;Ja;;;;;;;;;;;Thermometer;-24 bis -14;;;;;;;;;;;;;;;Ja;;;;;;;;;;;;;;;;;;;;;;;;;;;;;;;;;;;;;;;;;;;;;;;;;;;;;;;;;3 Drahtkörbe, weiß;;;;;;;;;;;32;;;;;;;;1 Geschäumter Drehdeckel;;;;2150;750;990;CF700_SL_Produktblatt.pdf;CF700_SL_Betriebsanleitung.pdf;CF700_SL_Ersatzteilliste.pdf;CF700_SL_Energielabel.pdf;CF700_SL_Energiepfeil.png
Tefcold;Tefcold-Kühltruhen-Tiefkühltruhen;Tefcold-Tiefkühltruhe-Klappdeckel;;;Lager / Tiefkühltruhen;16163;CF700S SL;5708181018139;5708181018139;TEFCOLD;1222,00;Gefriergeräte | Lager – Tiefkühltruhen;1124225;;;;;;;;;;Manuell;;;;;;;;277;;;;;;;;;;;;;;;;;;;;;;;;;;;;;;;;;Mechanisch;;;;;;;;;;;;;;;;;;;;;;;8;;;;;;;;;;;;;2060;903;716;;;;;;;;;;;;;;;;;;;119;660;;;;;;;;;;;;;;;;;;;;;41.4;D;;3.28;1199;;;;;;;Weiß;Weiß;;;;;;;;;;;;;;;;;;;;;;;;;;42;;;;;;;;;;;;;;;;;;;;;;;1935;685;510;Nein;;;;;;;;;4;;;;;;;;;;;;;110;R290 / GWP 3;;;Statisch;;;;;;;;;;;;;;;;;;;;;;;;Stahlblech, verzinkt, mit weißer Lackierung;;;;;;+30°C, 55% RH;;;;;;;;;;;;;;;;;;;;;;;;;114;600;;;;;;;;;;;;;;;;;;;;;;;;;;;;;;;;;;;;;;;4 Doppelrollen;;;;;;;;;;;;;;;;;;;;;220-240/50;;;Ja;;;;;;;;;;;Thermometer;-24 bis -14;;;;;;;;;;;;;;;Ja;;;;;;;;;;;;;;;;;;;;;;;;;;;;;;;;;;;;;;;;;;;;;;;;;;;;;;;;;3 Drahtkörbe, weiß;;;;;;;;;;;32;;;;;;;;1 Geschäumter Edelstahl-Drehdeckel;;;;2150;750;990;CF700S_SL_Produktblatt.pdf;CF700S_SL_Betriebsanleitung.pdf;CF700S_SL_Ersatzteilliste.pdf;CF700S_SL_Energielabel.pdf;CF700S_SL_Energiepfeil.png
Tefcold;Tefcold-Kühltruhen-Tiefkühltruhen;Tefcold-Tiefkühltruhe-Klappdeckel;;;Lager / Tiefkühltruhen;69796;CUBE 22-v2;5708181757816;5708181757816;Elcold;899,00;Gefriergeräte | Lager – Tiefkühltruhen;1564046;;;;;;;;;;Manuell;;;;;;;;82;;;;;;;;;;;;;;;;;;;;;;;;;;;;;;;;;Mechanisch;;;;;;;;;;;;;;;;;;;;;;;Rollen;;;;;;;;;;;;;764;867;694;;;;;;;;;;;;;;;;;;;48;205;;;;;;;;;;;;;;;;;;;;;34;C;;1.2;438;;;;;;;Weiß;;;;;;;;;;;;;;;;;;;;;;;;;;;;;;;;;;;;;;;;;;;;;;;;;;606;688;536;Nein;;;;;;;;;7;;;;;;;;;;;;;66;R290 / GWP 3;;;Statisch;;;;;;;;;;;;;;;;;;;;;;;;Weiß;;;;;;+35°C, 75% RH;;;;;;;;;;;;;;;;;;;;;;;;;45;163;;;;;;;;;;;;;;;;;;;;;;;;;;;;;;;;;;;;;;;Rollen;;;;;;;;;;;;;;;;;;;;;220-240/50;;;Ja;;;;;;;;;;;Thermometer;-23 bis -16;;;;;;;;;;;;;;;Nein;;Ja;;;;;;;;;;;;;;;;;;;;;;;;;;;;;;;;;;;;;;;;;;;;;;;;;;;;;;;0;;;;;;;;;;;84;;;;;;;;2 Geschäumte Schiebedeckel;;;;810;880;760;CUBE_22-v2_Produktblatt.pdf;CUBE_22-v2_Betriebsanleitung.pdf;CUBE_22-v2_Ersatzteilliste.pdf;CUBE_22-v2_Energielabel.pdf;CUBE_22-v2_Energiepfeil.png
Tefcold;Tefcold-Kühltruhen-Tiefkühltruhen;Tefcold-Tiefkühltruhe-Klappdeckel;;;Lager / Tiefkühltruhen;69798;CUBE 35-NTv3;5708181757823;5708181757823;Elcold;921,00;Lagerkühlgeräte | KühltruhenGefriergeräte | Lager – Tiefkühltruhen;1619951;;;;;;;;;;Manuell;;;;;;;;120;;;;;;;;;;;;;;;;;;;;;;;;;;;;;;;;;Mechanisch;;;;;;;;;;;;;;;;;;;;;;;Rollen;;;;;;;;;;;;;1094;867;694;;;;;;;;;;;;;;;;;;;57;331;;;;;;;;;;;;;;;;;;;;;38.6;D;;1.7;631;;;;;;;Weiß;;;;;;;;;;;;;;;;;;;;;;;;;;;;;;;;;;;;;;;;;;;;;;;;;;936;688;536;Nein;;;;;;;;;7;;;;;;;;;;;;;68;R290 / GWP 3;;;Statisch;;;;;;;;;;;;;;;;;;;;;;;;Weiß;;;;;;+35°C, 75% RH;;;;;;;;;;;;;;;;;;;;;;;;;53;267;;;;;;;;;;;;;;;;;;;;;;;;;;;;;;;;;;;;;;;Rollen;;;;;;;;;;;;;;;;;;;;;220-240/50;;;Ja;;;;;;;;;;;Thermometer;-23 bis -18 / +2 bis +8;;;;;;;;;;;;;;;Nein;;;;;;;;;;;;;;;;;;;;;;;;;;;;;;;;;;;;;;;;;;;;;;;;;;;;;;;;;0;;;;;;;;;;;62;;;;;;;;2 Geschäumte Schiebedeckel;;;;1140;880;760;CUBE_35-NTv3_Produktblatt.pdf;CUBE_35-NTv3_Betriebsanleitung.pdf;CUBE_35-NTv3_Ersatzteilliste.pdf;CUBE_35-NTv3_Energielabel.pdf;CUBE_35-NTv3_Energiepfeil.png
Tefcold;Tefcold-Kühltruhen-Tiefkühltruhen;Tefcold-Tiefkühltruhe-Klappdeckel;;;Lager / Tiefkühltruhen;69799;CUBE 45-v2;5708181757830;5708181757830;Elcold;1135,00;Gefriergeräte | Lager – Tiefkühltruhen;1563459;;;;;;;;;;Manuell;;;;;;;;133;;;;;;;;;;;;;;;;;;;;;;;;;;;;;;;;;Mechanisch;;;;;;;;;;;;;;;;;;;;;;;Rollen;;;;;;;;;;;;;1344;867;694;;;;;;;;;;;;;;;;;;;65;426;;;;;;;;;;;;;;;;;;;;;36.3;D;;1.89;692;;;;;;;Weiß;;;;;;;;;;;;;;;;;;;;;;;;;;;;;;;;;;;;;;;;;;;;;;;;;;1186;688;536;Nein;;;;;;;;;7;;;;;;;;;;;;;80;R290 / GWP 3;;;Statisch;;;;;;;;;;;;;;;;;;;;;;;;Weiß;;;;;;+35°C, 75% RH;;;;;;;;;;;;;;;;;;;;;;;;;61;345;;;;;;;;;;;;;;;;;;;;;;;;;;;;;;;;;;;;;;;Rollen;;;;;;;;;;;;;;;;;;;;;220-240/50;;;Ja;;;;;;;;;;;Thermometer;-23 bis -16;;;;;;;;;;;;;;;Nein;;Ja;;;;;;;;;;;;;;;;;;;;;;;;;;;;;;;;;;;;;;;;;;;;;;;;;;;;;;;0;;;;;;;;;;;50;;;;;;;;2 Geschäumte Schiebedeckel;;;;139;880;760;CUBE_45-v2_Produktblatt.pdf;CUBE_45-v2_Betriebsanleitung.pdf;CUBE_45-v2_Ersatzteilliste.pdf;CUBE_45-v2_Energielabel.pdf;CUBE_45-v2_Energiepfeil.png
Tefcold;Tefcold-Kühltruhen-Tiefkühltruhen;Tefcold-Tiefkühltruhe-Klappdeckel;;;Lager / Tiefkühltruhen;69800;CUBE 53-v2;5708181757847;5708181757847;Elcold;1275,00;Gefriergeräte | Lager – Tiefkühltruhen;1635387;;;;;;;;;;Manuell;;;;;;;;197;;;;;;;;;;;;;;;;;;;;;;;;;;;;;;;;;Mechanisch;;;;;;;;;;;;;;;;;;;;;;;Rollen;;;;;;;;;;;;;1544;867;694;;;;;;;;;;;;;;;;;;;72;503;;;;;;;;;;;;;;;;;;;;;41.1;D;;2.389;872;;;;;;;Weiß;;;;;;;;;;;;;;;;;;;;;;;;;;;;;;;;;;;;;;;;;;;;;;;;;;1386;688;536;Nein;;;;;;;;;7;;;;;;;;;;;;;96;R290 / GWP 3;;;Statisch;;;;;;;;;;;;;;;;;;;;;;;;Weiß;;;;;;+35°C, 75% RH;;;;;;;;;;;;;;;;;;;;;;;;;68;408;;;;;;;;;;;;;;;;;;;;;;;;;;;;;;;;;;;;;;;Rollen;;;;;;;;;;;;;;;;;;;;;220-240/50;;;Ja;;;;;;;;;;;Thermometer;-23 bis -16;;;;;;;;;;;;;;;Nein;;Ja;;;;;;;;;;;;;;;;;;;;;;;;;;;;;;;;;;;;;;;;;;;;;;;;;;;;;;;0;;;;;;;;;;;44;;;;;;;;2 Geschäumte Schiebedeckel;;;;1590;880;760;CUBE_53-v2_Produktblatt.pdf;CUBE_53-v2_Betriebsanleitung.pdf;CUBE_53-v2_Ersatzteilliste.pdf;CUBE_53-v2_Energielabel.pdf;CUBE_53-v2_Energiepfeil.png
Tefcold;Tefcold-Kühltruhen-Tiefkühltruhen;Tefcold-Tiefkühltruhe-Klappdeckel;;;Lager / Tiefkühltruhen;70137;CUBE 61-v2;5708181758493;5708181758493;Elcold;1378,00;Gefriergeräte | Lager – Tiefkühltruhen;1563446;;;;;;;;;;Manuell;;;;;;;;230;;;;;;;;;;;;;;;;;;;;;;;;;;;;;;;;;Mechanisch;;;;;;;;;;;;;;;;;;;;;;;Rollen;;;;;;;;;;;;;1804;867;694;;;;;;;;;;;;;;;;;;;75;602;;;;;;;;;;;;;;;;;;;;;47.1;D;;3.098;1131;;;;;;;Weiß;;;;;;;;;;;;;;;;;;;;;;;;;;;;;;;;;;;;;;;;;;;;;;;;;;1646;688;536;Nein;;;;;;;;;4;;;;;;;;;;;;;;R290 / GWP 3;;;Statisch;;;;;;;;;;;;;;;;;;;;;;;;Stahl, verzinkt oder kunststoffbeschichtet;;;;;;+30°C, 55% RH;;;;;;;;;;;;;;;;;;;;;;;;;71;489;;;;;;;;;;;;;;;;;;;;;;;;;;;;;;;;;;;;;;;Rollen;;;;;;;;;;;;;;;;;;;;;220-240/50;;;Ja;;;;;;;;;;;Thermometer;-23 bis -16;;;;;;;;;;;;;;;Werkseitige Option;;Ja;;;;;;;;;;;;;;;;;;;;;;;;;;;;;;;;;;;;;;;;;;;;;;;;;;;;;;;0;;;;;;;;;;;38;;;;;;;;2 Geschäumte Schiebedeckel;;;;1860;880;760;CUBE_61-v2_Produktblatt.pdf;CUBE_61-v2_Betriebsanleitung.pdf;CUBE_61-v2_Ersatzteilliste.pdf;CUBE_61-v2_Energielabel.pdf;CUBE_61-v2_Energiepfeil.png
Tefcold;Tefcold-Kühltruhen-Tiefkühltruhen;Tefcold-Tiefkühltruhe-Klappdeckel;;;Lager / Tiefkühltruhen;71224;CUBE35-v2;5708181759582;5708181759582;Elcold;-;Gefriergeräte | Lager – Tiefkühltruhen;1619951;;;;;;;;;;Manuell;;;;;;;;120;;;;;;;;;;;;;;;;;;;;;;;;;;;;;;;;;Mechanisch;;;;;;;;;;;;;;;;;;;;;;;Rollen;;;;;;;;;;;;;1094;867;694;;;;;;;;;;;;;;;;;;;57;331;;;;;;;;;;;;;;;;;;;;;38.6;D;;1.7;631;;;;;;;Weiß;;;;;;;;;;;;;;;;;;;;;;;;;;;;;;;;;;;;;;;;;;;;;;;;;;936;688;536;Nein;;;;;;;;;7;;;;;;;;;;;;;68;R290 / GWP 3;;;Statisch;;;;;;;;;;;;;;;;;;;;;;;;Weiß;;;;;;+35°C, 75% RH;;;;;;;;;;;;;;;;;;;;;;;;;53;267;;;;;;;;;;;;;;;;;;;;;;;;;;;;;;;;;;;;;;;Rollen;;;;;;;;;;;;;;;;;;;;;220-240/50;;;Ja;;;;;;;;;;;Thermometer;-23 bis -16;;;;;;;;;;;;;;;Nein;;Ja;;;;;;;;;;;;;;;;;;;;;;;;;;;;;;;;;;;;;;;;;;;;;;;;;;;;;;;0;;;;;;;;;;;62;;;;;;;;2 Geschäumte Schiebedeckel;;;;1140;880;760;CUBE35-v2_Produktblatt.pdf;CUBE35-v2_Betriebsanleitung.pdf;CUBE35-v2_Ersatzteilliste.pdf;CUBE35-v2_Energielabel.pdf;CUBE35-v2_Energiepfeil.png
Tefcold;Tefcold-Kühltruhen-Tiefkühltruhen;Tefcold-Tiefkühltruhe-Klappdeckel;;;Lager / Tiefkühltruhen;69726;EL11LT;5708181757618;5708181757618;Elcold;1492,00;Gefriergeräte | Lager – Tiefkühltruhen;;;;;;;;;;;Manuell;;;;;;;;210;;;;;;;;;;;;;;;;;;;;;;;;;;;;;;;;;Mechanisch;;;;;;;;;;;;;;;;;;;;;;;;;;;;;;;;;;;;725;865;650;;;;;;;;;;;;;;;;;;;49;130;;;;;;;;;;;;;;;;;;;;;31.4;C;;1.03;377;;;;;;;Weiß;;;;;;;;;;;;;;;;;;;;;;;;;;;49;;;;;;;;;;;;;;;;;;;;;;;520;660;450;Nein;;;100;;;;;;4;;;;;;;;;;;;;65;R290 / GWP 3;;;Statisch;;;;;;;;;;;;;;;;;;;;;;;;Stahlblech, verzinkt, mit weißer Lackierung;;;;;;+30°C, 55% RH;;;;;;;;;;;;;;;;;;;;;;;;;46;130;;;;;;;;;;;;;;;;;;;;;;;;;;;;;;;;;;;;;;;;;;;;;;;;;;;;;;;;;;;;220-240/50;;;Ja;;;;;;;;;;;Thermometer;-45 bis -10;;;;;;;;;;;;;;;C;;;;;;;;;;;;;;;;;;;;;;;;;;;;;;;;;;;;;;;;;;;;;;;;;;;;;;;;;0;;;;;;;;;;;1;;;;;;;;;;;;770;760;940;EL11LT_Produktblatt.pdf;EL11LT_Betriebsanleitung.pdf;EL11LT_Ersatzteilliste.pdf;EL11LT_Energielabel.pdf;EL11LT_Energiepfeil.png
Tefcold;Tefcold-Kühltruhen-Tiefkühltruhen;Tefcold-Tiefkühltruhe-Klappdeckel;;;Lager / Tiefkühltruhen;69727;EL21LT;5708181757625;5708181757625;Elcold;1653,00;Gefriergeräte | Lager – Tiefkühltruhen;;;;;;;;;;;Manuell;;;;;;;;340;;;;;;;;;;;;;;;;;;;;;;;;;;;;;;;;;Mechanisch;;;;;;;;;;;;;;;;;;;;;;;;;;;;;;;;;;;;1055;865;650;;;;;;;;;;;;;;;;;;;62;226;;;;;;;;;;;;;;;;;;;;;35.2;D;;1.48;539;;;;;;;Weiß;;;;;;;;;;;;;;;;;;;;;;;;;;;49;;;;;;;;;;;;;;;;;;;;;;;850;660;450;Nein;;;;;;;;;4;;;;;;;;;;;;;74;R290 / GWP 3;;;Statisch;;;;;;;;;;;;;;;;;;;;;;;;Stahlblech, verzinkt, mit weißer Lackierung;;;;;;+30°C, 55% RH;;;;;;;;;;;;;;;;;;;;;;;;;59;226;;;;;;;;;;;;;;;;;;;;;;;;;;;;;;;;;;;;;;;;;;;;;;;;;;;;;;;;;;;;220-240/50;;;Ja;;;;;;;;;;;Thermometer;-45 bis -10;;;;;;;;;;;;;;;D;;;;;;;;;;;;;;;;;;;;;;;;;;;;;;;;;;;;;;;;;;;;;;;;;;;;;;;;;0;;;;;;;;;;;1;;;;;;;;;;;;1100;760;940;EL21LT_Produktblatt.pdf;EL21LT_Betriebsanleitung.pdf;EL21LT_Ersatzteilliste.pdf;EL21LT_Energielabel.pdf;EL21LT_Energiepfeil.png
Tefcold;Tefcold-Kühltruhen-Tiefkühltruhen;Tefcold-Tiefkühltruhe-Klappdeckel;;;Lager / Tiefkühltruhen;69728;EL31LT;5708181757632;5708181757632;Elcold;1794,00;Gefriergeräte | Lager – Tiefkühltruhen;;;;;;;;;;;Manuell;;;;;;;;380;;;;;;;;;;;;;;;;;;;;;;;;;;;;;;;;;Mechanisch;;;;;;;;;;;;;;;;;;;;;;;;;;;;;;;;;;;;1305;865;650;;;;;;;;;;;;;;;;;;;71;300;;;;;;;;;;;;;;;;;;;;;31.1;C;;1.52;555;;;;;;;Weiß;;;;;;;;;;;;;;;;;;;;;;;;;;;49;;;;;;;;;;;;;;;;;;;;;;;1100;660;450;Nein;;;;;;;;;4;;;;;;;;;;;;;81;R290 / GWP 3;;;Statisch;;;;;;;;;;;;;;;;;;;;;;;;Stahlblech, verzinkt, mit weißer Lackierung;;;;;;+30°C, 55% RH;;;;;;;;;;;;;;;;;;;;;;;;;67;300;;;;;;;;;;;;;;;;;;;;;;;;;;;;;;;;;;;;;;;;;;;;;;;;;;;;;;;;;;;;220-240/50;;;Ja;;;;;;;;;;;Thermometer;-45 bis -10;;;;;;;;;;;;;;;C;;;;;;;;;;;;;;;;;;;;;;;;;;;;;;;;;;;;;;;;;;;;;;;;;;;;;;;;;0;;;;;;;;;;;1;;;;;;;;;;;;1350;760;940;EL31LT_Produktblatt.pdf;EL31LT_Betriebsanleitung.pdf;EL31LT_Ersatzteilliste.pdf;EL31LT_Energielabel.pdf;EL31LT_Energiepfeil.png
Tefcold;Tefcold-Kühltruhen-Tiefkühltruhen;Tefcold-Tiefkühltruhe-Klappdeckel;;;Lager / Tiefkühltruhen;69729;EL41LT;5708181757649;5708181757649;Elcold;1891,00;Gefriergeräte | Lager – Tiefkühltruhen;;;;;;;;;;;Manuell;;;;;;;;400;;;;;;;;;;;;;;;;;;;;;;;;;;;;;;;;;Mechanisch;;;;;;;;;;;;;;;;;;;;;;;;;;;;;;;;;;;;1505;865;650;;;;;;;;;;;;;;;;;;;78;360;;;;;;;;;;;;;;;;;;;;;32.2;C;;1.78;651;;;;;;;Weiß;;;;;;;;;;;;;;;;;;;;;;;;;;;49;;;;;;;;;;;;;;;;;;;;;;;1300;660;450;Nein;;;;;;;;;4;;;;;;;;;;;;;86;R290 / GWP 3;;;Statisch;;;;;;;;;;;;;;;;;;;;;;;;Stahlblech, verzinkt, mit weißer Lackierung;;;;;;+30°C, 55% RH;;;;;;;;;;;;;;;;;;;;;;;;;74;360;;;;;;;;;;;;;;;;;;;;;;;;;;;;;;;;;;;;;;;;;;;;;;;;;;;;;;;;;;;;220-240/50;;;Ja;;;;;;;;;;;Thermometer;-45 bis -10;;;;;;;;;;;;;;;C;;;;;;;;;;;;;;;;;;;;;;;;;;;;;;;;;;;;;;;;;;;;;;;;;;;;;;;;;0;;;;;;;;;;;1;;;;;;;;;;;;1550;760;940;EL41LT_Produktblatt.pdf;EL41LT_Betriebsanleitung.pdf;EL41LT_Ersatzteilliste.pdf;EL41LT_Energielabel.pdf;EL41LT_Energiepfeil.png
Tefcold;Tefcold-Kühltruhen-Tiefkühltruhen;Tefcold-Tiefkühltruhe-Klappdeckel;;;Lager / Tiefkühltruhen;69730;EL51LT;5708181757656;5708181757656;Elcold;2321,00;Gefriergeräte | Lager – Tiefkühltruhen;;;;;;;;;;;Manuell;;;;;;;;420;;;;;;;;;;;;;;;;;;;;;;;;;;;;;;;;;Mechanisch;;;;;;;;;;;;;;;;;;;;;;;;;;;;;;;;;;;;1705;865;650;;;;;;;;;;;;;;;;;;;85;416;;;;;;;;;;;;;;;;;;;;;33.2;C;;1.99;725;;;;;;;Weiß;;;;;;;;;;;;;;;;;;;;;;;;;;;49;;;;;;;;;;;;;;;;;;;;;;;1500;660;450;Nein;;;;;;;;;4;;;;;;;;;;;;;95;R290 / GWP 3;;;Statisch;;;;;;;;;;;;;;;;;;;;;;;;Stahlblech, verzinkt, mit weißer Lackierung;;;;;;+30°C, 55% RH;;;;;;;;;;;;;;;;;;;;;;;;;80;416;;;;;;;;;;;;;;;;;;;;;;;;;;;;;;;;;;;;;;;;;;;;;;;;;;;;;;;;;;;;220-240/50;;;Ja;;;;;;;;;;;Thermometer;-45 bis -10;;;;;;;;;;;;;;;C;;;;;;;;;;;;;;;;;;;;;;;;;;;;;;;;;;;;;;;;;;;;;;;;;;;;;;;;;0;;;;;;;;;;;1;;;;;;;;;;;;1760;760;940;EL51LT_Produktblatt.pdf;EL51LT_Betriebsanleitung.pdf;EL51LT_Ersatzteilliste.pdf;EL51LT_Energielabel.pdf;EL51LT_Energiepfeil.png
Tefcold;Tefcold-Kühltruhen-Tiefkühltruhen;Tefcold-Tiefkühltruhe-Klappdeckel;;;Lager / Tiefkühltruhen;16165;FR205 SL;5708181017095;5708181017095;TEFCOLD;539,00;Gefriergeräte | Lager – Tiefkühltruhen;1120766;;;;;;;;;;Manuell;;;;;;;;150;;;;;;;;;;;;;;;;;;;;;;;;;;;;;;;;;Mechanisch;;;;;;;;;;;;;;;;;;;;;;;1 Geschäumter Drehdeckel;;;;;;;;;;;;;734;945;700;;;;;;;;;;;;;;;;;;;48;189;;;;;;;;;;;;;;;;;;;;;34.47;C;;1.29;470.85;;;;;;;Weiß;;;;;;;;;;;;;;;;;;;;;;;;;;;42;;;;;;;;;;;;;;;;;;;;;;;610;725;480;Nein;;;;;;;;;4;;;;;;;;;;;;;44;R600a / GWP 3;;;Statisch;;;;;;;;;;;;;;;;;;;;;;;;Stahlblech, verzinkt, mit weißer Lackierung;;;;;;+30°C, 55% RH;;;;;;;;;;;;;;;;;;;;;;;;;43;185;;;;;;;;;;;;;;;;;;;;;;;;;;;;;;;;;;;;;;;4 Doppelrollen;;;;;;;;;;;;;;;;;;;;;220-240/50;;;Ja;;;;;;;;;;;Thermometer;-24 bis -14;;;;;;;;;;;;;;;Ja;;;;;;;;;;;;;;;;;;;;;;;;;;;;;;;;;;;;;;;;;;;;;;;;;;;;;;;;;1 Drahtkorb, weiß;;;;;;;;;;;88;;;;;;;;1 Geschäumter Drehdeckel;;;;770;710;1050;FR205_SL_Produktblatt.pdf;FR205_SL_Betriebsanleitung.pdf;FR205_SL_Ersatzteilliste.pdf;FR205_SL_Energielabel.pdf;FR205_SL_Energiepfeil.png
Tefcold;Tefcold-Kühltruhen-Tiefkühltruhen;Tefcold-Tiefkühltruhe-Klappdeckel;;;Lager / Tiefkühltruhen;16167;FR205S SL;5708181002930;5708181002930;TEFCOLD;565,00;Gefriergeräte | Lager – Tiefkühltruhen;1120766;;;;;;;;;;Manuell;;;;;;;;150;;;;;;;;;;;;;;;;;;;;;;;;;;;;;;;;;Mechanisch;;;;;;;;;;;;;;;;;;;;;;;1;;;;;;;;;;;;;734;945;700;;;;;;;;;;;;;;;;;;;48;189;;;;;;;;;;;;;;;;;;;;;34.47;C;;1.29;470.85;;;;;;;Weiß mit Edelstahldeckel;;;;;;;;;;;;;;;;;;;;;;;;;;;42;;;;;;;;;;;;;;;;;;;;;;;610;725;480;Nein;;;;;;;;;4;;;;;;;;;;;;;44;R600a / GWP 3;;;Statisch;;;;;;;;;;;;;;;;;;;;;;;;Stahlblech, verzinkt, mit weißer Lackierung;;;;;;+30°C, 55% RH;;;;;;;;;;;;;;;;;;;;;;;;;43;185;;;;;;;;;;;;;;;;;;;;;;;;;;;;;;;;;;;;;;;4 Doppelrollen;;;;;;;;;;;;;;;;;;;;;220-240/50;;;Ja;;;;;;;;;;;Thermometer;-24 bis -14;;;;;;;;;;;;;;;Ja;;;;;;;;;;;;;;;;;;;;;;;;;;;;;;;;;;;;;;;;;;;;;;;;;;;;;;;;;1 Drahtkorb, weiß;;;;;;;;;;;88;;;;;;;;1 Geschäumter Edelstahl-Drehdeckel;;;;770;710;1050;FR205S_SL_Produktblatt.pdf;FR205S_SL_Betriebsanleitung.pdf;FR205S_SL_Ersatzteilliste.pdf;FR205S_SL_Energielabel.pdf;FR205S_SL_Energiepfeil.png
Tefcold;Tefcold-Kühltruhen-Tiefkühltruhen;Tefcold-Tiefkühltruhe-Klappdeckel;;;Lager / Tiefkühltruhen;16169;FR305 SL;5708181017101;5708181017101;TEFCOLD;618,00;Gefriergeräte | Lager – Tiefkühltruhen;1120806;;;;;;;;;;Manuell;;;;;;;;185;;;;;;;;;;;;;;;;;;;;;;;;;;;;;;;;;Mechanisch;;;;;;;;;;;;;;;;;;;;;;;1 Geschäumter Drehdeckel;;;;;;;;;;;;;984;945;700;;;;;;;;;;;;;;;;;;;56;278;;;;;;;;;;;;;;;;;;;;;34.6;C;;1.58;577.43;;;;;;;Weiß;;;;;;;;;;;;;;;;;;;;;;;;;;;42;;;;;;;;;;;;;;;;;;;;;;;860;725;480;Nein;;;;;;;;;4;;;;;;;;;;;;;50;R600a / GWP 3;;;Statisch;;;;;;;;;;;;;;;;;;;;;;;;Stahlblech, verzinkt, mit weißer Lackierung;;;;;;+30°C, 55% RH;;;;;;;;;;;;;;;;;;;;;;;;;50;273;;;;;;;;;;;;;;;;;;;;;;;;;;;;;;;;;;;;;;;4 Doppelrollen;;;;;;;;;;;;;;;;;;;;;220-240/50;;;Ja;;;;;;;;;;;Thermometer;-24 bis -14;;;;;;;;;;;;;;;Ja;;;;;;;;;;;;;;;;;;;;;;;;;;;;;;;;;;;;;;;;;;;;;;;;;;;;;;;;;1 Drahtkorb, weiß;;;;;;;;;;;66;;;;;;;;1 Geschäumter Drehdeckel;;;;1020;710;1050;FR305_SL_Produktblatt.pdf;FR305_SL_Betriebsanleitung.pdf;FR305_SL_Ersatzteilliste.pdf;FR305_SL_Energielabel.pdf;FR305_SL_Energiepfeil.png
Tefcold;Tefcold-Kühltruhen-Tiefkühltruhen;Tefcold-Tiefkühltruhe-Klappdeckel;;;Lager / Tiefkühltruhen;16170;FR305S SL;5708181017118;5708181017118;TEFCOLD;653,00;Gefriergeräte | Lager – Tiefkühltruhen;1120806;;;;;;;;;;Manuell;;;;;;;;185;;;;;;;;;;;;;;;;;;;;;;;;;;;;;;;;;Mechanisch;;;;;;;;;;;;;;;;;;;;;;;1;;;;;;;;;;;;;984;945;700;;;;;;;;;;;;;;;;;;;56;278;;;;;;;;;;;;;;;;;;;;;34.6;C;;1.58;577.43;;;;;;;Weiß mit Edelstahldeckel;;;;;;;;;;;;;;;;;;;;;;;;;;;42;;;;;;;;;;;;;;;;;;;;;;;860;725;480;Nein;;;;;;;;;4;;;;;;;;;;;;;50;R600a / GWP 3;;;Statisch;;;;;;;;;;;;;;;;;;;;;;;;Stahlblech, verzinkt, mit weißer Lackierung;;;;;;+30°C, 55% RH;;;;;;;;;;;;;;;;;;;;;;;;;50;273;;;;;;;;;;;;;;;;;;;;;;;;;;;;;;;;;;;;;;;4 Doppelrollen;;;;;;;;;;;;;;;;;;;;;220-240/50;;;Ja;;;;;;;;;;;Thermometer;-24 bis -14;;;;;;;;;;;;;;;Ja;;;;;;;;;;;;;;;;;;;;;;;;;;;;;;;;;;;;;;;;;;;;;;;;;;;;;;;;;1 Drahtkorb, weiß;;;;;;;;;;;66;;;;;;;;1 Geschäumter Edelstahl-Drehdeckel;;;;1020;710;1050;FR305S_SL_Produktblatt.pdf;FR305S_SL_Betriebsanleitung.pdf;FR305S_SL_Ersatzteilliste.pdf;FR305S_SL_Energielabel.pdf;FR305S_SL_Energiepfeil.png
Tefcold;Tefcold-Kühltruhen-Tiefkühltruhen;Tefcold-Tiefkühltruhe-Klappdeckel;;;Lager / Tiefkühltruhen;16173;FR405 SL;5708181017125;5708181017125;TEFCOLD;705,00;Gefriergeräte | Lager – Tiefkühltruhen;1120814;;;;;;;;;;Manuell;;;;;;;;230;;;;;;;;;;;;;;;;;;;;;;;;;;;;;;;;;Mechanisch;;;;;;;;;;;;;;;;;;;;;;;1 Geschäumter Drehdeckel;;;;;;;;;;;;;1284;945;700;;;;;;;;;;;;;;;;;;;67;385;;;;;;;;;;;;;;;;;;;;;34.9;C;;1.93;703.72;;;;;;;Weiß;;;;;;;;;;;;;;;;;;;;;;;;;;;42;;;;;;;;;;;;;;;;;;;;;;;1160;725;480;Ja;;;;;;;;;4;;;;;;;;;;;;;80;R600a / GWP 3;;;Statisch;;;;;;;;;;;;;;;;;;;;;;;;Stahlblech, verzinkt, mit weißer Lackierung;;;;;;+30°C, 55% RH;;;;;;;;;;;;;;;;;;;;;;;;;62;377;;;;;;;;;;;;;;;;;;;;;;;;;;;;;;;;;;;;;;;4 Doppelrollen;;;;;;;;;;;;;;;;;;;;;220-240/50;;;Ja;;;;;;;;;;;Thermometer;-24 bis -14;;;;;;;;;;;;;;;Ja;;;;;;;;;;;;;;;;;;;;;;;;;;;;;;;;;;;;;;;;;;;;;;;;;;;;;;;;;2 Drahtkörbe, weiß;;;;;;;;;;;50;;;;;;;;1 Geschäumter Drehdeckel;;;;1370;710;1050;FR405_SL_Produktblatt.pdf;FR405_SL_Betriebsanleitung.pdf;FR405_SL_Ersatzteilliste.pdf;FR405_SL_Energielabel.pdf;FR405_SL_Energiepfeil.png
Tefcold;Tefcold-Kühltruhen-Tiefkühltruhen;Tefcold-Tiefkühltruhe-Klappdeckel;;;Lager / Tiefkühltruhen;16174;FR405S SL;5708181017323;5708181017323;TEFCOLD;749,00;Gefriergeräte | Lager – Tiefkühltruhen;1120814;;;;;;;;;;Manuell;;;;;;;;230;;;;;;;;;;;;;;;;;;;;;;;;;;;;;;;;;Mechanisch;;;;;;;;;;;;;;;;;;;;;;;1;;;;;;;;;;;;;1284;945;700;;;;;;;;;;;;;;;;;;;67;385;;;;;;;;;;;;;;;;;;;;;34.9;C;;1.93;703.72;;;;;;;Weiß mit Edelstahldeckel;;;;;;;;;;;;;;;;;;;;;;;;;;;42;;;;;;;;;;;;;;;;;;;;;;;1160;725;480;Nein;;;;;;;;;4;;;;;;;;;;;;;80;R600a / GWP 3;;;Statisch;;;;;;;;;;;;;;;;;;;;;;;;Stahlblech, verzinkt, mit weißer Lackierung;;;;;;+30°C, 55% RH;;;;;;;;;;;;;;;;;;;;;;;;;62;377;;;;;;;;;;;;;;;;;;;;;;;;;;;;;;;;;;;;;;;4 Doppelrollen;;;;;;;;;;;;;;;;;;;;;220-240/50;;;Ja;;;;;;;;;;;Thermometer;-24 bis -14;;;;;;;;;;;;;;;Ja;;;;;;;;;;;;;;;;;;;;;;;;;;;;;;;;;;;;;;;;;;;;;;;;;;;;;;;;;2 Drahtkörbe, weiß;;;;;;;;;;;50;;;;;;;;1 Geschäumter Edelstahl-Drehdeckel;;;;1370;710;1050;FR405S_SL_Produktblatt.pdf;FR405S_SL_Betriebsanleitung.pdf;FR405S_SL_Ersatzteilliste.pdf;FR405S_SL_Energielabel.pdf;FR405S_SL_Energiepfeil.png
Tefcold;Tefcold-Kühltruhen-Tiefkühltruhen;Tefcold-Tiefkühltruhe-Klappdeckel;;;Lager / Tiefkühltruhen;16176;FR505 SL;5708181002916;5708181002916;TEFCOLD;766,00;Gefriergeräte | Lager – Tiefkühltruhen;1120822;;;;;;;;;;Manuell;;;;;;;;230;;;;;;;;;;;;;;;;;;;;;;;;;;;;;;;;;Mechanisch;;;;;;;;;;;;;;;;;;;;;;;1 Geschäumter Drehdeckel;;;;;;;;;;;;;1504;945;700;;;;;;;;;;;;;;;;;;;78;463;;;;;;;;;;;;;;;;;;;;;49.7;D;;3.13;1142.45;;;;;;;Weiß;;;;;;;;;;;;;;;;;;;;;;;;;;;42;;;;;;;;;;;;;;;;;;;;;;;1380;725;480;Ja;;;;;;;;;4;;;;;;;;;;;;;90;R600a / GWP 3;;;Statisch;;;;;;;;;;;;;;;;;;;;;;;;Stahlblech, verzinkt, mit weißer Lackierung;;;;;;+30°C, 55% RH;;;;;;;;;;;;;;;;;;;;;;;;;73;454;;;;;;;;;;;;;;;;;;;;;;;;;;;;;;;;;;;;;;;4 Doppelrollen;;;;;;;;;;;;;;;;;;;;;220-240/50;;;Ja;;;;;;;;;;;Thermometer;-24 bis -14;;;;;;;;;;;;;;;Ja;;;;;;;;;;;;;;;;;;;;;;;;;;;;;;;;;;;;;;;;;;;;;;;;;;;;;;;;;2 Drahtkörbe, weiß;;;;;;;;;;;44;;;;;;;;1 Geschäumter Drehdeckel;;;;1540;710;1050;FR505_SL_Produktblatt.pdf;FR505_SL_Betriebsanleitung.pdf;FR505_SL_Ersatzteilliste.pdf;FR505_SL_Energielabel.pdf;FR505_SL_Energiepfeil.png
Tefcold;Tefcold-Kühltruhen-Tiefkühltruhen;Tefcold-Tiefkühltruhe-Klappdeckel;;;Lager / Tiefkühltruhen;16177;FR505S SL;5708181002947;5708181002947;TEFCOLD;811,00;Gefriergeräte | Lager – Tiefkühltruhen;1120822;;;;;;;;;;Manuell;;;;;;;;230;;;;;;;;;;;;;;;;;;;;;;;;;;;;;;;;;Mechanisch;;;;;;;;;;;;;;;;;;;;;;;1;;;;;;;;;;;;;1504;945;700;;;;;;;;;;;;;;;;;;;78;463;;;;;;;;;;;;;;;;;;;;;49.7;D;;3.13;1142.45;;;;;;;Weiß mit Edelstahldeckel;;;;;;;;;;;;;;;;;;;;;;;;;;;42;;;;;;;;;;;;;;;;;;;;;;;1380;725;480;Ja;;;;;;;;;4;;;;;;;;;;;;;90;R600a / GWP 3;;;Statisch;;;;;;;;;;;;;;;;;;;;;;;;Stahlblech, verzinkt, mit weißer Lackierung;;;;;;+30°C, 55% RH;;;;;;;;;;;;;;;;;;;;;;;;;73;454;;;;;;;;;;;;;;;;;;;;;;;;;;;;;;;;;;;;;;;4 Doppelrollen;;;;;;;;;;;;;;;;;;;;;220-240/50;;;Ja;;;;;;;;;;;Thermometer;-24 bis -14;;;;;;;;;;;;;;;Ja;;;;;;;;;;;;;;;;;;;;;;;;;;;;;;;;;;;;;;;;;;;;;;;;;;;;;;;;;2 Drahtkörbe, weiß;;;;;;;;;;;44;;;;;;;;1 Geschäumter Edelstahl-Drehdeckel;;;;1540;710;1050;FR505S_SL_Produktblatt.pdf;FR505S_SL_Betriebsanleitung.pdf;FR505S_SL_Ersatzteilliste.pdf;FR505S_SL_Energielabel.pdf;FR505S_SL_Energiepfeil.png
Tefcold;Tefcold-Kühltruhen-Tiefkühltruhen;Tefcold-Tiefkühltruhe-Klappdeckel;;;Lager / Tiefkühltruhen;16179;FR605 SL;5708181017149;5708181017149;TEFCOLD;944,00;Gefriergeräte | Lager – Tiefkühltruhen;1120833;;;;;;;;;;Manuell;;;;;;;;250;;;;;;;;;;;;;;;;;;;;;;;;;;;;;;;;;Mechanisch;;;;;;;;;;;;;;;;;;;;;;;1 Geschäumter Drehdeckel;;;;;;;;;;;;;1804;945;700;;;;;;;;;;;;;;;;;;;119;587.4;;;;;;;;;;;;;;;;;;;;;49.5;D;;3.61;1317.6;;;;;;;Weiß;;;;;;;;;;;;;;;;;;;;;;;;;;;42;;;;;;;;;;;;;;;;;;;;;;;1680;725;480;Ja;;;;;;;;;4;;;;;;;;;;;;;105;R600a / GWP 3;;;Statisch;;;;;;;;;;;;;;;;;;;;;;;;Stahlblech, verzinkt, mit weißer Lackierung;;;;;;+30°C, 55% RH;;;;;;;;;;;;;;;;;;;;;;;;;114;534;;;;;;;;;;;;;;;;;;;;;;;;;;;;;;;;;;;;;;;4 Doppelrollen;;;;;;;;;;;;;;;;;;;;;220-240/50;;;Ja;;;;;;;;;;;Thermometer;-24 bis -14;;;;;;;;;;;;;;;Ja;;;;;;;;;;;;;;;;;;;;;;;;;;;;;;;;;;;;;;;;;;;;;;;;;;;;;;;;;3 Drahtkörbe, weiß;;;;;;;;;;;38;;;;;;;;1 Geschäumter Drehdeckel;;;;1880;710;1050;FR605_SL_Produktblatt.pdf;FR605_SL_Betriebsanleitung.pdf;FR605_SL_Ersatzteilliste.pdf;FR605_SL_Energielabel.pdf;FR605_SL_Energiepfeil.png
Tefcold;Tefcold-Kühltruhen-Tiefkühltruhen;Tefcold-Tiefkühltruhe-Klappdeckel;;;Lager / Tiefkühltruhen;16180;FR605S SL;5708181017156;5708181017156;TEFCOLD;1001,00;Gefriergeräte | Lager – Tiefkühltruhen;1120833;;;;;;;;;;Manuell;;;;;;;;250;;;;;;;;;;;;;;;;;;;;;;;;;;;;;;;;;Mechanisch;;;;;;;;;;;;;;;;;;;;;;;1;;;;;;;;;;;;;1804;945;680;;;;;;;;;;;;;;;;;;;119;587.4;;;;;;;;;;;;;;;;;;;;;49.5;D;;3.61;1317.6;;;;;;;Weiß mit Edelstahldeckel;;;;;;;;;;;;;;;;;;;;;;;;;;;42;;;;;;;;;;;;;;;;;;;;;;;1680;725;480;Ja;;;;;;;;;4;;;;;;;;;;;;;105;R600a / GWP 3;;;Statisch;;;;;;;;;;;;;;;;;;;;;;;;Stahlblech, verzinkt, mit weißer Lackierung;;;;;;+30°C, 55% RH;;;;;;;;;;;;;;;;;;;;;;;;;114;534;;;;;;;;;;;;;;;;;;;;;;;;;;;;;;;;;;;;;;;4 Doppelrollen;;;;;;;;;;;;;;;;;;;;;220-240/50;;;Ja;;;;;;;;;;;Thermometer;-24 bis -14;;;;;;;;;;;;;;;Ja;;;;;;;;;;;;;;;;;;;;;;;;;;;;;;;;;;;;;;;;;;;;;;;;;;;;;;;;;3 Drahtkörbe, weiß;;;;;;;;;;;38;;;;;;;;1 Geschäumter Edelstahl-Drehdeckel;;;;1880;710;1050;FR605S_SL_Produktblatt.pdf;FR605S_SL_Betriebsanleitung.pdf;FR605S_SL_Ersatzteilliste.pdf;FR605S_SL_Energielabel.pdf;FR605S_SL_Energiepfeil.png
Tefcold;Tefcold-Kühltruhen-Tiefkühltruhen;Tefcold-Tiefkühltruhe-Klappdeckel;;;Lager / Tiefkühltruhen;16182;SE10-45;5708181002626;5708181002626;TEFCOLD;738,00;Gefriergeräte | Lager – Tiefkühltruhen;;;;;;;;;;;Manuell;;;;;;;;250;;;;;;;;;;;;;;;;;;;;;;;;;;;;;;;;;Elektronisch;;;;;;;;;;;;;;;;;;;;;;;1;;;;;;;;;;;;;734;945;705;;;;;;;;;;;;;;;;;;;54;155;;;;;;;;;;;;;;;;;;;;;;;;3.45;1259;;;;;;;Weiß;;;;;;;;;;;;;;;;;;;;;;;;;;;45;;;;;;;;;;;;;;;;;;;;;;;570;705;440;;;;;;;;;;3;;;;;;;;;;;;;40;R290 / GWP 3;;;Statisch;;;;;;;;;;;;;;;;;;;;;;;;Pulverbeschichtetes Stahlblech;;;;;;+25°C, 60% RH;;;;;;;;;;;;;;;;;;;;;;;;;49;152;;;;;;;;;;;;;;;;;;;;;;;;;;;;;;;;;;;;;;;4 Rollen, davon zwei mit Bremse;;;;;;;;;;;;;;;;;;;;;220-240/50;;;Ja;;;;;;;;;;;Thermometer;-45 bis -5;;;;;;;;;;;;;;;Ja;;;;;;;;;;;;;;;;;;;;;;;;;;;;;;;;;;;;;;;;;;;;;;;;;;;;;;;;;1 Drahtkorb, weiß;;;;;;;;;;;112;;;;;;;;1 Geschäumter Drehdeckel;;;;850;710;1000;SE10-45_Produktblatt.pdf;SE10-45_Betriebsanleitung.pdf;SE10-45_Ersatzteilliste.pdf;SE10-45_Energielabel.pdf;SE10-45_Energiepfeil.png
Tefcold;Tefcold-Kühltruhen-Tiefkühltruhen;Tefcold-Tiefkühltruhe-Klappdeckel;;;Lager / Tiefkühltruhen;16184;SE20-45;5708181002633;5708181002633;TEFCOLD;892,00;Gefriergeräte | Lager – Tiefkühltruhen;;;;;;;;;;;Manuell;;;;;;;;300;;;;;;;;;;;;;;;;;;;;;;;;;;;;;;;;;Elektronisch;;;;;;;;;;;;;;;;;;;;;;;1;;;;;;;;;;;;;984;945;705;;;;;;;;;;;;;;;;;;;62;235;;;;;;;;;;;;;;;;;;;;;;;;3.55;1296;;;;;;;Weiß;;;;;;;;;;;;;;;;;;;;;;;;;;;45;;;;;;;;;;;;;;;;;;;;;;;820;705;440;;;;;;;;;;3;;;;;;;;;;;;;55;R290 / GWP 3;;;Statisch;;;;;;;;;;;;;;;;;;;;;;;;Pulverbeschichtetes Stahlblech;;;;;;+25°C, 60% RH;;;;;;;;;;;;;;;;;;;;;;;;;57;230;;;;;;;;;;;;;;;;;;;;;;;;;;;;;;;;;;;;;;;4 Rollen, davon zwei mit Bremse;;;;;;;;;;;;;;;;;;;;;220-240/50;;;Ja;;;;;;;;;;;Thermometer;-45 bis -5;;;;;;;;;;;;;;;Ja;;;;;;;;;;;;;;;;;;;;;;;;;;;;;;;;;;;;;;;;;;;;;;;;;;;;;;;;;1 Drahtkorb, weiß;;;;;;;;;;;68;;;;;;;;1 Geschäumter Drehdeckel;;;;1050;710;990;SE20-45_Produktblatt.pdf;SE20-45_Betriebsanleitung.pdf;SE20-45_Ersatzteilliste.pdf;SE20-45_Energielabel.pdf;SE20-45_Energiepfeil.png
Tefcold;Tefcold-Kühltruhen-Tiefkühltruhen;Tefcold-Tiefkühltruhe-Klappdeckel;;;Lager / Tiefkühltruhen;16186;SE30-45;5708181002640;5708181002640;TEFCOLD;984,00;Gefriergeräte | Lager – Tiefkühltruhen;;;;;;;;;;;Manuell;;;;;;;;500;;;;;;;;;;;;;;;;;;;;;;;;;;;;;;;;;Elektronisch;;;;;;;;;;;;;;;;;;;;;;;1;;;;;;;;;;;;;1284;945;705;;;;;;;;;;;;;;;;;;;76;330;;;;;;;;;;;;;;;;;;;;;;;;5.15;1880;;;;;;;Weiß;;;;;;;;;;;;;;;;;;;;;;;;;;;45;;;;;;;;;;;;;;;;;;;;;;;1120;705;440;;;;;;;;;;3;;;;;;;;;;;;;61;R290 / GWP 3;;;Statisch;;;;;;;;;;;;;;;;;;;;;;;;Pulverbeschichtetes Stahlblech;;;;;;+25°C, 60% RH;;;;;;;;;;;;;;;;;;;;;;;;;71;323;;;;;;;;;;;;;;;;;;;;;;;;;;;;;;;;;;;;;;;4 Rollen, davon zwei mit Bremse;;;;;;;;;;;;;;;;;;;;;220-240/50;;;Ja;;;;;;;;;;;Thermometer;-45 bis -5;;;;;;;;;;;;;;;Ja;;;;;;;;;;;;;;;;;;;;;;;;;;;;;;;;;;;;;;;;;;;;;;;;;;;;;;;;;1 Drahtkorb, weiß;;;;;;;;;;;50;;;;;;;;1 Geschäumter Drehdeckel;;;;1350;710;990;SE30-45_Produktblatt.pdf;SE30-45_Betriebsanleitung.pdf;SE30-45_Ersatzteilliste.pdf;SE30-45_Energielabel.pdf;SE30-45_Energiepfeil.png
Tefcold;Tefcold-Kühltruhen-Tiefkühltruhen;Tefcold-Tiefkühltruhe-Klappdeckel;;;Lager / Tiefkühltruhen;16188;SE40-45;5708181002657;5708181002657;TEFCOLD;1031,00;Gefriergeräte | Lager – Tiefkühltruhen;;;;;;;;;;;Manuell;;;;;;;;600;;;;;;;;;;;;;;;;;;;;;;;;;;;;;;;;;Elektronisch;;;;;;;;;;;;;;;;;;;;;;;1;;;;;;;;;;;;;1504;945;705;;;;;;;;;;;;;;;;;;;83;400;;;;;;;;;;;;;;;;;;;;;;;;5.52;2015;;;;;;;Weiß;;;;;;;;;;;;;;;;;;;;;;;;;;;45;;;;;;;;;;;;;;;;;;;;;;;1340;705;440;;;;;;;;;;3;;;;;;;;;;;;;70;R290 / GWP 3;;;Statisch;;;;;;;;;;;;;;;;;;;;;;;;Pulverbeschichtetes Stahlblech;;;;;;+25°C, 60% RH;;;;;;;;;;;;;;;;;;;;;;;;;78;392;;;;;;;;;;;;;;;;;;;;;;;;;;;;;;;;;;;;;;;4 Rollen, davon zwei mit Bremse;;;;;;;;;;;;;;;;;;;;;220-240/50;;;Ja;;;;;;;;;;;Thermometer;-45 bis -5;;;;;;;;;;;;;;;Ja;;;;;;;;;;;;;;;;;;;;;;;;;;;;;;;;;;;;;;;;;;;;;;;;;;;;;;;;;1 Drahtkorb, weiß;;;;;;;;;;;44;;;;;;;;1 Geschäumter Drehdeckel;;;;1580;710;1050;SE40-45_Produktblatt.pdf;SE40-45_Betriebsanleitung.pdf;SE40-45_Ersatzteilliste.pdf;SE40-45_Energielabel.pdf;SE40-45_Energiepfeil.png
Tefcold;Tefcold-Kühlschrank;Tefcold-Kühlschrank-weiß-Volltür;;;Lagerkühlschränke;16082;SD1280;5708181002299;5708181002299;TEFCOLD;819,00;Lagerkühlgeräte | Lagerkühlschränke;101796;;;;;;;;;;Automatisch;;;;;;;;300;;;;;;;;;;;;;;;4;;;;;;;;;;;;;;;;;;Mechanisch;;;;;;;;;;;;;;;;;;;;;;;1 Dreh-Volltür;;;;;;;;;;;;;595;1640;600;;;;;;174.94;;;;;;;;;;;;;82;305;;;;;;;;;;;;;;;;;;;;;67;D;;1.7;619;;;;;;;Weiß;Weiß;;;;;;;;;;;;;;;;;;;;2 Stellfüße;;;;;;55;;;;;;;;;;;;;;;;;;;;;;;505;1355;462;Nein;;;;;;;;;4;;;;;;;;;;;;;70;R600a / GWP 3;;;Umluft;;;;;;;;;;;;;;;;;;;;;;;;ABS;;;;;;+30°C, 55% RH;;;;;;;;;;;;;;;;;;;;;;;;;74;188;;;;;;;;;;;;;;;;;;;;;;;;;;;;;;;;;;;;;;;2 Rollen;;;;4 Tragroste, weiß;;;;;;;;;;;;;;;;;220-240/50;;;Ja;;;;;;;;;;;Thermometer;-1 bis +5;;;;;;;;;;;;;;;Ja;;;;Ja;;;;;;;;;;;;;;;;;;;;;;;;;;;;;;;;;;;;;;;;;;;;;;;;;;;;;;;;;;;;;;;;57;;;;;;;;;;498 x 398 mm;;630;670;1790;SD1280_Produktblatt.pdf;SD1280_Betriebsanleitung.pdf;SD1280_Ersatzteilliste.pdf;SD1280_Energielabel.pdf;SD1280_Energiepfeil.png
Tefcold;Tefcold-Kühlschrank;Tefcold-Kühlschrank-weiß-Volltür;;;Lagerkühlschränke;16085;SD1380;5708181002305;5708181002305;TEFCOLD;810,00;Lagerkühlgeräte | Lagerkühlschränke;101807;;;;;;;;;;Automatisch;;;;;;;;370;;;;;;;;;;;;;;;5;;;;;;;;;;;;;;;;;;Mechanisch;;;;;;;;;;;;;;;;;;;;;;;1 Dreh-Volltür;;;;;;;;;;;;;595;1840;640;;;;;;174.94;;;;;;;;;;;;;70;358;;;;;;;;;;;;;;;;;;;;;67.6;D;;1.8;655;;;;;;;Weiß;Weiß;;;;;;;;;;;;;;;;;;;;2 Stellfüße;;;;;;55;;;;;;;;;;;;;;;;;;;;;;;505;1555;462;Nein;;;;;;;;;4;;;;;;;;;;;;;70;R600a / GWP 3;;;Umluft;;;;;;;;;;;;;;;;;;;;;;;;ABS;;;;;;+30°C, 55% RH;;;;;;;;;;;;;;;;;;;;;;;;;64;219;;;;;;;;;;;;;;;;;;;;;;;;;;;;;;;;;;;;;;;2 Rollen;;;;5 Tragroste, weiß;;;;;;;;;;;;;;;;;220-240/50;;;Ja;;;;;;;;;;;Thermometer;-1 bis +5;;;;;;;;;;;;;;;Ja;;;;Ja;;;;;;;;;;;;;;;;;;;;;;;;;;;;;;;;;;;;;;;;;;;;;;;;;;;;;;;;;;;;;;;;57;;;;;;;;;;498 x 398 mm;;630;670;1920;SD1380_Produktblatt.pdf;SD1380_Betriebsanleitung.pdf;SD1380_Ersatzteilliste.pdf;SD1380_Energielabel.pdf;SD1380_Energiepfeil.png
Tefcold;Tefcold-Kühlschrank;Tefcold-Kühlschrank-weiß-Volltür;;;Lagerkühlschränke;16080;SDU1220;5708181002312;5708181002312;TEFCOLD;769,00;Lagerkühlgeräte | Lagerkühlschränke;101777;;;;;;;;;;Automatisch;;;;;;;;197;;;;;;;;;;;;;;;;;;;;;;;;;;;;;;;;;Mechanisch;;;;;;;;;;;;;;;;;;;;;;;1 Dreh-Volltür;;;;;;;;;;;;;595;1315;640;;;;;;;;;;;;;;;;;;;67;215;;;;;;;;;;;;;;;;;;;;;74;D;;1.68;612;;;;;;;Weiß;Weiß;;;;;;;;;;;;;;;;;;;;2 Stellfüße;;;;;;45;;;;;;;;;;;;;;;;;;;;;;;470;1027;440;Nein;;;;;;;;;4;;;;;;;;;;;;;70;R600a / GWP 3;;;Umluft;;;;;;;;;;;;;;;;;;;;;;;;ABS;;;;;;+30°C, 55% RH;;;;;;;;;;;;;;;;;;;;;;;;;63;190;;;;;;;;;;;;;;;;;;;;;;;;;;;;;;;;;;;;;;;2 Rollen;;;;3 Tragroste, weiß;;;;;;;;;;;;;;;;;220-240/50;;;Ja;;;;;;;;;;;Thermometer;+2 bis +10;;;;;;;;;;;;;;;Ja;;;;Ja;;;;;;;;;;;;;;;;;;;;;;;;;;;;;;;;;;;;;;;;;;;;;;;;;;;;;;;;;;;;;;;;54;;;;;;;;;;498 x 405 mm;;680;710;1410;SDU1220_Produktblatt.pdf;SDU1220_Betriebsanleitung.pdf;SDU1220_Ersatzteilliste.pdf;SDU1220_Energielabel.pdf;SDU1220_Energiepfeil.png
Tefcold;Tefcold-Kühlschrank;Tefcold-Kühlschrank-weiß-Volltür;;;Lagerkühlschränke;16083;SDU1280;5708181002329;5708181002329;TEFCOLD;844,00;Lagerkühlgeräte | Lagerkühlschränke;101827;;;;;;;;;;Automatisch;;;;;;;;197;;;;;;;;;;;;;;;;;;;;;;;;;;;;;;;;;Mechanisch;;;;;;;;;;;;;;;;;;;;;;;1 Dreh-Volltür;;;;;;;;;;;;;595;1635;640;;;;;;;;;;;;;;;;;;;82;290;;;;;;;;;;;;;;;;;;;;;59.9;D;;1.7;619;;;;;;;Weiß;Weiß;;;;;;;;;;;;;;;;;;;;2 Stellfüße;;;;;;45;;;;;;;;;;;;;;;;;;;;;;;470;1347;440;Nein;;;;;;;;;4;;;;;;;;;;;;;70;R600a / GWP 3;;;Umluft;;;;;;;;;;;;;;;;;;;;;;;;ABS;;;;;;+30°C, 55% RH;;;;;;;;;;;;;;;;;;;;;;;;;74;260;;;;;;;;;;;;;;;;;;;;;;;;;;;;;;;;;;;;;;;2 Rollen;;;;4 Tragroste, weiß;;;;;;;;;;;;;;;;;220-240/50;;;Ja;;;;;;;;;;;Thermometer;+2 bis +10;;;;;;;;;;;;;;;Ja;;;;Ja;;;;;;;;;;;;;;;;;;;;;;;;;;;;;;;;;;;;;;;;;;;;;;;;;;;;;;;;;;;;;;;;54;;;;;;;;;;498 x 405 mm;;680;710;1740;SDU1280_Produktblatt.pdf;SDU1280_Betriebsanleitung.pdf;SDU1280_Ersatzteilliste.pdf;SDU1280_Energielabel.pdf;SDU1280_Energiepfeil.png
Tefcold;Tefcold-Kühlschrank;Tefcold-Kühlschrank-weiß-Volltür;;;Lagerkühlschränke;16086;SDU1375;5708181002336;5708181002336;TEFCOLD;827,00;Lagerkühlgeräte | Lagerkühlschränke;101833;;;;;;;;;;Automatisch;;;;;;;;215;;;;;;;;;;;;;;;;;;;;;;;;;;;;;;;;;Mechanisch;;;;;;;;;;;;;;;;;;;;;;;1 Dreh-Volltür;;;;;;;;;;;;;595;1840;640;;;;;;;;;;;;;;;;;;;70;372;;;;;;;;;;;;;;;;;;;;;67.5;D;;1.8;657;;;;;;;Weiß;Weiß;;;;;;;;;;;;;;;;;;;;2 Stellfüße;;;;;;45;;;;;;;;;;;;;;;;;;;;;;;470;1555;440;Nein;;;;;;;;;4;;;;;;;;;;;;;80;R600a / GWP 3;;;Umluft;;;;;;;;;;;;;;;;;;;;;;;;ABS;;;;;;+30°C, 55% RH;;;;;;;;;;;;;;;;;;;;;;;;;64;345;;;;;;;;;;;;;;;;;;;;;;;;;;;;;;;;;;;;;;;2 Rollen;;;;5 Tragroste, weiß;;;;;;;;;;;;;;;;;220-240/50;;;Ja;;;;;;;;;;;Thermometer;+2 bis +10;;;;;;;;;;;;;;;Ja;;;;Ja;;;;;;;;;;;;;;;;;;;;;;;;;;;;;;;;;;;;;;;;;;;;;;;;;;;;;;;;;;;;;;;;54;;;;;;;;;;498 x 405 mm;;680;710;1940;SDU1375_Produktblatt.pdf;SDU1375_Betriebsanleitung.pdf;SDU1375_Ersatzteilliste.pdf;SDU1375_Energielabel.pdf;SDU1375_Energiepfeil.png
Tefcold;Tefcold-Kühlschrank;Tefcold-Kühlschrank-weiß-Volltür;;;Lagerkühlschränke;69444;SGD-300E;5708181756567;5708181756567;Serrco by TEFCOLD;2827,00;DEALS + | ProduktneuheitenLagerkühlgeräte | Lagerkühlschränke;;;;;;;;;;;Automatisch;;;;;;;;280;;;;;;;;;;;;;;;4;;;;;;;;;;;;;;;;;;Elektronisch;;;;;;;;;;;;;;;;;;;;;;;1 Dreh-Volltür;;;;;;;;;;;;;600;1805;580;;;;;;150;;;;;;;;;;;;;109;270;;;;;;;;;;;;;;;;;;;;;;;;;;;;;;;;Anthrazit RAL 7021;Chrom;;;;;;;;;;;;;;;;;;;;Stellfüße;;;;;;48;;;;;;;;;;;;;;;;;;;;;;;520;1445;380;LED;;;;;;;;;4;;;;;;;;;;;;;90;R290 / GWP 3;;;Ventiliert;;;;;;;;;;;;;;;;;;;;;;;;Silber;;;;;;+30°C, 55% RH;;;;;;;;;;;;;;;;;;;;;;;;;100.8;260;;;;;;;;;;;;;;;;;;;;;;;;;;;;;;;;;;;;;;;;;;;4 verstellbar;;;;;;;;;;;;;;;;;220-240/50;;;Ja;;;;;;;;;;;Thermometer;+2 bis +12;;;;;;;;;;;;;;;Ja;;;;Ja;;;;;;;;;;;;;;;;;;;;;;;;;;;;;;;;;;;;;;;;;;;;;;;;;;;;;;198;210;420;252;;;;;;;122;;;;;;;;;;496 x 341 mm;520 x 369;1950;800;575;SGD-300E_Produktblatt.pdf;SGD-300E_Betriebsanleitung.pdf;SGD-300E_Ersatzteilliste.pdf;SGD-300E_Energielabel.pdf;SGD-300E_Energiepfeil.png
Tefcold;Tefcold-Kühlschrank;Tefcold-Kühlschrank-weiß-Volltür;;;Lagerkühlschränke;54853;UR200W1;5708181740375;5708181740375;TEFCOLD;627,00;DEALS + | Energieeffiziente GeräteLagerkühlgeräte | Lagerkühlschränke;2054014;;;;;;;;;;Automatisch / Off-Cycle-Abtauung;;;;;;;;70;;;;;;;;;;;;;;;3;;;;;;;;;;;;;;;;;;Elektronisch;;;;;;;;;;;;;;;;;;;;;;;1 Dreh-Volltür;;;;;;;;;;;;;600;855;615;;;;;;110;;;;;;;;;;;;;54;129;;;;;;;;;;;;;;;;;;;;;11;A+;;0.59;215;;;;;;;Weiß;Weiß;;;;;;;;;;;;;;;;;;;;2 Stellfüße;;;;;;45;;;;;;;;;;;;;;;;;;;;;;;510;620;485;Nein;;;;;;;;;4;;;;;;;;;;;;;50;R600a / GWP 3;;;Umluft;;;;;;;;;;;;;;;;;;;;;;;;Weiß;;;;;;+30°C, 55% RH;;;;;;;;;;;;;;;;;;;;;;;;;49;119;;;;;;;;;;;;;;;;;;;;;;;;;;;;;;;;;;;;;;;2 Rollen;;;;3 Tragroste, weiß;;;;;;;;;;;;;;;;;220-240/50;;;Ja;;;;;;;;;;;Thermometer;-2 bis +8;;;;;;;;;;;;;;;Ja;;;;Nein;;;;;;;;;;;;;;;;;;;;;;;;;;;;;;;;;;;;;;;;;;;;;;;;;;;;;;;;;;;;;;;;108;38;;;;;;;;;503 x 415 mm;503 x 225;680;680;1050;UR200W1_Produktblatt.pdf;UR200W1_Betriebsanleitung.pdf;UR200W1_Ersatzteilliste.pdf;UR200W1_Energielabel.pdf;UR200W1_Energiepfeil.png
Tefcold;Tefcold-Kühlschrank;Tefcold-Kühlschrank-weiß-Volltür;;;Lagerkühlschränke;54855;UR200X1;5708181740399;5708181740399;TEFCOLD;693,00;DEALS + | Energieeffiziente GeräteLagerkühlgeräte | Lagerkühlschränke;2054014;;;;;;;;;;Automatisch / Off-Cycle-Abtauung;;;;;;;;70;;;;;;;;;;;;;;;3;;;;;;;;;;;;;;;;;;Elektronisch;;;;;;;;;;;;;;;;;;;;;;;1 Dreh-Volltür;;;;;;;;;;;;;600;855;615;;;;;;110;;;;;;;;;;;;;54;129;;;;;;;;;;;;;;;;;;;;;11;A+;;0.59;215;;;;;;;SS 430;Weiß;;;;;;;;;;;;;;;;;;;;2 Stellfüße;;;;;;45;;;;;;;;;;;;;;;;;;;;;;;510;620;485;Nein;;;;;;;;;4;;;;;;;;;;;;;50;R600a / GWP 3;;;Umluft;;;;;;;;;;;;;;;;;;;;;;;;Weiß;;;;;;+30°C, 55% RH;;;;;;;;;;;;;;;;;;;;;;;;;49;119;;;;;;;;;;;;;;;;;;;;;;;;;;;;;;;;;;;;;;;2 Rollen;;;;3 Tragroste, weiß;;;;;;;;;;;;;;;;;220-240/50;;;Ja;;;;;;;;;;;Thermometer;-2 bis +8;;;;;;;;;;;;;;;Ja;;;;Nein;;;;;;;;;;;;;;;;;;;;;;;;;;;;;;;;;;;;;;;;;;;;;;;;;;;;;;;;;;;;;;;;108;38;;;;;;;;;503 x 415 mm;503 x 225;680;680;1050;UR200X1_Produktblatt.pdf;UR200X1_Betriebsanleitung.pdf;UR200X1_Ersatzteilliste.pdf;UR200X1_Energielabel.pdf;UR200X1_Energiepfeil.png
Tefcold;Tefcold-Kühlschrank;Tefcold-Kühlschrank-weiß-Volltür;;;Lagerkühlschränke;54857;UR400W1;5708181740412;5708181740412;TEFCOLD;974,00;DEALS + | Energieeffiziente GeräteLagerkühlgeräte | Lagerkühlschränke;2054050;;;;;;;;;;Automatisch / Off-Cycle-Abtauung;;;;;;;;115;;;;;;;;;;;;;;;4;;;;;;;;;;;;;;;;;;Elektronisch;;;;;;;;;;;;;;;;;;;;;;;1 Dreh-Volltür;;;;;;;;;;;;;600;1855;615;;;;;;110;;;;;;;;;;;;;82;361;;;;;;;;;;;;;;;;;;;;;23.7;A;;0.65;237;;;;;;;Weiß;Weiß;;;;;;;;;;;;;;;;;;;;2 Stellfüße;;;;;;45;;;;;;;;;;;;;;;;;;;;;;;510;1620;485;Nein;;;;;;;;;4;;;;;;;;;;;;;70;R600a / GWP 3;;;Umluft;;;;;;;;;;;;;;;;;;;;;;;;Weiß;;;;;;+30°C, 55% RH;;;;;;;;;;;;;;;;;;;;;;;;;77;239;;;;;;;;;;;;;;;;;;;;;;;;;;;;;;;;;;;;;;;2 Rollen;;;;4 Tragroste, weiß;;;;;;;;;;;;;;;;;220-240/50;;;Ja;;;;;;;;;;;Thermometer;-2 bis +8;;;;;;;;;;;;;;;Ja;;;;Nein;;;;;;;;;;;;;;;;;;;;;;;;;;;;;;;;;;;;;;;;;;;;;;;;;;;;;;;;;;;;;;;;54;38;;;;;;;;;503 x 415 mm;503 x 225;680;680;2100;UR400W1_Produktblatt.pdf;UR400W1_Betriebsanleitung.pdf;UR400W1_Ersatzteilliste.pdf;UR400W1_Energielabel.pdf;UR400W1_Energiepfeil.png
Tefcold;Tefcold-Kühlschrank;Tefcold-Kühlschrank-weiß-Volltür;;;Lagerkühlschränke;54859;UR400X1;5708181740436;5708181740436;TEFCOLD;1054,00;DEALS + | Energieeffiziente GeräteLagerkühlgeräte | Lagerkühlschränke;2054050;;;;;;;;;;Automatisch / Off-Cycle-Abtauung;;;;;;;;80;;;;;;;;;;;;;;;4;;;;;;;;;;;;;;;;;;Elektronisch;;;;;;;;;;;;;;;;;;;;;;;1 Dreh-Volltür;;;;;;;;;;;;;600;1855;615;;;;;;110;;;;;;;;;;;;;82;361;;;;;;;;;;;;;;;;;;;;;23.7;A;;0.65;237;;;;;;;SS 430;Weiß;;;;;;;;;;;;;;;;;;;;2 Stellfüße;;;;;;45;;;;;;;;;;;;;;;;;;;;;;;510;1620;485;Nein;;;;;;;;;4;;;;;;;;;;;;;70;R600a / GWP 3;;;Umluft;;;;;;;;;;;;;;;;;;;;;;;;Weiß;;;;;;+30°C, 55% RH;;;;;;;;;;;;;;;;;;;;;;;;;77;350;;;;;;;;;;;;;;;;;;;;;;;;;;;;;;;;;;;;;;;2 Rollen;;;;4 Tragroste, weiß;;;;;;;;;;;;;;;;;220-240/50;;;Ja;;;;;;;;;;;Thermometer;-2 bis +8;;;;;;;;;;;;;;;Ja;;;;Nein;;;;;;;;;;;;;;;;;;;;;;;;;;;;;;;;;;;;;;;;;;;;;;;;;;;;;;;;;;;;;;;;54;38;;;;;;;;;503 x 415 mm;503 x 225;680;680;2100;UR400X1_Produktblatt.pdf;UR400X1_Betriebsanleitung.pdf;UR400X1_Ersatzteilliste.pdf;UR400X1_Energielabel.pdf;UR400X1_Energiepfeil.png
Tefcold;Tefcold-Kühlschrank;Tefcold-Kühlschrank-weiß-Volltür;;;Lagerkühlschränke;34068;UR550;5708181994792;5708181994792;TEFCOLD;1206,00;Lagerkühlgeräte | Lagerkühlschränke;1843402;;;;;;;;;;Automatisch;;;;;;;;130;;;;;;;;;;;;;;;4;;;;;;;;;;;;;;;;;;Elektronisch;;;;;;;;;;;;;;;;;;;;;;;1 Dreh-Volltür;;;;;;;;;;;;;777;1720;715;;;;;;110;;;;;;;;;;;;;97;461;;;;;;;;;;;;;;;;;;;;;48.7;C;;1.71;624;;;;;;;Weiß;Weiß;;;;;;;;;;;;;;;;;;;;2 Stellfüße;;;;;;45;;;;;;;;;;;;;;;;;;;;;;;667;1485;570;Nein;;;;;;;;;4;;;;;;;;;;;;;95;R600a / GWP 3;;;Umluft;;;;;;;;;;;;;;;;;;;;;;;;Weiß, ABS;;;;;;+30°C, 55% RH;;;;;;;;;;;;;;;;;;;;;;;;;90;420;;;;;;;;;;;;;;;;;;;;;;;;;;;;;;;;;;;;;;;2 Rollen;;;;4 Tragroste, weiß;;;;;;;;;;;;;;;;;220-240/50;;;Ja;;;;;;;;;;;Thermometer;+2 bis +10;;;;;;;;;;;;;;;Ja;;;;Nein;;;;;;;;;;;;;;;;;;;;;;;;;;;;;;;;;;;;;;;;;;;;;;;;;;;;;;;;;;;;;;;;42;;;;;;;;;;GN2/1;650 x 305;850;770;1890;UR550_Produktblatt.pdf;UR550_Betriebsanleitung.pdf;UR550_Ersatzteilliste.pdf;UR550_Energielabel.pdf;UR550_Energiepfeil.png
Tefcold;Tefcold-Kühlschrank;Tefcold-Kühlschrank-weiß-Volltür;;;Lagerkühlschränke;34069;UR550S;5708181994808;5708181994808;TEFCOLD;1267,00;Lagerkühlgeräte | Lagerkühlschränke;1843416;;;;;;;;;;Automatisch;;;;;;;;130;;;;;;;;;;;;;;;4;;;;;;;;;;;;;;;;;;Elektronisch;;;;;;;;;;;;;;;;;;;;;;;1 Dreh-Volltür;;;;;;;;;;;;;777;1720;715;;;;;;110;;;;;;;;;;;;;97;461;;;;;;;;;;;;;;;;;;;;;48.7;C;;1.71;624;;;;;;;SS 430;Weiß;;;;;;;;;;;;;;;;;;;;2 Stellfüße;;;;;;45;;;;;;;;;;;;;;;;;;;;;;;667;1485;570;Nein;;;;;;;;;4;;;;;;;;;;;;;95;R600a / GWP 3;;;Umluft;;;;;;;;;;;;;;;;;;;;;;;;Weiß, ABS;;;;;;+30°C, 55% RH;;;;;;;;;;;;;;;;;;;;;;;;;90;420;;;;;;;;;;;;;;;;;;;;;;;;;;;;;;;;;;;;;;;2 Rollen;;;;4 Tragroste, weiß;;;;;;;;;;;;;;;;;220-240/50;;;Ja;;;;;;;;;;;Thermometer;+2 bis +10;;;;;;;;;;;;;;;Ja;;;;Nein;;;;;;;;;;;;;;;;;;;;;;;;;;;;;;;;;;;;;;;;;;;;;;;;;;;;;;;;;;;;;;;;42;;;;;;;;;;GN2/1;650 x 305;850;770;1890;UR550S_Produktblatt.pdf;UR550S_Betriebsanleitung.pdf;UR550S_Ersatzteilliste.pdf;UR550S_Energielabel.pdf;UR550S_Energiepfeil.png
Tefcold;Tefcold-Kühlschrank;Tefcold-Kühlschrank-schwarz;;;Minibars;45548;TD50A;5708181722227;5708181722227;TEFCOLD;568,00;Lagerkühlgeräte | MinibarsGlastürkühlgeräte | Minibars;2444639;;;;;;;;;;Automatisch;;;;;;;;40;;;;;;;;;;;;;;;;;;1;;;;;;;;;;;;;;;Elektronisch;;;;;;;;;;;;;;;;;;;;;;;;;;;;;;;;;;;;550;420;508;;;;;;;;;;;;;;;;;;;24;52;;;;;;;;;;;;;;;;;;;;;136;G;;0.29;106;;;;;;;Schwarz;;;;;;;;;;;;;;;;;;;;;Stellfüße;;;;;;38;;;;;;;;;;;;;;;;;;;;;;;470;332;395;LED;;;;;;;;;4;;;;;;;;;;;;;20;R600a / GWP 3;;;Statisch;;;;;;;;;;;;;;;;;;;;;;;;Weiß;;;;;;+30°C, 55% RH;;;;;;;;;;;;;;;;;;;;;;;;;22;45;;;;;;;;;;;;;;;;;;;;;;;;;;;;;;;;;;;;;;;;;;;;;;;;;;;;;;;;;;;;220-240/50;;;Ja;;;;;;;;;;;;+5 bis +12;;;;;;;;;;;;;;;Nein;;;;;;;;;;;;;;;;;;;;;;;;;;;;;;;;;;;;;;;;;;;;;;;;;;;;;;;;;;;;;;;;;;;;430;;;;;;;;;;;;590;520;470;TD50A_Produktblatt.pdf;TD50A_Betriebsanleitung.pdf;TD50A_Ersatzteilliste.pdf;TD50A_Energielabel.pdf;TD50A_Energiepfeil.png
Tefcold;Tefcold-Kühlschrank;Tefcold-Kühlschrank-schwarz;;;Minibars;45547;TD50C;5708181722210;5708181722210;TEFCOLD;558,00;Lagerkühlgeräte | MinibarsGlastürkühlgeräte | Minibars;1481900;;;;;;;;;;Automatisch;;;;;;;;40;;;;;;;;;;;;;;;;;;1;;;;;;;;;;;;;;;Elektronisch;;;;;;;;;;;;;;;;;;;;;;;;;;;;;;;;;;;;550;420;508;;;;;;;;;;;;;;;;;;;24;52;;;;;;;;;;;;;;;;;;;;;136;G;;0.29;106;;;;;;;Schwarz;;;;;;;;;;;;;;;;;;;;;Stellfüße;;;;;;38;;;;;;;;;;;;;;;;;;;;;;;470;332;395;LED;;;;;;;;;4;;;;;;;;;;;;;20;R600a / GWP 3;;;Statisch;;;;;;;;;;;;;;;;;;;;;;;;Weiß;;;;;;+30°C, 55% RH;;;;;;;;;;;;;;;;;;;;;;;;;22;45;;;;;;;;;;;;;;;;;;;;;;;;;;;;;;;;;;;;;;;;;;;;;;;;;;;;;;;;;;;;220-240/50;;;Ja;;;;;;;;;;;;+5 bis +12;;;;;;;;;;;;;;;Nein;;;;;;;;;;;;;;;;;;;;;;;;;;;;;;;;;;;;;;;;;;;;;;;;;;;;;;;;;;;;;;;;;;;;430;;;;;;;;;;;;590;520;470;TD50C_Produktblatt.pdf;TD50C_Betriebsanleitung.pdf;TD50C_Ersatzteilliste.pdf;TD50C_Energielabel.pdf;TD50C_Energiepfeil.png
Tefcold;Tefcold-Kühlschrank;Tefcold-Kühlschrank-schwarz;;;Minibars;53374;TM33;5708181737603;5708181737603;TEFCOLD;263,00;Lagerkühlgeräte | MinibarsGlastürkühlgeräte | Minibars;1989756;;;;;;;;;;Automatisch;;;;;;;;50;;;;;;;;;;;;;;;1;;;;;;;;;;;;;;;;;;Elektronisch;;;;;;;;;;;;;;;;;;;;;;;1 Dreh-Volltür;;;;;;;;;;;;;402;500;438.3;;;;;;250;;;;;;;;;;;;;17;28;;;;;;;;;;;;;;;;;;;;;244.8;G;;0.52;188;;;;;;;Schwarz;Schwarz;;;;;;;;;;;;;;;;;;;;4 Stellfüße;;;;;;;;;;;;;;;;;;;;;;;;;;;;;312;395;225;LED;;;;;;;;;N;;;;;;;;;;;;;70;NH3 / GWP 0;;;Absorption;;;;;;;;;;;;;;;;;;;;;;;;ABS, RAL7005;;;;;;+32°C;;;;;;;;;;;;;;;;;;;;;;;;;12;26;;;;;;;;;;;;;;;;;;;;;;;;;;;;;;;;;;;;;;;;;;;1 Tragroste, schwarz;;;;;;;;;;;;;;;;;220-240/50;;;Ja;;;;;;;;;;;Thermometer;0 bis +10;;;;;;;;;;;;;;;Ja;;;;Ja;;;;;;;;;;;;;;;;;;;;;;;;;;;;;;;;;;;;;;;;;;;;;;;;;;;;;;;;;;;;;;;;500;38;;;;;;;;;322x125;;450;470;540;TM33_Produktblatt.pdf;TM33_Betriebsanleitung.pdf;TM33_Ersatzteilliste.pdf;TM33_Energielabel.pdf;TM33_Energiepfeil.png
Tefcold;Tefcold-Kühlschrank;Tefcold-Kühlschrank-schwarz;;;Minibars;53914;TM33G-1;5708181738426;5708181738426;TEFCOLD;288,00;Lagerkühlgeräte | MinibarsGlastürkühlgeräte | Minibars;1989785;;;;;;;;;;Automatisch;;;;;;;;50;;;;;;;;;;;;;;;1;;;;;;;;;;;;;;;;;;Elektronisch;;;;;;;;;;;;;;;;;;;;;;;1 Dreh-Glastür;;;;;;;;;;;;;402;500;429;;;;;;10;;;;;;;;;;;;;22.5;28;;;;;;;;;;;;;;;;;;;;;299.1;G;;0.63;230;;;;;;;Schwarz;Grau;;;;;;;;;;;;;;;;;;;;4 Stellfüße;;;;;;;;;;;;;;;;;;;;;;;;;;;;;312;395;225;LED;;;;;;;;;N;;;;;;;;;;;;;65;NH3 / GWP 0;;;Absorption;;;;;;;;;;;;;;;;;;;;;;;;ABS, RAL7005;;;;;;+32°C;;;;;;;;;;;;;;;;;;;;;;;;;20.5;26;;;;;;;;;;;;;;;;;;;;;;;;;;;;;;;;;;;;;;;;;;;1 Tragroste, grau;;;;;;;;;;;;;;;;;220-240/50;;;Ja;;;;;;;;;;;Thermometer;+5 bis +14;;;;;;;;;;;;;;;Ja;;;;Ja;;;;;;;;;;;;;;;;;;;;;;;;;;;;;;;;;;;;;;;;;;;;;;;;;;;;;;;;;;;;;;;;500;;;;;;;;;;322x125;;450;470;540;TM33G-1_Produktblatt.pdf;TM33G-1_Betriebsanleitung.pdf;TM33G-1_Ersatzteilliste.pdf;TM33G-1_Energielabel.pdf;TM33G-1_Energiepfeil.png
Tefcold;Tefcold-Kühlschrank;Tefcold-Kühlschrank-schwarz;;;Minibars;46356;TM35C;5708181726133;5708181726133;TEFCOLD;317,00;Lagerkühlgeräte | MinibarsGlastürkühlgeräte | Minibars;1490775;;;;;;;;;;Automatisch;;;;;;;;65;;;;;;;;;;;;;;;1;;;;;;;;;;;;;;;;;;Elektronisch;;;;;;;;;;;;;;;;;;;;;;;1 Dreh-Volltür;;;;;;;;;;;;;402;510;440;;;;;;;;;;;;;;;;;;;20.5;27;;;;;;;;;;;;;;;;;;;;;72;D;;0.15;55;;;;;;;Schwarz;;;;;;;;;;;;;;;;;;;;;Stellfüße;;;;;;38;;;;;;;;;;;;;;;;;;;;;;;310;397;207;LED;;;;;;;;;4;;;;;;;;;;;;;24;R600a / GWP 3;;;Statisch;;;;;;;;;;;;;;;;;;;;;;;;Weiß;;;;;;+30°C, 55% RH;;;;;;;;;;;;;;;;;;;;;;;;;19.5;24;;;;;;;;;;;;;;;;;;;;;;;;;;;;;;;;;;;;;;;;;;;1 Kunststoffregal;;;;;;;;;;;;;;;;;220-240/50;;;Ja;;;;;;;;;;;Thermometer;+5 bis +10;;;;;;;;;;;;;;;Ja;;;;Ja;;;;;;;;;;;;;;;;;;;;;;;;;;;;;;;;;;;;;;;;;;;;;;;;;;;;;;;;;;;;;;;;375;;;;;;;;;;;;450;475;550;TM35C_Produktblatt.pdf;TM35C_Betriebsanleitung.pdf;TM35C_Ersatzteilliste.pdf;TM35C_Energielabel.pdf;TM35C_Energiepfeil.png
Tefcold;Tefcold-Kühlschrank;Tefcold-Kühlschrank-schwarz;;;Minibars;46357;TM35GC;5708181726140;5708181726140;TEFCOLD;346,00;Lagerkühlgeräte | MinibarsGlastürkühlgeräte | Minibars;2261040;;;;;;;;;;Automatisch;;;;;;;;65;;;;;;;;;;;;;;;;;;;;;;;;;;;;;;;;;Elektronisch;;;;;;;;;;;;;;;;;;;;;;;1 Dreh-Glastür;;;;;;;;;;;;;402;505;425;;;;;;;;;;;;;;;;;;;24;27;;;;;;;;;;;;;;;;;;;;;147;G;;0.31;113;;;;;;;Schwarz;;;;;;;;;;;;;;;;;;;;;Stellfüße;;;;;;38;;;;;;;;;;;;;;;;;;;;;;;310;397;207;LED;;;;;;;;;4;;;;;;;;;;;;;24;R600a / GWP 3;;;Statisch;;;;;;;;;;;;;;;;;;;;;;;;Weiß;;;;;;+30°C, 55% RH;;;;;;;;;;;;;;;;;;;;;;;;;23;24;;;;;;;;;;;;;;;;;;;;;;;;;;;;;;;;;;;;;;;;;;;1 Kunststoffregal;;;;;;;;;;;;;;;;;220-240/50;;;Ja;;;;;;;;;;;Thermometer;+5 bis +14;;;;;;;;;;;;;;;Ja;;;;Ja;;;;;;;;;;;;;;;;;;;;;;;;;;;;;;;;;;;;;;;;;;;;;;;;;;;;;;;;;;;;;;;;375;;;;;;;;;;;;450;475;550;TM35GC_Produktblatt.pdf;TM35GC_Betriebsanleitung.pdf;TM35GC_Ersatzteilliste.pdf;TM35GC_Energielabel.pdf;TM35GC_Energiepfeil.png
Tefcold;Tefcold-Kühlschrank;Tefcold-Kühlschrank-schwarz;;;Minibars;53375;TM44;5708181737610;5708181737610;TEFCOLD;275,00;Lagerkühlgeräte | MinibarsGlastürkühlgeräte | Minibars;1989772;;;;;;;;;;Automatisch;;;;;;;;50;;;;;;;;;;;;;;;2;;;;;;;;;;;;;;;;;;Elektronisch;;;;;;;;;;;;;;;;;;;;;;;1 Dreh-Volltür;;;;;;;;;;;;;402;560;463;;;;;;10;;;;;;;;;;;;;19;36;;;;;;;;;;;;;;;;;;;;;249.5;G;;0.53;193;;;;;;;Schwarz;Schwarz;;;;;;;;;;;;;;;;;;;;4 Stellfüße;;;;;;;;;;;;;;;;;;;;;;;;;;;;;312;455;250;LED;;;;;;;;;N;;;;;;;;;;;;;72;NH3 / GWP 0;;;Absorption;;;;;;;;;;;;;;;;;;;;;;;;ABS, RAL7005;;;;;;+32°C;;;;;;;;;;;;;;;;;;;;;;;;;14;35;;;;;;;;;;;;;;;;;;;;;;;;;;;;;;;;;;;;;;;;;;;2 Tragroste, schwarz;;;;;;;;;;;;;;;;;220-240/50;;;Ja;;;;;;;;;;;Thermometer;0 bis +10;;;;;;;;;;;;;;;Ja;;;;Ja;;;;;;;;;;;;;;;;;;;;;;;;;;;;;;;;;;;;;;;;;;;;;;;;;;;;;;;;;;;;;;;;360;;;;;;;;;;322x125;;450;495;600;TM44_Produktblatt.pdf;TM44_Betriebsanleitung.pdf;TM44_Ersatzteilliste.pdf;TM44_Energielabel.pdf;TM44_Energiepfeil.png
Tefcold;Tefcold-Kühlschrank;Tefcold-Kühlschrank-schwarz;;;Minibars;53915;TM44G-1;5708181738433;5708181738433;TEFCOLD;301,00;Lagerkühlgeräte | MinibarsGlastürkühlgeräte | Minibars;1989800;;;;;;;;;;Automatisch;;;;;;;;50;;;;;;;;;;;;;;;2;;;;;;;;;;;;;;;;;;Elektronisch;;;;;;;;;;;;;;;;;;;;;;;1 Dreh-Glastür;;;;;;;;;;;;;402;560;453;;;;;;10;;;;;;;;;;;;;22;36;;;;;;;;;;;;;;;;;;;;;298.1;G;;0.63;231;;;;;;;Schwarz;Grau;;;;;;;;;;;;;;;;;;;;4 Stellfüße;;;;;;;;;;;;;;;;;;;;;;;;;;;;;312;455;250;LED;;;;;;;;;N;;;;;;;;;;;;;65;NH3 / GWP 0;;;Absorption;;;;;;;;;;;;;;;;;;;;;;;;ABS, RAL7005;;;;;;+32°C;;;;;;;;;;;;;;;;;;;;;;;;;20;35;;;;;;;;;;;;;;;;;;;;;;;;;;;;;;;;;;;;;;;;;;;2 Tragroste, grau;;;;;;;;;;;;;;;;;220-240/50;;;Ja;;;;;;;;;;;Thermometer;+5 bis +14;;;;;;;;;;;;;;;Ja;;;;Ja;;;;;;;;;;;;;;;;;;;;;;;;;;;;;;;;;;;;;;;;;;;;;;;;;;;;;;;;;;;;;;;;360;;;;;;;;;;322x125;;450;495;600;TM44G-1_Produktblatt.pdf;TM44G-1_Betriebsanleitung.pdf;TM44G-1_Ersatzteilliste.pdf;TM44G-1_Energielabel.pdf;TM44G-1_Energiepfeil.png
Tefcold;Tefcold-Kühlschrank;Tefcold-Kühlschrank-schwarz;;;Minibars;46359;TM45C;5708181726157;5708181726157;TEFCOLD;345,00;Lagerkühlgeräte | MinibarsGlastürkühlgeräte | Minibars;1490786;;;;;;;;;;Automatisch;;;;;;;;65;;;;;;;;;;;;;;;2;;;;;;;;;;;;;;;;;;Elektronisch;;;;;;;;;;;;;;;;;;;;;;;1 Dreh-Volltür;;;;;;;;;;;;;402;565;500;;;;;;;;;;;;;;;;;;;21;38;;;;;;;;;;;;;;;;;;;;;74;D;;0.16;57;;;;;;;Schwarz;;;;;;;;;;;;;;;;;;;;;Stellfüße;;;;;;38;;;;;;;;;;;;;;;;;;;;;;;310;455;300;LED;;;;;;;;;4;;;;;;;;;;;;;26;R600a / GWP 3;;;Statisch;;;;;;;;;;;;;;;;;;;;;;;;Weiß;;;;;;+30°C, 55% RH;;;;;;;;;;;;;;;;;;;;;;;;;20;34;;;;;;;;;;;;;;;;;;;;;;;;;;;;;;;;;;;;;;;;;;;2 Kunststoffregale;;;;;;;;;;;;;;;;;220-240/50;;;Ja;;;;;;;;;;;Thermometer;+5 bis +10;;;;;;;;;;;;;;;Ja;;;;Ja;;;;;;;;;;;;;;;;;;;;;;;;;;;;;;;;;;;;;;;;;;;;;;;;;;;;;;;;;;;;;;;;330;;;;;;;;;;;;450;535;620;TM45C_Produktblatt.pdf;TM45C_Betriebsanleitung.pdf;TM45C_Ersatzteilliste.pdf;TM45C_Energielabel.pdf;TM45C_Energiepfeil.png
Tefcold;Tefcold-Kühlschrank;Tefcold-Kühlschrank-schwarz;;;Minibars;46360;TM45GC;5708181726164;5708181726164;TEFCOLD;373,00;Lagerkühlgeräte | MinibarsGlastürkühlgeräte | Minibars;2261122;;;;;;;;;;Automatisch;;;;;;;;65;;;;;;;;;;;;;;;;;;;;;;;;;;;;;;;;;Elektronisch;;;;;;;;;;;;;;;;;;;;;;;1 Dreh-Glastür;;;;;;;;;;;;;402;565;485;;;;;;;;;;;;;;;;;;;26;38;;;;;;;;;;;;;;;;;;;;;165;G;;0.35;128;;;;;;;Schwarz;;;;;;;;;;;;;;;;;;;;;Stellfüße;;;;;;38;;;;;;;;;;;;;;;;;;;;;;;310;455;300;LED;;;;;;;;;4;;;;;;;;;;;;;26;R600a / GWP 3;;;Statisch;;;;;;;;;;;;;;;;;;;;;;;;Weiß;;;;;;+30°C, 55% RH;;;;;;;;;;;;;;;;;;;;;;;;;24;34;;;;;;;;;;;;;;;;;;;;;;;;;;;;;;;;;;;;;;;;;;;2 Kunststoffregale;;;;;;;;;;;;;;;;;220-240/50;;;Ja;;;;;;;;;;;Thermometer;+5 bis +14;;;;;;;;;;;;;;;Ja;;;;Ja;;;;;;;;;;;;;;;;;;;;;;;;;;;;;;;;;;;;;;;;;;;;;;;;;;;;;;;;;;;;;;;;330;;;;;;;;;;;;450;535;620;TM45GC_Produktblatt.pdf;TM45GC_Betriebsanleitung.pdf;TM45GC_Ersatzteilliste.pdf;TM45GC_Energielabel.pdf;TM45GC_Energiepfeil.png
Tefcold;Tefcold-Kühlschrank;Tefcold-Kühlschrank-schwarz;;;Minibars;56006;TM55;5708181742195;5708181742195;TEFCOLD;293,00;Lagerkühlgeräte | MinibarsGlastürkühlgeräte | Minibars;2209350;;;;;;;;;;Automatisch;;;;;;;;50;;;;;;;;;;;;;;;3;;;;;;;;;;;;;;;;;;Elektronisch;;;;;;;;;;;;;;;;;;;;;;;1 Dreh-Volltür;;;;;;;;;;;;;402;670;465;;;;;;15;;;;;;;;;;;;;23;44;;;;;;;;;;;;;;;;;;;;;248;G;;0.53;193;;;;;;;Schwarz;Schwarz;;;;;;;;;;;;;;;;;;;;4 Stellfüße;;;;;;;;;;;;;;;;;;;;;;;;;;;;;312;565;250;LED;;;;;;;;;N;;;;;;;;;;;;;80;NH3 / GWP 0;;;Absorption;;;;;;;;;;;;;;;;;;;;;;;;ABS, RAL7005;;;;;;+32°C;;;;;;;;;;;;;;;;;;;;;;;;;20;41;;;;;;;;;;;;;;;;;;;;;;;;;;;;;;;;;;;;;;;;;;;3 Tragroste, schwarz;;;;;;;;;;;;;;;;;220-240/50;;;Ja;;;;;;;;;;;Thermometer;0 bis +10;;;;;;;;;;;;;;;Ja;;;;Ja;;;;;;;;;;;;;;;;;;;;;;;;;;;;;;;;;;;;;;;;;;;;;;;;;;;;;;;;;;;;;;;;360;;;;;;;;;;322x145;;450;495;710;TM55_Produktblatt.pdf;TM55_Betriebsanleitung.pdf;TM55_Ersatzteilliste.pdf;TM55_Energielabel.pdf;TM55_Energiepfeil.png
Tefcold;;;;;Monoblock / Kühlgeräte;43944;CRU1015N;5708181711672;5708181711672;TEFCOLD;3574,00;Kühlzellen | Monoblock – Kühlgeräte;;;;;;;;;;;Automatisch, Heißgas;;;;;;;;2360;;;;;;;;;;;;;;;;;;;;;;;;;;;;;;;;;Elektronisch;;;;;;;;;;;;;;;;;;;;;;;;;;;;;;;;;;;;600;870;1046;;;;;;;;;;;;;;;;;;;115;;;;;;;;;;;;;;;;;;;;;;;;;31.78;11598;;;;;;;Edelstahl;;;;;;;;;;;;;;;;;;;;;;;;;;;;;;;;;;;;;;;;;;;;;;;;;;;;;;;;;;;;;;;;;;;;;;;;;;;200;R290 / GWP 3;;;;;;;;;;;;;;;;;;;;;;;;;;;;;;;;;;;;;;;;;;;;;;;;;;;;;;;;;;105;;;;;;;;;;;;;;;;;;;;;;;;;;;;;;;;;;;;;;;;;;;;;;;;;;;;;;;;;;;;;220-240/50;;;Ja;;;;;;;;;;;Thermometer;-20 bis -10;;;;;;;;;;;;;;;;;;;;;;;;;;;;;;;;;;;;;;;;;;;;;;;;;;;;;;;;;;;;;;;;;;;;;;;;;;;;;;10,1 - 15;;;;;60;;;;;;;;;;;;790;1150;1170;CRU1015N_Produktblatt.pdf;CRU1015N_Betriebsanleitung.pdf;CRU1015N_Ersatzteilliste.pdf;CRU1015N_Energielabel.pdf;CRU1015N_Energiepfeil.pdf
Tefcold;;;;;Monoblock / Kühlgeräte;49663;CRU1015N w/o Panel;5708181732738;5708181732738;TEFCOLD;3599,00;Kühlzellen | Monoblock – Kühlgeräte;;;;;;;;;;;Automatisch, Heißgas;;;;;;;;2360;;;;;;;;;;;;;;;;;;;;;;;;;;;;;;;;;Elektronisch;;;;;;;;;;;;;;;;;;;;;;;;;;;;;;;;;;;;600;870;1046;;;;;;;;;;;;;;;;;;;115;;;;;;;;;;;;;;;;;;;;;;;;;31.78;11598;;;;;;;Edelstahl;;;;;;;;;;;;;;;;;;;;;;;;;;;;;;;;;;;;;;;;;;;;;;;;;;;;;;;;;;;;;;;;;;;;;;;;;;;200;R290 / GWP 3;;;;;;;;;;;;;;;;;;;;;;;;;;;;;;;;;;;;;;;;;;;;;;;;;;;;;;;;;;105;;;;;;;;;;;;;;;;;;;;;;;;;;;;;;;;;;;;;;;;;;;;;;;;;;;;;;;;;;;;;220-240/50;;;Ja;;;;;;;;;;;Thermometer;-20 bis -10;;;;;;;;;;;;;;;;;;;;;;;;;;;;;;;;;;;;;;;;;;;;;;;;;;;;;;;;;;;;;;;;;;;;;;;;;;;;;;10,1 - 15;;;;;60;;;;;;;;;;;;790;1150;1170;CRU1015N_w_o_Panel_Produktblatt.pdf;CRU1015N_w_o_Panel_Betriebsanleitung.pdf;CRU1015N_w_o_Panel_Ersatzteilliste.pdf;CRU1015N_w_o_Panel_Energielabel.pdf;CRU1015N_w_o_Panel_Energiepfeil.pdf
Tefcold;;;;;Monoblock / Kühlgeräte;43939;CRU1015P;5708181711627;5708181711627;TEFCOLD;2763,00;Kühlzellen | Monoblock – Kühlgeräte;;;;;;;;;;;Automatisch, Heißgas;;;;;;;;1320;;;;;;;;;;;;;;;;;;;;;;;;;;;;;;;;;Elektronisch;;;;;;;;;;;;;;;;;;;;;;;;;;;;;;;;;;;;600;880;960;;;;;;;;;;;;;;;;;;;96;;;;;;;;;;;;;;;;;;;;;;;;;23.4;8541;;;;;;;Edelstahl;;;;;;;;;;;;;;;;;;;;;;;;;;;;;;;;;;;;;;;;;;;;;;;;;;;;;;;;;;;;;;;;;;;;;;;;;;;170;R290 / GWP 3;;;;;;;;;;;;;;;;;;;;;;;;;;;;;;;;;;;;;;;;;;;;;;;;;;;;;;;;;;86;;;;;;;;;;;;;;;;;;;;;;;;;;;;;;;;;;;;;;;;;;;;;;;;;;;;;;;;;;;;;220-240/50;;;Ja;;;;;;;;;;;Thermometer;0 bis +8;;;;;;;;;;;;;;;;;;;;;;;;;;;;;;;;;;;;;;;;;;;;;;;;;;;;;;;;;;;;;;;;;;;;;;;;;;;;;;10,1 - 15;;;;;60;;;;;;;;;;;;790;1150;1170;CRU1015P_Produktblatt.pdf;CRU1015P_Betriebsanleitung.pdf;CRU1015P_Ersatzteilliste.pdf;CRU1015P_Energielabel.pdf;CRU1015P_Energiepfeil.pdf
Tefcold;;;;;Monoblock / Kühlgeräte;49658;CRU1015P w/o Panel;5708181732684;5708181732684;TEFCOLD;2786,00;Kühlzellen | Monoblock – Kühlgeräte;;;;;;;;;;;Automatisch, Heißgas;;;;;;;;1320;;;;;;;;;;;;;;;;;;;;;;;;;;;;;;;;;Elektronisch;;;;;;;;;;;;;;;;;;;;;;;;;;;;;;;;;;;;600;880;960;;;;;;;;;;;;;;;;;;;96;;;;;;;;;;;;;;;;;;;;;;;;;23.4;8541;;;;;;;Edelstahl;;;;;;;;;;;;;;;;;;;;;;;;;;;;;;;;;;;;;;;;;;;;;;;;;;;;;;;;;;;;;;;;;;;;;;;;;;;170;R290 / GWP 3;;;;;;;;;;;;;;;;;;;;;;;;;;;;;;;;;;;;;;;;;;;;;;;;;;;;;;;;;;86;;;;;;;;;;;;;;;;;;;;;;;;;;;;;;;;;;;;;;;;;;;;;;;;;;;;;;;;;;;;;220-240/50;;;Ja;;;;;;;;;;;Thermometer;0 bis +8;;;;;;;;;;;;;;;;;;;;;;;;;;;;;;;;;;;;;;;;;;;;;;;;;;;;;;;;;;;;;;;;;;;;;;;;;;;;;;10,1 - 15;;;;;60;;;;;;;;;;;;790;1150;1170;CRU1015P_w_o_Panel_Produktblatt.pdf;CRU1015P_w_o_Panel_Betriebsanleitung.pdf;CRU1015P_w_o_Panel_Ersatzteilliste.pdf;CRU1015P_w_o_Panel_Energielabel.pdf;CRU1015P_w_o_Panel_Energiepfeil.pdf
Tefcold;;;;;Monoblock / Kühlgeräte;49664;CRU1520N w/o Panel;5708181732745;5708181732745;TEFCOLD;4622,00;Kühlzellen | Monoblock – Kühlgeräte;;;;;;;;;;;Automatisch, Heißgas;;;;;;;;2480;;;;;;;;;;;;;;;;;;;;;;;;;;;;;;;;;Elektronisch;;;;;;;;;;;;;;;;;;;;;;;;;;;;;;;;;;;;600;870;1046;;;;;;;;;;;;;;;;;;;120;;;;;;;;;;;;;;;;;;;;;;;;;34.51;12597;;;;;;;Edelstahl;;;;;;;;;;;;;;;;;;;;;;;;;;;;;;;;;;;;;;;;;;;;;;;;;;;;;;;;;;;;;;;;;;;;;;;;;;;200;R290 / GWP 3;;;;;;;;;;;;;;;;;;;;;;;;;;;;;;;;;;;;;;;;;;;;;;;;;;;;;;;;;;110;;;;;;;;;;;;;;;;;;;;;;;;;;;;;;;;;;;;;;;;;;;;;;;;;;;;;;;;;;;;;220-240/50;;;Ja;;;;;;;;;;;Thermometer;-20 bis -10;;;;;;;;;;;;;;;;;;;;;;;;;;;;;;;;;;;;;;;;;;;;;;;;;;;;;;;;;;;;;;;;;;;;;;;;;;;;;;15,1 - 20;;;;;60;;;;;;;;;;;;790;1150;1170;CRU1520N_w_o_Panel_Produktblatt.pdf;CRU1520N_w_o_Panel_Betriebsanleitung.pdf;CRU1520N_w_o_Panel_Ersatzteilliste.pdf;CRU1520N_w_o_Panel_Energielabel.pdf;CRU1520N_w_o_Panel_Energiepfeil.pdf
Tefcold;;;;;Monoblock / Kühlgeräte;43940;CRU1520P;5708181711634;5708181711634;TEFCOLD;3033,00;Kühlzellen | Monoblock – Kühlgeräte;;;;;;;;;;;Automatisch, Heißgas;;;;;;;;1390;;;;;;;;;;;;;;;;;;;;;;;;;;;;;;;;;Elektronisch;;;;;;;;;;;;;;;;;;;;;;;;;;;;;;;;;;;;600;880;960;;;;;;;;;;;;;;;;;;;110;;;;;;;;;;;;;;;;;;;;;;;;;25.92;9461;;;;;;;Edelstahl;;;;;;;;;;;;;;;;;;;;;;;;;;;;;;;;;;;;;;;;;;;;;;;;;;;;;;;;;;;;;;;;;;;;;;;;;;;200;R290 / GWP 3;;;;;;;;;;;;;;;;;;;;;;;;;;;;;;;;;;;;;;;;;;;;;;;;;;;;;;;;;;100;;;;;;;;;;;;;;;;;;;;;;;;;;;;;;;;;;;;;;;;;;;;;;;;;;;;;;;;;;;;;220-240/50;;;Ja;;;;;;;;;;;Thermometer;0 bis +8;;;;;;;;;;;;;;;;;;;;;;;;;;;;;;;;;;;;;;;;;;;;;;;;;;;;;;;;;;;;;;;;;;;;;;;;;;;;;;15,1 - 20;;;;;60;;;;;;;;;;;;790;1150;1170;CRU1520P_Produktblatt.pdf;CRU1520P_Betriebsanleitung.pdf;CRU1520P_Ersatzteilliste.pdf;CRU1520P_Energielabel.pdf;CRU1520P_Energiepfeil.pdf
Tefcold;;;;;Monoblock / Kühlgeräte;49659;CRU1520P w/o Panel;5708181732691;5708181732691;TEFCOLD;3057,00;Kühlzellen | Monoblock – Kühlgeräte;;;;;;;;;;;Automatisch, Heißgas;;;;;;;;1390;;;;;;;;;;;;;;;;;;;;;;;;;;;;;;;;;Elektronisch;;;;;;;;;;;;;;;;;;;;;;;;;;;;;;;;;;;;600;880;960;;;;;;;;;;;;;;;;;;;110;;;;;;;;;;;;;;;;;;;;;;;;;25.92;9461;;;;;;;Edelstahl;;;;;;;;;;;;;;;;;;;;;;;;;;;;;;;;;;;;;;;;;;;;;;;;;;;;;;;;;;;;;;;;;;;;;;;;;;;200;R290 / GWP 3;;;;;;;;;;;;;;;;;;;;;;;;;;;;;;;;;;;;;;;;;;;;;;;;;;;;;;;;;;100;;;;;;;;;;;;;;;;;;;;;;;;;;;;;;;;;;;;;;;;;;;;;;;;;;;;;;;;;;;;;220-240/50;;;Ja;;;;;;;;;;;Thermometer;0 bis +8;;;;;;;;;;;;;;;;;;;;;;;;;;;;;;;;;;;;;;;;;;;;;;;;;;;;;;;;;;;;;;;;;;;;;;;;;;;;;;15,1 - 20;;;;;60;;;;;;;;;;;;790;1150;1170;CRU1520P_w_o_Panel_Produktblatt.pdf;CRU1520P_w_o_Panel_Betriebsanleitung.pdf;CRU1520P_w_o_Panel_Ersatzteilliste.pdf;CRU1520P_w_o_Panel_Energielabel.pdf;CRU1520P_w_o_Panel_Energiepfeil.pdf
Tefcold;;;;;Monoblock / Kühlgeräte;43941;CRU3050N;5708181711641;5708181711641;TEFCOLD;2750,00;Kühlzellen | Monoblock – Kühlgeräte;;;;;;;;;;;Automatisch, Heißgas;;;;;;;;1590;;;;;;;;;;;;;;;;;;;;;;;;;;;;;;;;;Elektronisch;;;;;;;;;;;;;;;;;;;;;;;;;;;;;;;;;;;;600;870;996;;;;;;;;;;;;;;;;;;;90;;;;;;;;;;;;;;;;;;;;;;;;;22.49;8208;;;;;;;Edelstahl;;;;;;;;;;;;;;;;;;;;;;;;;;;;;;;;;;;;;;;;;;;;;;;;;;;;;;;;;;;;;;;;;;;;;;;;;;;150;R290 / GWP 3;;;;;;;;;;;;;;;;;;;;;;;;;;;;;;;;;;;;;;;;;;;;;;;;;;;;;;;;;;80;;;;;;;;;;;;;;;;;;;;;;;;;;;;;;;;;;;;;;;;;;;;;;;;;;;;;;;;;;;;;220-240/50;;;Ja;;;;;;;;;;;Thermometer;-20 bis -10;;;;;;;;;;;;;;;;;;;;;;;;;;;;;;;;;;;;;;;;;;;;;;;;;;;;;;;;;;;;;;;;;;;;;;;;;;;;;;3 - 5;;;;;68;;;;;;;;;;;;700;1110;1170;CRU3050N_Produktblatt.pdf;CRU3050N_Betriebsanleitung.pdf;CRU3050N_Ersatzteilliste.pdf;CRU3050N_Energielabel.pdf;CRU3050N_Energiepfeil.pdf
Tefcold;;;;;Monoblock / Kühlgeräte;49660;CRU3050N w/o Panel;5708181732707;5708181732707;TEFCOLD;2683,00;Kühlzellen | Monoblock – Kühlgeräte;;;;;;;;;;;Automatisch, Heißgas;;;;;;;;1590;;;;;;;;;;;;;;;;;;;;;;;;;;;;;;;;;Elektronisch;;;;;;;;;;;;;;;;;;;;;;;;;;;;;;;;;;;;600;870;996;;;;;;;;;;;;;;;;;;;90;;;;;;;;;;;;;;;;;;;;;;;;;22.49;8208;;;;;;;Edelstahl;;;;;;;;;;;;;;;;;;;;;;;;;;;;;;;;;;;;;;;;;;;;;;;;;;;;;;;;;;;;;;;;;;;;;;;;;;;150;R290 / GWP 3;;;;;;;;;;;;;;;;;;;;;;;;;;;;;;;;;;;;;;;;;;;;;;;;;;;;;;;;;;80;;;;;;;;;;;;;;;;;;;;;;;;;;;;;;;;;;;;;;;;;;;;;;;;;;;;;;;;;;;;;220-240/50;;;Ja;;;;;;;;;;;Thermometer;-20 bis -10;;;;;;;;;;;;;;;;;;;;;;;;;;;;;;;;;;;;;;;;;;;;;;;;;;;;;;;;;;;;;;;;;;;;;;;;;;;;;;3 - 5;;;;;68;;;;;;;;;;;;700;1110;1170;CRU3050N_w_o_Panel_Produktblatt.pdf;CRU3050N_w_o_Panel_Betriebsanleitung.pdf;CRU3050N_w_o_Panel_Ersatzteilliste.pdf;CRU3050N_w_o_Panel_Energielabel.pdf;CRU3050N_w_o_Panel_Energiepfeil.pdf
Tefcold;;;;;Monoblock / Kühlgeräte;43936;CRU3050P;5708181711597;5708181711597;TEFCOLD;2163,00;Kühlzellen | Monoblock – Kühlgeräte;;;;;;;;;;;Automatisch, Heißgas;;;;;;;;1200;;;;;;;;;;;;;;;;;;;;;;;;;;;;;;;;;Elektronisch;;;;;;;;;;;;;;;;;;;;;;;;;;;;;;;;;;;;600;880;859;;;;;;;;;;;;;;;;;;;75;;;;;;;;;;;;;;;;;;;;;;;;;17.93;6545;;;;;;;Edelstahl;;;;;;;;;;;;;;;;;;;;;;;;;;;;;;;;;;;;;;;;;;;;;;;;;;;;;;;;;;;;;;;;;;;;;;;;;;;130;R290 / GWP 3;;;;;;;;;;;;;;;;;;;;;;;;;;;;;;;;;;;;;;;;;;;;;;;;;;;;;;;;;;65;;;;;;;;;;;;;;;;;;;;;;;;;;;;;;;;;;;;;;;;;;;;;;;;;;;;;;;;;;;;;220-240/50;;;Ja;;;;;;;;;;;Thermometer;0 bis +8;;;;;;;;;;;;;;;;;;;;;;;;;;;;;;;;;;;;;;;;;;;;;;;;;;;;;;;;;;;;;;;;;;;;;;;;;;;;;;3 - 5;;;;;68;;;;;;;;;;;;700;1110;1170;CRU3050P_Produktblatt.pdf;CRU3050P_Betriebsanleitung.pdf;CRU3050P_Ersatzteilliste.pdf;CRU3050P_Energielabel.pdf;CRU3050P_Energiepfeil.pdf
Tefcold;;;;;Monoblock / Kühlgeräte;49655;CRU3050P w/o Panel;5708181732653;5708181732653;TEFCOLD;2182,00;Kühlzellen | Monoblock – Kühlgeräte;;;;;;;;;;;Automatisch, Heißgas;;;;;;;;1200;;;;;;;;;;;;;;;;;;;;;;;;;;;;;;;;;Elektronisch;;;;;;;;;;;;;;;;;;;;;;;;;;;;;;;;;;;;600;880;859;;;;;;;;;;;;;;;;;;;75;;;;;;;;;;;;;;;;;;;;;;;;;17.93;6545;;;;;;;Edelstahl;;;;;;;;;;;;;;;;;;;;;;;;;;;;;;;;;;;;;;;;;;;;;;;;;;;;;;;;;;;;;;;;;;;;;;;;;;;130;R290 / GWP 3;;;;;;;;;;;;;;;;;;;;;;;;;;;;;;;;;;;;;;;;;;;;;;;;;;;;;;;;;;65;;;;;;;;;;;;;;;;;;;;;;;;;;;;;;;;;;;;;;;;;;;;;;;;;;;;;;;;;;;;;220-240/50;;;Ja;;;;;;;;;;;Thermometer;0 bis +8;;;;;;;;;;;;;;;;;;;;;;;;;;;;;;;;;;;;;;;;;;;;;;;;;;;;;;;;;;;;;;;;;;;;;;;;;;;;;;3 - 5;;;;;68;;;;;;;;;;;;700;1110;1170;CRU3050P_w_o_Panel_Produktblatt.pdf;CRU3050P_w_o_Panel_Betriebsanleitung.pdf;CRU3050P_w_o_Panel_Ersatzteilliste.pdf;CRU3050P_w_o_Panel_Energielabel.pdf;CRU3050P_w_o_Panel_Energiepfeil.pdf
Tefcold;;;;;Monoblock / Kühlgeräte;43942;CRU5175N;5708181711658;5708181711658;TEFCOLD;3048,00;Kühlzellen | Monoblock – Kühlgeräte;;;;;;;;;;;Automatisch, Heißgas;;;;;;;;2190;;;;;;;;;;;;;;;;;;;;;;;;;;;;;;;;;Elektronisch;;;;;;;;;;;;;;;;;;;;;;;;;;;;;;;;;;;;600;870;996;;;;;;;;;;;;;;;;;;;105;;;;;;;;;;;;;;;;;;;;;;;;;27.02;9864;;;;;;;Edelstahl;;;;;;;;;;;;;;;;;;;;;;;;;;;;;;;;;;;;;;;;;;;;;;;;;;;;;;;;;;;;;;;;;;;;;;;;;;;150;R290 / GWP 3;;;;;;;;;;;;;;;;;;;;;;;;;;;;;;;;;;;;;;;;;;;;;;;;;;;;;;;;;;95;;;;;;;;;;;;;;;;;;;;;;;;;;;;;;;;;;;;;;;;;;;;;;;;;;;;;;;;;;;;;220-240/50;;;Ja;;;;;;;;;;;Thermometer;-20 bis -10;;;;;;;;;;;;;;;;;;;;;;;;;;;;;;;;;;;;;;;;;;;;;;;;;;;;;;;;;;;;;;;;;;;;;;;;;;;;;;5,1 - 7,5;;;;;68;;;;;;;;;;;;700;1110;1170;CRU5175N_Produktblatt.pdf;CRU5175N_Betriebsanleitung.pdf;CRU5175N_Ersatzteilliste.pdf;CRU5175N_Energielabel.pdf;CRU5175N_Energiepfeil.pdf
Tefcold;;;;;Monoblock / Kühlgeräte;49661;CRU5175N w/o Panel;5708181732714;5708181732714;TEFCOLD;3072,00;Kühlzellen | Monoblock – Kühlgeräte;;;;;;;;;;;Automatisch, Heißgas;;;;;;;;2190;;;;;;;;;;;;;;;;;;;;;;;;;;;;;;;;;Elektronisch;;;;;;;;;;;;;;;;;;;;;;;;;;;;;;;;;;;;600;870;996;;;;;;;;;;;;;;;;;;;105;;;;;;;;;;;;;;;;;;;;;;;;;27.02;9864;;;;;;;Edelstahl;;;;;;;;;;;;;;;;;;;;;;;;;;;;;;;;;;;;;;;;;;;;;;;;;;;;;;;;;;;;;;;;;;;;;;;;;;;150;R290 / GWP 3;;;;;;;;;;;;;;;;;;;;;;;;;;;;;;;;;;;;;;;;;;;;;;;;;;;;;;;;;;95;;;;;;;;;;;;;;;;;;;;;;;;;;;;;;;;;;;;;;;;;;;;;;;;;;;;;;;;;;;;;220-240/50;;;Ja;;;;;;;;;;;Thermometer;-20 bis -10;;;;;;;;;;;;;;;;;;;;;;;;;;;;;;;;;;;;;;;;;;;;;;;;;;;;;;;;;;;;;;;;;;;;;;;;;;;;;;5,1 - 7,5;;;;;68;;;;;;;;;;;;700;1110;1170;CRU5175N_w_o_Panel_Produktblatt.pdf;CRU5175N_w_o_Panel_Betriebsanleitung.pdf;CRU5175N_w_o_Panel_Ersatzteilliste.pdf;CRU5175N_w_o_Panel_Energielabel.pdf;CRU5175N_w_o_Panel_Energiepfeil.pdf
Tefcold;;;;;Monoblock / Kühlgeräte;43937;CRU5175P;5708181711603;5708181711603;TEFCOLD;2194,00;Kühlzellen | Monoblock – Kühlgeräte;;;;;;;;;;;Automatisch, Heißgas;;;;;;;;1240;;;;;;;;;;;;;;;;;;;;;;;;;;;;;;;;;Elektronisch;;;;;;;;;;;;;;;;;;;;;;;;;;;;;;;;;;;;600;880;859;;;;;;;;;;;;;;;;;;;80;;;;;;;;;;;;;;;;;;;;;;;;;18.72;6833;;;;;;;Edelstahl;;;;;;;;;;;;;;;;;;;;;;;;;;;;;;;;;;;;;;;;;;;;;;;;;;;;;;;;;;;;;;;;;;;;;;;;;;;130;R290 / GWP 3;;;;;;;;;;;;;;;;;;;;;;;;;;;;;;;;;;;;;;;;;;;;;;;;;;;;;;;;;;70;;;;;;;;;;;;;;;;;;;;;;;;;;;;;;;;;;;;;;;;;;;;;;;;;;;;;;;;;;;;;220-240/50;;;Ja;;;;;;;;;;;Thermometer;0 bis +8;;;;;;;;;;;;;;;;;;;;;;;;;;;;;;;;;;;;;;;;;;;;;;;;;;;;;;;;;;;;;;;;;;;;;;;;;;;;;;5,1 - 7,5;;;;;68;;;;;;;;;;;;700;1110;1170;CRU5175P_Produktblatt.pdf;CRU5175P_Betriebsanleitung.pdf;CRU5175P_Ersatzteilliste.pdf;CRU5175P_Energielabel.pdf;CRU5175P_Energiepfeil.pdf
Tefcold;;;;;Monoblock / Kühlgeräte;49656;CRU5175P w/o Panel;5708181732660;5708181732660;TEFCOLD;2212,00;Kühlzellen | Monoblock – Kühlgeräte;;;;;;;;;;;Automatisch, Heißgas;;;;;;;;1240;;;;;;;;;;;;;;;;;;;;;;;;;;;;;;;;;Elektronisch;;;;;;;;;;;;;;;;;;;;;;;;;;;;;;;;;;;;600;880;859;;;;;;;;;;;;;;;;;;;80;;;;;;;;;;;;;;;;;;;;;;;;;18.72;6833;;;;;;;Edelstahl;;;;;;;;;;;;;;;;;;;;;;;;;;;;;;;;;;;;;;;;;;;;;;;;;;;;;;;;;;;;;;;;;;;;;;;;;;;130;R290 / GWP 3;;;;;;;;;;;;;;;;;;;;;;;;;;;;;;;;;;;;;;;;;;;;;;;;;;;;;;;;;;70;;;;;;;;;;;;;;;;;;;;;;;;;;;;;;;;;;;;;;;;;;;;;;;;;;;;;;;;;;;;;220-240/50;;;Ja;;;;;;;;;;;Thermometer;0 bis +8;;;;;;;;;;;;;;;;;;;;;;;;;;;;;;;;;;;;;;;;;;;;;;;;;;;;;;;;;;;;;;;;;;;;;;;;;;;;;;5,1 - 7,5;;;;;68;;;;;;;;;;;;700;1110;1170;CRU5175P_w_o_Panel_Produktblatt.pdf;CRU5175P_w_o_Panel_Betriebsanleitung.pdf;CRU5175P_w_o_Panel_Ersatzteilliste.pdf;CRU5175P_w_o_Panel_Energielabel.pdf;CRU5175P_w_o_Panel_Energiepfeil.pdf
Tefcold;;;;;Monoblock / Kühlgeräte;43943;CRU7610N;5708181711665;5708181711665;TEFCOLD;3483,00;Kühlzellen | Monoblock – Kühlgeräte;;;;;;;;;;;Automatisch, Heißgas;;;;;;;;2068;;;;;;;;;;;;;;;;;;;;;;;;;;;;;;;;;Elektronisch;;;;;;;;;;;;;;;;;;;;;;;;;;;;;;;;;;;;600;870;1046;;;;;;;;;;;;;;;;;;;115;;;;;;;;;;;;;;;;;;;;;;;;;29.52;10775;;;;;;;Edelstahl;;;;;;;;;;;;;;;;;;;;;;;;;;;;;;;;;;;;;;;;;;;;;;;;;;;;;;;;;;;;;;;;;;;;;;;;;;;200;R290 / GWP 3;;;;;;;;;;;;;;;;;;;;;;;;;;;;;;;;;;;;;;;;;;;;;;;;;;;;;;;;;;105;;;;;;;;;;;;;;;;;;;;;;;;;;;;;;;;;;;;;;;;;;;;;;;;;;;;;;;;;;;;;220-240/50;;;Ja;;;;;;;;;;;Thermometer;-20 bis -10;;;;;;;;;;;;;;;;;;;;;;;;;;;;;;;;;;;;;;;;;;;;;;;;;;;;;;;;;;;;;;;;;;;;;;;;;;;;;;7,6 - 10;;;;;60;;;;;;;;;;;;790;1150;1170;CRU7610N_Produktblatt.pdf;CRU7610N_Betriebsanleitung.pdf;CRU7610N_Ersatzteilliste.pdf;CRU7610N_Energielabel.pdf;CRU7610N_Energiepfeil.pdf
Tefcold;;;;;Monoblock / Kühlgeräte;49662;CRU7610N w/o Panel;5708181732721;5708181732721;TEFCOLD;3509,00;Kühlzellen | Monoblock – Kühlgeräte;;;;;;;;;;;Automatisch, Heißgas;;;;;;;;2068;;;;;;;;;;;;;;;;;;;;;;;;;;;;;;;;;Elektronisch;;;;;;;;;;;;;;;;;;;;;;;;;;;;;;;;;;;;600;870;1046;;;;;;;;;;;;;;;;;;;115;;;;;;;;;;;;;;;;;;;;;;;;;29.52;10775;;;;;;;Edelstahl;;;;;;;;;;;;;;;;;;;;;;;;;;;;;;;;;;;;;;;;;;;;;;;;;;;;;;;;;;;;;;;;;;;;;;;;;;;200;R290 / GWP 3;;;;;;;;;;;;;;;;;;;;;;;;;;;;;;;;;;;;;;;;;;;;;;;;;;;;;;;;;;105;;;;;;;;;;;;;;;;;;;;;;;;;;;;;;;;;;;;;;;;;;;;;;;;;;;;;;;;;;;;;220-240/50;;;Ja;;;;;;;;;;;Thermometer;-20 bis -10;;;;;;;;;;;;;;;;;;;;;;;;;;;;;;;;;;;;;;;;;;;;;;;;;;;;;;;;;;;;;;;;;;;;;;;;;;;;;;7,6 - 10;;;;;60;;;;;;;;;;;;790;1150;1170;CRU7610N_w_o_Panel_Produktblatt.pdf;CRU7610N_w_o_Panel_Betriebsanleitung.pdf;CRU7610N_w_o_Panel_Ersatzteilliste.pdf;CRU7610N_w_o_Panel_Energielabel.pdf;CRU7610N_w_o_Panel_Energiepfeil.pdf
Tefcold;;;;;Monoblock / Kühlgeräte;43938;CRU7610P;5708181711610;5708181711610;TEFCOLD;2280,00;Kühlzellen | Monoblock – Kühlgeräte;;;;;;;;;;;Automatisch, Heißgas;;;;;;;;1310;;;;;;;;;;;;;;;;;;;;;;;;;;;;;;;;;Elektronisch;;;;;;;;;;;;;;;;;;;;;;;;;;;;;;;;;;;;600;880;910;;;;;;;;;;;;;;;;;;;90;;;;;;;;;;;;;;;;;;;;;;;;;21.12;7709;;;;;;;Edelstahl;;;;;;;;;;;;;;;;;;;;;;;;;;;;;;;;;;;;;;;;;;;;;;;;;;;;;;;;;;;;;;;;;;;;;;;;;;;150;R290 / GWP 3;;;;;;;;;;;;;;;;;;;;;;;;;;;;;;;;;;;;;;;;;;;;;;;;;;;;;;;;;;80;;;;;;;;;;;;;;;;;;;;;;;;;;;;;;;;;;;;;;;;;;;;;;;;;;;;;;;;;;;;;220-240/50;;;Ja;;;;;;;;;;;Thermometer;0 bis +8;;;;;;;;;;;;;;;;;;;;;;;;;;;;;;;;;;;;;;;;;;;;;;;;;;;;;;;;;;;;;;;;;;;;;;;;;;;;;;7,6 - 10;;;;;60;;;;;;;;;;;;700;1110;1170;CRU7610P_Produktblatt.pdf;CRU7610P_Betriebsanleitung.pdf;CRU7610P_Ersatzteilliste.pdf;CRU7610P_Energielabel.pdf;CRU7610P_Energiepfeil.pdf
Tefcold;;;;;Monoblock / Kühlgeräte;49657;CRU7610P w/o Panel;5708181732677;5708181732677;TEFCOLD;2287,00;Kühlzellen | Monoblock – Kühlgeräte;;;;;;;;;;;Automatisch, Heißgas;;;;;;;;1310;;;;;;;;;;;;;;;;;;;;;;;;;;;;;;;;;Elektronisch;;;;;;;;;;;;;;;;;;;;;;;;;;;;;;;;;;;;600;880;910;;;;;;;;;;;;;;;;;;;90;;;;;;;;;;;;;;;;;;;;;;;;;21.12;7709;;;;;;;Edelstahl;;;;;;;;;;;;;;;;;;;;;;;;;;;;;;;;;;;;;;;;;;;;;;;;;;;;;;;;;;;;;;;;;;;;;;;;;;;150;R290 / GWP 3;;;;;;;;;;;;;;;;;;;;;;;;;;;;;;;;;;;;;;;;;;;;;;;;;;;;;;;;;;80;;;;;;;;;;;;;;;;;;;;;;;;;;;;;;;;;;;;;;;;;;;;;;;;;;;;;;;;;;;;;220-240/50;;;Ja;;;;;;;;;;;Thermometer;0 bis +8;;;;;;;;;;;;;;;;;;;;;;;;;;;;;;;;;;;;;;;;;;;;;;;;;;;;;;;;;;;;;;;;;;;;;;;;;;;;;;7,6 - 10;;;;;60;;;;;;;;;;;;700;1110;1170;CRU7610P_w_o_Panel_Produktblatt.pdf;CRU7610P_w_o_Panel_Betriebsanleitung.pdf;CRU7610P_w_o_Panel_Ersatzteilliste.pdf;CRU7610P_w_o_Panel_Energielabel.pdf;CRU7610P_w_o_Panel_Energiepfeil.pdf
Tefcold;;;;;Monoblock / Kühlgeräte;68316;WRA-L11-1;5708181753696;5708181753696;TEFCOLD;3895,00;DEALS + | ProduktneuheitenKühlzellen | Monoblock – Kühlgeräte;;;;;;;;;;;Automatisch, Heißgas;;;;;;;;910;;;;;;;;;;;;;;;;;;;;;;;;;;;;;;;;;Elektronisch;;;;;;;;;;;;;;;;;;;;;;;;;;;;;;;;;;;;421;728;876;;;;;;;;;;;;;;;;;;;66;;;;;;;;;;;;;;;;;;;;;;;;;16.38;5979;;;;;;;Weiß, RAL 9003;;;;;;;;;;;;;;;;;;;;;;;;;;;42.5;;;;;;;;;;;;;;;;;;;;;;;;;;;;;;;;;;;;;;;;;;;;;;;;150;R290 / GWP 3;;;Umluft;;;;;;;;;;;;;;;;;;;;;;;;;;;;;;;;;;;;;;;;;;;;;;;;;;;;;;;54;;;;;;;;;;;;;;;;;;;;;;;;;;;;;;;;;;;;;;;;;;;;;;;;;;;;;;;;;;;;;220-240/50;;;Ja;;;;;;;;;;;Thermometer;-25 bis -10;;;;;;;;;;;;;;;;;;;;;;;;;;;;;;;;;;;;;;;;;;;;;;;;;;;;;;;;;;;;;;;;;;;;;;;;;;;;;;;;;;;52;;;;;;;;;;;;500;970;890;WRA-L11-1_Produktblatt.pdf;WRA-L11-1_Betriebsanleitung.pdf;WRA-L11-1_Ersatzteilliste.pdf;WRA-L11-1_Energielabel.pdf;WRA-L11-1_Energiepfeil.pdf
Tefcold;;;;;Monoblock / Kühlgeräte;68318;WRA-L15-1;5708181753702;5708181753702;TEFCOLD;4195,00;DEALS + | ProduktneuheitenKühlzellen | Monoblock – Kühlgeräte;;;;;;;;;;;Automatisch, Heißgas;;;;;;;;940;;;;;;;;;;;;;;;;;;;;;;;;;;;;;;;;;Elektronisch;;;;;;;;;;;;;;;;;;;;;;;;;;;;;;;;;;;;671;828;975;;;;;;;;;;;;;;;;;;;87;;;;;;;;;;;;;;;;;;;;;;;;;16.92;6176;;;;;;;Weiß, RAL 9003;;;;;;;;;;;;;;;;;;;;;;;;;;;34.3;;;;;;;;;;;;;;;;;;;;;;;;;;;;;;;;;;;;;;;;;;;;;;;;150;R290 / GWP 3;;;Umluft;;;;;;;;;;;;;;;;;;;;;;;;;;;;;;;;;;;;;;;;;;;;;;;;;;;;;;;64;;;;;;;;;;;;;;;;;;;;;;;;;;;;;;;;;;;;;;;;;;;;;;;;;;;;;;;;;;;;;220-240/50;;;Ja;;;;;;;;;;;Thermometer;-25 bis -10;;;;;;;;;;;;;;;;;;;;;;;;;;;;;;;;;;;;;;;;;;;;;;;;;;;;;;;;;;;;;;;;;;;;;;;;;;;;;;;;;;;66;;;;;;;;;;;;765;1070;980;WRA-L15-1_Produktblatt.pdf;WRA-L15-1_Betriebsanleitung.pdf;WRA-L15-1_Ersatzteilliste.pdf;WRA-L15-1_Energielabel.pdf;WRA-L15-1_Energiepfeil.pdf
Tefcold;;;;;Monoblock / Kühlgeräte;68320;WRA-L18-1;5708181753719;5708181753719;TEFCOLD;4595,00;DEALS + | ProduktneuheitenKühlzellen | Monoblock – Kühlgeräte;;;;;;;;;;;Automatisch, Heißgas;;;;;;;;1090;;;;;;;;;;;;;;;;;;;;;;;;;;;;;;;;;Elektronisch;;;;;;;;;;;;;;;;;;;;;;;;;;;;;;;;;;;;671;828;975;;;;;;;;;;;;;;;;;;;87;;;;;;;;;;;;;;;;;;;;;;;;;19.62;7161;;;;;;;Weiß, RAL 9003;;;;;;;;;;;;;;;;;;;;;;;;;;;35.1;;;;;;;;;;;;;;;;;;;;;;;;;;;;;;;;;;;;;;;;;;;;;;;;150;R290 / GWP 3;;;Umluft;;;;;;;;;;;;;;;;;;;;;;;;;;;;;;;;;;;;;;;;;;;;;;;;;;;;;;;64;;;;;;;;;;;;;;;;;;;;;;;;;;;;;;;;;;;;;;;;;;;;;;;;;;;;;;;;;;;;;220-240/50;;;Ja;;;;;;;;;;;Thermometer;-25 bis -10;;;;;;;;;;;;;;;;;;;;;;;;;;;;;;;;;;;;;;;;;;;;;;;;;;;;;;;;;;;;;;;;;;;;;;;;;;;;;;;;;;;66;;;;;;;;;;;;765;1070;980;WRA-L18-1_Produktblatt.pdf;WRA-L18-1_Betriebsanleitung.pdf;WRA-L18-1_Ersatzteilliste.pdf;WRA-L18-1_Energielabel.pdf;WRA-L18-1_Energiepfeil.pdf
Tefcold;;;;;Monoblock / Kühlgeräte;68322;WRA-L29-1;5708181753726;5708181753726;TEFCOLD;4995,00;DEALS + | ProduktneuheitenKühlzellen | Monoblock – Kühlgeräte;;;;;;;;;;;Automatisch, Heißgas;;;;;;;;1295;;;;;;;;;;;;;;;;;;;;;;;;;;;;;;;;;Elektronisch;;;;;;;;;;;;;;;;;;;;;;;;;;;;;;;;;;;;671;828;975;;;;;;;;;;;;;;;;;;;104;;;;;;;;;;;;;;;;;;;;;;;;;23.31;8508;;;;;;;Weiß, RAL 9003;;;;;;;;;;;;;;;;;;;;;;;;;;;34.5;;;;;;;;;;;;;;;;;;;;;;;;;;;;;;;;;;;;;;;;;;;;;;;;2x150;R290 / GWP 3;;;Umluft;;;;;;;;;;;;;;;;;;;;;;;;;;;;;;;;;;;;;;;;;;;;;;;;;;;;;;;81;;;;;;;;;;;;;;;;;;;;;;;;;;;;;;;;;;;;;;;;;;;;;;;;;;;;;;;;;;;;;220-240/50;;;Ja;;;;;;;;;;;Thermometer;-25 bis -10;;;;;;;;;;;;;;;;;;;;;;;;;;;;;;;;;;;;;;;;;;;;;;;;;;;;;;;;;;;;;;;;;;;;;;;;;;;;;;;;;;;66;;;;;;;;;;;;765;1070;980;WRA-L29-1_Produktblatt.pdf;WRA-L29-1_Betriebsanleitung.pdf;WRA-L29-1_Ersatzteilliste.pdf;WRA-L29-1_Energielabel.pdf;WRA-L29-1_Energiepfeil.pdf
Tefcold;;;;;Monoblock / Kühlgeräte;68324;WRA-L47-1;5708181753733;5708181753733;TEFCOLD;6095,00;DEALS + | ProduktneuheitenKühlzellen | Monoblock – Kühlgeräte;;;;;;;;;;;Automatisch, Heißgas;;;;;;;;1800;;;;;;;;;;;;;;;;;;;;;;;;;;;;;;;;;Elektronisch;;;;;;;;;;;;;;;;;;;;;;;;;;;;;;;;;;;;711;828;1254;;;;;;;;;;;;;;;;;;;125;;;;;;;;;;;;;;;;;;;;;;;;;32.4;11826;;;;;;;Weiß, RAL 9003;;;;;;;;;;;;;;;;;;;;;;;;;;;35.3;;;;;;;;;;;;;;;;;;;;;;;;;;;;;;;;;;;;;;;;;;;;;;;;2x150;R290 / GWP 3;;;Umluft;;;;;;;;;;;;;;;;;;;;;;;;;;;;;;;;;;;;;;;;;;;;;;;;;;;;;;;101;;;;;;;;;;;;;;;;;;;;;;;;;;;;;;;;;;;;;;;;;;;;;;;;;;;;;;;;;;;;;220-240/50;;;Ja;;;;;;;;;;;Thermometer;-25 bis -10;;;;;;;;;;;;;;;;;;;;;;;;;;;;;;;;;;;;;;;;;;;;;;;;;;;;;;;;;;;;;;;;;;;;;;;;;;;;;;;;;;;32;;;;;;;;;;;;840;1370;980;WRA-L47-1_Produktblatt.pdf;WRA-L47-1_Betriebsanleitung.pdf;WRA-L47-1_Ersatzteilliste.pdf;WRA-L47-1_Energielabel.pdf;WRA-L47-1_Energiepfeil.pdf
Tefcold;;;;;Monoblock / Kühlgeräte;68326;WRA-L54-1;5708181753740;5708181753740;TEFCOLD;6595,00;Kühlzellen | Monoblock – Kühlgeräte;;;;;;;;;;;Automatisch, Heißgas;;;;;;;;2110;;;;;;;;;;;;;;;;;;;;;;;;;;;;;;;;;Elektronisch;;;;;;;;;;;;;;;;;;;;;;;;;;;;;;;;;;;;711;828;1254;;;;;;;;;;;;;;;;;;;126;;;;;;;;;;;;;;;;;;;;;;;;;37.98;13863;;;;;;;Weiß, RAL 9003;;;;;;;;;;;;;;;;;;;;;;;;;;;39.7;;;;;;;;;;;;;;;;;;;;;;;;;;;;;;;;;;;;;;;;;;;;;;;;2x150;R290 / GWP 3;;;Umluft;;;;;;;;;;;;;;;;;;;;;;;;;;;;;;;;;;;;;;;;;;;;;;;;;;;;;;;102;;;;;;;;;;;;;;;;;;;;;;;;;;;;;;;;;;;;;;;;;;;;;;;;;;;;;;;;;;;;;220-240/50;;;Ja;;;;;;;;;;;Thermometer;-25 bis -10;;;;;;;;;;;;;;;;;;;;;;;;;;;;;;;;;;;;;;;;;;;;;;;;;;;;;;;;;;;;;;;;;;;;;;;;;;;;;;;;;;;32;;;;;;;;;;;;840;1370;980;WRA-L54-1_Produktblatt.pdf;WRA-L54-1_Betriebsanleitung.pdf;WRA-L54-1_Ersatzteilliste.pdf;WRA-L54-1_Energielabel.pdf;WRA-L54-1_Energiepfeil.pdf
Tefcold;;;;;Monoblock / Kühlgeräte;68314;WRA-L8-1;5708181753689;5708181753689;TEFCOLD;3695,00;DEALS + | ProduktneuheitenKühlzellen | Monoblock – Kühlgeräte;;;;;;;;;;;Automatisch, Heißgas;;;;;;;;650;;;;;;;;;;;;;;;;;;;;;;;;;;;;;;;;;Elektronisch;;;;;;;;;;;;;;;;;;;;;;;;;;;;;;;;;;;;421;728;876;;;;;;;;;;;;;;;;;;;58;;;;;;;;;;;;;;;;;;;;;;;;;11.7;4271;;;;;;;Weiß, RAL 9003;;;;;;;;;;;;;;;;;;;;;;;;;;;31.4;;;;;;;;;;;;;;;;;;;;;;;;;;;;;;;;;;;;;;;;;;;;;;;;150;R290 / GWP 3;;;Umluft;;;;;;;;;;;;;;;;;;;;;;;;;;;;;;;;;;;;;;;;;;;;;;;;;;;;;;;46;;;;;;;;;;;;;;;;;;;;;;;;;;;;;;;;;;;;;;;;;;;;;;;;;;;;;;;;;;;;;220-240/50;;;Ja;;;;;;;;;;;Thermometer;-25 bis -10;;;;;;;;;;;;;;;;;;;;;;;;;;;;;;;;;;;;;;;;;;;;;;;;;;;;;;;;;;;;;;;;;;;;;;;;;;;;;;;;;;;52;;;;;;;;;;;;500;970;890;WRA-L8-1_Produktblatt.pdf;WRA-L8-1_Betriebsanleitung.pdf;WRA-L8-1_Ersatzteilliste.pdf;WRA-L8-1_Energielabel.pdf;WRA-L8-1_Energiepfeil.pdf
Tefcold;;;;;Monoblock / Kühlgeräte;68300;WRA-M12-1;5708181753610;5708181753610;TEFCOLD;3395,00;DEALS + | ProduktneuheitenKühlzellen | Monoblock – Kühlgeräte;;;;;;;;;;;Automatisch, Heißgas;;;;;;;;780;;;;;;;;;;;;;;;;;;;;;;;;;;;;;;;;;Elektronisch;;;;;;;;;;;;;;;;;;;;;;;;;;;;;;;;;;;;421;728;876;;;;;;;;;;;;;;;;;;;58;;;;;;;;;;;;;;;;;;;;;;;;;14.04;5125;;;;;;;Weiß, RAL 9003;;;;;;;;;;;;;;;;;;;;;;;;;;;35.5;;;;;;;;;;;;;;;;;;;;;;;;;;;;;;;;;;;;;;;;;;;;;;;;150;R290 / GWP 3;;;Umluft;;;;;;;;;;;;;;;;;;;;;;;;;;;;;;;;;;;;;;;;;;;;;;;;;;;;;;;47;;;;;;;;;;;;;;;;;;;;;;;;;;;;;;;;;;;;;;;;;;;;;;;;;;;;;;;;;;;;;220-240/50;;;Ja;;;;;;;;;;;Thermometer;-5 bis +15;;;;;;;;;;;;;;;;;;;;;;;;;;;;;;;;;;;;;;;;;;;;;;;;;;;;;;;;;;;;;;;;;;;;;;;;;;;;;;;;;;;52;;;;;;;;;;;;500;970;890;WRA-M12-1_Produktblatt.pdf;WRA-M12-1_Betriebsanleitung.pdf;WRA-M12-1_Ersatzteilliste.pdf;WRA-M12-1_Energielabel.pdf;WRA-M12-1_Energiepfeil.pdf
Tefcold;;;;;Monoblock / Kühlgeräte;68302;WRA-M18-1;5708181753627;5708181753627;TEFCOLD;4195,00;DEALS + | ProduktneuheitenKühlzellen | Monoblock – Kühlgeräte;;;;;;;;;;;Automatisch, Heißgas;;;;;;;;940;;;;;;;;;;;;;;;;;;;;;;;;;;;;;;;;;Elektronisch;;;;;;;;;;;;;;;;;;;;;;;;;;;;;;;;;;;;671;828;975;;;;;;;;;;;;;;;;;;;81;;;;;;;;;;;;;;;;;;;;;;;;;16.92;6176;;;;;;;Weiß, RAL 9003;;;;;;;;;;;;;;;;;;;;;;;;;;;35.6;;;;;;;;;;;;;;;;;;;;;;;;;;;;;;;;;;;;;;;;;;;;;;;;150;R290 / GWP 3;;;Umluft;;;;;;;;;;;;;;;;;;;;;;;;;;;;;;;;;;;;;;;;;;;;;;;;;;;;;;;59;;;;;;;;;;;;;;;;;;;;;;;;;;;;;;;;;;;;;;;;;;;;;;;;;;;;;;;;;;;;;220-240/50;;;Ja;;;;;;;;;;;Thermometer;-5 bis +15;;;;;;;;;;;;;;;;;;;;;;;;;;;;;;;;;;;;;;;;;;;;;;;;;;;;;;;;;;;;;;;;;;;;;;;;;;;;;;;;;;;66;;;;;;;;;;;;765;1070;980;WRA-M18-1_Produktblatt.pdf;WRA-M18-1_Betriebsanleitung.pdf;WRA-M18-1_Ersatzteilliste.pdf;WRA-M18-1_Energielabel.pdf;WRA-M18-1_Energiepfeil.pdf
Tefcold;;;;;Monoblock / Kühlgeräte;68304;WRA-M24-1;5708181753634;5708181753634;TEFCOLD;4495,00;DEALS + | ProduktneuheitenKühlzellen | Monoblock – Kühlgeräte;;;;;;;;;;;Automatisch, Heißgas;;;;;;;;1200;;;;;;;;;;;;;;;;;;;;;;;;;;;;;;;;;Elektronisch;;;;;;;;;;;;;;;;;;;;;;;;;;;;;;;;;;;;671;828;975;;;;;;;;;;;;;;;;;;;89;;;;;;;;;;;;;;;;;;;;;;;;;21.6;7884;;;;;;;Weiß, RAL 9003;;;;;;;;;;;;;;;;;;;;;;;;;;;34.3;;;;;;;;;;;;;;;;;;;;;;;;;;;;;;;;;;;;;;;;;;;;;;;;150;R290 / GWP 3;;;Umluft;;;;;;;;;;;;;;;;;;;;;;;;;;;;;;;;;;;;;;;;;;;;;;;;;;;;;;;65;;;;;;;;;;;;;;;;;;;;;;;;;;;;;;;;;;;;;;;;;;;;;;;;;;;;;;;;;;;;;220-240/50;;;Ja;;;;;;;;;;;Thermometer;-5 bis +15;;;;;;;;;;;;;;;;;;;;;;;;;;;;;;;;;;;;;;;;;;;;;;;;;;;;;;;;;;;;;;;;;;;;;;;;;;;;;;;;;;;66;;;;;;;;;;;;765;1070;980;WRA-M24-1_Produktblatt.pdf;WRA-M24-1_Betriebsanleitung.pdf;WRA-M24-1_Ersatzteilliste.pdf;WRA-M24-1_Energielabel.pdf;WRA-M24-1_Energiepfeil.pdf
Tefcold;;;;;Monoblock / Kühlgeräte;68306;WRA-M32-1;5708181753641;5708181753641;TEFCOLD;5095,00;DEALS + | ProduktneuheitenKühlzellen | Monoblock – Kühlgeräte;;;;;;;;;;;Automatisch, Heißgas;;;;;;;;1490;;;;;;;;;;;;;;;;;;;;;;;;;;;;;;;;;Elektronisch;;;;;;;;;;;;;;;;;;;;;;;;;;;;;;;;;;;;671;828;975;;;;;;;;;;;;;;;;;;;100;;;;;;;;;;;;;;;;;;;;;;;;;26.82;9789;;;;;;;Weiß, RAL 9003;;;;;;;;;;;;;;;;;;;;;;;;;;;42.7;;;;;;;;;;;;;;;;;;;;;;;;;;;;;;;;;;;;;;;;;;;;;;;;150;R290 / GWP 3;;;Umluft;;;;;;;;;;;;;;;;;;;;;;;;;;;;;;;;;;;;;;;;;;;;;;;;;;;;;;;81;;;;;;;;;;;;;;;;;;;;;;;;;;;;;;;;;;;;;;;;;;;;;;;;;;;;;;;;;;;;;220-240/50;;;Ja;;;;;;;;;;;Thermometer;-5 bis +15;;;;;;;;;;;;;;;;;;;;;;;;;;;;;;;;;;;;;;;;;;;;;;;;;;;;;;;;;;;;;;;;;;;;;;;;;;;;;;;;;;;66;;;;;;;;;;;;765;1070;980;WRA-M32-1_Produktblatt.pdf;WRA-M32-1_Betriebsanleitung.pdf;WRA-M32-1_Ersatzteilliste.pdf;WRA-M32-1_Energielabel.pdf;WRA-M32-1_Energiepfeil.pdf
Tefcold;;;;;Monoblock / Kühlgeräte;68308;WRA-M42-1;5708181753658;5708181753658;TEFCOLD;5595,00;DEALS + | ProduktneuheitenKühlzellen | Monoblock – Kühlgeräte;;;;;;;;;;;Automatisch, Heißgas;;;;;;;;1680;;;;;;;;;;;;;;;;;;;;;;;;;;;;;;;;;Elektronisch;;;;;;;;;;;;;;;;;;;;;;;;;;;;;;;;;;;;711;828;1254;;;;;;;;;;;;;;;;;;;113;;;;;;;;;;;;;;;;;;;;;;;;;30.24;11038;;;;;;;Weiß, RAL 9003;;;;;;;;;;;;;;;;;;;;;;;;;;;39.2;;;;;;;;;;;;;;;;;;;;;;;;;;;;;;;;;;;;;;;;;;;;;;;;2x150;R290 / GWP 3;;;Umluft;;;;;;;;;;;;;;;;;;;;;;;;;;;;;;;;;;;;;;;;;;;;;;;;;;;;;;;92;;;;;;;;;;;;;;;;;;;;;;;;;;;;;;;;;;;;;;;;;;;;;;;;;;;;;;;;;;;;;220-240/50;;;Ja;;;;;;;;;;;Thermometer;-5 bis +15;;;;;;;;;;;;;;;;;;;;;;;;;;;;;;;;;;;;;;;;;;;;;;;;;;;;;;;;;;;;;;;;;;;;;;;;;;;;;;;;;;;32;;;;;;;;;;;;840;1370;980;WRA-M42-1_Produktblatt.pdf;WRA-M42-1_Betriebsanleitung.pdf;WRA-M42-1_Ersatzteilliste.pdf;WRA-M42-1_Energielabel.pdf;WRA-M42-1_Energiepfeil.pdf
Tefcold;;;;;Monoblock / Kühlgeräte;68310;WRA-M46-1;5708181753665;5708181753665;TEFCOLD;6195,00;DEALS + | ProduktneuheitenKühlzellen | Monoblock – Kühlgeräte;;;;;;;;;;;Automatisch, Heißgas;;;;;;;;1900;;;;;;;;;;;;;;;;;;;;;;;;;;;;;;;;;Elektronisch;;;;;;;;;;;;;;;;;;;;;;;;;;;;;;;;;;;;711;828;1254;;;;;;;;;;;;;;;;;;;112;;;;;;;;;;;;;;;;;;;;;;;;;34.2;12483;;;;;;;Weiß, RAL 9003;;;;;;;;;;;;;;;;;;;;;;;;;;;40.1;;;;;;;;;;;;;;;;;;;;;;;;;;;;;;;;;;;;;;;;;;;;;;;;2x150;R290 / GWP 3;;;Umluft;;;;;;;;;;;;;;;;;;;;;;;;;;;;;;;;;;;;;;;;;;;;;;;;;;;;;;;92;;;;;;;;;;;;;;;;;;;;;;;;;;;;;;;;;;;;;;;;;;;;;;;;;;;;;;;;;;;;;220-240/50;;;Ja;;;;;;;;;;;Thermometer;-5 bis +15;;;;;;;;;;;;;;;;;;;;;;;;;;;;;;;;;;;;;;;;;;;;;;;;;;;;;;;;;;;;;;;;;;;;;;;;;;;;;;;;;;;32;;;;;;;;;;;;840;1370;980;WRA-M46-1_Produktblatt.pdf;WRA-M46-1_Betriebsanleitung.pdf;WRA-M46-1_Ersatzteilliste.pdf;WRA-M46-1_Energielabel.pdf;WRA-M46-1_Energiepfeil.pdf
Tefcold;;;;;Monoblock / Kühlgeräte;68296;WRA-M5-1;5708181753597;5708181753597;TEFCOLD;2795,00;DEALS + | ProduktneuheitenKühlzellen | Monoblock – Kühlgeräte;;;;;;;;;;;Automatisch, Heißgas;;;;;;;;360;;;;;;;;;;;;;;;;;;;;;;;;;;;;;;;;;Elektronisch;;;;;;;;;;;;;;;;;;;;;;;;;;;;;;;;;;;;421;728;876;;;;;;;;;;;;;;;;;;;54;;;;;;;;;;;;;;;;;;;;;;;;;6.48;2365;;;;;;;Weiß, RAL 9003;;;;;;;;;;;;;;;;;;;;;;;;;;;31.1;;;;;;;;;;;;;;;;;;;;;;;;;;;;;;;;;;;;;;;;;;;;;;;;150;R290 / GWP 3;;;Umluft;;;;;;;;;;;;;;;;;;;;;;;;;;;;;;;;;;;;;;;;;;;;;;;;;;;;;;;42;;;;;;;;;;;;;;;;;;;;;;;;;;;;;;;;;;;;;;;;;;;;;;;;;;;;;;;;;;;;;220-240/50;;;Ja;;;;;;;;;;;Thermometer;-5 bis +15;;;;;;;;;;;;;;;;;;;;;;;;;;;;;;;;;;;;;;;;;;;;;;;;;;;;;;;;;;;;;;;;;;;;;;;;;;;;;;;;;;;52;;;;;;;;;;;;500;970;890;WRA-M5-1_Produktblatt.pdf;WRA-M5-1_Betriebsanleitung.pdf;WRA-M5-1_Ersatzteilliste.pdf;WRA-M5-1_Energielabel.pdf;WRA-M5-1_Energiepfeil.pdf
Tefcold;;;;;Monoblock / Kühlgeräte;68312;WRA-M55-1;5708181753672;5708181753672;TEFCOLD;7195,00;DEALS + | ProduktneuheitenKühlzellen | Monoblock – Kühlgeräte;;;;;;;;;;;Automatisch, Heißgas;;;;;;;;2440;;;;;;;;;;;;;;;;;;;;;;;;;;;;;;;;;Elektronisch;;;;;;;;;;;;;;;;;;;;;;;;;;;;;;;;;;;;711;828;1254;;;;;;;;;;;;;;;;;;;127;;;;;;;;;;;;;;;;;;;;;;;;;43.92;16031;;;;;;;Weiß, RAL 9003;;;;;;;;;;;;;;;;;;;;;;;;;;;35.5;;;;;;;;;;;;;;;;;;;;;;;;;;;;;;;;;;;;;;;;;;;;;;;;2x150;R290 / GWP 3;;;Umluft;;;;;;;;;;;;;;;;;;;;;;;;;;;;;;;;;;;;;;;;;;;;;;;;;;;;;;;103;;;;;;;;;;;;;;;;;;;;;;;;;;;;;;;;;;;;;;;;;;;;;;;;;;;;;;;;;;;;;220-240/50;;;Ja;;;;;;;;;;;Thermometer;-5 bis +15;;;;;;;;;;;;;;;;;;;;;;;;;;;;;;;;;;;;;;;;;;;;;;;;;;;;;;;;;;;;;;;;;;;;;;;;;;;;;;;;;;;32;;;;;;;;;;;;840;1370;980;WRA-M55-1_Produktblatt.pdf;WRA-M55-1_Betriebsanleitung.pdf;WRA-M55-1_Ersatzteilliste.pdf;WRA-M55-1_Energielabel.pdf;WRA-M55-1_Energiepfeil.pdf
Tefcold;;;;;Monoblock / Kühlgeräte;68298;WRA-M8-1;5708181753603;5708181753603;TEFCOLD;2995,00;DEALS + | ProduktneuheitenKühlzellen | Monoblock – Kühlgeräte;;;;;;;;;;;Automatisch, Heißgas;;;;;;;;570;;;;;;;;;;;;;;;;;;;;;;;;;;;;;;;;;Elektronisch;;;;;;;;;;;;;;;;;;;;;;;;;;;;;;;;;;;;421;728;876;;;;;;;;;;;;;;;;;;;57;;;;;;;;;;;;;;;;;;;;;;;;;10.26;3745;;;;;;;Weiß, RAL 9003;;;;;;;;;;;;;;;;;;;;;;;;;;;32.1;;;;;;;;;;;;;;;;;;;;;;;;;;;;;;;;;;;;;;;;;;;;;;;;150;R290 / GWP 3;;;Umluft;;;;;;;;;;;;;;;;;;;;;;;;;;;;;;;;;;;;;;;;;;;;;;;;;;;;;;;46;;;;;;;;;;;;;;;;;;;;;;;;;;;;;;;;;;;;;;;;;;;;;;;;;;;;;;;;;;;;;220-240/50;;;Ja;;;;;;;;;;;Thermometer;-5 bis +15;;;;;;;;;;;;;;;;;;;;;;;;;;;;;;;;;;;;;;;;;;;;;;;;;;;;;;;;;;;;;;;;;;;;;;;;;;;;;;;;;;;52;;;;;;;;;;;;500;970;890;WRA-M8-1_Produktblatt.pdf;WRA-M8-1_Betriebsanleitung.pdf;WRA-M8-1_Ersatzteilliste.pdf;WRA-M8-1_Energielabel.pdf;WRA-M8-1_Energiepfeil.pdf
Tefcold;Tefcold-Kühltische-Tiefkühltische;;;;Pizzakühltheken;16442;GP92;5708181362195;5708181362195;G-Line by TEFCOLD;947,00;Gastrobereich | PizzakühlthekenGastrobereich | G-Line;;;;;;;;;;;Automatisch;;;;;;;;230;;;;;;;;;;;;;;;2;;;;;;;;;;;;;;;;;;Elektronisch;;;;;;;;;;;;;;;;;;;;;;;2 Dreh-Volltüren;;;;;;;;;;;;;900;1100;700;;;;;;;;;;;;;;;;;;;111;260;;;;;;;;;;;;;;;;;;;;;;;;2.2;803;;;;;;;SS 201;Weiß;;;;;;;;;;;;;;;;;;;;4 Stellfüße;;;;;;42;;;;;;;;;;;;;;;;;;;;;;;830;500;515;;;;;;;;;;4;;;;;;;;;;;;;70;R600a / GWP 3;;;Umluft;;;;;;;;;;;;;;;;;;;;;;;;SS 201;;;;;;+30°C, 55% RH;;;;;;;;;;;;;;;;;;;;;;;;;101;230;;;;;;;;;;;;;;;;;;;;;;;;;;;;;;;;;;;;;;;;;;;2 Tragroste, weiß;;;;;;;;;;;;;;;;;220-240/50;;;Ja;;;;;;;;;;;Thermometer;+2 bis +10;;;;;;;;;;;;;;;;;;;;;;;;;;;;;;;;;;;;;;;;;;;;;;;;;;;;;;;;;;;;;;;;;;;;;;;;;;;;;;;;;;;72;;;;;;;;;;GN1/1;;980;770;1250;GP92_Produktblatt.pdf;GP92_Betriebsanleitung.pdf;GP92_Ersatzteilliste.pdf;GP92_Energielabel.pdf;GP92_Energiepfeil.png
Tefcold;Tefcold-Kühltische-Tiefkühltische;;;;Pizzakühltheken;16444;GP93;5708181362218;5708181362218;G-Line by TEFCOLD;1499,00;Gastrobereich | PizzakühlthekenGastrobereich | G-Line;;;;;;;;;;;Automatisch;;;;;;;;175;;;;;;;;;;;;;;;3;;;;;;;;;;;;;;;;;;Elektronisch;;;;;;;;;;;;;;;;;;;;;;;3 Dreh-Volltüren;;;;;;;;;;;;;1365;1100;700;;;;;;;;;;;;;;;;;;;166;400;;;;;;;;;;;;;;;;;;;;;;;;2.4;876;;;;;;;SS 201;Weiß;;;;;;;;;;;;;;;;;;;;4 Stellfüße;;;;;;42;;;;;;;;;;;;;;;;;;;;;;;1295;500;515;;;;;;;;;;4;;;;;;;;;;;;;110;R600a / GWP 3;;;Umluft;;;;;;;;;;;;;;;;;;;;;;;;SS 201;;;;;;+30°C, 55% RH;;;;;;;;;;;;;;;;;;;;;;;;;156;368;;;;;;;;;;;;;;;;;;;;;;;;;;;;;;;;;;;;;;;;;;;3 Tragroste, weiß;;;;;;;;;;;;;;;;;220-240/50;;;Ja;;;;;;;;;;;Thermometer;+2 bis +10;;;;;;;;;;;;;;;;;;;;;;;;;;;;;;;;;;;;;;;;;;;;;;;;;;;;;;;;;;;;;;;;;;;;;;;;;;;;;;;;;;;48;;;;;;;;;;GN1/1;;1440;770;1250;GP93_Produktblatt.pdf;GP93_Betriebsanleitung.pdf;GP93_Ersatzteilliste.pdf;GP93_Energielabel.pdf;GP93_Energiepfeil.png
Tefcold;Tefcold-Kühltische-Tiefkühltische;;;;Pizzakühltheken;67417;PT1200 + GVC38-150;5708181752521;5708181752521;TEFCOLD;2788,00;DEALS + | Energieeffiziente GeräteGastrobereich | Pizzakühltheken;99132;;;;;;;;;;Automatisch;;;;;;;;300;;;;;;;;;;;;;;;14;;;;;;;;;;;;;;;;;;Elektronisch;;;;;;;;;;;;;;;;;;;;;;;2 Selbstschließende Drehtüren;;;;;;;;;;;;;1510;1448;800;;;;;;;;;;;;;;;6 x GN1/3;;;;288.5;390;;;;;;;;;;;;;;;;;;;;;33.5;B;;2.32;847;;;;;;;SS 201 / SS 304;Weiß;;;;;;;;;;;;;;;;;;;;4 Stellfüße;;;;;;42;;;;;;;;;;;;;;;;;;;;;;;1052;589;630;;;;;;;;;;4;;;;;;;;;;;;;95 + 45;R600a / GWP 3;;;Statisch / Ventiliert;;;;;;;;;;;;;;;;;;;;;;;;SS 201 / SS 304;;;;;;+30°C, 55% RH;;;;;;;;;;;;;;;;;;;;;;;;;274;370;;;;;;;;;;;;;;;;;;;;;;;;;;;;;;;;;;;;;;;;;;;14 Führungen für Pizzableche;;;;;;;;;;;;;;;;;220-240/50;;;Ja;;;;;;;;;;;Thermometer;+2 bis +10;;;;;;;;;;;;;;;;;Ja;;;;;;;;;;;;;;;;;;;;;;;;;;;;;;;;;;;;;;;;;;;;;;;;;;;;;;;;;;;;;;;;;;28;;;;;;;;;;400 x 600 mm;;1550;840;1330;PT1200___GVC38-150_Produktblatt.pdf;PT1200___GVC38-150_Betriebsanleitung.pdf;PT1200___GVC38-150_Ersatzteilliste.pdf;PT1200___GVC38-150_Energielabel.pdf;PT1200___GVC38-150_Energiepfeil.png
Tefcold;Tefcold-Kühltische-Tiefkühltische;;;;Pizzakühltheken;67416;PT1300 + GVC38-200;5708181752514;5708181752514;TEFCOLD;3012,00;Gastrobereich | Pizzakühltheken;99140;;;;;;;;;;Automatisch;;;;;;;;300;;;;;;;;;;;;;;;21;;;;;;;;;;;;;;;;;;Elektronisch;;;;;;;;;;;;;;;;;;;;;;;3 Selbstschließende Drehtüren;;;;;;;;;;;;;2045;1445;800;;;;;;;;;;;;;;;9 x GN1/3;;;;370.5;580;;;;;;;;;;;;;;;;;;;;;45.5;C;;3.65;1332;;;;;;;SS 201 / SS 304;Weiß;;;;;;;;;;;;;;;;;;;;6 Stellfüße;;;;;;42;;;;;;;;;;;;;;;;;;;;;;;1562;589;630;;;;;;;;;;4;;;;;;;;;;;;;95 + 45;R600a / GWP 3;;;Statisch / Ventiliert;;;;;;;;;;;;;;;;;;;;;;;;SS 201 / SS 304;;;;;;+30°C, 55% RH;;;;;;;;;;;;;;;;;;;;;;;;;355;565;;;;;;;;;;;;;;;;;;;;;;;;;;;;;;;;;;;;;;;;;;;21 Führungen für Pizzableche;;;;;;;;;;;;;;;;;220-240/50;;;Ja;;;;;;;;;;;Thermometer;+2 bis +10;;;;;;;;;;;;;;;;;Ja;;;;;;;;;;;;;;;;;;;;;;;;;;;;;;;;;;;;;;;;;;;;;;;;;;;;;;;;;;;;;;;;;;28;;;;;;;;;;400 x 600 mm;;2050;840;1330;PT1300___GVC38-200_Produktblatt.pdf;PT1300___GVC38-200_Betriebsanleitung.pdf;PT1300___GVC38-200_Ersatzteilliste.pdf;PT1300___GVC38-200_Energielabel.pdf;PT1300___GVC38-200_Energiepfeil.png
Tefcold;Tefcold-Kühltische-Tiefkühltische;;;;Pizzakühltheken;67415;PT1310 + GVC38-200;5708181752507;5708181752507;TEFCOLD;3185,00;Gastrobereich | Pizzakühltheken;99149;;;;;;;;;;Automatisch;;;;;;;;300;;;;;;;;;;;;;;;14;;;7 x Schubladen für Pizzateig;;;;;;;;;;;;;;;Elektronisch;;;;;;;;;;;;;;;;;;;;;;;2 Selbstschließende Drehtüren;;;;;;;;;;;;;2045;1448;800;;;;;;;;;;;;;;;9 x GN1/3;;;;372.5;390;;;;;;;;;;;;;;;;;;;;;34.8;B;;2.41;880;;;;;;;SS 201 / SS 304;Weiß;;;;;;;;;;;;;;;;;;;;8 Stellfüße;;;;;;42;;;;;;;;;;;;;;;;;;;;;;;1052;589;630;;;;;;;;;;4;;;;;;;;;;;;;95 + 45;R600a / GWP 3;;;Statisch / Ventiliert;;;;;;;;;;;;;;;;;;;;;;;;SS 201 / SS 304;;;;;;+30°C, 55% RH;;;;;;;;;;;;;;;;;;;;;;;;;357;370;;;;;;;;;;;;;;;;;;;;;;;;;;;;;;;;;;;;;;;;;;;14 Führungen für Pizzableche;;;;;;;;;;;;;;;;;220-240/50;;;Ja;;;;;;;;;;;Thermometer;+2 bis +10;;;;;;;;;;;;;;;;;Ja;;;;;;;;;;;;;;;;;;;;;;;;;;;;;;;;;;;;;;;;;;;;;;;;;;;;;;;;;;;;;;;;;;28;;;;;;;;;;400 x 600 mm;;2050;840;1330;PT1310___GVC38-200_Produktblatt.pdf;PT1310___GVC38-200_Betriebsanleitung.pdf;PT1310___GVC38-200_Ersatzteilliste.pdf;PT1310___GVC38-200_Energielabel.pdf;PT1310___GVC38-200_Energiepfeil.png
Tefcold;Tefcold-Kühltische-Tiefkühltische;;;;Pizzakühltheken;67414;PT1365 + GVC33-140;5708181752491;5708181752491;TEFCOLD;2240,00;Gastrobereich | Pizzakühltheken;99159;;;;;;;;;;Automatisch;;;;;;;;175;;;;;;;;;;;;;;;3;;;;;;;;;;;;;;;;;;Elektronisch;;;;;;;;;;;;;;;;;;;;;;;3 Dreh-Volltüren;;;;;;;;;;;;;1365;1459;700;;;;;;;;;;;;;;;6 x GN1/4;;;;221.5;400;;;;;;;;;;;;;;;;;;;;;44.6;C;;3.15;1150;;;;;;;SS 201 / SS 304;Weiß;;;;;;;;;;;;;;;;;;;;4 Stellfüße;;;;;;42;;;;;;;;;;;;;;;;;;;;;;;1295;500;515;;;;;;;;;;4;;;;;;;;;;;;;110 + 45;R600a / GWP 3;;;Statisch / Ventiliert;;;;;;;;;;;;;;;;;;;;;;;;SS 201 / SS 304;;;;;;+30°C, 55% RH;;;;;;;;;;;;;;;;;;;;;;;;;197;368;;;;;;;;;;;;;;;;;;;;;;;;;;;;;;;;;;;;;;;;;;;3 Tragroste, weiß;;;;;;;;;;;;;;;;;220-240/50;;;Ja;;;;;;;;;;;Thermometer;+2 bis +10;;;;;;;;;;;;;;;;;;;;;;;;;;;;;;;;;;;;;;;;;;;;;;;;;;;;;;;;;;;;;;;;;;;;;;;;;;;;;;;;;;;48;;;;;;;;;;GN1/1;;1440;770;1480;PT1365___GVC33-140_Produktblatt.pdf;PT1365___GVC33-140_Betriebsanleitung.pdf;PT1365___GVC33-140_Ersatzteilliste.pdf;PT1365___GVC33-140_Energielabel.pdf;PT1365___GVC33-140_Energiepfeil.png
Tefcold;Tefcold-Kühlregal;;;;Regalsysteme;45511;Shelf Rack System Kit;5708181722098;5708181722098;TEFCOLD;741,00;Kühlzellen | Regalsysteme;;;;;;;;;;;;;;;;;;;;;;;;;;;;;;;;;;;;;;;;;;;;;;;;;;;;;;;;;;;;;;;;;;;;;;;;;;;;;;;;;;;;;;;;;;;;;;;;;;;;;;;;;;;;;88;;;;;;;;;;;;;;;;;;;;;;;;;;;;;;;;;;;;;;;;;;;;;;;;;;;;;;;;;;;;;;;;;;;;;;;;;;;;;;;;;;;;;;;;;;;;;;;;;;;;;;;;;;;;;;;;;;;;;;;;;;;;;;;;;;;;;;;;;;;;;;;;;;;;;;;;;;;;;;;;;;;;;;;76;;;;;;;;;;;;;;;;;;;;;;;;;;;;;;;;;;;;;;;;;;;;;;;;;;;;;;;;;;;;;;;;Nein;;;;;;;;;;;;;;;;;;;;;;;;;;;;;;;;;;;;;;;;;;;;;;;;;;;;;;;;;;;;;;;;;;;;;;;;;;;;;;;;;;;;;;;;;;;;;;;100;;;;;;;;;;;;;;;Shelf_Rack_System_Kit_Produktblatt.pdf;Shelf_Rack_System_Kit_Betriebsanleitung.pdf;Shelf_Rack_System_Kit_Ersatzteilliste.pdf;Shelf_Rack_System_Kit_Energielabel.pdf;Shelf_Rack_System_Kit_Energiepfeil.pdf
Tefcold;Tefcold-Kühlregal;;;;Regalsysteme;45512;Shelf Rack System Kit;5708181722104;5708181722104;TEFCOLD;1915,00;Kühlzellen | Regalsysteme;;;;;;;;;;;;;;;;;;;;;;;;;;;;;;;;;;;;;;;;;;;;;;;;;;;;;;;;;;;;;;;;;;;;;;;;;;;;;;;;;;;;;;;;;;;;;;;;;;;;;;;;;;;;;88;;;;;;;;;;;;;;;;;;;;;;;;;;;;;;;;;;;;;;;;;;;;;;;;;;;;;;;;;;;;;;;;;;;;;;;;;;;;;;;;;;;;;;;;;;;;;;;;;;;;;;;;;;;;;;;;;;;;;;;;;;;;;;;;;;;;;;;;;;;;;;;;;;;;;;;;;;;;;;;;;;;;;;;76;;;;;;;;;;;;;;;;;;;;;;;;;;;;;;;;;;;;;;;;;;;;;;;;;;;;;;;;;;;;;;;;Nein;;;;;;;;;;;;;;;;;;;;;;;;;;;;;;;;;;;;;;;;;;;;;;;;;;;;;;;;;;;;;;;;;;;;;;;;;;;;;;;;;;;;;;;;;;;;;;;100;;;;;;;;;;;;;;;Shelf_Rack_System_Kit_Produktblatt.pdf;Shelf_Rack_System_Kit_Betriebsanleitung.pdf;Shelf_Rack_System_Kit_Ersatzteilliste.pdf;Shelf_Rack_System_Kit_Energielabel.pdf;Shelf_Rack_System_Kit_Energiepfeil.pdf
Tefcold;Tefcold-Kühlregal;;;;Regalsysteme;45522;Shelf Rack System Kit;5708181722159;5708181722159;TEFCOLD;811,00;Kühlzellen | Regalsysteme;;;;;;;;;;;;;;;;;;;;;;;;;;;;;;;;;;;;;;;;;;;;;;;;;;;;;;;;;;;;;;;;;;;;;;;;;;;;;;;;;;;;;;;;;;;;;;;;;;;;;;;;;;;;;88;;;;;;;;;;;;;;;;;;;;;;;;;;;;;;;;;;;;;;;;;;;;;;;;;;;;;;;;;;;;;;;;;;;;;;;;;;;;;;;;;;;;;;;;;;;;;;;;;;;;;;;;;;;;;;;;;;;;;;;;;;;;;;;;;;;;;;;;;;;;;;;;;;;;;;;;;;;;;;;;;;;;;;;76;;;;;;;;;;;;;;;;;;;;;;;;;;;;;;;;;;;;;;;;;;;;;;;;;;;;;;;;;;;;;;;;Nein;;;;;;;;;;;;;;;;;;;;;;;;;;;;;;;;;;;;;;;;;;;;;;;;;;;;;;;;;;;;;;;;;;;;;;;;;;;;;;;;;;;;;;;;;;;;;;;100;;;;;;;;;;;;;;;Shelf_Rack_System_Kit_Produktblatt.pdf;Shelf_Rack_System_Kit_Betriebsanleitung.pdf;Shelf_Rack_System_Kit_Ersatzteilliste.pdf;Shelf_Rack_System_Kit_Energielabel.pdf;Shelf_Rack_System_Kit_Energiepfeil.pdf
Tefcold;Tefcold-Kühlregal;;;;Regalsysteme;45523;Shelf Rack System Kit;5708181722166;5708181722166;TEFCOLD;1107,00;Kühlzellen | Regalsysteme;;;;;;;;;;;;;;;;;;;;;;;;;;;;;;;;;;;;;;;;;;;;;;;;;;;;;;;;;;;;;;;;;;;;;;;;;;;;;;;;;;;;;;;;;;;;;;;;;;;;;;;;;;;;;88;;;;;;;;;;;;;;;;;;;;;;;;;;;;;;;;;;;;;;;;;;;;;;;;;;;;;;;;;;;;;;;;;;;;;;;;;;;;;;;;;;;;;;;;;;;;;;;;;;;;;;;;;;;;;;;;;;;;;;;;;;;;;;;;;;;;;;;;;;;;;;;;;;;;;;;;;;;;;;;;;;;;;;;76;;;;;;;;;;;;;;;;;;;;;;;;;;;;;;;;;;;;;;;;;;;;;;;;;;;;;;;;;;;;;;;;Nein;;;;;;;;;;;;;;;;;;;;;;;;;;;;;;;;;;;;;;;;;;;;;;;;;;;;;;;;;;;;;;;;;;;;;;;;;;;;;;;;;;;;;;;;;;;;;;;100;;;;;;;;;;;;;;;Shelf_Rack_System_Kit_Produktblatt.pdf;Shelf_Rack_System_Kit_Betriebsanleitung.pdf;Shelf_Rack_System_Kit_Ersatzteilliste.pdf;Shelf_Rack_System_Kit_Energielabel.pdf;Shelf_Rack_System_Kit_Energiepfeil.pdf
Tefcold;Tefcold-Kühlregal;;;;Regalsysteme;45707;Shelf Rack System Kit;5708181723101;5708181723101;TEFCOLD;399,00;Kühlzellen | Regalsysteme;;;;;;;;;;;;;;;;;;;;;;;;;;;;;;;;;;;;;;;;;;;;;;;;;;;;;;;;;;;;;;;;;;;;;;;;;;;;;;;;;;;;;;;;;;;;;;;;;;;;;;;;;;;;;88;;;;;;;;;;;;;;;;;;;;;;;;;;;;;;;;;;;;;;;;;;;;;;;;;;;;;;;;;;;;;;;;;;;;;;;;;;;;;;;;;;;;;;;;;;;;;;;;;;;;;;;;;;;;;;;;;;;;;;;;;;;;;;;;;;;;;;;;;;;;;;;;;;;;;;;;;;;;;;;;;;;;;;;76;;;;;;;;;;;;;;;;;;;;;;;;;;;;;;;;;;;;;;;;;;;;;;;;;;;;;;;;;;;;;;;;Nein;;;;;;;;;;;;;;;;;;;;;;;;;;;;;;;;;;;;;;;;;;;;;;;;;;;;;;;;;;;;;;;;;;;;;;;;;;;;;;;;;;;;;;;;;;;;;;;110;;;;;;;;;;;;;;;Shelf_Rack_System_Kit_Produktblatt.pdf;Shelf_Rack_System_Kit_Betriebsanleitung.pdf;Shelf_Rack_System_Kit_Ersatzteilliste.pdf;Shelf_Rack_System_Kit_Energielabel.pdf;Shelf_Rack_System_Kit_Energiepfeil.pdf
Tefcold;Tefcold-Kühlregal;;;;Regalsysteme;45708;Shelf Rack System Kit;5708181723118;5708181723118;TEFCOLD;387,00;Kühlzellen | Regalsysteme;;;;;;;;;;;;;;;;;;;;;;;;;;;;;;;;;;;;;;;;;;;;;;;;;;;;;;;;;;;;;;;;;;;;;;;;;;;;;;;;;;;;;;;;;;;;;;;;;;;;;;;;;;;;;88;;;;;;;;;;;;;;;;;;;;;;;;;;;;;;;;;;;;;;;;;;;;;;;;;;;;;;;;;;;;;;;;;;;;;;;;;;;;;;;;;;;;;;;;;;;;;;;;;;;;;;;;;;;;;;;;;;;;;;;;;;;;;;;;;;;;;;;;;;;;;;;;;;;;;;;;;;;;;;;;;;;;;;;76;;;;;;;;;;;;;;;;;;;;;;;;;;;;;;;;;;;;;;;;;;;;;;;;;;;;;;;;;;;;;;;;Nein;;;;;;;;;;;;;;;;;;;;;;;;;;;;;;;;;;;;;;;;;;;;;;;;;;;;;;;;;;;;;;;;;;;;;;;;;;;;;;;;;;;;;;;;;;;;;;;110;;;;;;;;;;;;;;;Shelf_Rack_System_Kit_Produktblatt.pdf;Shelf_Rack_System_Kit_Betriebsanleitung.pdf;Shelf_Rack_System_Kit_Ersatzteilliste.pdf;Shelf_Rack_System_Kit_Energielabel.pdf;Shelf_Rack_System_Kit_Energiepfeil.pdf
Tefcold;Tefcold-Kühlregal;;;;Regalsysteme;45709;Shelf Rack System Kit;5708181723125;5708181723125;TEFCOLD;758,00;Kühlzellen | Regalsysteme;;;;;;;;;;;;;;;;;;;;;;;;;;;;;;;;;;;;;;;;;;;;;;;;;;;;;;;;;;;;;;;;;;;;;;;;;;;;;;;;;;;;;;;;;;;;;;;;;;;;;;;;;;;;;88;;;;;;;;;;;;;;;;;;;;;;;;;;;;;;;;;;;;;;;;;;;;;;;;;;;;;;;;;;;;;;;;;;;;;;;;;;;;;;;;;;;;;;;;;;;;;;;;;;;;;;;;;;;;;;;;;;;;;;;;;;;;;;;;;;;;;;;;;;;;;;;;;;;;;;;;;;;;;;;;;;;;;;;76;;;;;;;;;;;;;;;;;;;;;;;;;;;;;;;;;;;;;;;;;;;;;;;;;;;;;;;;;;;;;;;;Nein;;;;;;;;;;;;;;;;;;;;;;;;;;;;;;;;;;;;;;;;;;;;;;;;;;;;;;;;;;;;;;;;;;;;;;;;;;;;;;;;;;;;;;;;;;;;;;;110;;;;;;;;;;;;;;;Shelf_Rack_System_Kit_Produktblatt.pdf;Shelf_Rack_System_Kit_Betriebsanleitung.pdf;Shelf_Rack_System_Kit_Ersatzteilliste.pdf;Shelf_Rack_System_Kit_Energielabel.pdf;Shelf_Rack_System_Kit_Energiepfeil.pdf
Tefcold;Tefcold-Kühlregal;;;;Regalsysteme;45710;Shelf Rack System Kit;5708181723132;5708181723132;TEFCOLD;768,00;Kühlzellen | Regalsysteme;;;;;;;;;;;;;;;;;;;;;;;;;;;;;;;;;;;;;;;;;;;;;;;;;;;;;;;;;;;;;;;;;;;;;;;;;;;;;;;;;;;;;;;;;;;;;;;;;;;;;;;;;;;;;88;;;;;;;;;;;;;;;;;;;;;;;;;;;;;;;;;;;;;;;;;;;;;;;;;;;;;;;;;;;;;;;;;;;;;;;;;;;;;;;;;;;;;;;;;;;;;;;;;;;;;;;;;;;;;;;;;;;;;;;;;;;;;;;;;;;;;;;;;;;;;;;;;;;;;;;;;;;;;;;;;;;;;;;76;;;;;;;;;;;;;;;;;;;;;;;;;;;;;;;;;;;;;;;;;;;;;;;;;;;;;;;;;;;;;;;;Nein;;;;;;;;;;;;;;;;;;;;;;;;;;;;;;;;;;;;;;;;;;;;;;;;;;;;;;;;;;;;;;;;;;;;;;;;;;;;;;;;;;;;;;;;;;;;;;;110;;;;;;;;;;;;;;;Shelf_Rack_System_Kit_Produktblatt.pdf;Shelf_Rack_System_Kit_Betriebsanleitung.pdf;Shelf_Rack_System_Kit_Ersatzteilliste.pdf;Shelf_Rack_System_Kit_Energielabel.pdf;Shelf_Rack_System_Kit_Energiepfeil.pdf
Tefcold;Tefcold-Kühlregal;;;;Regalsysteme;45712;Shelf Rack System Kit;5708181723149;5708181723149;TEFCOLD;762,00;Kühlzellen | Regalsysteme;;;;;;;;;;;;;;;;;;;;;;;;;;;;;;;;;;;;;;;;;;;;;;;;;;;;;;;;;;;;;;;;;;;;;;;;;;;;;;;;;;;;;;;;;;;;;;;;;;;;;;;;;;;;;88;;;;;;;;;;;;;;;;;;;;;;;;;;;;;;;;;;;;;;;;;;;;;;;;;;;;;;;;;;;;;;;;;;;;;;;;;;;;;;;;;;;;;;;;;;;;;;;;;;;;;;;;;;;;;;;;;;;;;;;;;;;;;;;;;;;;;;;;;;;;;;;;;;;;;;;;;;;;;;;;;;;;;;;76;;;;;;;;;;;;;;;;;;;;;;;;;;;;;;;;;;;;;;;;;;;;;;;;;;;;;;;;;;;;;;;;Nein;;;;;;;;;;;;;;;;;;;;;;;;;;;;;;;;;;;;;;;;;;;;;;;;;;;;;;;;;;;;;;;;;;;;;;;;;;;;;;;;;;;;;;;;;;;;;;;110;;;;;;;;;;;;;;;Shelf_Rack_System_Kit_Produktblatt.pdf;Shelf_Rack_System_Kit_Betriebsanleitung.pdf;Shelf_Rack_System_Kit_Ersatzteilliste.pdf;Shelf_Rack_System_Kit_Energielabel.pdf;Shelf_Rack_System_Kit_Energiepfeil.pdf
Tefcold;Tefcold-Kühlregal;;;;Regalsysteme;45713;Shelf Rack System Kit;5708181730833;5708181730833;TEFCOLD;764,00;Kühlzellen | Regalsysteme;;;;;;;;;;;;;;;;;;;;;;;;;;;;;;;;;;;;;;;;;;;;;;;;;;;;;;;;;;;;;;;;;;;;;;;;;;;;;;;;;;;;;;;;;;;;;;;;;;;;;;;;;;;;;88;;;;;;;;;;;;;;;;;;;;;;;;;;;;;;;;;;;;;;;;;;;;;;;;;;;;;;;;;;;;;;;;;;;;;;;;;;;;;;;;;;;;;;;;;;;;;;;;;;;;;;;;;;;;;;;;;;;;;;;;;;;;;;;;;;;;;;;;;;;;;;;;;;;;;;;;;;;;;;;;;;;;;;;76;;;;;;;;;;;;;;;;;;;;;;;;;;;;;;;;;;;;;;;;;;;;;;;;;;;;;;;;;;;;;;;;Nein;;;;;;;;;;;;;;;;;;;;;;;;;;;;;;;;;;;;;;;;;;;;;;;;;;;;;;;;;;;;;;;;;;;;;;;;;;;;;;;;;;;;;;;;;;;;;;;110;;;;;;;;;;;;;;;Shelf_Rack_System_Kit_Produktblatt.pdf;Shelf_Rack_System_Kit_Betriebsanleitung.pdf;Shelf_Rack_System_Kit_Ersatzteilliste.pdf;Shelf_Rack_System_Kit_Energielabel.pdf;Shelf_Rack_System_Kit_Energiepfeil.pdf
Tefcold;Tefcold-Kühlregal;;;;Regalsysteme;45715;Shelf Rack System Kit;5708181723156;5708181723156;TEFCOLD;1226,00;Kühlzellen | Regalsysteme;;;;;;;;;;;;;;;;;;;;;;;;;;;;;;;;;;;;;;;;;;;;;;;;;;;;;;;;;;;;;;;;;;;;;;;;;;;;;;;;;;;;;;;;;;;;;;;;;;;;;;;;;;;;;88;;;;;;;;;;;;;;;;;;;;;;;;;;;;;;;;;;;;;;;;;;;;;;;;;;;;;;;;;;;;;;;;;;;;;;;;;;;;;;;;;;;;;;;;;;;;;;;;;;;;;;;;;;;;;;;;;;;;;;;;;;;;;;;;;;;;;;;;;;;;;;;;;;;;;;;;;;;;;;;;;;;;;;;76;;;;;;;;;;;;;;;;;;;;;;;;;;;;;;;;;;;;;;;;;;;;;;;;;;;;;;;;;;;;;;;;Nein;;;;;;;;;;;;;;;;;;;;;;;;;;;;;;;;;;;;;;;;;;;;;;;;;;;;;;;;;;;;;;;;;;;;;;;;;;;;;;;;;;;;;;;;;;;;;;;110;;;;;;;;;;;;;;;Shelf_Rack_System_Kit_Produktblatt.pdf;Shelf_Rack_System_Kit_Betriebsanleitung.pdf;Shelf_Rack_System_Kit_Ersatzteilliste.pdf;Shelf_Rack_System_Kit_Energielabel.pdf;Shelf_Rack_System_Kit_Energiepfeil.pdf
Tefcold;Tefcold-Kühlregal;;;;Regalsysteme;45716;Shelf Rack System Kit;5708181730840;5708181730840;TEFCOLD;1437,00;Kühlzellen | Regalsysteme;;;;;;;;;;;;;;;;;;;;;;;;;;;;;;;;;;;;;;;;;;;;;;;;;;;;;;;;;;;;;;;;;;;;;;;;;;;;;;;;;;;;;;;;;;;;;;;;;;;;;;;;;;;;;88;;;;;;;;;;;;;;;;;;;;;;;;;;;;;;;;;;;;;;;;;;;;;;;;;;;;;;;;;;;;;;;;;;;;;;;;;;;;;;;;;;;;;;;;;;;;;;;;;;;;;;;;;;;;;;;;;;;;;;;;;;;;;;;;;;;;;;;;;;;;;;;;;;;;;;;;;;;;;;;;;;;;;;;76;;;;;;;;;;;;;;;;;;;;;;;;;;;;;;;;;;;;;;;;;;;;;;;;;;;;;;;;;;;;;;;;Nein;;;;;;;;;;;;;;;;;;;;;;;;;;;;;;;;;;;;;;;;;;;;;;;;;;;;;;;;;;;;;;;;;;;;;;;;;;;;;;;;;;;;;;;;;;;;;;;110;;;;;;;;;;;;;;;Shelf_Rack_System_Kit_Produktblatt.pdf;Shelf_Rack_System_Kit_Betriebsanleitung.pdf;Shelf_Rack_System_Kit_Ersatzteilliste.pdf;Shelf_Rack_System_Kit_Energielabel.pdf;Shelf_Rack_System_Kit_Energiepfeil.pdf
Tefcold;Tefcold-Kühlregal;;;;Regalsysteme;45719;Shelf Rack System Kit;5708181723163;5708181723163;TEFCOLD;1736,00;Kühlzellen | Regalsysteme;;;;;;;;;;;;;;;;;;;;;;;;;;;;;;;;;;;;;;;;;;;;;;;;;;;;;;;;;;;;;;;;;;;;;;;;;;;;;;;;;;;;;;;;;;;;;;;;;;;;;;;;;;;;;88;;;;;;;;;;;;;;;;;;;;;;;;;;;;;;;;;;;;;;;;;;;;;;;;;;;;;;;;;;;;;;;;;;;;;;;;;;;;;;;;;;;;;;;;;;;;;;;;;;;;;;;;;;;;;;;;;;;;;;;;;;;;;;;;;;;;;;;;;;;;;;;;;;;;;;;;;;;;;;;;;;;;;;;76;;;;;;;;;;;;;;;;;;;;;;;;;;;;;;;;;;;;;;;;;;;;;;;;;;;;;;;;;;;;;;;;Nein;;;;;;;;;;;;;;;;;;;;;;;;;;;;;;;;;;;;;;;;;;;;;;;;;;;;;;;;;;;;;;;;;;;;;;;;;;;;;;;;;;;;;;;;;;;;;;;110;;;;;;;;;;;;;;;Shelf_Rack_System_Kit_Produktblatt.pdf;Shelf_Rack_System_Kit_Betriebsanleitung.pdf;Shelf_Rack_System_Kit_Ersatzteilliste.pdf;Shelf_Rack_System_Kit_Energielabel.pdf;Shelf_Rack_System_Kit_Energiepfeil.pdf
Tefcold;Tefcold-Kühlregal;;;;Regalsysteme;45720;Shelf Rack System Kit;5708181723170;5708181723170;TEFCOLD;1780,00;Kühlzellen | Regalsysteme;;;;;;;;;;;;;;;;;;;;;;;;;;;;;;;;;;;;;;;;;;;;;;;;;;;;;;;;;;;;;;;;;;;;;;;;;;;;;;;;;;;;;;;;;;;;;;;;;;;;;;;;;;;;;88;;;;;;;;;;;;;;;;;;;;;;;;;;;;;;;;;;;;;;;;;;;;;;;;;;;;;;;;;;;;;;;;;;;;;;;;;;;;;;;;;;;;;;;;;;;;;;;;;;;;;;;;;;;;;;;;;;;;;;;;;;;;;;;;;;;;;;;;;;;;;;;;;;;;;;;;;;;;;;;;;;;;;;;76;;;;;;;;;;;;;;;;;;;;;;;;;;;;;;;;;;;;;;;;;;;;;;;;;;;;;;;;;;;;;;;;Nein;;;;;;;;;;;;;;;;;;;;;;;;;;;;;;;;;;;;;;;;;;;;;;;;;;;;;;;;;;;;;;;;;;;;;;;;;;;;;;;;;;;;;;;;;;;;;;;110;;;;;;;;;;;;;;;Shelf_Rack_System_Kit_Produktblatt.pdf;Shelf_Rack_System_Kit_Betriebsanleitung.pdf;Shelf_Rack_System_Kit_Ersatzteilliste.pdf;Shelf_Rack_System_Kit_Energielabel.pdf;Shelf_Rack_System_Kit_Energiepfeil.pdf
Tefcold;Tefcold-Kühlregal;;;;Regalsysteme;45721;Shelf Rack System Kit;5708181723187;5708181723187;TEFCOLD;1828,00;Kühlzellen | Regalsysteme;;;;;;;;;;;;;;;;;;;;;;;;;;;;;;;;;;;;;;;;;;;;;;;;;;;;;;;;;;;;;;;;;;;;;;;;;;;;;;;;;;;;;;;;;;;;;;;;;;;;;;;;;;;;;88;;;;;;;;;;;;;;;;;;;;;;;;;;;;;;;;;;;;;;;;;;;;;;;;;;;;;;;;;;;;;;;;;;;;;;;;;;;;;;;;;;;;;;;;;;;;;;;;;;;;;;;;;;;;;;;;;;;;;;;;;;;;;;;;;;;;;;;;;;;;;;;;;;;;;;;;;;;;;;;;;;;;;;;76;;;;;;;;;;;;;;;;;;;;;;;;;;;;;;;;;;;;;;;;;;;;;;;;;;;;;;;;;;;;;;;;Nein;;;;;;;;;;;;;;;;;;;;;;;;;;;;;;;;;;;;;;;;;;;;;;;;;;;;;;;;;;;;;;;;;;;;;;;;;;;;;;;;;;;;;;;;;;;;;;;110;;;;;;;;;;;;;;;Shelf_Rack_System_Kit_Produktblatt.pdf;Shelf_Rack_System_Kit_Betriebsanleitung.pdf;Shelf_Rack_System_Kit_Ersatzteilliste.pdf;Shelf_Rack_System_Kit_Energielabel.pdf;Shelf_Rack_System_Kit_Energiepfeil.pdf
Tefcold;Tefcold-Kühlregal;;;;Regalsysteme;45722;Shelf Rack System Kit;5708181723194;5708181723194;TEFCOLD;2042,00;Kühlzellen | Regalsysteme;;;;;;;;;;;;;;;;;;;;;;;;;;;;;;;;;;;;;;;;;;;;;;;;;;;;;;;;;;;;;;;;;;;;;;;;;;;;;;;;;;;;;;;;;;;;;;;;;;;;;;;;;;;;;88;;;;;;;;;;;;;;;;;;;;;;;;;;;;;;;;;;;;;;;;;;;;;;;;;;;;;;;;;;;;;;;;;;;;;;;;;;;;;;;;;;;;;;;;;;;;;;;;;;;;;;;;;;;;;;;;;;;;;;;;;;;;;;;;;;;;;;;;;;;;;;;;;;;;;;;;;;;;;;;;;;;;;;;76;;;;;;;;;;;;;;;;;;;;;;;;;;;;;;;;;;;;;;;;;;;;;;;;;;;;;;;;;;;;;;;;Nein;;;;;;;;;;;;;;;;;;;;;;;;;;;;;;;;;;;;;;;;;;;;;;;;;;;;;;;;;;;;;;;;;;;;;;;;;;;;;;;;;;;;;;;;;;;;;;;110;;;;;;;;;;;;;;;Shelf_Rack_System_Kit_Produktblatt.pdf;Shelf_Rack_System_Kit_Betriebsanleitung.pdf;Shelf_Rack_System_Kit_Ersatzteilliste.pdf;Shelf_Rack_System_Kit_Energielabel.pdf;Shelf_Rack_System_Kit_Energiepfeil.pdf
Tefcold;Tefcold-Kühlregal;;;;Regalsysteme;45723;Shelf Rack System Kit;5708181723200;5708181723200;TEFCOLD;1845,00;Kühlzellen | Regalsysteme;;;;;;;;;;;;;;;;;;;;;;;;;;;;;;;;;;;;;;;;;;;;;;;;;;;;;;;;;;;;;;;;;;;;;;;;;;;;;;;;;;;;;;;;;;;;;;;;;;;;;;;;;;;;;88;;;;;;;;;;;;;;;;;;;;;;;;;;;;;;;;;;;;;;;;;;;;;;;;;;;;;;;;;;;;;;;;;;;;;;;;;;;;;;;;;;;;;;;;;;;;;;;;;;;;;;;;;;;;;;;;;;;;;;;;;;;;;;;;;;;;;;;;;;;;;;;;;;;;;;;;;;;;;;;;;;;;;;;76;;;;;;;;;;;;;;;;;;;;;;;;;;;;;;;;;;;;;;;;;;;;;;;;;;;;;;;;;;;;;;;;Nein;;;;;;;;;;;;;;;;;;;;;;;;;;;;;;;;;;;;;;;;;;;;;;;;;;;;;;;;;;;;;;;;;;;;;;;;;;;;;;;;;;;;;;;;;;;;;;;110;;;;;;;;;;;;;;;Shelf_Rack_System_Kit_Produktblatt.pdf;Shelf_Rack_System_Kit_Betriebsanleitung.pdf;Shelf_Rack_System_Kit_Ersatzteilliste.pdf;Shelf_Rack_System_Kit_Energielabel.pdf;Shelf_Rack_System_Kit_Energiepfeil.pdf
Tefcold;Tefcold-Kühlregal;;;;Regalsysteme;45724;Shelf Rack System Kit;5708181723217;5708181723217;TEFCOLD;1866,00;Kühlzellen | Regalsysteme;;;;;;;;;;;;;;;;;;;;;;;;;;;;;;;;;;;;;;;;;;;;;;;;;;;;;;;;;;;;;;;;;;;;;;;;;;;;;;;;;;;;;;;;;;;;;;;;;;;;;;;;;;;;;88;;;;;;;;;;;;;;;;;;;;;;;;;;;;;;;;;;;;;;;;;;;;;;;;;;;;;;;;;;;;;;;;;;;;;;;;;;;;;;;;;;;;;;;;;;;;;;;;;;;;;;;;;;;;;;;;;;;;;;;;;;;;;;;;;;;;;;;;;;;;;;;;;;;;;;;;;;;;;;;;;;;;;;;76;;;;;;;;;;;;;;;;;;;;;;;;;;;;;;;;;;;;;;;;;;;;;;;;;;;;;;;;;;;;;;;;Nein;;;;;;;;;;;;;;;;;;;;;;;;;;;;;;;;;;;;;;;;;;;;;;;;;;;;;;;;;;;;;;;;;;;;;;;;;;;;;;;;;;;;;;;;;;;;;;;110;;;;;;;;;;;;;;;Shelf_Rack_System_Kit_Produktblatt.pdf;Shelf_Rack_System_Kit_Betriebsanleitung.pdf;Shelf_Rack_System_Kit_Ersatzteilliste.pdf;Shelf_Rack_System_Kit_Energielabel.pdf;Shelf_Rack_System_Kit_Energiepfeil.pdf
Tefcold;Tefcold-Kühlregal;;;;Regalsysteme;45726;Shelf Rack System Kit;5708181723224;5708181723224;TEFCOLD;1871,00;Kühlzellen | Regalsysteme;;;;;;;;;;;;;;;;;;;;;;;;;;;;;;;;;;;;;;;;;;;;;;;;;;;;;;;;;;;;;;;;;;;;;;;;;;;;;;;;;;;;;;;;;;;;;;;;;;;;;;;;;;;;;88;;;;;;;;;;;;;;;;;;;;;;;;;;;;;;;;;;;;;;;;;;;;;;;;;;;;;;;;;;;;;;;;;;;;;;;;;;;;;;;;;;;;;;;;;;;;;;;;;;;;;;;;;;;;;;;;;;;;;;;;;;;;;;;;;;;;;;;;;;;;;;;;;;;;;;;;;;;;;;;;;;;;;;;76;;;;;;;;;;;;;;;;;;;;;;;;;;;;;;;;;;;;;;;;;;;;;;;;;;;;;;;;;;;;;;;;Nein;;;;;;;;;;;;;;;;;;;;;;;;;;;;;;;;;;;;;;;;;;;;;;;;;;;;;;;;;;;;;;;;;;;;;;;;;;;;;;;;;;;;;;;;;;;;;;;110;;;;;;;;;;;;;;;Shelf_Rack_System_Kit_Produktblatt.pdf;Shelf_Rack_System_Kit_Betriebsanleitung.pdf;Shelf_Rack_System_Kit_Ersatzteilliste.pdf;Shelf_Rack_System_Kit_Energielabel.pdf;Shelf_Rack_System_Kit_Energiepfeil.pdf
Tefcold;Tefcold-Kühlregal;;;;Regalsysteme;45864;Shelf Rack System Kit;5708181724726;5708181724726;TEFCOLD;1691,00;Kühlzellen | Regalsysteme;;;;;;;;;;;;;;;;;;;;;;;;;;;;;;;;;;;;;;;;;;;;;;;;;;;;;;;;;;;;;;;;;;;;;;;;;;;;;;;;;;;;;;;;;;;;;;;;;;;;;;;;;;;;;88;;;;;;;;;;;;;;;;;;;;;;;;;;;;;;;;;;;;;;;;;;;;;;;;;;;;;;;;;;;;;;;;;;;;;;;;;;;;;;;;;;;;;;;;;;;;;;;;;;;;;;;;;;;;;;;;;;;;;;;;;;;;;;;;;;;;;;;;;;;;;;;;;;;;;;;;;;;;;;;;;;;;;;;76;;;;;;;;;;;;;;;;;;;;;;;;;;;;;;;;;;;;;;;;;;;;;;;;;;;;;;;;;;;;;;;;Nein;;;;;;;;;;;;;;;;;;;;;;;;;;;;;;;;;;;;;;;;;;;;;;;;;;;;;;;;;;;;;;;;;;;;;;;;;;;;;;;;;;;;;;;;;;;;;;;110;;;;;;;;;;;;;;;Shelf_Rack_System_Kit_Produktblatt.pdf;Shelf_Rack_System_Kit_Betriebsanleitung.pdf;Shelf_Rack_System_Kit_Ersatzteilliste.pdf;Shelf_Rack_System_Kit_Energielabel.pdf;Shelf_Rack_System_Kit_Energiepfeil.pdf
Tefcold;Tefcold-Kühlregal;;;;Regalsysteme;45865;Shelf Rack System Kit;5708181724733;5708181724733;TEFCOLD;721,00;Kühlzellen | Regalsysteme;;;;;;;;;;;;;;;;;;;;;;;;;;;;;;;;;;;;;;;;;;;;;;;;;;;;;;;;;;;;;;;;;;;;;;;;;;;;;;;;;;;;;;;;;;;;;;;;;;;;;;;;;;;;;88;;;;;;;;;;;;;;;;;;;;;;;;;;;;;;;;;;;;;;;;;;;;;;;;;;;;;;;;;;;;;;;;;;;;;;;;;;;;;;;;;;;;;;;;;;;;;;;;;;;;;;;;;;;;;;;;;;;;;;;;;;;;;;;;;;;;;;;;;;;;;;;;;;;;;;;;;;;;;;;;;;;;;;;76;;;;;;;;;;;;;;;;;;;;;;;;;;;;;;;;;;;;;;;;;;;;;;;;;;;;;;;;;;;;;;;;Nein;;;;;;;;;;;;;;;;;;;;;;;;;;;;;;;;;;;;;;;;;;;;;;;;;;;;;;;;;;;;;;;;;;;;;;;;;;;;;;;;;;;;;;;;;;;;;;;110;;;;;;;;;;;;;;;Shelf_Rack_System_Kit_Produktblatt.pdf;Shelf_Rack_System_Kit_Betriebsanleitung.pdf;Shelf_Rack_System_Kit_Ersatzteilliste.pdf;Shelf_Rack_System_Kit_Energielabel.pdf;Shelf_Rack_System_Kit_Energiepfeil.pdf
Tefcold;Tefcold-Kühlregal;;;;Regalsysteme;45866;Shelf Rack System Kit;5708181724740;5708181724740;TEFCOLD;808,00;Kühlzellen | Regalsysteme;;;;;;;;;;;;;;;;;;;;;;;;;;;;;;;;;;;;;;;;;;;;;;;;;;;;;;;;;;;;;;;;;;;;;;;;;;;;;;;;;;;;;;;;;;;;;;;;;;;;;;;;;;;;;88;;;;;;;;;;;;;;;;;;;;;;;;;;;;;;;;;;;;;;;;;;;;;;;;;;;;;;;;;;;;;;;;;;;;;;;;;;;;;;;;;;;;;;;;;;;;;;;;;;;;;;;;;;;;;;;;;;;;;;;;;;;;;;;;;;;;;;;;;;;;;;;;;;;;;;;;;;;;;;;;;;;;;;;76;;;;;;;;;;;;;;;;;;;;;;;;;;;;;;;;;;;;;;;;;;;;;;;;;;;;;;;;;;;;;;;;Nein;;;;;;;;;;;;;;;;;;;;;;;;;;;;;;;;;;;;;;;;;;;;;;;;;;;;;;;;;;;;;;;;;;;;;;;;;;;;;;;;;;;;;;;;;;;;;;;110;;;;;;;;;;;;;;;Shelf_Rack_System_Kit_Produktblatt.pdf;Shelf_Rack_System_Kit_Betriebsanleitung.pdf;Shelf_Rack_System_Kit_Ersatzteilliste.pdf;Shelf_Rack_System_Kit_Energielabel.pdf;Shelf_Rack_System_Kit_Energiepfeil.pdf
Tefcold;Tefcold-Kühlregal;;;;Regalsysteme;45867;Shelf Rack System Kit;5708181724757;5708181724757;TEFCOLD;1101,00;Kühlzellen | Regalsysteme;;;;;;;;;;;;;;;;;;;;;;;;;;;;;;;;;;;;;;;;;;;;;;;;;;;;;;;;;;;;;;;;;;;;;;;;;;;;;;;;;;;;;;;;;;;;;;;;;;;;;;;;;;;;;88;;;;;;;;;;;;;;;;;;;;;;;;;;;;;;;;;;;;;;;;;;;;;;;;;;;;;;;;;;;;;;;;;;;;;;;;;;;;;;;;;;;;;;;;;;;;;;;;;;;;;;;;;;;;;;;;;;;;;;;;;;;;;;;;;;;;;;;;;;;;;;;;;;;;;;;;;;;;;;;;;;;;;;;76;;;;;;;;;;;;;;;;;;;;;;;;;;;;;;;;;;;;;;;;;;;;;;;;;;;;;;;;;;;;;;;;Nein;;;;;;;;;;;;;;;;;;;;;;;;;;;;;;;;;;;;;;;;;;;;;;;;;;;;;;;;;;;;;;;;;;;;;;;;;;;;;;;;;;;;;;;;;;;;;;;110;;;;;;;;;;;;;;;Shelf_Rack_System_Kit_Produktblatt.pdf;Shelf_Rack_System_Kit_Betriebsanleitung.pdf;Shelf_Rack_System_Kit_Ersatzteilliste.pdf;Shelf_Rack_System_Kit_Energielabel.pdf;Shelf_Rack_System_Kit_Energiepfeil.pdf
Tefcold;Tefcold-Kühlregal;;;;Regalsysteme;45869;Shelf Rack System Kit;5708181724764;5708181724764;TEFCOLD;1557,00;Kühlzellen | Regalsysteme;;;;;;;;;;;;;;;;;;;;;;;;;;;;;;;;;;;;;;;;;;;;;;;;;;;;;;;;;;;;;;;;;;;;;;;;;;;;;;;;;;;;;;;;;;;;;;;;;;;;;;;;;;;;;88;;;;;;;;;;;;;;;;;;;;;;;;;;;;;;;;;;;;;;;;;;;;;;;;;;;;;;;;;;;;;;;;;;;;;;;;;;;;;;;;;;;;;;;;;;;;;;;;;;;;;;;;;;;;;;;;;;;;;;;;;;;;;;;;;;;;;;;;;;;;;;;;;;;;;;;;;;;;;;;;;;;;;;;76;;;;;;;;;;;;;;;;;;;;;;;;;;;;;;;;;;;;;;;;;;;;;;;;;;;;;;;;;;;;;;;;Nein;;;;;;;;;;;;;;;;;;;;;;;;;;;;;;;;;;;;;;;;;;;;;;;;;;;;;;;;;;;;;;;;;;;;;;;;;;;;;;;;;;;;;;;;;;;;;;;110;;;;;;;;;;;;;;;Shelf_Rack_System_Kit_Produktblatt.pdf;Shelf_Rack_System_Kit_Betriebsanleitung.pdf;Shelf_Rack_System_Kit_Ersatzteilliste.pdf;Shelf_Rack_System_Kit_Energielabel.pdf;Shelf_Rack_System_Kit_Energiepfeil.pdf
Tefcold;Tefcold-Kühlregal;;;;Regalsysteme;46196;Shelf Rack System Kit;5708181725280;5708181725280;TEFCOLD;384,00;Kühlzellen | Regalsysteme;;;;;;;;;;;;;;;;;;;;;;;;;;;;;;;;;;;;;;;;;;;;;;;;;;;;;;;;;;;;;;;;;;;;;;;;;;;;;;;;;;;;;;;;;;;;;;;;;;;;;;;;;;;;;88;;;;;;;;;;;;;;;;;;;;;;;;;;;;;;;;;;;;;;;;;;;;;;;;;;;;;;;;;;;;;;;;;;;;;;;;;;;;;;;;;;;;;;;;;;;;;;;;;;;;;;;;;;;;;;;;;;;;;;;;;;;;;;;;;;;;;;;;;;;;;;;;;;;;;;;;;;;;;;;;;;;;;;;76;;;;;;;;;;;;;;;;;;;;;;;;;;;;;;;;;;;;;;;;;;;;;;;;;;;;;;;;;;;;;;;;Nein;;;;;;;;;;;;;;;;;;;;;;;;;;;;;;;;;;;;;;;;;;;;;;;;;;;;;;;;;;;;;;;;;;;;;;;;;;;;;;;;;;;;;;;;;;;;;;;110;;;;;;;;;;;;;;;Shelf_Rack_System_Kit_Produktblatt.pdf;Shelf_Rack_System_Kit_Betriebsanleitung.pdf;Shelf_Rack_System_Kit_Ersatzteilliste.pdf;Shelf_Rack_System_Kit_Energielabel.pdf;Shelf_Rack_System_Kit_Energiepfeil.pdf
Tefcold;Tefcold-Kühlregal;;;;Regalsysteme;46197;Shelf Rack System Kit;5708181725297;5708181725297;TEFCOLD;627,00;Kühlzellen | Regalsysteme;;;;;;;;;;;;;;;;;;;;;;;;;;;;;;;;;;;;;;;;;;;;;;;;;;;;;;;;;;;;;;;;;;;;;;;;;;;;;;;;;;;;;;;;;;;;;;;;;;;;;;;;;;;;;88;;;;;;;;;;;;;;;;;;;;;;;;;;;;;;;;;;;;;;;;;;;;;;;;;;;;;;;;;;;;;;;;;;;;;;;;;;;;;;;;;;;;;;;;;;;;;;;;;;;;;;;;;;;;;;;;;;;;;;;;;;;;;;;;;;;;;;;;;;;;;;;;;;;;;;;;;;;;;;;;;;;;;;;76;;;;;;;;;;;;;;;;;;;;;;;;;;;;;;;;;;;;;;;;;;;;;;;;;;;;;;;;;;;;;;;;Nein;;;;;;;;;;;;;;;;;;;;;;;;;;;;;;;;;;;;;;;;;;;;;;;;;;;;;;;;;;;;;;;;;;;;;;;;;;;;;;;;;;;;;;;;;;;;;;;110;;;;;;;;;;;;;;;Shelf_Rack_System_Kit_Produktblatt.pdf;Shelf_Rack_System_Kit_Betriebsanleitung.pdf;Shelf_Rack_System_Kit_Ersatzteilliste.pdf;Shelf_Rack_System_Kit_Energielabel.pdf;Shelf_Rack_System_Kit_Energiepfeil.pdf
Tefcold;Tefcold-Kühlregal;;;;Regalsysteme;46198;Shelf Rack System Kit;5708181725303;5708181725303;TEFCOLD;710,00;Kühlzellen | Regalsysteme;;;;;;;;;;;;;;;;;;;;;;;;;;;;;;;;;;;;;;;;;;;;;;;;;;;;;;;;;;;;;;;;;;;;;;;;;;;;;;;;;;;;;;;;;;;;;;;;;;;;;;;;;;;;;88;;;;;;;;;;;;;;;;;;;;;;;;;;;;;;;;;;;;;;;;;;;;;;;;;;;;;;;;;;;;;;;;;;;;;;;;;;;;;;;;;;;;;;;;;;;;;;;;;;;;;;;;;;;;;;;;;;;;;;;;;;;;;;;;;;;;;;;;;;;;;;;;;;;;;;;;;;;;;;;;;;;;;;;76;;;;;;;;;;;;;;;;;;;;;;;;;;;;;;;;;;;;;;;;;;;;;;;;;;;;;;;;;;;;;;;;Nein;;;;;;;;;;;;;;;;;;;;;;;;;;;;;;;;;;;;;;;;;;;;;;;;;;;;;;;;;;;;;;;;;;;;;;;;;;;;;;;;;;;;;;;;;;;;;;;110;;;;;;;;;;;;;;;Shelf_Rack_System_Kit_Produktblatt.pdf;Shelf_Rack_System_Kit_Betriebsanleitung.pdf;Shelf_Rack_System_Kit_Ersatzteilliste.pdf;Shelf_Rack_System_Kit_Energielabel.pdf;Shelf_Rack_System_Kit_Energiepfeil.pdf
Tefcold;Tefcold-Kühlregal;;;;Regalsysteme;46199;Shelf Rack System Kit;5708181725310;5708181725310;TEFCOLD;707,00;Kühlzellen | Regalsysteme;;;;;;;;;;;;;;;;;;;;;;;;;;;;;;;;;;;;;;;;;;;;;;;;;;;;;;;;;;;;;;;;;;;;;;;;;;;;;;;;;;;;;;;;;;;;;;;;;;;;;;;;;;;;;88;;;;;;;;;;;;;;;;;;;;;;;;;;;;;;;;;;;;;;;;;;;;;;;;;;;;;;;;;;;;;;;;;;;;;;;;;;;;;;;;;;;;;;;;;;;;;;;;;;;;;;;;;;;;;;;;;;;;;;;;;;;;;;;;;;;;;;;;;;;;;;;;;;;;;;;;;;;;;;;;;;;;;;;76;;;;;;;;;;;;;;;;;;;;;;;;;;;;;;;;;;;;;;;;;;;;;;;;;;;;;;;;;;;;;;;;Nein;;;;;;;;;;;;;;;;;;;;;;;;;;;;;;;;;;;;;;;;;;;;;;;;;;;;;;;;;;;;;;;;;;;;;;;;;;;;;;;;;;;;;;;;;;;;;;;110;;;;;;;;;;;;;;;Shelf_Rack_System_Kit_Produktblatt.pdf;Shelf_Rack_System_Kit_Betriebsanleitung.pdf;Shelf_Rack_System_Kit_Ersatzteilliste.pdf;Shelf_Rack_System_Kit_Energielabel.pdf;Shelf_Rack_System_Kit_Energiepfeil.pdf
Tefcold;Tefcold-Kühlregal;;;;Regalsysteme;46200;Shelf Rack System Kit;5708181725327;5708181725327;TEFCOLD;897,00;Kühlzellen | Regalsysteme;;;;;;;;;;;;;;;;;;;;;;;;;;;;;;;;;;;;;;;;;;;;;;;;;;;;;;;;;;;;;;;;;;;;;;;;;;;;;;;;;;;;;;;;;;;;;;;;;;;;;;;;;;;;;88;;;;;;;;;;;;;;;;;;;;;;;;;;;;;;;;;;;;;;;;;;;;;;;;;;;;;;;;;;;;;;;;;;;;;;;;;;;;;;;;;;;;;;;;;;;;;;;;;;;;;;;;;;;;;;;;;;;;;;;;;;;;;;;;;;;;;;;;;;;;;;;;;;;;;;;;;;;;;;;;;;;;;;;76;;;;;;;;;;;;;;;;;;;;;;;;;;;;;;;;;;;;;;;;;;;;;;;;;;;;;;;;;;;;;;;;Nein;;;;;;;;;;;;;;;;;;;;;;;;;;;;;;;;;;;;;;;;;;;;;;;;;;;;;;;;;;;;;;;;;;;;;;;;;;;;;;;;;;;;;;;;;;;;;;;110;;;;;;;;;;;;;;;Shelf_Rack_System_Kit_Produktblatt.pdf;Shelf_Rack_System_Kit_Betriebsanleitung.pdf;Shelf_Rack_System_Kit_Ersatzteilliste.pdf;Shelf_Rack_System_Kit_Energielabel.pdf;Shelf_Rack_System_Kit_Energiepfeil.pdf
Tefcold;Tefcold-Kühlregal;;;;Regalsysteme;46201;Shelf Rack System Kit;5708181725334;5708181725334;TEFCOLD;930,00;Kühlzellen | Regalsysteme;;;;;;;;;;;;;;;;;;;;;;;;;;;;;;;;;;;;;;;;;;;;;;;;;;;;;;;;;;;;;;;;;;;;;;;;;;;;;;;;;;;;;;;;;;;;;;;;;;;;;;;;;;;;;88;;;;;;;;;;;;;;;;;;;;;;;;;;;;;;;;;;;;;;;;;;;;;;;;;;;;;;;;;;;;;;;;;;;;;;;;;;;;;;;;;;;;;;;;;;;;;;;;;;;;;;;;;;;;;;;;;;;;;;;;;;;;;;;;;;;;;;;;;;;;;;;;;;;;;;;;;;;;;;;;;;;;;;;76;;;;;;;;;;;;;;;;;;;;;;;;;;;;;;;;;;;;;;;;;;;;;;;;;;;;;;;;;;;;;;;;Nein;;;;;;;;;;;;;;;;;;;;;;;;;;;;;;;;;;;;;;;;;;;;;;;;;;;;;;;;;;;;;;;;;;;;;;;;;;;;;;;;;;;;;;;;;;;;;;;110;;;;;;;;;;;;;;;Shelf_Rack_System_Kit_Produktblatt.pdf;Shelf_Rack_System_Kit_Betriebsanleitung.pdf;Shelf_Rack_System_Kit_Ersatzteilliste.pdf;Shelf_Rack_System_Kit_Energielabel.pdf;Shelf_Rack_System_Kit_Energiepfeil.pdf
Tefcold;Tefcold-Kühlregal;;;;Regalsysteme;46202;Shelf Rack System Kit;5708181725341;5708181725341;TEFCOLD;940,00;Kühlzellen | Regalsysteme;;;;;;;;;;;;;;;;;;;;;;;;;;;;;;;;;;;;;;;;;;;;;;;;;;;;;;;;;;;;;;;;;;;;;;;;;;;;;;;;;;;;;;;;;;;;;;;;;;;;;;;;;;;;;88;;;;;;;;;;;;;;;;;;;;;;;;;;;;;;;;;;;;;;;;;;;;;;;;;;;;;;;;;;;;;;;;;;;;;;;;;;;;;;;;;;;;;;;;;;;;;;;;;;;;;;;;;;;;;;;;;;;;;;;;;;;;;;;;;;;;;;;;;;;;;;;;;;;;;;;;;;;;;;;;;;;;;;;76;;;;;;;;;;;;;;;;;;;;;;;;;;;;;;;;;;;;;;;;;;;;;;;;;;;;;;;;;;;;;;;;Nein;;;;;;;;;;;;;;;;;;;;;;;;;;;;;;;;;;;;;;;;;;;;;;;;;;;;;;;;;;;;;;;;;;;;;;;;;;;;;;;;;;;;;;;;;;;;;;;110;;;;;;;;;;;;;;;Shelf_Rack_System_Kit_Produktblatt.pdf;Shelf_Rack_System_Kit_Betriebsanleitung.pdf;Shelf_Rack_System_Kit_Ersatzteilliste.pdf;Shelf_Rack_System_Kit_Energielabel.pdf;Shelf_Rack_System_Kit_Energiepfeil.pdf
Tefcold;Tefcold-Kühlregal;;;;Regalsysteme;46203;Shelf Rack System Kit;5708181725358;5708181725358;TEFCOLD;973,00;Kühlzellen | Regalsysteme;;;;;;;;;;;;;;;;;;;;;;;;;;;;;;;;;;;;;;;;;;;;;;;;;;;;;;;;;;;;;;;;;;;;;;;;;;;;;;;;;;;;;;;;;;;;;;;;;;;;;;;;;;;;;88;;;;;;;;;;;;;;;;;;;;;;;;;;;;;;;;;;;;;;;;;;;;;;;;;;;;;;;;;;;;;;;;;;;;;;;;;;;;;;;;;;;;;;;;;;;;;;;;;;;;;;;;;;;;;;;;;;;;;;;;;;;;;;;;;;;;;;;;;;;;;;;;;;;;;;;;;;;;;;;;;;;;;;;76;;;;;;;;;;;;;;;;;;;;;;;;;;;;;;;;;;;;;;;;;;;;;;;;;;;;;;;;;;;;;;;;Nein;;;;;;;;;;;;;;;;;;;;;;;;;;;;;;;;;;;;;;;;;;;;;;;;;;;;;;;;;;;;;;;;;;;;;;;;;;;;;;;;;;;;;;;;;;;;;;;110;;;;;;;;;;;;;;;Shelf_Rack_System_Kit_Produktblatt.pdf;Shelf_Rack_System_Kit_Betriebsanleitung.pdf;Shelf_Rack_System_Kit_Ersatzteilliste.pdf;Shelf_Rack_System_Kit_Energielabel.pdf;Shelf_Rack_System_Kit_Energiepfeil.pdf
Tefcold;Tefcold-Kühlregal;;;;Regalsysteme;46204;Shelf Rack System Kit;5708181725365;5708181725365;TEFCOLD;1381,00;Kühlzellen | Regalsysteme;;;;;;;;;;;;;;;;;;;;;;;;;;;;;;;;;;;;;;;;;;;;;;;;;;;;;;;;;;;;;;;;;;;;;;;;;;;;;;;;;;;;;;;;;;;;;;;;;;;;;;;;;;;;;88;;;;;;;;;;;;;;;;;;;;;;;;;;;;;;;;;;;;;;;;;;;;;;;;;;;;;;;;;;;;;;;;;;;;;;;;;;;;;;;;;;;;;;;;;;;;;;;;;;;;;;;;;;;;;;;;;;;;;;;;;;;;;;;;;;;;;;;;;;;;;;;;;;;;;;;;;;;;;;;;;;;;;;;76;;;;;;;;;;;;;;;;;;;;;;;;;;;;;;;;;;;;;;;;;;;;;;;;;;;;;;;;;;;;;;;;Nein;;;;;;;;;;;;;;;;;;;;;;;;;;;;;;;;;;;;;;;;;;;;;;;;;;;;;;;;;;;;;;;;;;;;;;;;;;;;;;;;;;;;;;;;;;;;;;;110;;;;;;;;;;;;;;;Shelf_Rack_System_Kit_Produktblatt.pdf;Shelf_Rack_System_Kit_Betriebsanleitung.pdf;Shelf_Rack_System_Kit_Ersatzteilliste.pdf;Shelf_Rack_System_Kit_Energielabel.pdf;Shelf_Rack_System_Kit_Energiepfeil.pdf
Tefcold;Tefcold-Kühlregal;;;;Regalsysteme;46206;Shelf Rack System Kit;5708181725372;5708181725372;TEFCOLD;1346,00;Kühlzellen | Regalsysteme;;;;;;;;;;;;;;;;;;;;;;;;;;;;;;;;;;;;;;;;;;;;;;;;;;;;;;;;;;;;;;;;;;;;;;;;;;;;;;;;;;;;;;;;;;;;;;;;;;;;;;;;;;;;;88;;;;;;;;;;;;;;;;;;;;;;;;;;;;;;;;;;;;;;;;;;;;;;;;;;;;;;;;;;;;;;;;;;;;;;;;;;;;;;;;;;;;;;;;;;;;;;;;;;;;;;;;;;;;;;;;;;;;;;;;;;;;;;;;;;;;;;;;;;;;;;;;;;;;;;;;;;;;;;;;;;;;;;;76;;;;;;;;;;;;;;;;;;;;;;;;;;;;;;;;;;;;;;;;;;;;;;;;;;;;;;;;;;;;;;;;Nein;;;;;;;;;;;;;;;;;;;;;;;;;;;;;;;;;;;;;;;;;;;;;;;;;;;;;;;;;;;;;;;;;;;;;;;;;;;;;;;;;;;;;;;;;;;;;;;110;;;;;;;;;;;;;;;Shelf_Rack_System_Kit_Produktblatt.pdf;Shelf_Rack_System_Kit_Betriebsanleitung.pdf;Shelf_Rack_System_Kit_Ersatzteilliste.pdf;Shelf_Rack_System_Kit_Energielabel.pdf;Shelf_Rack_System_Kit_Energiepfeil.pdf
Tefcold;Tefcold-Kühlregal;;;;Regalsysteme;46212;Shelf Rack System Kit;5708181725389;5708181725389;TEFCOLD;1600,00;Kühlzellen | Regalsysteme;;;;;;;;;;;;;;;;;;;;;;;;;;;;;;;;;;;;;;;;;;;;;;;;;;;;;;;;;;;;;;;;;;;;;;;;;;;;;;;;;;;;;;;;;;;;;;;;;;;;;;;;;;;;;88;;;;;;;;;;;;;;;;;;;;;;;;;;;;;;;;;;;;;;;;;;;;;;;;;;;;;;;;;;;;;;;;;;;;;;;;;;;;;;;;;;;;;;;;;;;;;;;;;;;;;;;;;;;;;;;;;;;;;;;;;;;;;;;;;;;;;;;;;;;;;;;;;;;;;;;;;;;;;;;;;;;;;;;76;;;;;;;;;;;;;;;;;;;;;;;;;;;;;;;;;;;;;;;;;;;;;;;;;;;;;;;;;;;;;;;;Nein;;;;;;;;;;;;;;;;;;;;;;;;;;;;;;;;;;;;;;;;;;;;;;;;;;;;;;;;;;;;;;;;;;;;;;;;;;;;;;;;;;;;;;;;;;;;;;;110;;;;;;;;;;;;;;;Shelf_Rack_System_Kit_Produktblatt.pdf;Shelf_Rack_System_Kit_Betriebsanleitung.pdf;Shelf_Rack_System_Kit_Ersatzteilliste.pdf;Shelf_Rack_System_Kit_Energielabel.pdf;Shelf_Rack_System_Kit_Energiepfeil.pdf
Tefcold;Tefcold-Kühlregal;;;;Regalsysteme;46213;Shelf Rack System Kit;5708181725396;5708181725396;TEFCOLD;1679,00;Kühlzellen | Regalsysteme;;;;;;;;;;;;;;;;;;;;;;;;;;;;;;;;;;;;;;;;;;;;;;;;;;;;;;;;;;;;;;;;;;;;;;;;;;;;;;;;;;;;;;;;;;;;;;;;;;;;;;;;;;;;;88;;;;;;;;;;;;;;;;;;;;;;;;;;;;;;;;;;;;;;;;;;;;;;;;;;;;;;;;;;;;;;;;;;;;;;;;;;;;;;;;;;;;;;;;;;;;;;;;;;;;;;;;;;;;;;;;;;;;;;;;;;;;;;;;;;;;;;;;;;;;;;;;;;;;;;;;;;;;;;;;;;;;;;;76;;;;;;;;;;;;;;;;;;;;;;;;;;;;;;;;;;;;;;;;;;;;;;;;;;;;;;;;;;;;;;;;Nein;;;;;;;;;;;;;;;;;;;;;;;;;;;;;;;;;;;;;;;;;;;;;;;;;;;;;;;;;;;;;;;;;;;;;;;;;;;;;;;;;;;;;;;;;;;;;;;110;;;;;;;;;;;;;;;Shelf_Rack_System_Kit_Produktblatt.pdf;Shelf_Rack_System_Kit_Betriebsanleitung.pdf;Shelf_Rack_System_Kit_Ersatzteilliste.pdf;Shelf_Rack_System_Kit_Energielabel.pdf;Shelf_Rack_System_Kit_Energiepfeil.pdf
Tefcold;Tefcold-Kühlregal;;;;Regalsysteme;46214;Shelf Rack System Kit;5708181725402;5708181725402;TEFCOLD;1505,00;Kühlzellen | Regalsysteme;;;;;;;;;;;;;;;;;;;;;;;;;;;;;;;;;;;;;;;;;;;;;;;;;;;;;;;;;;;;;;;;;;;;;;;;;;;;;;;;;;;;;;;;;;;;;;;;;;;;;;;;;;;;;88;;;;;;;;;;;;;;;;;;;;;;;;;;;;;;;;;;;;;;;;;;;;;;;;;;;;;;;;;;;;;;;;;;;;;;;;;;;;;;;;;;;;;;;;;;;;;;;;;;;;;;;;;;;;;;;;;;;;;;;;;;;;;;;;;;;;;;;;;;;;;;;;;;;;;;;;;;;;;;;;;;;;;;;76;;;;;;;;;;;;;;;;;;;;;;;;;;;;;;;;;;;;;;;;;;;;;;;;;;;;;;;;;;;;;;;;Nein;;;;;;;;;;;;;;;;;;;;;;;;;;;;;;;;;;;;;;;;;;;;;;;;;;;;;;;;;;;;;;;;;;;;;;;;;;;;;;;;;;;;;;;;;;;;;;;110;;;;;;;;;;;;;;;Shelf_Rack_System_Kit_Produktblatt.pdf;Shelf_Rack_System_Kit_Betriebsanleitung.pdf;Shelf_Rack_System_Kit_Ersatzteilliste.pdf;Shelf_Rack_System_Kit_Energielabel.pdf;Shelf_Rack_System_Kit_Energiepfeil.pdf
Tefcold;Tefcold-Kühlregal;;;;Regalsysteme;46215;Shelf Rack System Kit;5708181725419;5708181725419;TEFCOLD;1699,00;Kühlzellen | Regalsysteme;;;;;;;;;;;;;;;;;;;;;;;;;;;;;;;;;;;;;;;;;;;;;;;;;;;;;;;;;;;;;;;;;;;;;;;;;;;;;;;;;;;;;;;;;;;;;;;;;;;;;;;;;;;;;88;;;;;;;;;;;;;;;;;;;;;;;;;;;;;;;;;;;;;;;;;;;;;;;;;;;;;;;;;;;;;;;;;;;;;;;;;;;;;;;;;;;;;;;;;;;;;;;;;;;;;;;;;;;;;;;;;;;;;;;;;;;;;;;;;;;;;;;;;;;;;;;;;;;;;;;;;;;;;;;;;;;;;;;76;;;;;;;;;;;;;;;;;;;;;;;;;;;;;;;;;;;;;;;;;;;;;;;;;;;;;;;;;;;;;;;;Nein;;;;;;;;;;;;;;;;;;;;;;;;;;;;;;;;;;;;;;;;;;;;;;;;;;;;;;;;;;;;;;;;;;;;;;;;;;;;;;;;;;;;;;;;;;;;;;;110;;;;;;;;;;;;;;;Shelf_Rack_System_Kit_Produktblatt.pdf;Shelf_Rack_System_Kit_Betriebsanleitung.pdf;Shelf_Rack_System_Kit_Ersatzteilliste.pdf;Shelf_Rack_System_Kit_Energielabel.pdf;Shelf_Rack_System_Kit_Energiepfeil.pdf
Tefcold;Tefcold-Kühlregal;;;;Regalsysteme;46216;Shelf Rack System Kit;5708181725426;5708181725426;TEFCOLD;2101,00;Kühlzellen | Regalsysteme;;;;;;;;;;;;;;;;;;;;;;;;;;;;;;;;;;;;;;;;;;;;;;;;;;;;;;;;;;;;;;;;;;;;;;;;;;;;;;;;;;;;;;;;;;;;;;;;;;;;;;;;;;;;;88;;;;;;;;;;;;;;;;;;;;;;;;;;;;;;;;;;;;;;;;;;;;;;;;;;;;;;;;;;;;;;;;;;;;;;;;;;;;;;;;;;;;;;;;;;;;;;;;;;;;;;;;;;;;;;;;;;;;;;;;;;;;;;;;;;;;;;;;;;;;;;;;;;;;;;;;;;;;;;;;;;;;;;;76;;;;;;;;;;;;;;;;;;;;;;;;;;;;;;;;;;;;;;;;;;;;;;;;;;;;;;;;;;;;;;;;Nein;;;;;;;;;;;;;;;;;;;;;;;;;;;;;;;;;;;;;;;;;;;;;;;;;;;;;;;;;;;;;;;;;;;;;;;;;;;;;;;;;;;;;;;;;;;;;;;110;;;;;;;;;;;;;;;Shelf_Rack_System_Kit_Produktblatt.pdf;Shelf_Rack_System_Kit_Betriebsanleitung.pdf;Shelf_Rack_System_Kit_Ersatzteilliste.pdf;Shelf_Rack_System_Kit_Energielabel.pdf;Shelf_Rack_System_Kit_Energiepfeil.pdf
Tefcold;Tefcold-Kühlregal;;;;Regalsysteme;46217;Shelf Rack System Kit;5708181725433;5708181725433;TEFCOLD;2157,00;Kühlzellen | Regalsysteme;;;;;;;;;;;;;;;;;;;;;;;;;;;;;;;;;;;;;;;;;;;;;;;;;;;;;;;;;;;;;;;;;;;;;;;;;;;;;;;;;;;;;;;;;;;;;;;;;;;;;;;;;;;;;88;;;;;;;;;;;;;;;;;;;;;;;;;;;;;;;;;;;;;;;;;;;;;;;;;;;;;;;;;;;;;;;;;;;;;;;;;;;;;;;;;;;;;;;;;;;;;;;;;;;;;;;;;;;;;;;;;;;;;;;;;;;;;;;;;;;;;;;;;;;;;;;;;;;;;;;;;;;;;;;;;;;;;;;76;;;;;;;;;;;;;;;;;;;;;;;;;;;;;;;;;;;;;;;;;;;;;;;;;;;;;;;;;;;;;;;;Nein;;;;;;;;;;;;;;;;;;;;;;;;;;;;;;;;;;;;;;;;;;;;;;;;;;;;;;;;;;;;;;;;;;;;;;;;;;;;;;;;;;;;;;;;;;;;;;;110;;;;;;;;;;;;;;;Shelf_Rack_System_Kit_Produktblatt.pdf;Shelf_Rack_System_Kit_Betriebsanleitung.pdf;Shelf_Rack_System_Kit_Ersatzteilliste.pdf;Shelf_Rack_System_Kit_Energielabel.pdf;Shelf_Rack_System_Kit_Energiepfeil.pdf
Tefcold;Tefcold-Kühlregal;;;;Regalsysteme;46218;Shelf Rack System Kit;5708181725440;5708181725440;TEFCOLD;363,00;Kühlzellen | Regalsysteme;;;;;;;;;;;;;;;;;;;;;;;;;;;;;;;;;;;;;;;;;;;;;;;;;;;;;;;;;;;;;;;;;;;;;;;;;;;;;;;;;;;;;;;;;;;;;;;;;;;;;;;;;;;;;88;;;;;;;;;;;;;;;;;;;;;;;;;;;;;;;;;;;;;;;;;;;;;;;;;;;;;;;;;;;;;;;;;;;;;;;;;;;;;;;;;;;;;;;;;;;;;;;;;;;;;;;;;;;;;;;;;;;;;;;;;;;;;;;;;;;;;;;;;;;;;;;;;;;;;;;;;;;;;;;;;;;;;;;76;;;;;;;;;;;;;;;;;;;;;;;;;;;;;;;;;;;;;;;;;;;;;;;;;;;;;;;;;;;;;;;;Nein;;;;;;;;;;;;;;;;;;;;;;;;;;;;;;;;;;;;;;;;;;;;;;;;;;;;;;;;;;;;;;;;;;;;;;;;;;;;;;;;;;;;;;;;;;;;;;;110;;;;;;;;;;;;;;;Shelf_Rack_System_Kit_Produktblatt.pdf;Shelf_Rack_System_Kit_Betriebsanleitung.pdf;Shelf_Rack_System_Kit_Ersatzteilliste.pdf;Shelf_Rack_System_Kit_Energielabel.pdf;Shelf_Rack_System_Kit_Energiepfeil.pdf
Tefcold;Tefcold-Kühlregal;;;;Regalsysteme;46219;Shelf Rack System Kit;5708181725457;5708181725457;TEFCOLD;655,00;Kühlzellen | Regalsysteme;;;;;;;;;;;;;;;;;;;;;;;;;;;;;;;;;;;;;;;;;;;;;;;;;;;;;;;;;;;;;;;;;;;;;;;;;;;;;;;;;;;;;;;;;;;;;;;;;;;;;;;;;;;;;88;;;;;;;;;;;;;;;;;;;;;;;;;;;;;;;;;;;;;;;;;;;;;;;;;;;;;;;;;;;;;;;;;;;;;;;;;;;;;;;;;;;;;;;;;;;;;;;;;;;;;;;;;;;;;;;;;;;;;;;;;;;;;;;;;;;;;;;;;;;;;;;;;;;;;;;;;;;;;;;;;;;;;;;76;;;;;;;;;;;;;;;;;;;;;;;;;;;;;;;;;;;;;;;;;;;;;;;;;;;;;;;;;;;;;;;;Nein;;;;;;;;;;;;;;;;;;;;;;;;;;;;;;;;;;;;;;;;;;;;;;;;;;;;;;;;;;;;;;;;;;;;;;;;;;;;;;;;;;;;;;;;;;;;;;;110;;;;;;;;;;;;;;;Shelf_Rack_System_Kit_Produktblatt.pdf;Shelf_Rack_System_Kit_Betriebsanleitung.pdf;Shelf_Rack_System_Kit_Ersatzteilliste.pdf;Shelf_Rack_System_Kit_Energielabel.pdf;Shelf_Rack_System_Kit_Energiepfeil.pdf
Tefcold;Tefcold-Kühlregal;;;;Regalsysteme;46220;Shelf Rack System Kit;5708181725464;5708181725464;TEFCOLD;659,00;Kühlzellen | Regalsysteme;;;;;;;;;;;;;;;;;;;;;;;;;;;;;;;;;;;;;;;;;;;;;;;;;;;;;;;;;;;;;;;;;;;;;;;;;;;;;;;;;;;;;;;;;;;;;;;;;;;;;;;;;;;;;88;;;;;;;;;;;;;;;;;;;;;;;;;;;;;;;;;;;;;;;;;;;;;;;;;;;;;;;;;;;;;;;;;;;;;;;;;;;;;;;;;;;;;;;;;;;;;;;;;;;;;;;;;;;;;;;;;;;;;;;;;;;;;;;;;;;;;;;;;;;;;;;;;;;;;;;;;;;;;;;;;;;;;;;76;;;;;;;;;;;;;;;;;;;;;;;;;;;;;;;;;;;;;;;;;;;;;;;;;;;;;;;;;;;;;;;;Nein;;;;;;;;;;;;;;;;;;;;;;;;;;;;;;;;;;;;;;;;;;;;;;;;;;;;;;;;;;;;;;;;;;;;;;;;;;;;;;;;;;;;;;;;;;;;;;;110;;;;;;;;;;;;;;;Shelf_Rack_System_Kit_Produktblatt.pdf;Shelf_Rack_System_Kit_Betriebsanleitung.pdf;Shelf_Rack_System_Kit_Ersatzteilliste.pdf;Shelf_Rack_System_Kit_Energielabel.pdf;Shelf_Rack_System_Kit_Energiepfeil.pdf
Tefcold;Tefcold-Kühlregal;;;;Regalsysteme;46221;Shelf Rack System Kit;5708181725471;5708181725471;TEFCOLD;705,00;Kühlzellen | Regalsysteme;;;;;;;;;;;;;;;;;;;;;;;;;;;;;;;;;;;;;;;;;;;;;;;;;;;;;;;;;;;;;;;;;;;;;;;;;;;;;;;;;;;;;;;;;;;;;;;;;;;;;;;;;;;;;88;;;;;;;;;;;;;;;;;;;;;;;;;;;;;;;;;;;;;;;;;;;;;;;;;;;;;;;;;;;;;;;;;;;;;;;;;;;;;;;;;;;;;;;;;;;;;;;;;;;;;;;;;;;;;;;;;;;;;;;;;;;;;;;;;;;;;;;;;;;;;;;;;;;;;;;;;;;;;;;;;;;;;;;76;;;;;;;;;;;;;;;;;;;;;;;;;;;;;;;;;;;;;;;;;;;;;;;;;;;;;;;;;;;;;;;;Nein;;;;;;;;;;;;;;;;;;;;;;;;;;;;;;;;;;;;;;;;;;;;;;;;;;;;;;;;;;;;;;;;;;;;;;;;;;;;;;;;;;;;;;;;;;;;;;;110;;;;;;;;;;;;;;;Shelf_Rack_System_Kit_Produktblatt.pdf;Shelf_Rack_System_Kit_Betriebsanleitung.pdf;Shelf_Rack_System_Kit_Ersatzteilliste.pdf;Shelf_Rack_System_Kit_Energielabel.pdf;Shelf_Rack_System_Kit_Energiepfeil.pdf
Tefcold;Tefcold-Kühlregal;;;;Regalsysteme;46222;Shelf Rack System Kit;5708181725488;5708181725488;TEFCOLD;878,00;Kühlzellen | Regalsysteme;;;;;;;;;;;;;;;;;;;;;;;;;;;;;;;;;;;;;;;;;;;;;;;;;;;;;;;;;;;;;;;;;;;;;;;;;;;;;;;;;;;;;;;;;;;;;;;;;;;;;;;;;;;;;88;;;;;;;;;;;;;;;;;;;;;;;;;;;;;;;;;;;;;;;;;;;;;;;;;;;;;;;;;;;;;;;;;;;;;;;;;;;;;;;;;;;;;;;;;;;;;;;;;;;;;;;;;;;;;;;;;;;;;;;;;;;;;;;;;;;;;;;;;;;;;;;;;;;;;;;;;;;;;;;;;;;;;;;76;;;;;;;;;;;;;;;;;;;;;;;;;;;;;;;;;;;;;;;;;;;;;;;;;;;;;;;;;;;;;;;;Nein;;;;;;;;;;;;;;;;;;;;;;;;;;;;;;;;;;;;;;;;;;;;;;;;;;;;;;;;;;;;;;;;;;;;;;;;;;;;;;;;;;;;;;;;;;;;;;;110;;;;;;;;;;;;;;;Shelf_Rack_System_Kit_Produktblatt.pdf;Shelf_Rack_System_Kit_Betriebsanleitung.pdf;Shelf_Rack_System_Kit_Ersatzteilliste.pdf;Shelf_Rack_System_Kit_Energielabel.pdf;Shelf_Rack_System_Kit_Energiepfeil.pdf
Tefcold;Tefcold-Kühlregal;;;;Regalsysteme;46223;Shelf Rack System Kit;5708181725495;5708181725495;TEFCOLD;930,00;Kühlzellen | Regalsysteme;;;;;;;;;;;;;;;;;;;;;;;;;;;;;;;;;;;;;;;;;;;;;;;;;;;;;;;;;;;;;;;;;;;;;;;;;;;;;;;;;;;;;;;;;;;;;;;;;;;;;;;;;;;;;88;;;;;;;;;;;;;;;;;;;;;;;;;;;;;;;;;;;;;;;;;;;;;;;;;;;;;;;;;;;;;;;;;;;;;;;;;;;;;;;;;;;;;;;;;;;;;;;;;;;;;;;;;;;;;;;;;;;;;;;;;;;;;;;;;;;;;;;;;;;;;;;;;;;;;;;;;;;;;;;;;;;;;;;76;;;;;;;;;;;;;;;;;;;;;;;;;;;;;;;;;;;;;;;;;;;;;;;;;;;;;;;;;;;;;;;;Nein;;;;;;;;;;;;;;;;;;;;;;;;;;;;;;;;;;;;;;;;;;;;;;;;;;;;;;;;;;;;;;;;;;;;;;;;;;;;;;;;;;;;;;;;;;;;;;;110;;;;;;;;;;;;;;;Shelf_Rack_System_Kit_Produktblatt.pdf;Shelf_Rack_System_Kit_Betriebsanleitung.pdf;Shelf_Rack_System_Kit_Ersatzteilliste.pdf;Shelf_Rack_System_Kit_Energielabel.pdf;Shelf_Rack_System_Kit_Energiepfeil.pdf
Tefcold;Tefcold-Kühlregal;;;;Regalsysteme;46224;Shelf Rack System Kit;5708181725501;5708181725501;TEFCOLD;929,00;Kühlzellen | Regalsysteme;;;;;;;;;;;;;;;;;;;;;;;;;;;;;;;;;;;;;;;;;;;;;;;;;;;;;;;;;;;;;;;;;;;;;;;;;;;;;;;;;;;;;;;;;;;;;;;;;;;;;;;;;;;;;88;;;;;;;;;;;;;;;;;;;;;;;;;;;;;;;;;;;;;;;;;;;;;;;;;;;;;;;;;;;;;;;;;;;;;;;;;;;;;;;;;;;;;;;;;;;;;;;;;;;;;;;;;;;;;;;;;;;;;;;;;;;;;;;;;;;;;;;;;;;;;;;;;;;;;;;;;;;;;;;;;;;;;;;76;;;;;;;;;;;;;;;;;;;;;;;;;;;;;;;;;;;;;;;;;;;;;;;;;;;;;;;;;;;;;;;;Nein;;;;;;;;;;;;;;;;;;;;;;;;;;;;;;;;;;;;;;;;;;;;;;;;;;;;;;;;;;;;;;;;;;;;;;;;;;;;;;;;;;;;;;;;;;;;;;;110;;;;;;;;;;;;;;;Shelf_Rack_System_Kit_Produktblatt.pdf;Shelf_Rack_System_Kit_Betriebsanleitung.pdf;Shelf_Rack_System_Kit_Ersatzteilliste.pdf;Shelf_Rack_System_Kit_Energielabel.pdf;Shelf_Rack_System_Kit_Energiepfeil.pdf
Tefcold;Tefcold-Kühlregal;;;;Regalsysteme;46225;Shelf Rack System Kit;5708181725518;5708181725518;TEFCOLD;981,00;Kühlzellen | Regalsysteme;;;;;;;;;;;;;;;;;;;;;;;;;;;;;;;;;;;;;;;;;;;;;;;;;;;;;;;;;;;;;;;;;;;;;;;;;;;;;;;;;;;;;;;;;;;;;;;;;;;;;;;;;;;;;88;;;;;;;;;;;;;;;;;;;;;;;;;;;;;;;;;;;;;;;;;;;;;;;;;;;;;;;;;;;;;;;;;;;;;;;;;;;;;;;;;;;;;;;;;;;;;;;;;;;;;;;;;;;;;;;;;;;;;;;;;;;;;;;;;;;;;;;;;;;;;;;;;;;;;;;;;;;;;;;;;;;;;;;76;;;;;;;;;;;;;;;;;;;;;;;;;;;;;;;;;;;;;;;;;;;;;;;;;;;;;;;;;;;;;;;;Nein;;;;;;;;;;;;;;;;;;;;;;;;;;;;;;;;;;;;;;;;;;;;;;;;;;;;;;;;;;;;;;;;;;;;;;;;;;;;;;;;;;;;;;;;;;;;;;;110;;;;;;;;;;;;;;;Shelf_Rack_System_Kit_Produktblatt.pdf;Shelf_Rack_System_Kit_Betriebsanleitung.pdf;Shelf_Rack_System_Kit_Ersatzteilliste.pdf;Shelf_Rack_System_Kit_Energielabel.pdf;Shelf_Rack_System_Kit_Energiepfeil.pdf
Tefcold;Tefcold-Kühlregal;;;;Regalsysteme;46226;Shelf Rack System Kit;5708181725525;5708181725525;TEFCOLD;1193,00;Kühlzellen | Regalsysteme;;;;;;;;;;;;;;;;;;;;;;;;;;;;;;;;;;;;;;;;;;;;;;;;;;;;;;;;;;;;;;;;;;;;;;;;;;;;;;;;;;;;;;;;;;;;;;;;;;;;;;;;;;;;;88;;;;;;;;;;;;;;;;;;;;;;;;;;;;;;;;;;;;;;;;;;;;;;;;;;;;;;;;;;;;;;;;;;;;;;;;;;;;;;;;;;;;;;;;;;;;;;;;;;;;;;;;;;;;;;;;;;;;;;;;;;;;;;;;;;;;;;;;;;;;;;;;;;;;;;;;;;;;;;;;;;;;;;;76;;;;;;;;;;;;;;;;;;;;;;;;;;;;;;;;;;;;;;;;;;;;;;;;;;;;;;;;;;;;;;;;Nein;;;;;;;;;;;;;;;;;;;;;;;;;;;;;;;;;;;;;;;;;;;;;;;;;;;;;;;;;;;;;;;;;;;;;;;;;;;;;;;;;;;;;;;;;;;;;;;110;;;;;;;;;;;;;;;Shelf_Rack_System_Kit_Produktblatt.pdf;Shelf_Rack_System_Kit_Betriebsanleitung.pdf;Shelf_Rack_System_Kit_Ersatzteilliste.pdf;Shelf_Rack_System_Kit_Energielabel.pdf;Shelf_Rack_System_Kit_Energiepfeil.pdf
Tefcold;Tefcold-Kühlregal;;;;Regalsysteme;46227;Shelf Rack System Kit;5708181725532;5708181725532;TEFCOLD;1345,00;Kühlzellen | Regalsysteme;;;;;;;;;;;;;;;;;;;;;;;;;;;;;;;;;;;;;;;;;;;;;;;;;;;;;;;;;;;;;;;;;;;;;;;;;;;;;;;;;;;;;;;;;;;;;;;;;;;;;;;;;;;;;88;;;;;;;;;;;;;;;;;;;;;;;;;;;;;;;;;;;;;;;;;;;;;;;;;;;;;;;;;;;;;;;;;;;;;;;;;;;;;;;;;;;;;;;;;;;;;;;;;;;;;;;;;;;;;;;;;;;;;;;;;;;;;;;;;;;;;;;;;;;;;;;;;;;;;;;;;;;;;;;;;;;;;;;76;;;;;;;;;;;;;;;;;;;;;;;;;;;;;;;;;;;;;;;;;;;;;;;;;;;;;;;;;;;;;;;;Nein;;;;;;;;;;;;;;;;;;;;;;;;;;;;;;;;;;;;;;;;;;;;;;;;;;;;;;;;;;;;;;;;;;;;;;;;;;;;;;;;;;;;;;;;;;;;;;;110;;;;;;;;;;;;;;;Shelf_Rack_System_Kit_Produktblatt.pdf;Shelf_Rack_System_Kit_Betriebsanleitung.pdf;Shelf_Rack_System_Kit_Ersatzteilliste.pdf;Shelf_Rack_System_Kit_Energielabel.pdf;Shelf_Rack_System_Kit_Energiepfeil.pdf
Tefcold;Tefcold-Kühlregal;;;;Regalsysteme;46228;Shelf Rack System Kit;5708181725549;5708181725549;TEFCOLD;1570,00;Kühlzellen | Regalsysteme;;;;;;;;;;;;;;;;;;;;;;;;;;;;;;;;;;;;;;;;;;;;;;;;;;;;;;;;;;;;;;;;;;;;;;;;;;;;;;;;;;;;;;;;;;;;;;;;;;;;;;;;;;;;;88;;;;;;;;;;;;;;;;;;;;;;;;;;;;;;;;;;;;;;;;;;;;;;;;;;;;;;;;;;;;;;;;;;;;;;;;;;;;;;;;;;;;;;;;;;;;;;;;;;;;;;;;;;;;;;;;;;;;;;;;;;;;;;;;;;;;;;;;;;;;;;;;;;;;;;;;;;;;;;;;;;;;;;;76;;;;;;;;;;;;;;;;;;;;;;;;;;;;;;;;;;;;;;;;;;;;;;;;;;;;;;;;;;;;;;;;Nein;;;;;;;;;;;;;;;;;;;;;;;;;;;;;;;;;;;;;;;;;;;;;;;;;;;;;;;;;;;;;;;;;;;;;;;;;;;;;;;;;;;;;;;;;;;;;;;110;;;;;;;;;;;;;;;Shelf_Rack_System_Kit_Produktblatt.pdf;Shelf_Rack_System_Kit_Betriebsanleitung.pdf;Shelf_Rack_System_Kit_Ersatzteilliste.pdf;Shelf_Rack_System_Kit_Energielabel.pdf;Shelf_Rack_System_Kit_Energiepfeil.pdf
Tefcold;Tefcold-Kühlregal;;;;Regalsysteme;46229;Shelf Rack System Kit;5708181725556;5708181725556;TEFCOLD;1672,00;Kühlzellen | Regalsysteme;;;;;;;;;;;;;;;;;;;;;;;;;;;;;;;;;;;;;;;;;;;;;;;;;;;;;;;;;;;;;;;;;;;;;;;;;;;;;;;;;;;;;;;;;;;;;;;;;;;;;;;;;;;;;88;;;;;;;;;;;;;;;;;;;;;;;;;;;;;;;;;;;;;;;;;;;;;;;;;;;;;;;;;;;;;;;;;;;;;;;;;;;;;;;;;;;;;;;;;;;;;;;;;;;;;;;;;;;;;;;;;;;;;;;;;;;;;;;;;;;;;;;;;;;;;;;;;;;;;;;;;;;;;;;;;;;;;;;76;;;;;;;;;;;;;;;;;;;;;;;;;;;;;;;;;;;;;;;;;;;;;;;;;;;;;;;;;;;;;;;;Nein;;;;;;;;;;;;;;;;;;;;;;;;;;;;;;;;;;;;;;;;;;;;;;;;;;;;;;;;;;;;;;;;;;;;;;;;;;;;;;;;;;;;;;;;;;;;;;;110;;;;;;;;;;;;;;;Shelf_Rack_System_Kit_Produktblatt.pdf;Shelf_Rack_System_Kit_Betriebsanleitung.pdf;Shelf_Rack_System_Kit_Ersatzteilliste.pdf;Shelf_Rack_System_Kit_Energielabel.pdf;Shelf_Rack_System_Kit_Energiepfeil.pdf
Tefcold;Tefcold-Kühlregal;;;;Regalsysteme;46230;Shelf Rack System Kit;5708181725563;5708181725563;TEFCOLD;1535,00;Kühlzellen | Regalsysteme;;;;;;;;;;;;;;;;;;;;;;;;;;;;;;;;;;;;;;;;;;;;;;;;;;;;;;;;;;;;;;;;;;;;;;;;;;;;;;;;;;;;;;;;;;;;;;;;;;;;;;;;;;;;;88;;;;;;;;;;;;;;;;;;;;;;;;;;;;;;;;;;;;;;;;;;;;;;;;;;;;;;;;;;;;;;;;;;;;;;;;;;;;;;;;;;;;;;;;;;;;;;;;;;;;;;;;;;;;;;;;;;;;;;;;;;;;;;;;;;;;;;;;;;;;;;;;;;;;;;;;;;;;;;;;;;;;;;;76;;;;;;;;;;;;;;;;;;;;;;;;;;;;;;;;;;;;;;;;;;;;;;;;;;;;;;;;;;;;;;;;Nein;;;;;;;;;;;;;;;;;;;;;;;;;;;;;;;;;;;;;;;;;;;;;;;;;;;;;;;;;;;;;;;;;;;;;;;;;;;;;;;;;;;;;;;;;;;;;;;110;;;;;;;;;;;;;;;Shelf_Rack_System_Kit_Produktblatt.pdf;Shelf_Rack_System_Kit_Betriebsanleitung.pdf;Shelf_Rack_System_Kit_Ersatzteilliste.pdf;Shelf_Rack_System_Kit_Energielabel.pdf;Shelf_Rack_System_Kit_Energiepfeil.pdf
Tefcold;Tefcold-Kühlregal;;;;Regalsysteme;46231;Shelf Rack System Kit;5708181725570;5708181725570;TEFCOLD;1793,00;Kühlzellen | Regalsysteme;;;;;;;;;;;;;;;;;;;;;;;;;;;;;;;;;;;;;;;;;;;;;;;;;;;;;;;;;;;;;;;;;;;;;;;;;;;;;;;;;;;;;;;;;;;;;;;;;;;;;;;;;;;;;88;;;;;;;;;;;;;;;;;;;;;;;;;;;;;;;;;;;;;;;;;;;;;;;;;;;;;;;;;;;;;;;;;;;;;;;;;;;;;;;;;;;;;;;;;;;;;;;;;;;;;;;;;;;;;;;;;;;;;;;;;;;;;;;;;;;;;;;;;;;;;;;;;;;;;;;;;;;;;;;;;;;;;;;76;;;;;;;;;;;;;;;;;;;;;;;;;;;;;;;;;;;;;;;;;;;;;;;;;;;;;;;;;;;;;;;;Nein;;;;;;;;;;;;;;;;;;;;;;;;;;;;;;;;;;;;;;;;;;;;;;;;;;;;;;;;;;;;;;;;;;;;;;;;;;;;;;;;;;;;;;;;;;;;;;;110;;;;;;;;;;;;;;;Shelf_Rack_System_Kit_Produktblatt.pdf;Shelf_Rack_System_Kit_Betriebsanleitung.pdf;Shelf_Rack_System_Kit_Ersatzteilliste.pdf;Shelf_Rack_System_Kit_Energielabel.pdf;Shelf_Rack_System_Kit_Energiepfeil.pdf
Tefcold;Tefcold-Kühlregal;;;;Regalsysteme;46232;Shelf Rack System Kit;5708181725587;5708181725587;TEFCOLD;1946,00;Kühlzellen | Regalsysteme;;;;;;;;;;;;;;;;;;;;;;;;;;;;;;;;;;;;;;;;;;;;;;;;;;;;;;;;;;;;;;;;;;;;;;;;;;;;;;;;;;;;;;;;;;;;;;;;;;;;;;;;;;;;;88;;;;;;;;;;;;;;;;;;;;;;;;;;;;;;;;;;;;;;;;;;;;;;;;;;;;;;;;;;;;;;;;;;;;;;;;;;;;;;;;;;;;;;;;;;;;;;;;;;;;;;;;;;;;;;;;;;;;;;;;;;;;;;;;;;;;;;;;;;;;;;;;;;;;;;;;;;;;;;;;;;;;;;;76;;;;;;;;;;;;;;;;;;;;;;;;;;;;;;;;;;;;;;;;;;;;;;;;;;;;;;;;;;;;;;;;Nein;;;;;;;;;;;;;;;;;;;;;;;;;;;;;;;;;;;;;;;;;;;;;;;;;;;;;;;;;;;;;;;;;;;;;;;;;;;;;;;;;;;;;;;;;;;;;;;110;;;;;;;;;;;;;;;Shelf_Rack_System_Kit_Produktblatt.pdf;Shelf_Rack_System_Kit_Betriebsanleitung.pdf;Shelf_Rack_System_Kit_Ersatzteilliste.pdf;Shelf_Rack_System_Kit_Energielabel.pdf;Shelf_Rack_System_Kit_Energiepfeil.pdf
Tefcold;Tefcold-Kühlregal;;;;Regalsysteme;46233;Shelf Rack System Kit;5708181725594;5708181725594;TEFCOLD;2149,00;Kühlzellen | Regalsysteme;;;;;;;;;;;;;;;;;;;;;;;;;;;;;;;;;;;;;;;;;;;;;;;;;;;;;;;;;;;;;;;;;;;;;;;;;;;;;;;;;;;;;;;;;;;;;;;;;;;;;;;;;;;;;88;;;;;;;;;;;;;;;;;;;;;;;;;;;;;;;;;;;;;;;;;;;;;;;;;;;;;;;;;;;;;;;;;;;;;;;;;;;;;;;;;;;;;;;;;;;;;;;;;;;;;;;;;;;;;;;;;;;;;;;;;;;;;;;;;;;;;;;;;;;;;;;;;;;;;;;;;;;;;;;;;;;;;;;76;;;;;;;;;;;;;;;;;;;;;;;;;;;;;;;;;;;;;;;;;;;;;;;;;;;;;;;;;;;;;;;;Nein;;;;;;;;;;;;;;;;;;;;;;;;;;;;;;;;;;;;;;;;;;;;;;;;;;;;;;;;;;;;;;;;;;;;;;;;;;;;;;;;;;;;;;;;;;;;;;;110;;;;;;;;;;;;;;;Shelf_Rack_System_Kit_Produktblatt.pdf;Shelf_Rack_System_Kit_Betriebsanleitung.pdf;Shelf_Rack_System_Kit_Ersatzteilliste.pdf;Shelf_Rack_System_Kit_Energielabel.pdf;Shelf_Rack_System_Kit_Energiepfeil.pdf
Tefcold;Tefcold-Kühltische-Tiefkühltische;;;;Saladetten;16482;GS92;5708181362171;5708181362171;G-Line by TEFCOLD;862,00;Gastrobereich | SaladettenGastrobereich | G-Line;;;;;;;;;;;Automatisch;;;;;;;;155;;;;;;;;;;;;;;;2;;;;;;;;;;;;;;;;;;Elektronisch;;;;;;;;;;;;;;;;;;;;;;;2 Dreh-Volltüren;;;;;;;;;;;;;900;877;700;;;;;;;;;;;;;;;;;;;77;260;;;;;;;;;;;;;;;;;;;;;;;;2.4;876;;;;;;;SS 201;Weiß;;;;;;;;;;;;;;;;;;;;4 Stellfüße;;;;;;42;;;;;;;;;;;;;;;;;;;;;;;830;526;515;;;;;;;;;;;;;;;;;;;;;;;68;R600a / GWP 3;;;Umluft;;;;;;;;;;;;;;;;;;;;;;;;SS 201;;;;;;+30°C, 55% RH;;;;;;;;;;;;;;;;;;;;;;;;;67;225;;;;;;;;;;;;;;;;;;;;;;;;;;;;;;;;;;;;;;;;;;;2 Tragroste, weiß;;;;;;;;;;;;;;;;;220-240/50;;;Ja;;;;;;;;;;;Thermometer;+2 bis +10;;;;;;;;;;;;;;;;;;;;;;;;;;;;;;;;;;;;;;;;;;;;;;;;;;;;;;;;;;;;;;;;;;;;;;;;;;;;;;;;;;;72;;;;;;;;;;GN1/1;;980;770;1040;GS92_Produktblatt.pdf;GS92_Betriebsanleitung.pdf;GS92_Ersatzteilliste.pdf;GS92_Energielabel.pdf;GS92_Energiepfeil.pdf
Tefcold;Tefcold-Kühltische-Tiefkühltische;;;;Saladetten;33584;GSS20;5708181993757;5708181993757;G-Line by TEFCOLD;1025,00;Gastrobereich | SaladettenGastrobereich | G-Line;;;;;;;;;;;Automatisch;;;;;;;;155;;;;;;;;;;;;;;;;;;;;;;;;;;;;;;;;;Elektronisch;;;;;;;;;;;;;;;;;;;;;;;2 Dreh-Volltüren;;;;;;;;;;;;;900;950;700;;;;;;;;;;;;;;;;;;;90;228;;;;;;;;;;;;;;;;;;;;;;;;2;730;;;;;;;SS 201;Weiß;;;;;;;;;;;;;;;;;;;;4 Stellfüße;;;;;;42;;;;;;;;;;;;;;;;;;;;;;;830;500;515;;;;;;;;;;;;;;;;;;;;;;;68;R600a / GWP 3;;;Umluft;;;;;;;;;;;;;;;;;;;;;;;;SS 201;;;;;;;;;;;;;;;;;;;;;;;;;;;;;;;80;201;;;;;;;;;;;;;;;;;;;;;;;;;;;;;;;;;;;;;;;;;;;2 Tragroste, weiß;;;;;;;;;;;;;;;;;220-240/50;;;Ja;;;;;;;;;;;Thermometer;+2 bis +10;;;;;;;;;;;;;;;;;Ja;;;;;;;;;;;;;;;;;;;;;;;;;;;;;;;;;;;;;;;;;;;;;;;;;;;;;;;;;;;;;;;;;;72;;;;;;;;;;GN1/1;;980;770;1170;GSS20_Produktblatt.pdf;GSS20_Betriebsanleitung.pdf;GSS20_Ersatzteilliste.pdf;GSS20_Energielabel.pdf;GSS20_Energiepfeil.pdf
Tefcold;Tefcold-Kühltische-Tiefkühltische;;;;Saladetten;33585;GSS435;5708181993764;5708181993764;G-Line by TEFCOLD;1499,00;Gastrobereich | SaladettenGastrobereich | G-Line;;;;;;;;;;;Automatisch;;;;;;;;175;;;;;;;;;;;;;;;;;;;;;;;;;;;;;;;;;Elektronisch;;;;;;;;;;;;;;;;;;;;;;;3 Dreh-Volltüren;;;;;;;;;;;;;1365;950;700;;;;;;;;;;;;;;;;;;;128;348;;;;;;;;;;;;;;;;;;;;;;;;2.4;876;;;;;;;SS 201;Weiß;;;;;;;;;;;;;;;;;;;;4 Stellfüße;;;;;;42;;;;;;;;;;;;;;;;;;;;;;;1295;500;515;;;;;;;;;;;;;;;;;;;;;;;110;R600a / GWP 3;;;Umluft;;;;;;;;;;;;;;;;;;;;;;;;SS 201;;;;;;;;;;;;;;;;;;;;;;;;;;;;;;;118;320;;;;;;;;;;;;;;;;;;;;;;;;;;;;;;;;;;;;;;;;;;;3 Tragroste, weiß;;;;;;;;;;;;;;;;;220-240/50;;;Ja;;;;;;;;;;;Thermometer;+2 bis +10;;;;;;;;;;;;;;;;;Ja;;;;;;;;;;;;;;;;;;;;;;;;;;;;;;;;;;;;;;;;;;;;;;;;;;;;;;;;;;;;;;;;;;48;;;;;;;;;;GN1/1;;1400;770;1170;GSS435_Produktblatt.pdf;GSS435_Betriebsanleitung.pdf;GSS435_Ersatzteilliste.pdf;GSS435_Energielabel.pdf;GSS435_Energiepfeil.pdf
Tefcold;Tefcold-Kühltische-Tiefkühltische;;;;Saladetten;16485;SA1045;5708181355678;5708181355678;TEFCOLD;1103,00;Gastrobereich | Saladetten;;;;;;;;;;;Automatisch;;;;;;;;175;;;;;;;;;;;;;;;;;;;;;;;;;;;;;;;;;Elektronisch;;;;;;;;;;;;;;;;;;;;;;;2 Dreh-Volltüren;;;;;;;;;;;;;1045;877;700;;;;;;110;;;;;;;;;;;;;85;270;;;;;;;;;;;;;;;;;;;;;;;;2.5;913;;;;;;;SS 304;Weiß;;;;;;;;;;;;;;;;;;;;4 Stellfüße;;;;;;42;;;;;;;;;;;;;;Optional;;;;;;;;;975;500;515;;;;;;;;;;4;;;;;;;;;;;;;68;R600a / GWP 3;;;Umluft;;;;;;;;;;;;;;;;;;;;;;;;SS 304;;;;;;+30°C, 55% RH;;;;;;;;;;;;;;;;;;;;;;;;;75;240;;;;;;;;;;;;;;;;;;;;;;;;;;;;;;;;;;;;;;;;;;;2 Tragroste, weiß;;;;;;;;;;;;;;;;;220-240/50;;;Ja;;;;;;;;;;;Thermometer;+2 bis +10;;;;;;;;;;;;;;;;;;;;;;;;;;;;;;;;;;;;;;;;;;;;;;;;;;;;;;;;;;;;;;;;;;;;;;;;;;;;;;;;;;;72;;;;;;;;;;GN1/1;;1120;770;1040;SA1045_Produktblatt.pdf;SA1045_Betriebsanleitung.pdf;SA1045_Ersatzteilliste.pdf;SA1045_Energielabel.pdf;SA1045_Energiepfeil.pdf
Tefcold;Tefcold-Kühltische-Tiefkühltische;;;;Saladetten;16487;SA1365;5708181359539;5708181359539;TEFCOLD;1410,00;Gastrobereich | Saladetten;;;;;;;;;;;Automatisch;;;;;;;;235;;;;;;;;;;;;;;;3;;;;;;;;;;;;;;;;;;Elektronisch;;;;;;;;;;;;;;;;;;;;;;;3 Dreh-Volltüren;;;;;;;;;;;;;1365;877;700;;;;;;110;;;;;;;;;;;;;120;400;;;;;;;;;;;;;;;;;;;;;;;;3.15;1150;;;;;;;SS 304;Weiß;;;;;;;;;;;;;;;;;;;;4 Stellfüße;;;;;;42;;;;;;;;;;;;;;Optional;;;;;;;;;1295;500;515;;;;;;;;;;4;;;;;;;;;;;;;110;R600a / GWP 3;;;Umluft;;;;;;;;;;;;;;;;;;;;;;;;SS 304;;;;;;+30°C, 55% RH;;;;;;;;;;;;;;;;;;;;;;;;;110;368;;;;;;;;;;;;;;;;;;;;;;;;;;;;;;;;;;;;;;;;;;;3 Tragroste, weiß;;;;;;;;;;;;;;;;;220-240/50;;;Ja;;;;;;;;;;;Thermometer;+2 bis +10;;;;;;;;;;;;;;;;;;;;;;;;;;;;;;;;;;;;;;;;;;;;;;;;;;;;;;;;;;;;;;;;;;;;;;;;;;;;;;;;;;;48;;;;;;;;;;GN1/1;;1440;770;1040;SA1365_Produktblatt.pdf;SA1365_Betriebsanleitung.pdf;SA1365_Ersatzteilliste.pdf;SA1365_Energielabel.pdf;SA1365_Energiepfeil.pdf
Tefcold;Tefcold-Kühltische-Tiefkühltische;;;;Saladetten;16496;SA920;5708181355661;5708181355661;TEFCOLD;962,00;Gastrobereich | Saladetten;;;;;;;;;;;Automatisch;;;;;;;;155;;;;;;;;;;;;;;;2;;;;;;;;;;;;;;;;;;Elektronisch;;;;;;;;;;;;;;;;;;;;;;;2 Dreh-Volltüren;;;;;;;;;;;;;900;877;700;;;;;;110;;;;;;;;;;;;;80;260;;;;;;;;;;;;;;;;;;;;;;;;2.1;767;;;;;;;SS 304;Weiß;;;;;;;;;;;;;;;;;;;;4 Stellfüße;;;;;;42;;;;;;;;;;;;;;Optional;;;;;;;;;830;500;515;;;;;;;;;;4;;;;;;;;;;;;;68;R600a / GWP 3;;;Umluft;;;;;;;;;;;;;;;;;;;;;;;;SS 304;;;;;;+30°C, 55% RH;;;;;;;;;;;;;;;;;;;;;;;;;70;230;;;;;;;;;;;;;;;;;;;;;;;;;;;;;;;;;;;;;;;;;;;2 Tragroste, weiß;;;;;;;;;;;;;;;;;220-240/50;;;Ja;;;;;;;;;;;Thermometer;+2 bis +10;;;;;;;;;;;;;;;;;;;;;;;;;;;;;;;;;;;;;;;;;;;;;;;;;;;;;;;;;;;;;;;;;;;;;;;;;;;;;;;;;;;72;;;;;;;;;;GN1/1;;980;770;1040;SA920_Produktblatt.pdf;SA920_Betriebsanleitung.pdf;SA920_Ersatzteilliste.pdf;SA920_Energielabel.pdf;SA920_Energiepfeil.pdf
Tefcold;Tefcold-Kühltische-Tiefkühltische;;;;Saladetten;16467;SS1435;5708181355395;5708181355395;TEFCOLD;1686,00;Gastrobereich | Saladetten;;;;;;;;;;;Automatisch;;;;;;;;175;;;;;;;;;;;;;;;;;;;;;;;;;;;;;;;;;Elektronisch;;;;;;;;;;;;;;;;;;;;;;;3 Dreh-Volltüren;;;;;;;;;;;;;1365;950;700;;;;;;;;;;;;;;;;;;;128;348;;;;;;;;;;;;;;;;;;;;;;;;2.4;876;;;;;;;SS 304;Weiß;;;;;;;;;;;;;;;;;;;;4 Stellfüße;;;;;;42;;;;;;;;;;;;;;;;;;;;;;;1295;500;515;;;;;;;;;;;;;;;;;;;;;;;110;R600a / GWP 3;;;Umluft;;;;;;;;;;;;;;;;;;;;;;;;SS 304;;;;;;;;;;;;;;;;;;;;;;;;;;;;;;;118;320;;;;;;;;;;;;;;;;;;;;;;;;;;;;;;;;;;;;;;;;;;;3 Tragroste, weiß;;;;;;;;;;;;;;;;;220-240/50;;;Ja;;;;;;;;;;;Thermometer;+2 bis +10;;;;;;;;;;;;;;;;;;;;;;;;;;;;;;;;;;;;;;;;;;;;;;;;;;;;;;;;;;;;;;;;;;;;;;;;;;;;;;;;;;;48;;;;;;;;;;GN1/1;;1400;770;1170;SS1435_Produktblatt.pdf;SS1435_Betriebsanleitung.pdf;SS1435_Ersatzteilliste.pdf;SS1435_Energielabel.pdf;SS1435_Energiepfeil.pdf
Tefcold;Tefcold-Kühltische-Tiefkühltische;;;;Saladetten;31548;SS7200;5708181364113;5708181364113;TEFCOLD;1890,00;Gastrobereich | Saladetten;;;;;;;;;;;Automatisch;;;;;;;;300;;;;;;;;;;;;;;;2;;;;;;;;;;;;;;;;;;Elektronisch;;;;;;;;;;;;;;;;;;;;;;;2 Selbstschließende Drehtüren;;;;;;;;;;;;;1360;1080;700;;;;;;;;;;;;;;;;;;;140;320;;;;;;;;;;;;;;;;;;;;;;;;2.7;986;;;;;;;SS 304;Weiß;;;;;;;;;;;;;;;;;;;;4 Stellfüße;;;;;;42;;;;;;;;;;;;;;;;;;;;;;;902;589;530;;;;;;;;;;;;;;;;;;;;;;;95;R290 / GWP 3;;;Ventiliert;;;;;;;;;;;;;;;;;;;;;;;;SS 304;;;;;;;;;;;;;;;;;;;;;;;;;;;;;;;130;297;;;;;;;;;;;;;;;;;;;;;;;;;;;;;;;;;;;;;;;;;;;2 Tragroste, weiß;;;;;;;;;;;;;;;;;220-240/50;;;Ja;;;;;;;;;;;Thermometer;+2 bis +10;;;;;;;;;;;;;;;;;Ja;;;;;;;;;;;;;;;;;;;;;;;;;;;;;;;;;;;;;;;;;;;;;;;;;;;;;;;;;;;;;;;;;;48;;;;;;;;;;GN1/1;;1405;750;1010;SS7200_Produktblatt.pdf;SS7200_Betriebsanleitung.pdf;SS7200_Ersatzteilliste.pdf;SS7200_Energielabel.pdf;SS7200_Energiepfeil.pdf
Tefcold;Tefcold-Kühltische-Tiefkühltische;;;;Saladetten;31546;SS7300;5708181364137;5708181364137;TEFCOLD;2249,00;Gastrobereich | Saladetten;;;;;;;;;;;Automatisch;;;;;;;;300;;;;;;;;;;;;;;;3;;;;;;;;;;;;;;;;;;Elektronisch;;;;;;;;;;;;;;;;;;;;;;;3 Selbstschließende Drehtüren;;;;;;;;;;;;;1795;1080;700;;;;;;;;;;;;;;;;;;;173;429;;;;;;;;;;;;;;;;;;;;;;;;2.8;1022;;;;;;;SS 304;Weiß;;;;;;;;;;;;;;;;;;;;4 Stellfüße;;;;;;42;;;;;;;;;;;;;;;;;;;;;;;1337;589;530;;;;;;;;;;;;;;;;;;;;;;;95;R290 / GWP 3;;;Ventiliert;;;;;;;;;;;;;;;;;;;;;;;;SS 304;;;;;;;;;;;;;;;;;;;;;;;;;;;;;;;163;407;;;;;;;;;;;;;;;;;;;;;;;;;;;;;;;;;;;;;;;;;;;3 Tragroste, weiß;;;;;;;;;;;;;;;;;220-240/50;;;Ja;;;;;;;;;;;Thermometer;+2 bis +10;;;;;;;;;;;;;;;;;Ja;;;;;;;;;;;;;;;;;;;;;;;;;;;;;;;;;;;;;;;;;;;;;;;;;;;;;;;;;;;;;;;;;;38;;;;;;;;;;GN1/1;;1830;750;1010;SS7300_Produktblatt.pdf;SS7300_Betriebsanleitung.pdf;SS7300_Ersatzteilliste.pdf;SS7300_Energielabel.pdf;SS7300_Energiepfeil.pdf
Tefcold;Tefcold-Kühltische-Tiefkühltische;;;;Saladetten;31549;SS8200;5708181364151;5708181364151;TEFCOLD;2203,00;Gastrobereich | Saladetten;;;;;;;;;;;Automatisch;;;;;;;;300;;;;;;;;;;;;;;;2;;;;;;;;;;;;;;;;;;Elektronisch;;;;;;;;;;;;;;;;;;;;;;;2 Selbstschließende Drehtüren;;;;;;;;;;;;;1510;1080;800;;;;;;;;;;;;;;;;;;;163;362;;;;;;;;;;;;;;;;;;;;;;;;2.8;1022;;;;;;;SS 304;Weiß;;;;;;;;;;;;;;;;;;;;4 Stellfüße;;;;;;42;;;;;;;;;;;;;;;;;;;;;;;1052;589;630;;;;;;;;;;;;;;;;;;;;;;;95;R290 / GWP 3;;;Ventiliert;;;;;;;;;;;;;;;;;;;;;;;;SS 304;;;;;;;;;;;;;;;;;;;;;;;;;;;;;;;153;337;;;;;;;;;;;;;;;;;;;;;;;;;;;;;;;;;;;;;;;;;;;2 Tragroste, weiß;;;;;;;;;;;;;;;;;220-240/50;;;Ja;;;;;;;;;;;Thermometer;+2 bis +10;;;;;;;;;;;;;;;;;Ja;;;;;;;;;;;;;;;;;;;;;;;;;;;;;;;;;;;;;;;;;;;;;;;;;;;;;;;;;;;;;;;;;;30;;;;;;;;;;400 x 600 mm;;1550;840;1150;SS8200_Produktblatt.pdf;SS8200_Betriebsanleitung.pdf;SS8200_Ersatzteilliste.pdf;SS8200_Energielabel.pdf;SS8200_Energiepfeil.pdf
Tefcold;Tefcold-Kühltische-Tiefkühltische;;;;Saladetten;31547;SS8300;5708181364175;5708181364175;TEFCOLD;2443,00;Gastrobereich | Saladetten;;;;;;;;;;;Automatisch;;;;;;;;300;;;;;;;;;;;;;;;3;;;;;;;;;;;;;;;;;;Elektronisch;;;;;;;;;;;;;;;;;;;;;;;3 Selbstschließende Drehtüren;;;;;;;;;;;;;2020;1080;800;;;;;;;;;;;;;;;;;;;201;520;;;;;;;;;;;;;;;;;;;;;;;;3.2;1168;;;;;;;SS 304;Weiß;;;;;;;;;;;;;;;;;;;;6 Stellfüße;;;;;;42;;;;;;;;;;;;;;;;;;;;;;;1562;589;630;;;;;;;;;;;;;;;;;;;;;;;95;R290 / GWP 3;;;Ventiliert;;;;;;;;;;;;;;;;;;;;;;;;SS 304;;;;;;;;;;;;;;;;;;;;;;;;;;;;;;;191;497;;;;;;;;;;;;;;;;;;;;;;;;;;;;;;;;;;;;;;;;;;;3 Tragroste, weiß;;;;;;;;;;;;;;;;;220-240/50;;;Ja;;;;;;;;;;;Thermometer;+2 bis +10;;;;;;;;;;;;;;;;;Ja;;;;;;;;;;;;;;;;;;;;;;;;;;;;;;;;;;;;;;;;;;;;;;;;;;;;;;;;;;;;;;;;;;28;;;;;;;;;;400 x 600 mm;;2050;840;1150;SS8300_Produktblatt.pdf;SS8300_Betriebsanleitung.pdf;SS8300_Ersatzteilliste.pdf;SS8300_Energielabel.pdf;SS8300_Energiepfeil.pdf
Tefcold;Tefcold-Kühltische-Tiefkühltische;;;;Saladetten;16478;SS920;5708181355722;5708181355722;TEFCOLD;1197,00;Gastrobereich | Saladetten;;;;;;;;;;;Automatisch;;;;;;;;155;;;;;;;;;;;;;;;;;;;;;;;;;;;;;;;;;Elektronisch;;;;;;;;;;;;;;;;;;;;;;;2 Dreh-Volltüren;;;;;;;;;;;;;900;950;700;;;;;;;;;;;;;;;;;;;90;228;;;;;;;;;;;;;;;;;;;;;;;;2;730;;;;;;;SS 304;Weiß;;;;;;;;;;;;;;;;;;;;4 Stellfüße;;;;;;42;;;;;;;;;;;;;;;;;;;;;;;830;500;515;;;;;;;;;;;;;;;;;;;;;;;68;R600a / GWP 3;;;Umluft;;;;;;;;;;;;;;;;;;;;;;;;SS 304;;;;;;;;;;;;;;;;;;;;;;;;;;;;;;;80;201;;;;;;;;;;;;;;;;;;;;;;;;;;;;;;;;;;;;;;;;;;;2 Tragroste, weiß;;;;;;;;;;;;;;;;;220-240/50;;;Ja;;;;;;;;;;;Thermometer;+2 bis +10;;;;;;;;;;;;;;;;;;;;;;;;;;;;;;;;;;;;;;;;;;;;;;;;;;;;;;;;;;;;;;;;;;;;;;;;;;;;;;;;;;;72;;;;;;;;;;GN1/1;;980;770;1170;SS920_Produktblatt.pdf;SS920_Betriebsanleitung.pdf;SS920_Ersatzteilliste.pdf;SS920_Energielabel.pdf;SS920_Energiepfeil.pdf
Tefcold;;;;;Schockfroster;54821;BLCA10X1;5708181740221;5708181740221;TEFCOLD;4537,00;Gastrobereich | Schockfroster;;;;;;;;;;;Automatisch, Heißgas;;;;;;;;900;;;;;;;;;;;;;;;;;;;;;;;;;;;;;;;;;Programmierbarer Touchscreen;;;;;;;;;;;;;;;;;;;;;;;1 Selbstschließende Dreh-Volltür;;;;;;;;;;;;;804;1885;815;;;;;;;;;;;;;;;10;;;;190;368;;;;;;;;;;;;;;;;;;;;;;;;;;;;;;;;SS 304;;;;;;;;;;;;;;;;;;;;;4 Stellfüße;;;;;;60;;;;;;;;;;;;;;;;;;;;;;;660;870;640;Nein;;;;;;;;;;;;;;;;;;;;;;150;R290 / GWP 3;;;Schock;;;;;;;;;;;;;;;;;;;;;;;;SS 304;;;;;;;;;;;;;;;;;;;;;;;;;;;;;;;150;192;;;;;;;;;;;;;;;;;;;;;;;;;;;;;;;;;;;;;;;;;;;;;;;;;;;;;;;;;;;;220-240/50;;;Ja;;;;;;;;;;;;-30 bis +70;;;;;;;;;;;;;;;Nein;;Ja;;Ja;;;;;;;;;;;;;;;;;;;;;;;;;;;;;;;;;;;;;;;;;;;;;;;;;;;;;;;;;;40;;28;;;;26;40;;;;;;;;;;;870;900;1930;BLCA10X1_Produktblatt.pdf;BLCA10X1_Betriebsanleitung.pdf;BLCA10X1_Ersatzteilliste.pdf;BLCA10X1_Energielabel.pdf;BLCA10X1_Energiepfeil.pdf
Tefcold;;;;;Schockfroster;54825;BLCA14X1;5708181740269;5708181740269;TEFCOLD;7008,00;Gastrobereich | Schockfroster;;;;;;;;;;;Automatisch, Heißgas;;;;;;;;2000;;;;;;;;;;;;;;;;;;;;;;;;;;;;;;;;;Programmierbarer Touchscreen;;;;;;;;;;;;;;;;;;;;;;;1 Selbstschließende Dreh-Volltür;;;;;;;;;;;;;800;2110;815;;;;;;;;;;;;;;;14;;;;226;494;;;;;;;;;;;;;;;;;;;;;;;;;;;;;;;;SS 304;;;;;;;;;;;;;;;;;;;;;4 Stellfüße;;;;;;60;;;;;;;;;;;;;;;;;;;;;;;660;1170;640;;;;;;;;;;;;;;;;;;;;;;;150;R290 / GWP 3;;;;;;;;;;;;;;;;;;;;;;;;;;;SS 304;;;;;;;;;;;;;;;;;;;;;;;;;;;;;;;210;264;;;;;;;;;;;;;;;;;;;;;;;;;;;;;;;;;;;;;;;;;;;;;;;;;;;;;;;;;;;;380-400/50;;;Ja;;;;;;;;;;;;-30 bis +70;;;;;;;;;;;;;;;;;Ja;;Ja;;;;;;;;;;;;;;;;;;;;;;;;;;;;;;;;;;;;;;;;;;;;;;;;;;;;;;;;;;55;;38;;;;26;40;;;;;;;;;;;830;845;2125;BLCA14X1_Produktblatt.pdf;BLCA14X1_Betriebsanleitung.pdf;BLCA14X1_Ersatzteilliste.pdf;BLCA14X1_Energielabel.pdf;BLCA14X1_Energiepfeil.pdf
Tefcold;;;;;Schockfroster;54811;BLCA3X1;5708181740122;5708181740122;TEFCOLD;3117,00;Gastrobereich | Schockfroster;;;;;;;;;;;Automatisch, Heißgas;;;;;;;;700;;;;;;;;;;;;;;;;;;;;;;;;;;;;;;;;;Programmierbarer Touchscreen;;;;;;;;;;;;;;;;;;;;;;;1 Selbstschließende Dreh-Volltür;;;;;;;;;;;;;804;995;826;;;;;;;;;;;;;;;3 x GN1/1;;;;130;139;;;;;;;;;;;;;;;;;;;;;;;;;;;;;;;;SS 304;;;;;;;;;;;;;;;;;;;;;4 Stellfüße;;;;;;60;;;;;;;;;;;;;;;;;;;;;;;660;330;640;;;;;;;;;;;;;;;;;;;;;;;130;R290 / GWP 3;;;;;;;;;;;;;;;;;;;;;;;;;;;SS 304;;;;;;;;;;;;;;;;;;;;;;;;;;;;;;;104;60;;;;;;;;;;;;;;;;;;;;;;;;;;;;;;;;;;;;;;;;;;;;;;;;;;;;;;;;;;;;220-240/50;;;Ja;;;;;;;;;;;;-30 bis +70;;;;;;;;;;;;;;;;;Ja;;Ja;;;;;;;;;;;;;;;;;;;;;;;;;;;;;;;;;;;;;;;;;;;;;;;;;;;;;;;;;;12;;8;;;;52;40;;;;;;;;;;;870;900;1030;BLCA3X1_Produktblatt.pdf;BLCA3X1_Betriebsanleitung.pdf;BLCA3X1_Ersatzteilliste.pdf;BLCA3X1_Energielabel.pdf;BLCA3X1_Energiepfeil.pdf
Tefcold;;;;;Schockfroster;54816;BLCA5X1;5708181740184;5708181740184;TEFCOLD;3822,00;Gastrobereich | Schockfroster;;;;;;;;;;;Automatisch, Heißgas;;;;;;;;720;;;;;;;;;;;;;;;;;;;;;;;;;;;;;;;;;Programmierbarer Touchscreen;;;;;;;;;;;;;;;;;;;;;;;1 Selbstschließende Dreh-Volltür;;;;;;;;;;;;;804;1045;826;;;;;;;;;;;;;;;5 x GN1/1;;;;149;169;;;;;;;;;;;;;;;;;;;;;;;;;;;;;;;;SS 304;;;;;;;;;;;;;;;;;;;;;4 Stellfüße;;;;;;60;;;;;;;;;;;;;;;;;;;;;;;660;400;640;;;;;;;;;;;;;;;;;;;;;;;150;R290 / GWP 3;;;;;;;;;;;;;;;;;;;;;;;;;;;SS 304;;;;;;;;;;;;;;;;;;;;;;;;;;;;;;;116;91;;;;;;;;;;;;;;;;;;;;;;;;;;;;;;;;;;;;;;;;;;;;;;;;;;;;;;;;;;;;220-240/50;;;Ja;;;;;;;;;;;;-30 bis +70;;;;;;;;;;;;;;;;;Ja;;Ja;;;;;;;;;;;;;;;;;;;;;;;;;;;;;;;;;;;;;;;;;;;;;;;;;;;;;;;;;;18;;14;;;;52;40;;;;;;;;;;;870;900;1100;BLCA5X1_Produktblatt.pdf;BLCA5X1_Betriebsanleitung.pdf;BLCA5X1_Ersatzteilliste.pdf;BLCA5X1_Energielabel.pdf;BLCA5X1_Energiepfeil.pdf
Tefcold;Tefcold-Framec-Eisvitrine;;;;Speiseeisvitrinen;49429;IC201SC+SO;5708181731977;5708181731977;TEFCOLD;832,00;Eiscreme – Gefriergeräte | Speiseeisvitrinen – statische Kühlung;1672494;;;;;;;;;;Manuell;;;;;;;;98;;;;;;;;;;;;;;;;;;;;;;;;;;;;;;;;;Mechanisch;;;;;;;;;;;;;;;;;;;;;;;;;;;;;;;;;;;;720;1250;630;;;;;;;;;;;;;;;;;;;92;191;;;;;;;;;;;;;;;;;;;;;42.1;D;;1.46;534;;;;;;;Weiß;;;;;;;;;;;;;;;;;;;;;;;;;;;45;;;;;;;;;;;;;;;;;;;;;;;600;655;510;LED;;;;;;;;;5;;;;;;;;;;;;;55;R600a / GWP 3;;;Statisch;;;;;;;;;;;;;;;;;;;;;;;;Stahlblech, verzinkt, mit weißer Lackierung;;;;;;+40°C, 40% RH;;;;;;;;;;;;;;;;;;;;;;;;;84;165;;;;;;;;;;;;;;;;;;;;;;;;;;;;;;;;;;;;;;;4 Rollen, davon zwei mit Bremse;;;;;;;;;;;;;;;;;;;;;220-240/50;;;Ja;;;;;;;;;;;Thermometer;-24 bis -14;;;;;;;;;;;;;;;Ja;;;;;;;;;;;;;;;;;;;;;;;;;;;;;;;;;;;;;;;;;;;;;;;;;;;;;;;;;;;;;;;;;;4 Kunstst.-Behälter (5L);7 Kunstst.-Behälter (5L);92;;;;;;;;;;;;800;750;1130;IC201SC_SO_Produktblatt.pdf;IC201SC_SO_Betriebsanleitung.pdf;IC201SC_SO_Ersatzteilliste.pdf;IC201SC_SO_Energielabel.pdf;IC201SC_SO_Energiepfeil.png
Tefcold;Tefcold-Framec-Eisvitrine;;;;Speiseeisvitrinen;49431;IC201SCE+SO;5708181731984;5708181731984;TEFCOLD;865,00;Eiscreme – Gefriergeräte | Speiseeisvitrinen – statische Kühlung;1676552;;;;;;;;;;Manuell;;;;;;;;98;;;;;;;;;;;;;;;;;;;;;;;;;;;;;;;;;Mechanisch;;;;;;;;;;;;;;;;;;;;;;;;;;;;;;;;;;;;720;1295;615;;;;;;;;;;;;;;;;;;;96;176;;;;;;;;;;;;;;;;;;;;;44;D;;1.51;552;;;;;;;Weiß;;;;;;;;;;;;;;;;;;;;;;;;;;;45;;;;;;;;;;;;;;;;;;;;;;;500;710;495;LED;;;;;;;;;5;;;;;;;;;;;;;55;R600a / GWP 3;;;Statisch;;;;;;;;;;;;;;;;;;;;;;;;Stahlblech, verzinkt, mit weißer Lackierung;;;;;;+40°C, 40% RH;;;;;;;;;;;;;;;;;;;;;;;;;89;157;;;;;;;;;;;;;;;;;;;;;;;;;;;;;;;;;;;;;;;4 Rollen, davon zwei mit Bremse;;;;;;;;;;;;;;;;;;;;;220-240/50;;;Ja;;;;;;;;;;;Thermometer;-24 bis -14;;;;;;;;;;;;;;;Ja;;;;;;;;;;;;;;;;;;;;;;;;;;;;;;;;;;;;;;;;;;;;;;;;;;;;;;;;;;;;;;;;;;4 Kunstst.-Behälter (5L);7 Kunstst.-Behälter (5L);92;;;;;;;;;;;;800;750;1200;IC201SCE_SO_Produktblatt.pdf;IC201SCE_SO_Betriebsanleitung.pdf;IC201SCE_SO_Ersatzteilliste.pdf;IC201SCE_SO_Energielabel.pdf;IC201SCE_SO_Energiepfeil.png
Tefcold;Tefcold-Framec-Eisvitrine;;;;Speiseeisvitrinen;71495;IC202SC-SO;5708181760724;5708181760724;TEFCOLD;852,00;DEALS + | ProduktneuheitenEiscreme – Gefriergeräte | Speiseeisvitrinen – statische Kühlung;2579910;;;;;;;;;;Manuell;;;;;;;;200;;;;;;;;;;;;;;;;;;;;;;;;;;;;;;;;;Mechanisch;;;;;;;;;;;;;;;;;;;;;;;;;;;;;;;;;;;;720;1250;630;;;;;;;;;;;;;;;;;;;92;191;;;;;;;;;;;;;;;;;;;;;39.9;D;;1.489;543.485;;;;;;;Weiß;;;;;;;;;;;;;;;;;;;;;;;;;;;45;;;;;;;;;;;;;;;;;;;;;;;600;655;510;LED;;;;;;;;;5;;;;;;;;;;;;;55;R600a / GWP 3;;;Statisch;;;;;;;;;;;;;;;;;;;;;;;;Stahlblech, verzinkt, mit weißer Lackierung;;;;;;+40°C, 40% RH;;;;;;;;;;;;;;;;;;;;;;;;;84;155;;;;;;;;;;;;;;;;;;;;;;;;;;;;;;;;;;;;;;;4 Rollen, davon zwei mit Bremse;;;;;;;;;;;;;;;;;;;;;220-240/50;;;Ja;;;;;;;;;;;Thermometer;-24 bis -14;;;;;;;;;;;;;;;Ja;;;;;;;;;;;;;;;;;;;;;;;;;;;;;;;;;;;;;;;;;;;;;;;;;;;;;;;;;;;;;;;;;;4 Kunstst.-Behälter (5L) / 6 Kunstst.-Behälter (4L);7 Kunstst.-Behälter (5L) / 7 Kunstst.-Behälter (4L);92;;;;;;;;;;;;800;750;1130;IC202SC-SO_Produktblatt.pdf;IC202SC-SO_Betriebsanleitung.pdf;IC202SC-SO_Ersatzteilliste.pdf;IC202SC-SO_Energielabel.pdf;IC202SC-SO_Energiepfeil.png
Tefcold;Tefcold-Framec-Eisvitrine;;;;Speiseeisvitrinen;71503;IC202SCE-SO;5708181760809;5708181760809;TEFCOLD;880,00;Eiscreme – Gefriergeräte | Speiseeisvitrinen – statische KühlungDEALS + | Produktneuheiten;2580023;;;;;;;;;;Manuell;;;;;;;;200;;;;;;;;;;;;;;;;;;;;;;;;;;;;;;;;;Mechanisch;;;;;;;;;;;;;;;;;;;;;;;;;;;;;;;;;;;;720;1295;615;;;;;;;;;;;;;;;;;;;96;176;;;;;;;;;;;;;;;;;;;;;;D;;1.537;561;;;;;;;Weiß;;;;;;;;;;;;;;;;;;;;;;;;;;;45;;;;;;;;;;;;;;;;;;;;;;;500;710;495;LED;;;;;;;;;5;;;;;;;;;;;;;55;R600a / GWP 3;;;Statisch;;;;;;;;;;;;;;;;;;;;;;;;Stahlblech, verzinkt, mit weißer Lackierung;;;;;;+40°C, 40% RH;;;;;;;;;;;;;;;;;;;;;;;;;89;144;;;;;;;;;;;;;;;;;;;;;;;;;;;;;;;;;;;;;;;4 Rollen, davon zwei mit Bremse;;;;;;;;;;;;;;;;;;;;;220-240/50;;;Ja;;;;;;;;;;;Thermometer;-24 bis -14;;;;;;;;;;;;;;;Ja;;;;;;;;;;;;;;;;;;;;;;;;;;;;;;;;;;;;;;;;;;;;;;;;;;;;;;;;;;;;;;;;;;4 Kunstst.-Behälter (5L) / 3 Napoli-Behälter (5L) / 6 Kunstst.-Behälter (4L);7 Kunstst.-Behälter (5L) / 7 Napoli-Behälter (5L) / 7 Kunstst.-Behälter (4L);92;;;;;;;;;;;;800;750;1210;IC202SCE-SO_Produktblatt.pdf;IC202SCE-SO_Betriebsanleitung.pdf;IC202SCE-SO_Ersatzteilliste.pdf;IC202SCE-SO_Energielabel.pdf;IC202SCE-SO_Energiepfeil.png
Tefcold;Tefcold-Framec-Eisvitrine;;;;Speiseeisvitrinen;49742;IC301SC+SO;5708181733216;5708181733216;TEFCOLD;1005,00;Eiscreme – Gefriergeräte | Speiseeisvitrinen – statische Kühlung;1764850;;;;;;;;;;Manuell;;;;;;;;141;;;;;;;;;;;;;;;;;;;;;;;;;;;;;;;;;Mechanisch;;;;;;;;;;;;;;;;;;;;;;;;;;;;;;;;;;;;1010;1250;630;;;;;;;;;;;;;;;;;;;116;296;;;;;;;;;;;;;;;;;;;;;40.3;D;;1.78;648;;;;;;;Weiß;;;;;;;;;;;;;;;;;;;;;;;;;;;45;;;;;;;;;;;;;;;;;;;;;;;890;655;510;LED;;;;;;;;;5;;;;;;;;;;;;;85;R290 / GWP 3;;;Statisch;;;;;;;;;;;;;;;;;;;;;;;;Stahlblech, verzinkt, mit weißer Lackierung;;;;;;+40°C, 40% RH;;;;;;;;;;;;;;;;;;;;;;;;;107;255;;;;;;;;;;;;;;;;;;;;;;;;;;;;;;;;;;;;;;;4 Rollen, davon zwei mit Bremse;;;;;;;;;;;;;;;;;;;;;220-240/50;;;Ja;;;;;;;;;;;Thermometer;-24 bis -14;;;;;;;;;;;;;;;Ja;;;;;;;;;;;;;;;;;;;;;;;;;;;;;;;;;;;;;;;;;;;;;;;;;;;;;;;;;;;;;;;;;;7 Kunstst.-Behälter (5L);13 Kunstst.-Behälter (5L);64;;;;;;;;;;;;1100;750;1130;IC301SC_SO_Produktblatt.pdf;IC301SC_SO_Betriebsanleitung.pdf;IC301SC_SO_Ersatzteilliste.pdf;IC301SC_SO_Energielabel.pdf;IC301SC_SO_Energiepfeil.png
Tefcold;Tefcold-Framec-Eisvitrine;;;;Speiseeisvitrinen;49435;IC301SCE+SO;5708181731991;5708181731991;TEFCOLD;1027,00;Eiscreme – Gefriergeräte | Speiseeisvitrinen – statische Kühlung;1845145;;;;;;;;;;Manuell;;;;;;;;141;;;;;;;;;;;;;;;;;;;;;;;;;;;;;;;;;Mechanisch;;;;;;;;;;;;;;;;;;;;;;;;;;;;;;;;;;;;1010;1295;615;;;;;;;;;;;;;;;;;;;115;264;;;;;;;;;;;;;;;;;;;;;48.9;D;;2.08;758;;;;;;;Weiß;;;;;;;;;;;;;;;;;;;;;;;;;;;45;;;;;;;;;;;;;;;;;;;;;;;890;710;495;LED;;;;;;;;;5;;;;;;;;;;;;;85;R290 / GWP 3;;;Statisch;;;;;;;;;;;;;;;;;;;;;;;;Stahlblech, verzinkt, mit weißer Lackierung;;;;;;+40°C, 40% RH;;;;;;;;;;;;;;;;;;;;;;;;;102;230;;;;;;;;;;;;;;;;;;;;;;;;;;;;;;;;;;;;;;;4 Rollen, davon zwei mit Bremse;;;;;;;;;;;;;;;;;;;;;220-240/50;;;Ja;;;;;;;;;;;Thermometer;-24 bis -14;;;;;;;;;;;;;;;Ja;;;;;;;;;;;;;;;;;;;;;;;;;;;;;;;;;;;;;;;;;;;;;;;;;;;;;;;;;;;;;;;;;;7 Kunstst.-Behälter (5L);13 Kunstst.-Behälter (5L);64;;;;;;;;;;;;1100;750;1200;IC301SCE_SO_Produktblatt.pdf;IC301SCE_SO_Betriebsanleitung.pdf;IC301SCE_SO_Ersatzteilliste.pdf;IC301SCE_SO_Energielabel.pdf;IC301SCE_SO_Energiepfeil.png
Tefcold;Tefcold-Framec-Eisvitrine;;;;Speiseeisvitrinen;71497;IC302SC-SO;5708181760748;5708181760748;TEFCOLD;985,00;Eiscreme – Gefriergeräte | Speiseeisvitrinen – statische KühlungDEALS + | Produktneuheiten;2579916;;;;;;;;;;Manuell;;;;;;;;300;;;;;;;;;;;;;;;;;;;;;;;;;;;;;;;;;Mechanisch;;;;;;;;;;;;;;;;;;;;;;;;;;;;;;;;;;;;1010;1250;630;;;;;;;;;;;;;;;;;;;116;296;;;;;;;;;;;;;;;;;;;;;;D;;1.815;662.475;;;;;;;Weiß;;;;;;;;;;;;;;;;;;;;;;;;;;;45;;;;;;;;;;;;;;;;;;;;;;;890;655;510;LED;;;;;;;;;5;;;;;;;;;;;;;85;R290 / GWP 3;;;Statisch;;;;;;;;;;;;;;;;;;;;;;;;Stahlblech, verzinkt, mit weißer Lackierung;;;;;;+40°C, 40% RH;;;;;;;;;;;;;;;;;;;;;;;;;107;255;;;;;;;;;;;;;;;;;;;;;;;;;;;;;;;;;;;;;;;4 Rollen, davon zwei mit Bremse;;;;;;;;;;;;;;;;;;;;;220-240/50;;;Ja;;;;;;;;;;;Thermometer;-24 bis -14;;;;;;;;;;;;;;;Ja;;;;;;;;;;;;;;;;;;;;;;;;;;;;;;;;;;;;;;;;;;;;;;;;;;;;;;;;;;;;;;;;;;7 Kunstst.-Behälter (5L) / 10 Kunstst.-Behälter (4L);13 Kunstst.-Behälter (5L) / 13 Kunstst.-Behälter (4L);64;;;;;;;;;;;;1100;750;1130;IC302SC-SO_Produktblatt.pdf;IC302SC-SO_Betriebsanleitung.pdf;IC302SC-SO_Ersatzteilliste.pdf;IC302SC-SO_Energielabel.pdf;IC302SC-SO_Energiepfeil.png
Tefcold;Tefcold-Framec-Eisvitrine;;;;Speiseeisvitrinen;71505;IC302SCE-SO;5708181760823;5708181760823;TEFCOLD;1014,00;Eiscreme – Gefriergeräte | Speiseeisvitrinen – statische KühlungDEALS + | Produktneuheiten;2580024;;;;;;;;;;Manuell;;;;;;;;300;;;;;;;;;;;;;;;;;;;;;;;;;;;;;;;;;Mechanisch;;;;;;;;;;;;;;;;;;;;;;;;;;;;;;;;;;;;1010;1295;615;;;;;;;;;;;;;;;;;;;115;264;;;;;;;;;;;;;;;;;;;;;;D;;2.168;791.32;;;;;;;Weiß;;;;;;;;;;;;;;;;;;;;;;;;;;;45;;;;;;;;;;;;;;;;;;;;;;;890;710;495;LED;;;;;;;;;5;;;;;;;;;;;;;85;R290 / GWP 3;;;Statisch;;;;;;;;;;;;;;;;;;;;;;;;Stahlblech, verzinkt, mit weißer Lackierung;;;;;;+40°C, 40% RH;;;;;;;;;;;;;;;;;;;;;;;;;102;230;;;;;;;;;;;;;;;;;;;;;;;;;;;;;;;;;;;;;;;4 Rollen, davon zwei mit Bremse;;;;;;;;;;;;;;;;;;;;;220-240/50;;;Ja;;;;;;;;;;;Thermometer;-24 bis -14;;;;;;;;;;;;;;;Ja;;;;;;;;;;;;;;;;;;;;;;;;;;;;;;;;;;;;;;;;;;;;;;;;;;;;;;;;;;;;;;;;;;7 Kunstst.-Behälter (5L) / 5 Napoli-Behälter (5L) / 10 Kunstst.-Behälter (4L);13 Kunstst.-Behälter (5L) / 9 Napoli-Behälter (5L) / 13 Kunstst.-Behälter (4L);64;;;;;;;;;;;;1100;750;1210;IC302SCE-SO_Produktblatt.pdf;IC302SCE-SO_Betriebsanleitung.pdf;IC302SCE-SO_Ersatzteilliste.pdf;IC302SCE-SO_Energielabel.pdf;IC302SCE-SO_Energiepfeil.png
Tefcold;Tefcold-Framec-Eisvitrine;;;;Speiseeisvitrinen;49766;IC401SC+SO;5708181733315;5708181733315;TEFCOLD;1111,00;Eiscreme – Gefriergeräte | Speiseeisvitrinen – statische Kühlung;1767543;;;;;;;;;;Manuell;;;;;;;;141;;;;;;;;;;;;;;;;;;;;;;;;;;;;;;;;;Mechanisch;;;;;;;;;;;;;;;;;;;;;;;;;;;;;;;;;;;;1300;1250;630;;;;;;;;;;;;;;;;;;;130;401;;;;;;;;;;;;;;;;;;;;;44.5;D;;2.35;857;;;;;;;Weiß;;;;;;;;;;;;;;;;;;;;;;;;;;;45;;;;;;;;;;;;;;;;;;;;;;;1180;655;510;LED;;;;;;;;;5;;;;;;;;;;;;;105;R290 / GWP 3;;;Statisch;;;;;;;;;;;;;;;;;;;;;;;;Stahlblech, verzinkt, mit weißer Lackierung;;;;;;+40°C, 40% RH;;;;;;;;;;;;;;;;;;;;;;;;;120;350;;;;;;;;;;;;;;;;;;;;;;;;;;;;;;;;;;;;;;;4 Rollen, davon zwei mit Bremse;;;;;;;;;;;;;;;;;;;;;220-240/50;;;Ja;;;;;;;;;;;Thermometer;-24 bis -14;;;;;;;;;;;;;;;Ja;;;;;;;;;;;;;;;;;;;;;;;;;;;;;;;;;;;;;;;;;;;;;;;;;;;;;;;;;;;;;;;;;;10 Kunstst.-Behälter (5L);19 Kunstst.-Behälter (5L);50;;;;;;;;;;;;1400;750;1130;IC401SC_SO_Produktblatt.pdf;IC401SC_SO_Betriebsanleitung.pdf;IC401SC_SO_Ersatzteilliste.pdf;IC401SC_SO_Energielabel.pdf;IC401SC_SO_Energiepfeil.png
Tefcold;Tefcold-Framec-Eisvitrine;;;;Speiseeisvitrinen;49437;IC401SCE+SO;5708181732004;5708181732004;TEFCOLD;1160,00;Eiscreme – Gefriergeräte | Speiseeisvitrinen – statische Kühlung;1767564;;;;;;;;;;Manuell;;;;;;;;141;;;;;;;;;;;;;;;;;;;;;;;;;;;;;;;;;Mechanisch;;;;;;;;;;;;;;;;;;;;;;;;;;;;;;;;;;;;1300;1295;615;;;;;;;;;;;;;;;;;;;132;352;;;;;;;;;;;;;;;;;;;;;43.2;D;;2.19;799;;;;;;;Weiß;;;;;;;;;;;;;;;;;;;;;;;;;;;45;;;;;;;;;;;;;;;;;;;;;;;1180;710;495;LED;;;;;;;;;5;;;;;;;;;;;;;105;R290 / GWP 3;;;Statisch;;;;;;;;;;;;;;;;;;;;;;;;Stahlblech, verzinkt, mit weißer Lackierung;;;;;;+40°C, 40% RH;;;;;;;;;;;;;;;;;;;;;;;;;122;325;;;;;;;;;;;;;;;;;;;;;;;;;;;;;;;;;;;;;;;4 Rollen, davon zwei mit Bremse;;;;;;;;;;;;;;;;;;;;;220-240/50;;;Ja;;;;;;;;;;;Thermometer;-24 bis -14;;;;;;;;;;;;;;;Ja;;;;;;;;;;;;;;;;;;;;;;;;;;;;;;;;;;;;;;;;;;;;;;;;;;;;;;;;;;;;;;;;;;9 Kunstst.-Behälter (5L);19 Kunstst.-Behälter (5L);50;;;;;;;;;;;;1400;750;1200;IC401SCE_SO_Produktblatt.pdf;IC401SCE_SO_Betriebsanleitung.pdf;IC401SCE_SO_Ersatzteilliste.pdf;IC401SCE_SO_Energielabel.pdf;IC401SCE_SO_Energiepfeil.png
Tefcold;Tefcold-Framec-Eisvitrine;;;;Speiseeisvitrinen;71499;IC402SC-SO;5708181760762;5708181760762;TEFCOLD;1166,00;Eiscreme – Gefriergeräte | Speiseeisvitrinen – statische KühlungDEALS + | Produktneuheiten;2579947;;;;;;;;;;Manuell;;;;;;;;320;;;;;;;;;;;;;;;;;;;;;;;;;;;;;;;;;Mechanisch;;;;;;;;;;;;;;;;;;;;;;;;;;;;;;;;;;;;1300;1250;630;;;;;;;;;;;;;;;;;;;130;401;;;;;;;;;;;;;;;;;;;;;;D;;2.403;877.095;;;;;;;Weiß;;;;;;;;;;;;;;;;;;;;;;;;;;;45;;;;;;;;;;;;;;;;;;;;;;;1180;655;510;LED;;;;;;;;;5;;;;;;;;;;;;;105;R290 / GWP 3;;;Statisch;;;;;;;;;;;;;;;;;;;;;;;;Stahlblech, verzinkt, mit weißer Lackierung;;;;;;+40°C, 40% RH;;;;;;;;;;;;;;;;;;;;;;;;;120;350;;;;;;;;;;;;;;;;;;;;;;;;;;;;;;;;;;;;;;;4 Rollen, davon zwei mit Bremse;;;;;;;;;;;;;;;;;;;;;220-240/50;;;Ja;;;;;;;;;;;Thermometer;-24 bis -14;;;;;;;;;;;;;;;Ja;;;;;;;;;;;;;;;;;;;;;;;;;;;;;;;;;;;;;;;;;;;;;;;;;;;;;;;;;;;;;;;;;;10 Kunstst.-Behälter (5L) / 12 Kunstst.-Behälter (4L);19 Kunstst.-Behälter (5L) / 19 Kunstst.-Behälter (4L);50;;;;;;;;;;;;1400;750;1130;IC402SC-SO_Produktblatt.pdf;IC402SC-SO_Betriebsanleitung.pdf;IC402SC-SO_Ersatzteilliste.pdf;IC402SC-SO_Energielabel.pdf;IC402SC-SO_Energiepfeil.png
Tefcold;Tefcold-Framec-Eisvitrine;;;;Speiseeisvitrinen;71507;IC402SCE-SO;5708181760847;5708181760847;TEFCOLD;1196,00;Eiscreme – Gefriergeräte | Speiseeisvitrinen – statische KühlungDEALS + | Produktneuheiten;2580029;;;;;;;;;;Manuell;;;;;;;;320;;;;;;;;;;;;;;;;;;;;;;;;;;;;;;;;;Mechanisch;;;;;;;;;;;;;;;;;;;;;;;;;;;;;;;;;;;;1300;1295;615;;;;;;;;;;;;;;;;;;;132;352;;;;;;;;;;;;;;;;;;;;;;D;;2.849;1039.885;;;;;;;Weiß;;;;;;;;;;;;;;;;;;;;;;;;;;;45;;;;;;;;;;;;;;;;;;;;;;;1180;710;495;LED;;;;;;;;;5;;;;;;;;;;;;;105;R290 / GWP 3;;;Statisch;;;;;;;;;;;;;;;;;;;;;;;;Stahlblech, verzinkt, mit weißer Lackierung;;;;;;+40°C, 40% RH;;;;;;;;;;;;;;;;;;;;;;;;;122;310;;;;;;;;;;;;;;;;;;;;;;;;;;;;;;;;;;;;;;;4 Rollen, davon zwei mit Bremse;;;;;;;;;;;;;;;;;;;;;220-240/50;;;Ja;;;;;;;;;;;Thermometer;-24 bis -14;;;;;;;;;;;;;;;Ja;;;;;;;;;;;;;;;;;;;;;;;;;;;;;;;;;;;;;;;;;;;;;;;;;;;;;;;;;;;;;;;;;;9 Kunstst.-Behälter (5L) / 7 Napoli-Behälter (5L) / 12 Kunstst.-Behälter (4L);19 Kunstst.-Behälter (5L) / 15 Napoli-Behälter (5L) / 19 Kunstst.-Behälter (4L);50;;;;;;;;;;;;1400;750;1210;IC402SCE-SO_Produktblatt.pdf;IC402SCE-SO_Betriebsanleitung.pdf;IC402SCE-SO_Ersatzteilliste.pdf;IC402SCE-SO_Energielabel.pdf;IC402SCE-SO_Energiepfeil.png
Tefcold;Tefcold-Framec-Eisvitrine;;;;Speiseeisvitrinen;49771;IC501SC+SO;5708181733353;5708181733353;TEFCOLD;1293,00;Eiscreme – Gefriergeräte | Speiseeisvitrinen – statische Kühlung;1767586;;;;;;;;;;Manuell;;;;;;;;191;;;;;;;;;;;;;;;;;;;;;;;;;;;;;;;;;Mechanisch;;;;;;;;;;;;;;;;;;;;;;;;;;;;;;;;;;;;1550;1250;630;;;;;;;;;;;;;;;;;;;117;491;;;;;;;;;;;;;;;;;;;;;45.3;D;;2.73;997;;;;;;;Weiß;;;;;;;;;;;;;;;;;;;;;;;;;;;45;;;;;;;;;;;;;;;;;;;;;;;1430;655;510;LED;;;;;;;;;5;;;;;;;;;;;;;110;R290 / GWP 3;;;Statisch;;;;;;;;;;;;;;;;;;;;;;;;Stahlblech, verzinkt, mit weißer Lackierung;;;;;;+40°C, 40% RH;;;;;;;;;;;;;;;;;;;;;;;;;107;430;;;;;;;;;;;;;;;;;;;;;;;;;;;;;;;;;;;;;;;4 Rollen, davon zwei mit Bremse;;;;;;;;;;;;;;;;;;;;;220-240/50;;;Ja;;;;;;;;;;;Thermometer;-24 bis -14;;;;;;;;;;;;;;;Ja;;;;;;;;;;;;;;;;;;;;;;;;;;;;;;;;;;;;;;;;;;;;;;;;;;;;;;;;;;;;;;;;;;12 Kunstst.-Behälter (5L);22 Kunstst.-Behälter (5L);42;;;;;;;;;;;;1640;750;1130;IC501SC_SO_Produktblatt.pdf;IC501SC_SO_Betriebsanleitung.pdf;IC501SC_SO_Ersatzteilliste.pdf;IC501SC_SO_Energielabel.pdf;IC501SC_SO_Energiepfeil.png
Tefcold;Tefcold-Framec-Eisvitrine;;;;Speiseeisvitrinen;49774;IC501SCE+SO;5708181733377;5708181733377;TEFCOLD;1299,00;Eiscreme – Gefriergeräte | Speiseeisvitrinen – statische Kühlung;1767589;;;;;;;;;;Manuell;;;;;;;;191;;;;;;;;;;;;;;;;;;;;;;;;;;;;;;;;;Mechanisch;;;;;;;;;;;;;;;;;;;;;;;;;;;;;;;;;;;;1554;1296;620;;;;;;;;;;;;;;;;;;;127;427;;;;;;;;;;;;;;;;;;;;;44.1;D;;2.55;929;;;;;;;Weiß;;;;;;;;;;;;;;;;;;;;;;;;;;;45;;;;;;;;;;;;;;;;;;;;;;;1430;708;500;LED;;;;;;;;;5;;;;;;;;;;;;;110;R290 / GWP 3;;;Statisch;;;;;;;;;;;;;;;;;;;;;;;;Stahlblech, verzinkt, mit weißer Lackierung;;;;;;+40°C, 40% RH;;;;;;;;;;;;;;;;;;;;;;;;;117;398;;;;;;;;;;;;;;;;;;;;;;;;;;;;;;;;;;;;;;;4 Rollen, davon zwei mit Bremse;;;;;;;;;;;;;;;;;;;;;220-240/50;;;Ja;;;;;;;;;;;Thermometer;-24 bis -14;;;;;;;;;;;;;;;Ja;;;;;;;;;;;;;;;;;;;;;;;;;;;;;;;;;;;;;;;;;;;;;;;;;;;;;;;;;;;;;;;;;;11 Kunstst.-Behälter (5L);22 Kunstst.-Behälter (5L);42;;;;;;;;;;;;1640;750;1200;IC501SCE_SO_Produktblatt.pdf;IC501SCE_SO_Betriebsanleitung.pdf;IC501SCE_SO_Ersatzteilliste.pdf;IC501SCE_SO_Energielabel.pdf;IC501SCE_SO_Energiepfeil.png
Tefcold;Tefcold-Framec-Eisvitrine;;;;Speiseeisvitrinen;71501;IC502SC-SO;5708181760786;5708181760786;TEFCOLD;1265,00;Eiscreme – Gefriergeräte | Speiseeisvitrinen – statische KühlungDEALS + | Produktneuheiten;2579996;;;;;;;;;;Manuell;;;;;;;;350;;;;;;;;;;;;;;;;;;;;;;;;;;;;;;;;;Mechanisch;;;;;;;;;;;;;;;;;;;;;;;;;;;;;;;;;;;;1550;1250;630;;;;;;;;;;;;;;;;;;;117;491;;;;;;;;;;;;;;;;;;;;;;D;;2.809;1025.285;;;;;;;Weiß;;;;;;;;;;;;;;;;;;;;;;;;;;;45;;;;;;;;;;;;;;;;;;;;;;;1430;655;510;LED;;;;;;;;;5;;;;;;;;;;;;;110;R290 / GWP 3;;;Statisch;;;;;;;;;;;;;;;;;;;;;;;;Stahlblech, verzinkt, mit weißer Lackierung;;;;;;+40°C, 40% RH;;;;;;;;;;;;;;;;;;;;;;;;;107;430;;;;;;;;;;;;;;;;;;;;;;;;;;;;;;;;;;;;;;;4 Rollen, davon zwei mit Bremse;;;;;;;;;;;;;;;;;;;;;220-240/50;;;Ja;;;;;;;;;;;Thermometer;-24 bis -14;;;;;;;;;;;;;;;Ja;;;;;;;;;;;;;;;;;;;;;;;;;;;;;;;;;;;;;;;;;;;;;;;;;;;;;;;;;;;;;;;;;;12 Kunstst.-Behälter (5L) / 16 Kunstst.-Behälter (4L);22 Kunstst.-Behälter (5L) / 22 Kunstst.-Behälter (4L);42;;;;;;;;;;;;1640;750;940;IC502SC-SO_Produktblatt.pdf;IC502SC-SO_Betriebsanleitung.pdf;IC502SC-SO_Ersatzteilliste.pdf;IC502SC-SO_Energielabel.pdf;IC502SC-SO_Energiepfeil.png
Tefcold;Tefcold-Framec-Eisvitrine;;;;Speiseeisvitrinen;71509;IC502SCE-SO;5708181760861;5708181760861;TEFCOLD;1293,00;Eiscreme – Gefriergeräte | Speiseeisvitrinen – statische KühlungDEALS + | Produktneuheiten;2580034;;;;;;;;;;Manuell;;;;;;;;350;;;;;;;;;;;;;;;;;;;;;;;;;;;;;;;;;Mechanisch;;;;;;;;;;;;;;;;;;;;;;;;;;;;;;;;;;;;1550;1295;615;;;;;;;;;;;;;;;;;;;127;427;;;;;;;;;;;;;;;;;;;;;;D;;2.895;1056.675;;;;;;;Weiß;;;;;;;;;;;;;;;;;;;;;;;;;;;45;;;;;;;;;;;;;;;;;;;;;;;1420;710;495;LED;;;;;;;;;5;;;;;;;;;;;;;110;R290 / GWP 3;;;Statisch;;;;;;;;;;;;;;;;;;;;;;;;Stahlblech, verzinkt, mit weißer Lackierung;;;;;;+40°C, 40% RH;;;;;;;;;;;;;;;;;;;;;;;;;117;398;;;;;;;;;;;;;;;;;;;;;;;;;;;;;;;;;;;;;;;4 Rollen, davon zwei mit Bremse;;;;;;;;;;;;;;;;;;;;;220-240/50;;;Ja;;;;;;;;;;;Thermometer;-24 bis -14;;;;;;;;;;;;;;;Ja;;;;;;;;;;;;;;;;;;;;;;;;;;;;;;;;;;;;;;;;;;;;;;;;;;;;;;;;;;;;;;;;;;11 Kunstst.-Behälter (5L) / 8 Napoli-Behälter (5L) / 16 Kunstst.-Behälter (4L);22 Kunstst.-Behälter (5L) / 17 Napoli-Behälter (5L) / 22 Kunstst.-Behälter (4L);42;;;;;;;;;;;;1640;750;1210;IC502SCE-SO_Produktblatt.pdf;IC502SCE-SO_Betriebsanleitung.pdf;IC502SCE-SO_Ersatzteilliste.pdf;IC502SCE-SO_Energielabel.pdf;IC502SCE-SO_Energiepfeil.png
Tefcold;Tefcold-Framec-Eisvitrine;;;;Speiseeisvitrinen;71175;IDA200-W1+;5708181759445;5708181759445;TEFCOLD;1718,00;DEALS + | ProduktneuheitenEiscreme – Gefriergeräte | Speiseeisvitrinen – statische Kühlung;2592698;;;;;;;;;;Manuell;;;;;;;;87;;;;;;;;;;;;;;;;;;;;;;;;;;;;;;;;;Mechanisch;;;;;;;;;;;;;;;;;;;;;;;;;;;;;;;;;;;;764;1330;694;;;;;;;;;;;;;;;;;;;72;205;;;;;;;;;;;;;;;;;;;;;33.6;C;;1.213;442.8;;;;;;;Weiß, RAL 9010;;;;;;;;;;;;;;;;;;;;;;;;;;;49;;;;;;;;;;;;;;;;;;;;;;;606;688;536;LED;;;;;;;;;7;;;;;;;;;;;;;66;R290 / GWP 3;;;Statisch;;;;;;;;;;;;;;;;;;;;;;;;Weiß, RAL 9010;;;;;;+35°C, 75% RH;;;;;;;;;;;;;;;;;;;;;;;;;66;163;;;;;;;;;;;;;;;;;;;;;;;;;;;;;;;;;;;;;;;Rollen;;;;;;;;;;;;;;;;;;;;;220-240/50;;;Ja;;;;;;;;;;;Thermometer;-23 bis -16;;;;;;;;;;;;;;;Nein;;;;;;;;;;;;;;;;;;;;;;;;;;;;;;0.96;;;;;;;;;;;;;;;;;;;;;;;;;;;;;;;;;;;;5 Kunstst.-Behälter (5L) + 1 Kunstst.-Behälter (2.5L);9 Kunstst.-Behälter (5L);72;;;;;;;;;;;;810;760;920;IDA200-W1_Produktblatt.pdf;IDA200-W1_Betriebsanleitung.pdf;IDA200-W1_Ersatzteilliste.pdf;IDA200-W1_Energielabel.pdf;IDA200-W1_Energiepfeil.png
Tefcold;Tefcold-Framec-Eisvitrine;;;;Speiseeisvitrinen;71176;IDA300-W1+;5708181759452;5708181759452;TEFCOLD;1866,00;Eiscreme – Gefriergeräte | Speiseeisvitrinen – statische KühlungDEALS + | Produktneuheiten;2593080;;;;;;;;;;Manuell;;;;;;;;129;;;;;;;;;;;;;;;;;;;;;;;;;;;;;;;;;Mechanisch;;;;;;;;;;;;;;;;;;;;;;;;;;;;;;;;;;;;1094;1330;694;;;;;;;;;;;;;;;;;;;85;331;;;;;;;;;;;;;;;;;;;;;37.2;D;;1.72;627.8;;;;;;;Weiß, RAL 9010;;;;;;;;;;;;;;;;;;;;;;;;;;;49;;;;;;;;;;;;;;;;;;;;;;;936;688;536;LED;;;;;;;;;7;;;;;;;;;;;;;68;R290 / GWP 3;;;Statisch;;;;;;;;;;;;;;;;;;;;;;;;Weiß, RAL 9010;;;;;;+35°C, 75% RH;;;;;;;;;;;;;;;;;;;;;;;;;78;267;;;;;;;;;;;;;;;;;;;;;;;;;;;;;;;;;;;;;;;Rollen;;;;;;;;;;;;;;;;;;;;;220-240/50;;;Ja;;;;;;;;;;;Thermometer;-23 bis -16;;;;;;;;;;;;;;;Nein;;;;;;;;;;;;;;;;;;;;;;;;;;;;;;1.2;;;;;;;;;;;;;;;;;;;;;;;;;;;;;;;;;;;;8 Kunstst.-Behälter (5L);15 Kunstst.-Behälter (5L);52;;;;;;;;;;;;1240;760;920;IDA300-W1_Produktblatt.pdf;IDA300-W1_Betriebsanleitung.pdf;IDA300-W1_Ersatzteilliste.pdf;IDA300-W1_Energielabel.pdf;IDA300-W1_Energiepfeil.png
Tefcold;Tefcold-Framec-Eisvitrine;;;;Speiseeisvitrinen;71177;IDA400-W1+;5708181759469;5708181759469;TEFCOLD;1935,00;Eiscreme – Gefriergeräte | Speiseeisvitrinen – statische KühlungDEALS + | Produktneuheiten;2593112;;;;;;;;;;Manuell;;;;;;;;112;;;;;;;;;;;;;;;;;;;;;;;;;;;;;;;;;Mechanisch;;;;;;;;;;;;;;;;;;;;;;;;;;;;;;;;;;;;1344;1330;694;;;;;;;;;;;;;;;;;;;97;426;;;;;;;;;;;;;;;;;;;;;33.8;C;;1.831;668.32;;;;;;;Weiß, RAL 9010;;;;;;;;;;;;;;;;;;;;;;;;;;;49;;;;;;;;;;;;;;;;;;;;;;;1186;688;536;LED;;;;;;;;;7;;;;;;;;;;;;;80;R290 / GWP 3;;;Statisch;;;;;;;;;;;;;;;;;;;;;;;;Weiß, RAL 9010;;;;;;+35°C, 75% RH;;;;;;;;;;;;;;;;;;;;;;;;;90;345;;;;;;;;;;;;;;;;;;;;;;;;;;;;;;;;;;;;;;;Rollen;;;;;;;;;;;;;;;;;;;;;220-240/50;;;Ja;;;;;;;;;;;Thermometer;-23 bis -16;;;;;;;;;;;;;;;Nein;;;;;;;;;;;;;;;;;;;;;;;;;;;;;;1.38;;;;;;;;;;;;;;;;;;;;;;;;;;;;;;;;;;;;10 Kunstst.-Behälter (5L) + 2 Kunstst.-Behälter (2.5L);24 Kunstst.-Behälter (5L);40;;;;;;;;;;;;1390;760;920;IDA400-W1_Produktblatt.pdf;IDA400-W1_Betriebsanleitung.pdf;IDA400-W1_Ersatzteilliste.pdf;IDA400-W1_Energielabel.pdf;IDA400-W1_Energiepfeil.png
Tefcold;Tefcold-Framec-Eisvitrine;;;;Speiseeisvitrinen;67571;IDA500-W1+;5708181752767;5708181752767;TEFCOLD;2197,00;Eiscreme – Gefriergeräte | Speiseeisvitrinen – statische Kühlung;2593128;;;;;;;;;;Manuell;;;;;;;;215;;;;;;;;;;;;;;;;;;;;;;;;;;;;;;;;;Mechanisch;;;;;;;;;;;;;;;;;;;;;;;;;;;;;;;;;;;;1544;1330;694;;;;;;;;;;;;;;;;;;;126;503;;;;;;;;;;;;;;;;;;;;;38.3;D;;2.31;842;;;;;;;Weiß, RAL 9010;;;;;;;;;;;;;;;;;;;;;;;;;;;49;;;;;;;;;;;;;;;;;;;;;;;1386;688;536;LED;;;;;;;;;7;;;;;;;;;;;;;96;R290 / GWP 3;;;Statisch;;;;;;;;;;;;;;;;;;;;;;;;Weiß, RAL 9010;;;;;;+35°C, 75% RH;;;;;;;;;;;;;;;;;;;;;;;;;119;408;;;;;;;;;;;;;;;;;;;;;;;;;;;;;;;;;;;;;;;Rollen;;;;;;;;;;;;;;;;;;;;;220-240/50;;;Ja;;;;;;;;;;;Thermometer;-23 bis -16;;;;;;;;;;;;;;;Nein;;;;;;;;;;;;;;;;;;;;;;;;;;;;;;1.53;;;;;;;;;;;;;;;;;;;;;;;;;;;;;;;;;;;;12 Kunstst.-Behälter (5L);30 Kunstst.-Behälter (5L);34;;;;;;;;;;;;1590;760;920;IDA500-W1_Produktblatt.pdf;IDA500-W1_Betriebsanleitung.pdf;IDA500-W1_Ersatzteilliste.pdf;IDA500-W1_Energielabel.pdf;IDA500-W1_Energiepfeil.png
Tefcold;Tefcold-Framec-Eisvitrine;;;;Speiseeisvitrinen;67573;IDA600-W1+;5708181752774;5708181752774;TEFCOLD;2319,00;Eiscreme – Gefriergeräte | Speiseeisvitrinen – statische Kühlung;2593146;;;;;;;;;;Manuell;;;;;;;;241;;;;;;;;;;;;;;;;;;;;;;;;;;;;;;;;;Mechanisch;;;;;;;;;;;;;;;;;;;;;;;;;;;;;;;;;;;;1804;1330;694;;;;;;;;;;;;;;;;;;;133;602;;;;;;;;;;;;;;;;;;;;;39.6;D;;2.71;990;;;;;;;Weiß, RAL 9010;;;;;;;;;;;;;;;;;;;;;;;;;;;49;;;;;;;;;;;;;;;;;;;;;;;1646;688;536;LED;;;;;;;;;7;;;;;;;;;;;;;112;R290 / GWP 3;;;Statisch;;;;;;;;;;;;;;;;;;;;;;;;Weiß, RAL 9010;;;;;;+35°C, 75% RH;;;;;;;;;;;;;;;;;;;;;;;;;126;489;;;;;;;;;;;;;;;;;;;;;;;;;;;;;;;;;;;;;;;Rollen;;;;;;;;;;;;;;;;;;;;;220-240/50;;;Ja;;;;;;;;;;;Thermometer;-23 bis -16;;;;;;;;;;;;;;;Nein;;;;;;;;;;;;;;;;;;;;;;;;;;;;;;1.72;;;;;;;;;;;;;;;;;;;;;;;;;;;;;;;;;;;;14 Kunstst.-Behälter (5L) + 2 Kunstst.-Behälter (2.5L);36 Kunstst.-Behälter (5L);28;;;;;;;;;;;;1860;760;920;IDA600-W1_Produktblatt.pdf;IDA600-W1_Betriebsanleitung.pdf;IDA600-W1_Ersatzteilliste.pdf;IDA600-W1_Energielabel.pdf;IDA600-W1_Energiepfeil.png
Tefcold;Tefcold-Framec-Eisvitrine;;;;Speiseeisvitrinen;20326;MIRABELLA 6;5708181617554;5708181617554;TEFCOLD;3809,00;Eiscreme – Gefriergeräte | Speiseeisvitrinen – statische Kühlung;2007469;;;;;;;;;;Automatisch;;;;;;;;500;;;;;;;;;;;;;;;;;;;;;;;;;;;;;;;;;Elektronisch;;;;;;;;;;;;;;;;;;;;;;;;;;;;;;;;;;;;1187;1190;677;;;;;;;;;;;;;;;;;;;137;276;;;;;;;;;;;;;;;;;;;;;;C;;10.75;3924;;;;;;;Anthrazit RAL 7016;;;;;;;;;;;;;;;;;;;;;;;;;;;42;;;;;;;;;;;;;;;;;;;;;;;;;;LED;;;;;;;;;4;;;;;;;;;;;;;85;R290 / GWP 3;;;Statisch;;;;;;;;;;;;;;;;;;;;;;;;Grau / Edelstahl;;;;;;+30°C, 55% RH;;;;;;;;;;;;;;;;;;;;;;;;;117;184;;;;;;;;;;;;;;;;;;;;;;;;;;;;;;;;;;;;;;;4 Rollen;;;;;;;;;;;;;;;;;;;;;220-240/50;;;Ja;;;;;;;;;;;Thermometer;-20 bis -5;;;;;;;;;;;;;;;;;;;;;;;;;;;;;;;;;;;;;;;;;;;;;0.36;;;;;;;;;;;;;;;;;;;;;;;;;;;;;;;;;;;;/ 6 Napoli-Behälter (5L);/ 12 Napoli-Behälter (5L);27;;;;;;;;;;;;1270;740;1290;MIRABELLA_6_Produktblatt.pdf;MIRABELLA_6_Betriebsanleitung.pdf;MIRABELLA_6_Ersatzteilliste.pdf;MIRABELLA_6_Energielabel.pdf;MIRABELLA_6_Energiepfeil.png
Tefcold;Tefcold-Framec-Eisvitrine;;;;Speiseeisvitrinen;20327;MIRABELLA 7;5708181617561;5708181617561;TEFCOLD;3989,00;Eiscreme – Gefriergeräte | Speiseeisvitrinen – statische Kühlung;2007457;;;;;;;;;;Automatisch;;;;;;;;580;;;;;;;;;;;;;;;;;;;;;;;;;;;;;;;;;Elektronisch;;;;;;;;;;;;;;;;;;;;;;;;;;;;;;;;;;;;1337;1190;677;;;;;;;;;;;;;;;;;;;145;329;;;;;;;;;;;;;;;;;;;;;;C;;11.54;4212;;;;;;;Anthrazit RAL 7016;;;;;;;;;;;;;;;;;;;;;;;;;;;42;;;;;;;;;;;;;;;;;;;;;;;;;;LED;;;;;;;;;4;;;;;;;;;;;;;85;R290 / GWP 3;;;Statisch;;;;;;;;;;;;;;;;;;;;;;;;Grau / Edelstahl;;;;;;+30°C, 55% RH;;;;;;;;;;;;;;;;;;;;;;;;;124;223;;;;;;;;;;;;;;;;;;;;;;;;;;;;;;;;;;;;;;;4 Rollen;;;;;;;;;;;;;;;;;;;;;220-240/50;;;Ja;;;;;;;;;;;Thermometer;-20 bis -5;;;;;;;;;;;;;;;;;;;;;;;;;;;;;;;;;;;;;;;;;;;;;0.42;;;;;;;;;;;;;;;;;;;;;;;;;;;;;;;;;;;;/ 7 Napoli-Behälter (5L);/ 16 Napoli-Behälter (5L);24;;;;;;;;;;;;1420;740;1290;MIRABELLA_7_Produktblatt.pdf;MIRABELLA_7_Betriebsanleitung.pdf;MIRABELLA_7_Ersatzteilliste.pdf;MIRABELLA_7_Energielabel.pdf;MIRABELLA_7_Energiepfeil.png
Tefcold;Tefcold-Framec-Eisvitrine;;;;Speiseeisvitrinen;20328;MIRABELLA 9;5708181617578;5708181617578;TEFCOLD;4412,00;Eiscreme – Gefriergeräte | Speiseeisvitrinen – statische Kühlung;1219294;;;;;;;;;;Automatisch;;;;;;;;700;;;;;;;;;;;;;;;;;;;;;;;;;;;;;;;;;Elektronisch;;;;;;;;;;;;;;;;;;;;;;;;;;;;;;;;;;;;1652;1190;677;;;;;;;;;;;;;;;;;;;157;439;;;;;;;;;;;;;;;;;;;;;;C;;14.26;5205;;;;;;;Anthrazit RAL 7016;;;;;;;;;;;;;;;;;;;;;;;;;;;42;;;;;;;;;;;;;;;;;;;;;;;;;;LED;;;;;;;;;4;;;;;;;;;;;;;125;R290 / GWP 3;;;Statisch;;;;;;;;;;;;;;;;;;;;;;;;Grau / Edelstahl;;;;;;+30°C, 55% RH;;;;;;;;;;;;;;;;;;;;;;;;;136;306;;;;;;;;;;;;;;;;;;;;;;;;;;;;;;;;;;;;;;;4 Rollen;;;;;;;;;;;;;;;;;;;;;220-240/50;;;Ja;;;;;;;;;;;Thermometer;-20 bis -5;;;;;;;;;;;;;;;;;;;;;;;;;;;;;;;;;;;;;;;;;;;;;0.53;;;;;;;;;;;;;;;;;;;;;;;;;;;;;;;;;;;;/ 9 Napoli-Behälter (5L);/ 21 Napoli-Behälter (5L);20;;;;;;;;;;;;1735;740;1290;MIRABELLA_9_Produktblatt.pdf;MIRABELLA_9_Betriebsanleitung.pdf;MIRABELLA_9_Ersatzteilliste.pdf;MIRABELLA_9_Energielabel.pdf;MIRABELLA_9_Energiepfeil.png
Tefcold;Tefcold-Framec-Eisvitrine;;;;Speiseeisvitrinen;71330;NIC202SC-SO;5708181759803;5708181759803;TEFCOLD;990,00;Eiscreme – Gefriergeräte | Speiseeisvitrinen – statische KühlungDEALS + | Produktneuheiten;2579533;;;;;;;;;;Manuell;;;;;;;;165;;;;;;;;;;;;;;;;;;;;;;;;;;;;;;;;;Mechanisch;;;;;;;;;;;;;;;;;;;;;;;;;;;;;;;;;;;;740;885;650;;;;;;;;;;;;;;;;;;;63.1;186;;;;;;;;;;;;;;;;;;;;;37.8;D;;1.206;440.19;;;;;;;Weiß;;;;;;;;;;;;;;;;;;;;;;;;;;;45;;;;;;;;;;;;;;;;;;;;;;;600;576;510;LED;;;;;;;;;5;;;;;;;;;;;;;55;R600a / GWP 3;;;Statisch;;;;;;;;;;;;;;;;;;;;;;;;Stahlblech, verzinkt, mit weißer Lackierung;;;;;;+40°C, 40% RH;;;;;;;;;;;;;;;;;;;;;;;;;52.1;138;;;;;;;;;;;;;;;;;;;;;;;;;;;;;;;;;;;;;;;4 Rollen, davon zwei mit Bremse;;;;;;;;;;;;;;;;;;;;;220-240/50;;;Ja;;;;;;;;;;;Thermometer;-24 bis -14;;;;;;;;;;;;;;;Ja;;;;;;;;;;;;;;;;;;;;;;;;;;;;;;;;;;;;;;;;;;;;;;;;;;;;;;;;;;;;;;;;;;4 Kunstst.-Behälter (5L) / 6 Kunstst.-Behälter (4L);7 Kunstst.-Behälter (5L) / 7 Kunstst.-Behälter (4L);84;;;;;;;;;;;;810;765;940;NIC202SC-SO_Produktblatt.pdf;NIC202SC-SO_Betriebsanleitung.pdf;NIC202SC-SO_Ersatzteilliste.pdf;NIC202SC-SO_Energielabel.pdf;NIC202SC-SO_Energiepfeil.png
Tefcold;Tefcold-Framec-Eisvitrine;;;;Speiseeisvitrinen;71334;NIC302SC-SO;5708181759841;5708181759841;TEFCOLD;1110,00;Eiscreme – Gefriergeräte | Speiseeisvitrinen – statische KühlungDEALS + | Produktneuheiten;2579742;;;;;;;;;;Manuell;;;;;;;;200;;;;;;;;;;;;;;;;;;;;;;;;;;;;;;;;;Mechanisch;;;;;;;;;;;;;;;;;;;;;;;;;;;;;;;;;;;;1030;885;650;;;;;;;;;;;;;;;;;;;70.1;288;;;;;;;;;;;;;;;;;;;;;41.8;D;;1.624;592.76;;;;;;;Weiß;;;;;;;;;;;;;;;;;;;;;;;;;;;45;;;;;;;;;;;;;;;;;;;;;;;890;576;510;LED;;;;;;;;;5;;;;;;;;;;;;;85;R290 / GWP 3;;;Statisch;;;;;;;;;;;;;;;;;;;;;;;;Stahlblech, verzinkt, mit weißer Lackierung;;;;;;+40°C, 40% RH;;;;;;;;;;;;;;;;;;;;;;;;;62.1;218;;;;;;;;;;;;;;;;;;;;;;;;;;;;;;;;;;;;;;;4 Rollen, davon zwei mit Bremse;;;;;;;;;;;;;;;;;;;;;220-240/50;;;Ja;;;;;;;;;;;Thermometer;-24 bis -14;;;;;;;;;;;;;;;Ja;;;;;;;;;;;;;;;;;;;;;;;;;;;;;;;;;;;;;;;;;;;;;;;;;;;;;;;;;;;;;;;;;;7 Kunstst.-Behälter (5L) / 10 Kunstst.-Behälter (4L);13 Kunstst.-Behälter (5L) / 13 Kunstst.-Behälter (4L);64;;;;;;;;;;;;1100;765;940;NIC302SC-SO_Produktblatt.pdf;NIC302SC-SO_Betriebsanleitung.pdf;NIC302SC-SO_Ersatzteilliste.pdf;NIC302SC-SO_Energielabel.pdf;NIC302SC-SO_Energiepfeil.png
Tefcold;Tefcold-Framec-Eisvitrine;;;;Speiseeisvitrinen;71338;NIC402SC-SO;5708181759889;5708181759889;TEFCOLD;1250,00;Eiscreme – Gefriergeräte | Speiseeisvitrinen – statische KühlungDEALS + | Produktneuheiten;2579772;;;;;;;;;;Manuell;;;;;;;;225;;;;;;;;;;;;;;;;;;;;;;;;;;;;;;;;;Mechanisch;;;;;;;;;;;;;;;;;;;;;;;;;;;;;;;;;;;;1320;885;650;;;;;;;;;;;;;;;;;;;87.1;390;;;;;;;;;;;;;;;;;;;;;43.6;D;;1.992;727.08;;;;;;;Weiß;;;;;;;;;;;;;;;;;;;;;;;;;;;45;;;;;;;;;;;;;;;;;;;;;;;1180;571;510;LED;;;;;;;;;5;;;;;;;;;;;;;105;R290 / GWP 3;;;Statisch;;;;;;;;;;;;;;;;;;;;;;;;Stahlblech, verzinkt, mit weißer Lackierung;;;;;;+40°C, 40% RH;;;;;;;;;;;;;;;;;;;;;;;;;72.1;298;;;;;;;;;;;;;;;;;;;;;;;;;;;;;;;;;;;;;;;4 Rollen, davon zwei mit Bremse;;;;;;;;;;;;;;;;;;;;;220-240/50;;;Ja;;;;;;;;;;;Thermometer;-24 bis -14;;;;;;;;;;;;;;;Ja;;;;;;;;;;;;;;;;;;;;;;;;;;;;;;;;;;;;;;;;;;;;;;;;;;;;;;;;;;;;;;;;;;10 Kunstst.-Behälter (5L) / 12 Kunstst.-Behälter (4L);19 Kunstst.-Behälter (5L) / 19 Kunstst.-Behälter (4L);50;;;;;;;;;;;;1390;765;940;NIC402SC-SO_Produktblatt.pdf;NIC402SC-SO_Betriebsanleitung.pdf;NIC402SC-SO_Ersatzteilliste.pdf;NIC402SC-SO_Energielabel.pdf;NIC402SC-SO_Energiepfeil.png
Tefcold;Tefcold-Framec-Eisvitrine;;;;Speiseeisvitrinen;71342;NIC502SC-SO;5708181759926;5708181759926;TEFCOLD;1344,00;Eiscreme – Gefriergeräte | Speiseeisvitrinen – statische KühlungDEALS + | Produktneuheiten;2579780;;;;;;;;;;Manuell;;;;;;;;265;;;;;;;;;;;;;;;;;;;;;;;;;;;;;;;;;Mechanisch;;;;;;;;;;;;;;;;;;;;;;;;;;;;;;;;;;;;1570;885;650;;;;;;;;;;;;;;;;;;;122.1;478;;;;;;;;;;;;;;;;;;;;;43.9;D;;2.27;828.55;;;;;;;Weiß;;;;;;;;;;;;;;;;;;;;;;;;;;;45;;;;;;;;;;;;;;;;;;;;;;;1430;576;510;LED;;;;;;;;;5;;;;;;;;;;;;;110;R290 / GWP 3;;;Statisch;;;;;;;;;;;;;;;;;;;;;;;;Stahlblech, verzinkt, mit weißer Lackierung;;;;;;+40°C, 40% RH;;;;;;;;;;;;;;;;;;;;;;;;;110.1;367;;;;;;;;;;;;;;;;;;;;;;;;;;;;;;;;;;;;;;;4 Rollen, davon zwei mit Bremse;;;;;;;;;;;;;;;;;;;;;220-240/50;;;Ja;;;;;;;;;;;Thermometer;-24 bis -14;;;;;;;;;;;;;;;Ja;;;;;;;;;;;;;;;;;;;;;;;;;;;;;;;;;;;;;;;;;;;;;;;;;;;;;;;;;;;;;;;;;;11 Kunstst.-Behälter (5L) / 16 Kunstst.-Behälter (4L);22 Kunstst.-Behälter (5L) / 22 Kunstst.-Behälter (4L);42;;;;;;;;;;;;1640;765;940;NIC502SC-SO_Produktblatt.pdf;NIC502SC-SO_Betriebsanleitung.pdf;NIC502SC-SO_Ersatzteilliste.pdf;NIC502SC-SO_Energielabel.pdf;NIC502SC-SO_Energiepfeil.png
Tefcold;Tefcold-Framec-Eisvitrine;;;;Speiseeisvitrinen;16293;UDRS10;5708181221690;5708181221690;TEFCOLD;2725,00;Eiscreme – Gefriergeräte | Speiseeisvitrinen – statische KühlungDEALS + | Energieeffiziente Geräte;1029194;;;;;;;;;;Manuell;;;;;;;;360;;;;;;;;;;;;;;;;;;;;;;;;;;;;;;;;;Mechanisch;;;;;;;;;;;;;;;;;;;;;;;;;;;;;;;;;;;;1341;1235;725;;;;;;;;;;;;;;;;;;;112;431;;;;;;;;;;;;;;;;;;;;;12;B;;5.12;1868;;;;;;;Weiß;;;;;;;;;;;;;;;;;;;;;;;;;;;45;;;;;;;;;;;;;;;;;;;;;;;1217;295;563;Nein;;;;;;;;;4;;;;;;;;;;;;;100;R290 / GWP 3;;;Statisch;;;;;;;;;;;;;;;;;;;;;;;;Stahlblech, verzinkt, mit weißer Lackierung;;;;;;+30°C, 55% RH;;;;;;;;;;;;;;;;;;;;;;;;;103;342;;;;;;;;;;;;;;;;;;;;;;;;;;;;;;;;;;;;;;;4 Doppelrollen;;;;;;;;;;;;;;;;;;;;;220-240/50;;;Ja;;;;;;;;;;;Thermometer;-20 bis -14;;;;;;;;;;;;;;;Nein;;;;;;;;;;;;;;;;;;;;;;;;;;;;;;0.59;;;;;;;;;;;;;;;;;;;;;;;;;;;;;;;;;;;;/ 10 Napoli-Behälter (5L);/ 12 Napoli-Behälter (5L);50;;;;;;;;;;;;1385;730;1020;UDRS10_Produktblatt.pdf;UDRS10_Betriebsanleitung.pdf;UDRS10_Ersatzteilliste.pdf;UDRS10_Energielabel.pdf;UDRS10_Energiepfeil.png
Tefcold;Tefcold-Framec-Eisvitrine;;;;Speiseeisvitrinen;16295;UDRS7;5708181221676;5708181221676;TEFCOLD;3377,00;Eiscreme – Gefriergeräte | Speiseeisvitrinen – statische Kühlung;1029234;;;;;;;;;;Automatisch;;;;;;;;500;;;;;;;;;;;;;;;;;;;;;;;;;;;;;;;;;Elektronisch;;;;;;;;;;;;;;;;;;;;;;;;;;;;;;;;;;;;1341;1253;723;;;;;;;;;;;;;;;;;;;119;317;;;;;;;;;;;;;;;;;;;;;23.4;C;;8.83;3223;;;;;;;Weiß;;;;;;;;;;;;;;;;;;;;;;;;;;;45;;;;;;;;;;;;;;;;;;;;;;;1217;240;450;LED;;;;;;;;;4;;;;;;;;;;;;;130;R290 / GWP 3;;;Statisch;;;;;;;;;;;;;;;;;;;;;;;;Stahlblech, verzinkt, mit weißer Lackierung;;;;;;+30°C, 55% RH;;;;;;;;;;;;;;;;;;;;;;;;;98;264;;;;;;;;;;;;;;;;;;;;;;;;;;;;;;;;;;;;;;;4 Doppelrollen;;;;;;;;;;;;;;;;;;;;;220-240/50;;;Ja;;;;;;;;;;;Thermometer;-20 bis -14;;;;;;;;;;;;;;;Nein;;;;;;;;;;;;;;;;;;;;;;;;;;;;;;0.42;;;;;;;;;;;;;;;;;;;;;;;;;;;;;;;;;;;;/ 7 Napoli-Behälter (5L);/ 12 Napoli-Behälter (5L);24;;;;;;;;;;;;1420;760;1310;UDRS7_Produktblatt.pdf;UDRS7_Betriebsanleitung.pdf;UDRS7_Ersatzteilliste.pdf;UDRS7_Energielabel.pdf;UDRS7_Energiepfeil.png
Tefcold;Tefcold-Framec-Eisvitrine;;;;Speiseeisvitrinen;16297;UDRS9;5708181221683;5708181221683;TEFCOLD;4077,00;Eiscreme – Gefriergeräte | Speiseeisvitrinen – statische Kühlung;1029222;;;;;;;;;;Automatisch;;;;;;;;540;;;;;;;;;;;;;;;;;;;;;;;;;;;;;;;;;Elektronisch;;;;;;;;;;;;;;;;;;;;;;;;;;;;;;;;;;;;1656;1253;723;;;;;;;;;;;;;;;;;;;131;423;;;;;;;;;;;;;;;;;;;;;27.8;C;;11.83;4318;;;;;;;Weiß;;;;;;;;;;;;;;;;;;;;;;;;;;;45;;;;;;;;;;;;;;;;;;;;;;;1532;240;450;LED;;;;;;;;;4;;;;;;;;;;;;;150;R290 / GWP 3;;;Statisch;;;;;;;;;;;;;;;;;;;;;;;;Stahlblech, verzinkt, mit weißer Lackierung;;;;;;+30°C, 55% RH;;;;;;;;;;;;;;;;;;;;;;;;;110;357;;;;;;;;;;;;;;;;;;;;;;;;;;;;;;;;;;;;;;;4 Doppelrollen;;;;;;;;;;;;;;;;;;;;;220-240/50;;;Ja;;;;;;;;;;;Thermometer;-20 bis -14;;;;;;;;;;;;;;;Nein;;;;;;;;;;;;;;;;;;;;;;;;;;;;;;0.53;;;;;;;;;;;;;;;;;;;;;;;;;;;;;;;;;;;;/ 9 Napoli-Behälter (5L);/ 16 Napoli-Behälter (5L);20;;;;;;;;;;;;1735;760;1310;UDRS9_Produktblatt.pdf;UDRS9_Betriebsanleitung.pdf;UDRS9_Ersatzteilliste.pdf;UDRS9_Energielabel.pdf;UDRS9_Energiepfeil.png
Tefcold;Tefcold-Kühltruhen-Tiefkühltruhen;Tefcold-Tiefkühlinsel;;;Supermarkt / Tiefkühltruhen;38507;EXTRA1250FD;5708181706814;5708181706814;TEFCOLD;8606,00;Gefriergeräte | Supermarkt – TiefkühltruhenGefriergeräte | Multideck – GefrierregaleDEALS + | Komplett in SchwarzGefriergeräte | Glastür – Tiefkühlschränke;1346300;;;;;;;;;;Automatisch, Heißgas;;;;;;;;1100;;;;;;;;;;;;;;;8;;;;;;;;;;;;;;;;;;Elektronisch;;;;;;;;;;;;;;;;;;;;;;;2 Dreh-Glastüren;;;;;;;;;;;;;1350;2035;930;;;;;;150;;;;;;;;;;;;;350;880;;;;;;;;;;;;;;;;;;;;;37.5;D;;15.28;5578;;;;;;;Schwarz / Glas;Schwarz;;;;;;;;;;;;;;;;;;;;4 Stellfüße;;;;;;53;;;;;;;;;;;;;;;;;;;;;;;1250;1399;610;2 x LED vertikal;;;;;;;;;3;;;;;;;;;;;;;149;R290 / GWP 3;;;Ventiliert;;;;;;;;;;;;;;;;;;;;;;;;Schwarz;;;;;;+25°C, 60% RH;;;;;;;;;;;;;;;;;;;;;;;;;330;850;;;;;;;;;;;;;;;;;;;;;;;;;;;;;;;;;;;;;;;Option;;;;8 Tragroste, schwarz;;;;;;;;;;;;;;;;;220-240/50;;;Ja;;;;;;;;;;;Thermometer;-21 bis -18;;;;;3M1;;;;;;;;;;Nein;;Ja;;Nein;;;;;;;;;;;;;;;;;;;;;;;;;;1.53;;;;;;;;;;;;;;;;;;;;;;;;;;;;;;;;;;;;;;16;;;;;;;;;;;;1450;975;2230;EXTRA1250FD_Produktblatt.pdf;EXTRA1250FD_Betriebsanleitung.pdf;EXTRA1250FD_Ersatzteilliste.pdf;EXTRA1250FD_Energielabel.pdf;EXTRA1250FD_Energiepfeil.png
Tefcold;Tefcold-Kühltruhen-Tiefkühltruhen;Tefcold-Tiefkühlinsel;;;Supermarkt / Tiefkühltruhen;38526;EXTRA1875FD;5708181706838;5708181706838;TEFCOLD;11710,00;Gefriergeräte | Supermarkt – TiefkühltruhenGefriergeräte | Multideck – GefrierregaleDEALS + | Komplett in SchwarzGefriergeräte | Glastür – Tiefkühlschränke;1346319;;;;;;;;;;Automatisch, Heißgas;;;;;;;;1860;;;;;;;;;;;;;;;12;;;;;;;;;;;;;;;;;;Elektronisch;;;;;;;;;;;;;;;;;;;;;;;3 Dreh-Glastüren;;;;;;;;;;;;;1975;2035;930;;;;;;150;;;;;;;;;;;;;490;1350;;;;;;;;;;;;;;;;;;;;;60.2;E;;34.76;12687;;;;;;;Schwarz / Glas;Schwarz;;;;;;;;;;;;;;;;;;;;6 Stellfüße;;;;;;53;;;;;;;;;;;;;;;;;;;;;;;1875;1399;610;2 x LED vertikal;;;;;;;;;3;;;;;;;;;;;;;2x144;R290 / GWP 3;;;Ventiliert;;;;;;;;;;;;;;;;;;;;;;;;Schwarz;;;;;;+25°C, 60% RH;;;;;;;;;;;;;;;;;;;;;;;;;440;1270;;;;;;;;;;;;;;;;;;;;;;;;;;;;;;;;;;;;;;;Option;;;;12 Tragroste, schwarz;;;;;;;;;;;;;;;;;220-240/50;;;Ja;;;;;;;;;;;Thermometer;-21 bis -18;;;;;3M1;;;;;;;;;;Nein;;;;Nein;;;;;;;;;;;;;;;;;;;;;;;;;;2.72;;;;;;;;;;;;;;;;;;;;;;;;;;;;;;;;;;;;;;12;;;;;;;;;;;;2075;975;2230;EXTRA1875FD_Produktblatt.pdf;EXTRA1875FD_Betriebsanleitung.pdf;EXTRA1875FD_Ersatzteilliste.pdf;EXTRA1875FD_Energielabel.pdf;EXTRA1875FD_Energiepfeil.png
Tefcold;Tefcold-Kühltruhen-Tiefkühltruhen;Tefcold-Tiefkühlinsel;;;Supermarkt / Tiefkühltruhen;48598;MTF Mini;5708181730222;5708181730222;TEFCOLD;1335,00;Gefriergeräte | Supermarkt – Tiefkühltruhen;1426061;;;;;;;;;;Manuell;;;;;;;;212;;;;;;;;;;;;;;;4;;;;;;;;;;;;;;;;;;Elektronisch;;;;;;;;;;;;;;;;;;;;;;;2 Selbstschließende Dreh-Glastüren;;;;;;;;;;;;;1275;1965;636;;;;;;196;;;;;;;;;;;;;170.1;200;;;;;;;;;;;;;;;;;;;;;25.5;C;;4.16;1518;;;;;;;Weiß;Weiß;;;;;;;;;;;;;;;;;;;;;;;;;;58;;;;;;;;;;;;;;;;;;;;;;;1080;401;438;LED;;;;;;;;;4;;;;;;;;;;;;;65;R290 / GWP 3;;;Statisch;;;;;;;;;;;;;;;;;;;;;;;;Stahlblech, verzinkt, mit weißer Lackierung;;;;;;+30°C, 55% RH;;;;;;;;;;;;;;;;;;;;;;;;;113.6;170;;;;;;;;;;;;;;;;;;;;;;;;;;;;;;;;;;;;;;;;;;;4 einstellbare Tragroste, weiß;;;;;;;;;;;;;;;;;220-240/50;;;Ja;;;;;;;;;;;Thermometer;-23 bis -18;;;;;;;;;;;;;;;Nein;;Ja;;Nein;;;;;;;;;;;;;;;;;;;;;;;;;;0.38;;;;;;;;;;;;;;;;;;;;;;;;;;;;;;;;;;;;;;48;;;;;;;;;;530x316mm;;1380;675;1010;MTF_Mini_Produktblatt.pdf;MTF_Mini_Betriebsanleitung.pdf;MTF_Mini_Ersatzteilliste.pdf;MTF_Mini_Energielabel.pdf;MTF_Mini_Energiepfeil.png
Tefcold;Tefcold-Kühltruhen-Tiefkühltruhen;Tefcold-Tiefkühlinsel;;;Supermarkt / Tiefkühltruhen;17340;SSF150;5708181212759;5708181212759;-;2020,00;Gefriergeräte | Supermarkt – Tiefkühltruhen;2497415;;;;;;;;;;Manuell;;;;;;;;305;;;;;;;;;;;;;;;;;;;;;;;;;;;;;;;;;Elektronisch;;;;;;;;;;;;;;;;;;;;;;;;;;;;;;;;;;;;1550;780;960;;;;;;;;;;;;;;;;;;;137;597;;;;;;;;;;;;;;;;;;;;;28;C;;3.9;1424;;;;;;;Weiß;;;;;;;;;;;;;;;;;;;;;4 Stellfüße;;;;;;48;;;;;;;;;;;;;;;;;;;;;;;1375;575;790;LED als option;;;;;;;;;3;;;;;;;;;;;;;120;R290 / GWP 3;;;Statisch;;;;;;;;;;;;;;;;;;;;;;;;Pulverbeschichtetes Stahlblech;;;;;;+25°C, 60% RH;;;;;;;;;;;;;;;;;;;;;;;;;81;459;;;;;;;;;;;;;;;;;;;;;;;;;;;;;;;;;;;;;;;;;;;;;;;;;;;;;;;;;;;;220-240/50;;;Ja;;;;;;;;;;;Thermometer;-24 bis -18;;;;;;;;;;;;;;;;;;;;;;;;;;;;;;;;;;;;;;;;;;;;;0.84;;;;;;;;;;;;;;;;;;;;;;;;;;;;;;;;;;;;;;42;;;;;;;;2 Flache Schiebedeckel aus Temperglas;;;;1640;1030;840;SSF150_Produktblatt.pdf;SSF150_Betriebsanleitung.pdf;SSF150_Ersatzteilliste.pdf;SSF150_Energielabel.pdf;SSF150_Energiepfeil.png
Tefcold;Tefcold-Kühltruhen-Tiefkühltruhen;Tefcold-Tiefkühlinsel;;;Supermarkt / Tiefkühltruhen;16307;SSF200;5708181221973;5708181221973;-;2200,00;Gefriergeräte | Supermarkt – Tiefkühltruhen;2459268;;;;;;;;;;Manuell;;;;;;;;345;;;;;;;;;;;;;;;;;;;;;;;;;;;;;;;;;Elektronisch;;;;;;;;;;;;;;;;;;;;;;;;;;;;;;;;;;;;2050;780;960;;;;;;;;;;;;;;;;;;;160;839;;;;;;;;;;;;;;;;;;;;;25.7;C;;4.5;1643;;;;;;;Weiß;;;;;;;;;;;;;;;;;;;;;4 Stellfüße;;;;;;48;;;;;;;;;;;;;;;;;;;;;;;1880;575;790;LED als option;;;;;;;;;3;;;;;;;;;;;;;120;R290 / GWP 3;;;Statisch;;;;;;;;;;;;;;;;;;;;;;;;Pulverbeschichtetes Stahlblech;;;;;;+25°C, 60% RH;;;;;;;;;;;;;;;;;;;;;;;;;105;652;;;;;;;;;;;;;;;;;;;;;;;;;;;;;;;;;;;;;;;;;;;;;;;;;;;;;;;;;;;;220-240/50;;;Ja;;;;;;;;;;;Thermometer;-22 bis -18;;;;;;;;;;;;;;;;;;;;;;;;;;;;;;;;;;;;;;;;;;;;;1.16;;;;;;;;;;;;;;;;;;;;;;;;;;;;;;;;;;;;;;33;;;;;;;;2 Flache Schiebedeckel aus Temperglas;;;;2140;1030;840;SSF200_Produktblatt.pdf;SSF200_Betriebsanleitung.pdf;SSF200_Ersatzteilliste.pdf;SSF200_Energielabel.pdf;SSF200_Energiepfeil.png
Tefcold;Tefcold-Kühltruhen-Tiefkühltruhen;Tefcold-Tiefkühlinsel;;;Supermarkt / Tiefkühltruhen;17342;SSF250;5708181212742;5708181212742;-;2709,00;DEALS + | Energieeffiziente GeräteGefriergeräte | Supermarkt – Tiefkühltruhen;445564;;;;;;;;;;Manuell;;;;;;;;345;;;;;;;;;;;;;;;;;;;;;;;;;;;;;;;;;Elektronisch;;;;;;;;;;;;;;;;;;;;;;;;;;;;;;;;;;;;2500;780;960;;;;;;;;;;;;;;;;;;;200;1032;;;;;;;;;;;;;;;;;;;;;24.74;C;;4.9;1789;;;;;;;Weiß;;;;;;;;;;;;;;;;;;;;;4 Stellfüße;;;;;;48;;;;;;;;;;;;;;;;;;;;;;;2280;575;790;LED als option;;;;;;;;;3;;;;;;;;;;;;;2 x 85;R290 / GWP 3;;;Statisch;;;;;;;;;;;;;;;;;;;;;;;;Pulverbeschichtetes Stahlblech;;;;;;+25°C, 60% RH;;;;;;;;;;;;;;;;;;;;;;;;;125;805;;;;;;;;;;;;;;;;;;;;;;;;;;;;;;;;;;;;;;;;;;;;;;;;;;;;;;;;;;;;220-240/50;;;Ja;;;;;;;;;;;Thermometer;-22 bis -18;;;;;;;;;;;;;;;;;;;;;;;;;;;;;;;;;;;;;;;;;;;;;1.36;;;;;;;;;;;;;;;;;;;;;;;;;;;;;;;;;;;;;;24;;;;;;;;4 Flache Schiebedeckel aus Temperglas;;;;2590;1030;840;SSF250_Produktblatt.pdf;SSF250_Betriebsanleitung.pdf;SSF250_Ersatzteilliste.pdf;SSF250_Energielabel.pdf;SSF250_Energiepfeil.png
Tefcold;Tefcold-Kühltruhen-Tiefkühltruhen;Tefcold-Tiefkühlinsel;;;Supermarkt / Tiefkühltruhen;16321;TWIN 220-F;5708181221911;5708181221911;TEFCOLD;5167,00;Gefriergeräte | Supermarkt – Tiefkühltruhen;445613;;;;;;;;;;Automatisch;;;;;;;;552;;;;;;;;;;;;;;;;;;;;;;;;;;;;;;;;;Elektronisch;;;;;;;;;;;;;;;;;;;;;;;;;;;;;;;;;;;;2150;930;1465;;;;;;;;;;;;;;;;;;;251;1697;;;;;;;;;;;;;;;;;;;;;26;C;;9.2;3358;;;;;;;Weiß;;;;;;;;;;;;;;;;;;;;;4 Stellfüße;;;;;;48;;;;;;;;;;;;;;;;;;;;;;;2000;700;1175;LED;;;;;;;;;3;;;;;;;;;;;;;2 x 85;R290 / GWP 3;;;Statisch;;;;;;;;;;;;;;;;;;;;;;;;Pulverbeschichtetes Stahlblech;;;;;;+25°C, 60% RH;;;;;;;;;;;;;;;;;;;;;;;;;198;1255;;;;;;;;;;;;;;;;;;;;;;;;;;;;;;;;;;;;;;;;;;;;;;;;;;;;;;;;;;;;220-240/50;;;Ja;;;;;;;;;;;Thermometer;-24 bis -18;;;;;;;;;;;;;;;;;;;;;;;;;;;;;;;;;;;;;;;;;;;;;2.65;;;;;;;;;;;;;;;;;;;;;;;;;;;;;;;;;;;;;;14;;;4;;;;;2 gewölbte Schiebedeckel aus Temperglas;;;;2240;1550;1030;TWIN_220-F_Produktblatt.pdf;TWIN_220-F_Betriebsanleitung.pdf;TWIN_220-F_Ersatzteilliste.pdf;TWIN_220-F_Energielabel.pdf;TWIN_220-F_Energiepfeil.png
Tefcold;Tefcold-Kühltruhen-Tiefkühltruhen;Tefcold-Tiefkühlinsel;;;Supermarkt / Tiefkühltruhen;17331;TWIN 220A-F;5708181212551;5708181212551;-;5167,00;Gefriergeräte | Supermarkt – Tiefkühltruhen;445613;;;;;;;;;;Automatisch;;;;;;;;522;;;;;;;;;;;;;;;;;;;;;;;;;;;;;;;;;Elektronisch;;;;;;;;;;;;;;;;;;;;;;;;;;;;;;;;;;;;2150;930;1465;;;;;;;;;;;;;;;;;;;251;1697;;;;;;;;;;;;;;;;;;;;;26;C;;9.2;3358;;;;;;;Anthrazit RAL 7016;;;;;;;;;;;;;;;;;;;;;4 Stellfüße;;;;;;48;;;;;;;;;;;;;;;;;;;;;;;2000;700;1175;LED;;;;;;;;;3;;;;;;;;;;;;;2 x 85;R290 / GWP 3;;;Statisch;;;;;;;;;;;;;;;;;;;;;;;;Pulverbeschichtetes Stahlblech;;;;;;+25°C, 60% RH;;;;;;;;;;;;;;;;;;;;;;;;;198;1255;;;;;;;;;;;;;;;;;;;;;;;;;;;;;;;;;;;;;;;;;;;;;;;;;;;;;;;;;;;;220-240/50;;;Ja;;;;;;;;;;;Thermometer;-24 bis -18;;;;;;;;;;;;;;;;;;;;;;;;;;;;;;;;;;;;;;;;;;;;;2.65;;;;;;;;;;;;;;;;;;;;;;;;;;;;;;;;;;;;;;14;;;4;;;;;2 gewölbte Schiebedeckel aus Temperglas;;;;2240;1550;1030;TWIN_220A-F_Produktblatt.pdf;TWIN_220A-F_Betriebsanleitung.pdf;TWIN_220A-F_Ersatzteilliste.pdf;TWIN_220A-F_Energielabel.pdf;TWIN_220A-F_Energiepfeil.png
Tefcold;Tefcold-Kühltruhen-Tiefkühltruhen;Tefcold-Tiefkühlinsel;;;Supermarkt / Tiefkühltruhen;17332;TWIN 220B-F;5708181212568;5708181212568;-;5183,00;Gefriergeräte | Supermarkt – Tiefkühltruhen;445613;;;;;;;;;;Automatisch;;;;;;;;522;;;;;;;;;;;;;;;;;;;;;;;;;;;;;;;;;Elektronisch;;;;;;;;;;;;;;;;;;;;;;;;;;;;;;;;;;;;2150;930;1465;;;;;;;;;;;;;;;;;;;251;1697;;;;;;;;;;;;;;;;;;;;;26;C;;9.2;3358;;;;;;;Schwarz;;;;;;;;;;;;;;;;;;;;;4 Stellfüße;;;;;;48;;;;;;;;;;;;;;;;;;;;;;;2000;700;1175;LED;;;;;;;;;3;;;;;;;;;;;;;2 x 85;R290 / GWP 3;;;Statisch;;;;;;;;;;;;;;;;;;;;;;;;Pulverbeschichtetes Stahlblech;;;;;;+25°C, 60% RH;;;;;;;;;;;;;;;;;;;;;;;;;198;1255;;;;;;;;;;;;;;;;;;;;;;;;;;;;;;;;;;;;;;;;;;;;;;;;;;;;;;;;;;;;220-240/50;;;Ja;;;;;;;;;;;Thermometer;-24 bis -18;;;;;;;;;;;;;;;;;;;;;;;;;;;;;;;;;;;;;;;;;;;;;2.65;;;;;;;;;;;;;;;;;;;;;;;;;;;;;;;;;;;;;;14;;;4;;;;;2 gewölbte Schiebedeckel aus Temperglas;;;;2240;1550;1030;TWIN_220B-F_Produktblatt.pdf;TWIN_220B-F_Betriebsanleitung.pdf;TWIN_220B-F_Ersatzteilliste.pdf;TWIN_220B-F_Energielabel.pdf;TWIN_220B-F_Energiepfeil.png
Tefcold;Tefcold-Kühltruhen-Tiefkühltruhen;Tefcold-Tiefkühlinsel;;;Supermarkt / Tiefkühltruhen;17335;TWIN HEAD A-F;5708181212599;5708181212599;-;3017,00;Gefriergeräte | Supermarkt – Tiefkühltruhen;445616;;;;;;;;;;Automatisch;;;;;;;;267;;;;;;;;;;;;;;;;;;;;;;;;;;;;;;;;;Elektronisch;;;;;;;;;;;;;;;;;;;;;;;;;;;;;;;;;;;;1470;915;812;;;;;;;;;;;;;;;;;;;125;425;;;;;;;;;;;;;;;;;;;;;34;C;;4.1;1496;;;;;;;Anthrazit RAL 7016;;;;;;;;;;;;;;;;;;;;;4 Stellfüße;;;;;;46;;;;;;;;;;;;;;;;;;;;;;;1190;620;605;LED;;;;;;;;;3;;;;;;;;;;;;;80;R290 / GWP 3;;;Statisch;;;;;;;;;;;;;;;;;;;;;;;;Pulverbeschichtetes Stahlblech;;;;;;+25°C, 60% RH;;;;;;;;;;;;;;;;;;;;;;;;;85;334;;;;;;;;;;;;;;;;;;;;;;;;;;;;;;;;;;;;;;;;;;;;;;;;;;;;;;;;;;;;220-240/50;;;Ja;;;;;;;;;;;Thermometer;-24 bis -18;;;;;;;;;;;;;;;;;;;;;;;;;;;;;;;;;;;;;;;;;;;;;0.65;;;;;;;;;;;;;;;;;;;;;;;;;;;;;;;;;;;;;;30;;;3;;;;;2 gewölbte Schiebedeckel aus Temperglas;;;;1530;1000;1050;TWIN_HEAD_A-F_Produktblatt.pdf;TWIN_HEAD_A-F_Betriebsanleitung.pdf;TWIN_HEAD_A-F_Ersatzteilliste.pdf;TWIN_HEAD_A-F_Energielabel.pdf;TWIN_HEAD_A-F_Energiepfeil.png
Tefcold;Tefcold-Kühltruhen-Tiefkühltruhen;Tefcold-Tiefkühlinsel;;;Supermarkt / Tiefkühltruhen;17336;TWIN HEAD B-F;5708181212605;5708181212605;-;3017,00;Gefriergeräte | Supermarkt – Tiefkühltruhen;445616;;;;;;;;;;Automatisch;;;;;;;;267;;;;;;;;;;;;;;;;;;;;;;;;;;;;;;;;;Elektronisch;;;;;;;;;;;;;;;;;;;;;;;;;;;;;;;;;;;;1470;915;812;;;;;;;;;;;;;;;;;;;125;425;;;;;;;;;;;;;;;;;;;;;34;C;;4.1;1496;;;;;;;Schwarz;;;;;;;;;;;;;;;;;;;;;4 Stellfüße;;;;;;46;;;;;;;;;;;;;;;;;;;;;;;1190;620;605;LED;;;;;;;;;3;;;;;;;;;;;;;80;R290 / GWP 3;;;Statisch;;;;;;;;;;;;;;;;;;;;;;;;Pulverbeschichtetes Stahlblech;;;;;;+25°C, 60% RH;;;;;;;;;;;;;;;;;;;;;;;;;85;334;;;;;;;;;;;;;;;;;;;;;;;;;;;;;;;;;;;;;;;;;;;;;;;;;;;;;;;;;;;;220-240/50;;;Ja;;;;;;;;;;;Thermometer;-24 bis -18;;;;;;;;;;;;;;;;;;;;;;;;;;;;;;;;;;;;;;;;;;;;;0.65;;;;;;;;;;;;;;;;;;;;;;;;;;;;;;;;;;;;;;30;;;3;;;;;2 gewölbte Schiebedeckel aus Temperglas;;;;1530;1000;1050;TWIN_HEAD_B-F_Produktblatt.pdf;TWIN_HEAD_B-F_Betriebsanleitung.pdf;TWIN_HEAD_B-F_Ersatzteilliste.pdf;TWIN_HEAD_B-F_Energielabel.pdf;TWIN_HEAD_B-F_Energiepfeil.png
Tefcold;Tefcold-Kühltruhen-Tiefkühltruhen;Tefcold-Tiefkühlinsel;;;Supermarkt / Tiefkühltruhen;16324;TWIN HEAD-F;5708181221942;5708181221942;TEFCOLD;3017,00;Gefriergeräte | Supermarkt – Tiefkühltruhen;445616;;;;;;;;;;Automatisch;;;;;;;;267;;;;;;;;;;;;;;;;;;;;;;;;;;;;;;;;;Elektronisch;;;;;;;;;;;;;;;;;;;;;;;;;;;;;;;;;;;;1470;915;812;;;;;;;;;;;;;;;;;;;125;425;;;;;;;;;;;;;;;;;;;;;34;C;;4.1;1496;;;;;;;Weiß;;;;;;;;;;;;;;;;;;;;;4 Stellfüße;;;;;;46;;;;;;;;;;;;;;;;;;;;;;;1190;620;605;LED;;;;;;;;;3;;;;;;;;;;;;;80;R290 / GWP 3;;;Statisch;;;;;;;;;;;;;;;;;;;;;;;;Pulverbeschichtetes Stahlblech;;;;;;+25°C, 60% RH;;;;;;;;;;;;;;;;;;;;;;;;;85;334;;;;;;;;;;;;;;;;;;;;;;;;;;;;;;;;;;;;;;;;;;;;;;;;;;;;;;;;;;;;220-240/50;;;Ja;;;;;;;;;;;Thermometer;-24 bis -18;;;;;;;;;;;;;;;;;;;;;;;;;;;;;;;;;;;;;;;;;;;;;0.65;;;;;;;;;;;;;;;;;;;;;;;;;;;;;;;;;;;;;;30;;;3;;;;;2 gewölbte Schiebedeckel aus Temperglas;;;;1530;1000;1050;TWIN_HEAD-F_Produktblatt.pdf;TWIN_HEAD-F_Betriebsanleitung.pdf;TWIN_HEAD-F_Ersatzteilliste.pdf;TWIN_HEAD-F_Energielabel.pdf;TWIN_HEAD-F_Energiepfeil.png
Tefcold;Tefcold-Kühlinsel;;;;Supermarktkühltruhen;69331;EIB-D1010-B1;5708181756079;5708181756079;TEFCOLD;4889,00;DEALS + | ProduktneuheitenDEALS + | Komplett in SchwarzGefriergeräte | Supermarkt – TiefkühltruhenGlastürkühlgeräte | SupermarktkühltruhenGlastürkühlgeräte | Kühlinseln;2463958;;;;;;;;;;Automatisch, Heißgas;;;;;;;;1231;;;;;;;;;;;;;;;;;;;;;;;;;;;;;;;;;Elektronisch;;;;;;;;;;;;;;;;;;;;;;;;;;;;;;;;;;;;1012;975;1010;;;;;;;;;;;;;;;;;;;229;320;;;;;;;;;;;;;;;;;;;;;34.9;C;;7.83;2857.95;;;;;;;Schwarz RAL9005;;;;;;;;;;;;;;;;;;;;;;;;;;;54;;;;;;;;;;;;;;;;;;;;;;;860;300;790;LED, horizontal;;;;;;;;;3;;;;;;;;;;;;;110;R290 / GWP 3;;;Ventiliert;;;;;;;;;;;;;;;;;;;;;;;;Schwarz RAL9005;;;;;;+25°C, 60% RH;;;;;;;;;;;;;;;;;;;;;;;;;204;213;;;;;;;;;;;;;;;;;;;;;;;;;;;;;;;;;;;;;;;Rollen;;;;;;;;;;;;;;;;;;;;;220-240/50;;;Ja;;;;;;;;;;;Thermometer;-18 bis +5;;;;;;;;;;;;;;;;;;;;;;;;;;;;;;;;;;;;;;;;;;;;;1.59;;;;;;;;;;;;;;;;;;;;;;;;;;;;;;;;;;;;;;40;40;;;;;;;2 flacher Schiebedeckel aus Glas;;;;1070;1070;1155;EIB-D1010-B1_Produktblatt.pdf;EIB-D1010-B1_Betriebsanleitung.pdf;EIB-D1010-B1_Ersatzteilliste.pdf;EIB-D1010-B1_Energielabel.pdf;EIB-D1010-B1_Energiepfeil.png
Tefcold;Tefcold-Kühlinsel;;;;Supermarktkühltruhen;69332;EIB-D1015-B1;5708181756086;5708181756086;TEFCOLD;5386,00;DEALS + | Komplett in SchwarzDEALS + | ProduktneuheitenGefriergeräte | Supermarkt – TiefkühltruhenGlastürkühlgeräte | SupermarktkühltruhenGlastürkühlgeräte | Kühlinseln;2424126;;;;;;;;;;Automatisch, Heißgas;;;;;;;;1251;;;;;;;;;;;;;;;;;;;;;;;;;;;;;;;;;Elektronisch;;;;;;;;;;;;;;;;;;;;;;;;;;;;;;;;;;;;1512;975;1010;;;;;;;;;;;;;;;;;;;308;480;;;;;;;;;;;;;;;;;;;;;32.29;C;;9.69;3536.85;;;;;;;Schwarz RAL9005;;;;;;;;;;;;;;;;;;;;;;;;;;;54;;;;;;;;;;;;;;;;;;;;;;;1360;300;790;LED, horizontal;;;;;;;;;3;;;;;;;;;;;;;150;R290 / GWP 3;;;Ventiliert;;;;;;;;;;;;;;;;;;;;;;;;Schwarz RAL9005;;;;;;+25°C, 60% RH;;;;;;;;;;;;;;;;;;;;;;;;;278;320;;;;;;;;;;;;;;;;;;;;;;;;;;;;;;;;;;;;;;;Rollen;;;;;;;;;;;;;;;;;;;;;220-240/50;;;Ja;;;;;;;;;;;Thermometer;-18 bis +5;;;;;;;;;;;;;;;;;;;;;;;;;;;;;;;;;;;;;;;;;;;;;2.26;;;;;;;;;;;;;;;;;;;;;;;;;;;;;;;;;;;;;;28;40;;;;;;;2 flacher Schiebedeckel aus Glas;;;;1570;1070;1155;EIB-D1015-B1_Produktblatt.pdf;EIB-D1015-B1_Betriebsanleitung.pdf;EIB-D1015-B1_Ersatzteilliste.pdf;EIB-D1015-B1_Energielabel.pdf;EIB-D1015-B1_Energiepfeil.png
Tefcold;Tefcold-Kühlinsel;;;;Supermarktkühltruhen;69333;EIB-D1020-B1;5708181756093;5708181756093;TEFCOLD;6174,00;DEALS + | Komplett in SchwarzDEALS + | ProduktneuheitenGefriergeräte | Supermarkt – TiefkühltruhenGlastürkühlgeräte | SupermarktkühltruhenGlastürkühlgeräte | Kühlinseln;2462330;;;;;;;;;;Automatisch, Heißgas;;;;;;;;1649;;;;;;;;;;;;;;;;;;;;;;;;;;;;;;;;;Elektronisch;;;;;;;;;;;;;;;;;;;;;;;;;;;;;;;;;;;;2012;975;1010;;;;;;;;;;;;;;;;;;;415;640;;;;;;;;;;;;;;;;;;;;;32.29;C;;12.14;4431.1;;;;;;;Schwarz RAL9005;;;;;;;;;;;;;;;;;;;;;;;;;;;54;;;;;;;;;;;;;;;;;;;;;;;1860;300;790;LED, horizontal;;;;;;;;;3;;;;;;;;;;;;;150;R290 / GWP 3;;;Ventiliert;;;;;;;;;;;;;;;;;;;;;;;;Schwarz RAL9005;;;;;;+25°C, 60% RH;;;;;;;;;;;;;;;;;;;;;;;;;380;427;;;;;;;;;;;;;;;;;;;;;;;;;;;;;;;;;;;;;;;Rollen;;;;;;;;;;;;;;;;;;;;;220-240/50;;;Ja;;;;;;;;;;;Thermometer;-18 bis +5;;;;;;;;;;;;;;;;;;;;;;;;;;;;;;;;;;;;;;;;;;;;;2.93;;;;;;;;;;;;;;;;;;;;;;;;;;;;;;;;;;;;;;22;40;;;;;;;2 flacher Schiebedeckel aus Glas;;;;2070;1070;1155;EIB-D1020-B1_Produktblatt.pdf;EIB-D1020-B1_Betriebsanleitung.pdf;EIB-D1020-B1_Ersatzteilliste.pdf;EIB-D1020-B1_Energielabel.pdf;EIB-D1020-B1_Energiepfeil.png
Tefcold;Tefcold-Kühlinsel;;;;Supermarktkühltruhen;38471;EXTRA1250CD;5708181706722;5708181706722;TEFCOLD;6407,00;Glastürkühlgeräte | WandkühlregaleGlastürkühlgeräte | SupermarktkühltruhenDEALS + | Komplett in Schwarz;1275819;;;;;;;;;;Automatisch, Heißgas;;;;;;;;1100;;;;;;;;;;;;;;;4;;;;;;;;;;;;;;;;;;Elektronisch;;;;;;;;;;;;;;;;;;;;;;;2 Dreh-Glastüren;;;;;;;;;;;;;1350;2035;920;;;;;;100;;;;;;;;;;;;;340;880;;;;;;;;;;;;;;;;;;;;;39.1;D;;11;4015;;;;;;;Schwarz / Glas;Schwarz;;;;;;;;;;;;;;;;;;;;4 Stellfüße;;;;;;53;;;;;;;;;;;;;;;;;;;;;;;1250;1399;610;2 x LED vertikal;;;;;;;;;3;;;;;;;;;;;;;144;R290 / GWP 3;;;Ventiliert;;;;;;;;;;;;;;;;;;;;;;;;Schwarz;;;;;;+25°C, 60% RH;;;;;;;;;;;;;;;;;;;;;;;;;320;770;;;;;;;;;;;;;;;;;;;;;;;;;;;;;;;;;;;;;;;Option;;;;4 Blech schwarz, neigbar + Boden;;;;;;;;;;;;;;;;;220-240/50;;;Ja;;;;;;;;;;;Thermometer;+2 bis +6;;;;;3M1;;;;;;;;;;Nein;;;;Nein;;;;;;;;;;;;;;;;;;;;;;;;;;1.81;;;;;;;;;;;;;;;;;;;;;;;;;;;;;;;;;;;;;;16;;;;;;;;;;;;1450;975;2230;EXTRA1250CD_Produktblatt.pdf;EXTRA1250CD_Betriebsanleitung.pdf;EXTRA1250CD_Ersatzteilliste.pdf;EXTRA1250CD_Energielabel.pdf;EXTRA1250CD_Energiepfeil.png
Tefcold;Tefcold-Kühlinsel;;;;Supermarktkühltruhen;38475;EXTRA1875CD;5708181706746;5708181706746;TEFCOLD;8887,00;Glastürkühlgeräte | WandkühlregaleGlastürkühlgeräte | SupermarktkühltruhenDEALS + | Komplett in Schwarz;1275848;;;;;;;;;;Automatisch, Heißgas;;;;;;;;998;;;;;;;;;;;;;;;4;;;;;;;;;;;;;;;;;;Elektronisch;;;;;;;;;;;;;;;;;;;;;;;3 Dreh-Glastüren;;;;;;;;;;;;;1975;2035;920;;;;;;100;;;;;;;;;;;;;475;1350;;;;;;;;;;;;;;;;;;;;;32.7;C;;14.03;5119;;;;;;;Schwarz / Glas;Schwarz;;;;;;;;;;;;;;;;;;;;6 Stellfüße;;;;;;53;;;;;;;;;;;;;;;;;;;;;;;1875;1399;610;2 x LED vertikal;;;;;;;;;3;;;;;;;;;;;;;2x147;R290 / GWP 3;;;Ventiliert;;;;;;;;;;;;;;;;;;;;;;;;Schwarz;;;;;;+25°C, 60% RH;;;;;;;;;;;;;;;;;;;;;;;;;425;1160;;;;;;;;;;;;;;;;;;;;;;;;;;;;;;;;;;;;;;;Option;;;;4 Blech schwarz, neigbar + Boden;;;;;;;;;;;;;;;;;220-240/50;;;Ja;;;;;;;;;;;Thermometer;+2 bis +4;;;;;3M1;;;;;;;;;;Nein;;;;Nein;;;;;;;;;;;;;;;;;;;;;;;;;;2.72;;;;;;;;;;;;;;;;;;;;;;;;;;;;;;;;;;;;;;12;;;;;;;;;;;;2110;975;2280;EXTRA1875CD_Produktblatt.pdf;EXTRA1875CD_Betriebsanleitung.pdf;EXTRA1875CD_Ersatzteilliste.pdf;EXTRA1875CD_Energielabel.pdf;EXTRA1875CD_Energiepfeil.png
Tefcold;Tefcold-Kühlinsel;;;;Supermarktkühltruhen;38477;EXTRA2500CD;5708181706753;5708181706753;TEFCOLD;10576,00;Glastürkühlgeräte | WandkühlregaleGlastürkühlgeräte | SupermarktkühltruhenDEALS + | Komplett in Schwarz;1275860;;;;;;;;;;Automatisch, Heißgas;;;;;;;;2200;;;;;;;;;;;;;;;4;;;;;;;;;;;;;;;;;;Elektronisch;;;;;;;;;;;;;;;;;;;;;;;4 Dreh-Glastüren;;;;;;;;;;;;;2600;2035;920;;;;;;100;;;;;;;;;;;;;700;1785;;;;;;;;;;;;;;;;;;;;;29.5;C;;15.75;5748;;;;;;;Schwarz / Glas;Schwarz;;;;;;;;;;;;;;;;;;;;6 Stellfüße;;;;;;53;;;;;;;;;;;;;;;;;;;;;;;2500;1399;610;2 x LED vertikal;;;;;;;;;3;;;;;;;;;;;;;2x144;R290 / GWP 3;;;Ventiliert;;;;;;;;;;;;;;;;;;;;;;;;Schwarz;;;;;;+25°C, 60% RH;;;;;;;;;;;;;;;;;;;;;;;;;640;1540;;;;;;;;;;;;;;;;;;;;;;;;;;;;;;;;;;;;;;;Option;;;;4 Blech schwarz, neigbar + Boden;;;;;;;;;;;;;;;;;220-240/50;;;Ja;;;;;;;;;;;Thermometer;+2 bis +6;;;;;3M1;;;;;;;;;;Nein;;;;Nein;;;;;;;;;;;;;;;;;;;;;;;;;;3.63;;;;;;;;;;;;;;;;;;;;;;;;;;;;;;;;;;;;;;8;;;;;;;;;;;;2700;975;2230;EXTRA2500CD_Produktblatt.pdf;EXTRA2500CD_Betriebsanleitung.pdf;EXTRA2500CD_Ersatzteilliste.pdf;EXTRA2500CD_Energielabel.pdf;EXTRA2500CD_Energiepfeil.png
Tefcold;Tefcold-Kühlinsel;;;;Supermarktkühltruhen;43813;Galaxy+ GP10FGD Black;44031|44912|47121|67386;5708181711221;TEFCOLD;5329,00;DEALS + | Komplett in SchwarzDEALS + | Energieeffiziente GeräteDEALS + | ProduktneuheitenGlastürkühlgeräte | SupermarktkühltruhenGlastürkühlgeräte | Wandkühlregale;1970579;;;;;;;;;;Automatisch;;;;;;;;155;;;;;;;;;;;;;;;;;;;;;;;;;;;;;;;;;Elektronisch;;;;;;;;;;;;;;;;;;;;;;;2 Dreh-Glastüren;;;;;;;;;;;;;1018;2005;750;;;;;;160;;;;;;;;;;;;;277;1083;;;;;;;;;;;;;;;;;;;;;12.7;B;;3.25;1186;;;;;;;Schwarz RAL9005;Schwarz;;;;;;;;;;;;;;;;;;;;4 Stellfüße;;;;;;55;;;;;;;;;;;;;;;;;;;;;;;938;1562;544;LED;;;;;;;;;3;;;;;;;;;;;;;110;R290 / GWP 3;;;;;;;;;;;;;;;;;;;;;;;;;;;Schwarz RAL9005;;;;;;+25°C, 60% RH;;;;;;;;;;;;;;;;;;;;;;;;;264;472;;;;;;;;;;;;;;;;;;;;;;;;;;;;;;;;;;;;;;;;;;;5 verstellbar;;;;;;;;;;;;;;;;;220-240/50;;;;;;;;;;;;;;Thermometer;-1 bis +5;;;;;;;;;;;;;;;;;;;Nein;;;;;;;;;;;;;;;;;;;;;;;;;;1.44;;;;;;;;;;;;;;;;;;;;;;;;;;;;;;;;;;;;;;30;;;;;;;;;;938x400mm;;1100;770;2320;Galaxy__GP10FGD_Black_Produktblatt.pdf;Galaxy__GP10FGD_Black_Betriebsanleitung.pdf;Galaxy__GP10FGD_Black_Ersatzteilliste.pdf;Galaxy__GP10FGD_Black_Energielabel.pdf;Galaxy__GP10FGD_Black_Energiepfeil.pdf
Tefcold;Tefcold-Kühlinsel;;;;Supermarktkühltruhen;48092;Galaxy+ GP10FGD Maxi Black;68904|68908|44914|42142|47121;5708181728779;TEFCOLD;5358,00;DEALS + | Komplett in SchwarzDEALS + | Energieeffiziente GeräteDEALS + | ProduktneuheitenGlastürkühlgeräte | SupermarktkühltruhenGlastürkühlgeräte | Wandkühlregale;1654389;;;;;;;;;;Automatisch;;;;;;;;163;;;;;;;;;;;;;;;;;;;;;;;;;;;;;;;;;Elektronisch;;;;;;;;;;;;;;;;;;;;;;;2 Dreh-Glastüren;;;;;;;;;;;;;1018;2005;880;;;;;;160;;;;;;;;;;;;;248;1300;;;;;;;;;;;;;;;;;;;;;11.3;B;;3.37;1229;;;;;;;Schwarz RAL9005;Schwarz;;;;;;;;;;;;;;;;;;;;4 Stellfüße;;;;;;55;;;;;;;;;;;;;;;;;;;;;;;938;1562;544;LED;;;;;;;;;3;;;;;;;;;;;;;110;R290 / GWP 3;;;;;;;;;;;;;;;;;;;;;;;;;;;Schwarz RAL9005;;;;;;+25°C, 60% RH;;;;;;;;;;;;;;;;;;;;;;;;;236;604;;;;;;;;;;;;;;;;;;;;;;;;;;;;;;;;;;;;;;;;;;;5 verstellbar;;;;;;;;;;;;;;;;;220-240/50;;;;;;;;;;;;;;Thermometer;-1 bis +5;;;;;;;;;;;;;;;;;;;Nein;;;;;;;;;;;;;;;;;;;;;;;;;;1.6;;;;;;;;;;;;;;;;;;;;;;;;;;;;;;;;;;;;;;28;;;;;;;;;;938x500mm;;1100;930;2320;Galaxy__GP10FGD_Maxi_Black_Produktblatt.pdf;Galaxy__GP10FGD_Maxi_Black_Betriebsanleitung.pdf;Galaxy__GP10FGD_Maxi_Black_Ersatzteilliste.pdf;Galaxy__GP10FGD_Maxi_Black_Energielabel.pdf;Galaxy__GP10FGD_Maxi_Black_Energiepfeil.pdf
Tefcold;Tefcold-Kühlinsel;;;;Supermarktkühltruhen;42275;Galaxy+ GP14FGD Black;44032|44912|47121|67388;5708181710811;TEFCOLD;5985,00;Glastürkühlgeräte | SupermarktkühltruhenGlastürkühlgeräte | WandkühlregaleDEALS + | Komplett in SchwarzDEALS + | Energieeffiziente GeräteDEALS + | Produktneuheiten;1970634;;;;;;;;;;Automatisch;;;;;;;;178;;;;;;;;;;;;;;;;;;;;;;;;;;;;;;;;;Elektronisch;;;;;;;;;;;;;;;;;;;;;;;2 Dreh-Glastüren;;;;;;;;;;;;;1330;2005;750;;;;;;160;;;;;;;;;;;;;369;1443;;;;;;;;;;;;;;;;;;;;;12;B;;3.66;1336;;;;;;;Schwarz RAL9005;Schwarz;;;;;;;;;;;;;;;;;;;;4 Stellfüße;;;;;;55;;;;;;;;;;;;;;;;;;;;;;;1250;1562;544;LED;;;;;;;;;3;;;;;;;;;;;;;140;R290 / GWP 3;;;;;;;;;;;;;;;;;;;;;;;;;;;Schwarz RAL9005;;;;;;+25°C, 60% RH;;;;;;;;;;;;;;;;;;;;;;;;;285;629;;;;;;;;;;;;;;;;;;;;;;;;;;;;;;;;;;;;;;;;;;;5 verstellbar;;;;;;;;;;;;;;;;;220-240/50;;;;;;;;;;;;;;Thermometer;-1 bis +5;;;;;;;;;;;;;;;;;;;Nein;;;;;;;;;;;;;;;;;;;;;;;;;;1.91;;;;;;;;;;;;;;;;;;;;;;;;;;;;;;;;;;;;;;23;;;;;;;;;;1250x400mm;;1350;770;2320;Galaxy__GP14FGD_Black_Produktblatt.pdf;Galaxy__GP14FGD_Black_Betriebsanleitung.pdf;Galaxy__GP14FGD_Black_Ersatzteilliste.pdf;Galaxy__GP14FGD_Black_Energielabel.pdf;Galaxy__GP14FGD_Black_Energiepfeil.pdf
Tefcold;Tefcold-Kühlinsel;;;;Supermarktkühltruhen;48099;Galaxy+ GP14FGD Maxi Black;68905|68909|48230|44914|47121;5708181728830;TEFCOLD;6283,00;DEALS + | Komplett in SchwarzDEALS + | Energieeffiziente GeräteDEALS + | ProduktneuheitenGlastürkühlgeräte | SupermarktkühltruhenGlastürkühlgeräte | Wandkühlregale;1654402;;;;;;;;;;Automatisch;;;;;;;;187;;;;;;;;;;;;;;;;;;;;;;;;;;;;;;;;;Elektronisch;;;;;;;;;;;;;;;;;;;;;;;2 Dreh-Glastüren;;;;;;;;;;;;;1330;2005;880;;;;;;160;;;;;;;;;;;;;295;1732;;;;;;;;;;;;;;;;;;;;;10.8;B;;3.8;1386;;;;;;;Schwarz RAL9005;Schwarz;;;;;;;;;;;;;;;;;;;;4 Stellfüße;;;;;;55;;;;;;;;;;;;;;;;;;;;;;;1250;1562;684;LED;;;;;;;;;3;;;;;;;;;;;;;140;R290 / GWP 3;;;;;;;;;;;;;;;;;;;;;;;;;;;Schwarz RAL9005;;;;;;+25°C, 60% RH;;;;;;;;;;;;;;;;;;;;;;;;;279;805;;;;;;;;;;;;;;;;;;;;;;;;;;;;;;;;;;;;;;;;;;;5 verstellbar;;;;;;;;;;;;;;;;;220-240/50;;;;;;;;;;;;;;Thermometer;-1 bis +5;;;;;;;;;;;;;;;;;;;Nein;;;;;;;;;;;;;;;;;;;;;;;;;;2.05;;;;;;;;;;;;;;;;;;;;;;;;;;;;;;;;;;;;;;17;;;;;;;;;;1250x500mm;;1350;930;2320;Galaxy__GP14FGD_Maxi_Black_Produktblatt.pdf;Galaxy__GP14FGD_Maxi_Black_Betriebsanleitung.pdf;Galaxy__GP14FGD_Maxi_Black_Ersatzteilliste.pdf;Galaxy__GP14FGD_Maxi_Black_Energielabel.pdf;Galaxy__GP14FGD_Maxi_Black_Energiepfeil.pdf
Tefcold;Tefcold-Kühlinsel;;;;Supermarktkühltruhen;43816;Galaxy+ GP20FGD Black;44031|44912|47121|67386;5708181711238;TEFCOLD;8565,00;DEALS + | Komplett in SchwarzDEALS + | Energieeffiziente GeräteDEALS + | ProduktneuheitenGlastürkühlgeräte | SupermarktkühltruhenGlastürkühlgeräte | Wandkühlregale;1970645;;;;;;;;;;Automatisch;;;;;;;;246;;;;;;;;;;;;;;;;;;;;;;;;;;;;;;;;;Elektronisch;;;;;;;;;;;;;;;;;;;;;;;4 Dreh-Glastüren;;;;;;;;;;;;;1955;2005;750;;;;;;160;;;;;;;;;;;;;470;2165;;;;;;;;;;;;;;;;;;;;;13.5;B;;5.47;1997;;;;;;;Schwarz RAL9005;Schwarz;;;;;;;;;;;;;;;;;;;;6 Stellfüße;;;;;;55;;;;;;;;;;;;;;;;;;;;;;;1875;1562;544;LED;;;;;;;;;3;;;;;;;;;;;;;150;R290 / GWP 3;;;;;;;;;;;;;;;;;;;;;;;;;;;Schwarz RAL9005;;;;;;+25°C, 60% RH;;;;;;;;;;;;;;;;;;;;;;;;;439;943;;;;;;;;;;;;;;;;;;;;;;;;;;;;;;;;;;;;;;;;;;;5 verstellbar;;;;;;;;;;;;;;;;;220-240/50;;;;;;;;;;;;;;Thermometer;-1 bis +5;;;;;;;;;;;;;;;;;;;Nein;;;;;;;;;;;;;;;;;;;;;;;;;;2.87;;;;;;;;;;;;;;;;;;;;;;;;;;;;;;;;;;;;;;12;;;;;;;;;;938x400mm;;2000;770;2320;Galaxy__GP20FGD_Black_Produktblatt.pdf;Galaxy__GP20FGD_Black_Betriebsanleitung.pdf;Galaxy__GP20FGD_Black_Ersatzteilliste.pdf;Galaxy__GP20FGD_Black_Energielabel.pdf;Galaxy__GP20FGD_Black_Energiepfeil.pdf
Tefcold;Tefcold-Kühlinsel;;;;Supermarktkühltruhen;48106;Galaxy+ GP20FGD Maxi Black;68906|68910|42142|44914|47121;5708181728892;TEFCOLD;8280,00;DEALS + | Komplett in SchwarzDEALS + | Energieeffiziente GeräteDEALS + | ProduktneuheitenGlastürkühlgeräte | SupermarktkühltruhenGlastürkühlgeräte | Wandkühlregale;1654419;;;;;;;;;;Automatisch;;;;;;;;259;;;;;;;;;;;;;;;;;;;;;;;;;;;;;;;;;Elektronisch;;;;;;;;;;;;;;;;;;;;;;;4 Dreh-Glastüren;;;;;;;;;;;;;1955;2005;880;;;;;;160;;;;;;;;;;;;;394;2598;;;;;;;;;;;;;;;;;;;;;12;B;;5.66;2066;;;;;;;Schwarz RAL9005;Schwarz;;;;;;;;;;;;;;;;;;;;6 Stellfüße;;;;;;55;;;;;;;;;;;;;;;;;;;;;;;1875;1562;684;LED;;;;;;;;;3;;;;;;;;;;;;;150;R290 / GWP 3;;;;;;;;;;;;;;;;;;;;;;;;;;;Schwarz RAL9005;;;;;;+25°C, 60% RH;;;;;;;;;;;;;;;;;;;;;;;;;372;1208;;;;;;;;;;;;;;;;;;;;;;;;;;;;;;;;;;;;;;;;;;;5 verstellbar;;;;;;;;;;;;;;;;;220-240/50;;;;;;;;;;;;;;Thermometer;-1 bis +5;;;;;;;;;;;;;;;;;;;Nein;;;;;;;;;;;;;;;;;;;;;;;;;;3.1;;;;;;;;;;;;;;;;;;;;;;;;;;;;;;;;;;;;;;12;;;;;;;;;;938x500mm;;2000;930;2320;Galaxy__GP20FGD_Maxi_Black_Produktblatt.pdf;Galaxy__GP20FGD_Maxi_Black_Betriebsanleitung.pdf;Galaxy__GP20FGD_Maxi_Black_Ersatzteilliste.pdf;Galaxy__GP20FGD_Maxi_Black_Energielabel.pdf;Galaxy__GP20FGD_Maxi_Black_Energiepfeil.pdf
Tefcold;Tefcold-Kühlinsel;;;;Supermarktkühltruhen;43818;Galaxy+ GP26FGD Black;44032|44912|47121|67388;5708181711245;TEFCOLD;9933,00;DEALS + | Komplett in SchwarzDEALS + | Energieeffiziente GeräteDEALS + | ProduktneuheitenGlastürkühlgeräte | SupermarktkühltruhenGlastürkühlgeräte | Wandkühlregale;1970660;;;;;;;;;;Automatisch;;;;;;;;408;;;;;;;;;;;;;;;;;;;;;;;;;;;;;;;;;Elektronisch;;;;;;;;;;;;;;;;;;;;;;;4 Dreh-Glastüren;;;;;;;;;;;;;2580;2005;750;;;;;;160;;;;;;;;;;;;;490;2887;;;;;;;;;;;;;;;;;;;;;15.3;B;;7.73;2821;;;;;;;Schwarz RAL9005;Schwarz;;;;;;;;;;;;;;;;;;;;6 Stellfüße;;;;;;55;;;;;;;;;;;;;;;;;;;;;;;2500;1562;544;LED;;;;;;;;;3;;;;;;;;;;;;;2x150;R290 / GWP 3;;;;;;;;;;;;;;;;;;;;;;;;;;;Schwarz RAL9005;;;;;;+25°C, 60% RH;;;;;;;;;;;;;;;;;;;;;;;;;459;1258;;;;;;;;;;;;;;;;;;;;;;;;;;;;;;;;;;;;;;;;;;;5 verstellbar;;;;;;;;;;;;;;;;;220-240/50;;;;;;;;;;;;;;Thermometer;-1 bis +5;;;;;;;;;;;;;;;;;;;Nein;;;;;;;;;;;;;;;;;;;;;;;;;;3.83;;;;;;;;;;;;;;;;;;;;;;;;;;;;;;;;;;;;;;8;;;;;;;;;;1250x400mm;;2650;770;2320;Galaxy__GP26FGD_Black_Produktblatt.pdf;Galaxy__GP26FGD_Black_Betriebsanleitung.pdf;Galaxy__GP26FGD_Black_Ersatzteilliste.pdf;Galaxy__GP26FGD_Black_Energielabel.pdf;Galaxy__GP26FGD_Black_Energiepfeil.pdf
Tefcold;Tefcold-Kühlinsel;;;;Supermarktkühltruhen;48113;Galaxy+ GP26FGD Maxi Black;68907|68911|48230|44914|47121;5708181728953;TEFCOLD;9854,00;DEALS + | Komplett in SchwarzDEALS + | Energieeffiziente GeräteDEALS + | ProduktneuheitenGlastürkühlgeräte | SupermarktkühltruhenGlastürkühlgeräte | Wandkühlregale;1654433;;;;;;;;;;Automatisch;;;;;;;;430;;;;;;;;;;;;;;;;;;;;;;;;;;;;;;;;;Elektronisch;;;;;;;;;;;;;;;;;;;;;;;4 Dreh-Glastüren;;;;;;;;;;;;;2580;2005;880;;;;;;160;;;;;;;;;;;;;498;3465;;;;;;;;;;;;;;;;;;;;;13.7;B;;8.02;2928;;;;;;;Schwarz RAL9005;Schwarz;;;;;;;;;;;;;;;;;;;;6 Stellfüße;;;;;;55;;;;;;;;;;;;;;;;;;;;;;;2500;1562;684;LED;;;;;;;;;3;;;;;;;;;;;;;2x150;R290 / GWP 3;;;;;;;;;;;;;;;;;;;;;;;;;;;Schwarz RAL9005;;;;;;+25°C, 60% RH;;;;;;;;;;;;;;;;;;;;;;;;;468;1610;;;;;;;;;;;;;;;;;;;;;;;;;;;;;;;;;;;;;;;;;;;5 verstellbar;;;;;;;;;;;;;;;;;220-240/50;;;;;;;;;;;;;;Thermometer;-1 bis +5;;;;;;;;;;;;;;;;;;;Nein;;;;;;;;;;;;;;;;;;;;;;;;;;4.1;;;;;;;;;;;;;;;;;;;;;;;;;;;;;;;;;;;;;;8;;;;;;;;;;1250x500mm;;2650;930;2320;Galaxy__GP26FGD_Maxi_Black_Produktblatt.pdf;Galaxy__GP26FGD_Maxi_Black_Betriebsanleitung.pdf;Galaxy__GP26FGD_Maxi_Black_Ersatzteilliste.pdf;Galaxy__GP26FGD_Maxi_Black_Energielabel.pdf;Galaxy__GP26FGD_Maxi_Black_Energiepfeil.pdf
Tefcold;Tefcold-Kühlinsel;;;;Supermarktkühltruhen;47542;Galaxy+ GPL10FGD Black;5708181727048;5708181727048;TEFCOLD;4788,00;DEALS + | Komplett in SchwarzDEALS + | Energieeffiziente GeräteDEALS + | ProduktneuheitenGlastürkühlgeräte | SupermarktkühltruhenGlastürkühlgeräte | Wandkühlregale;1644332;;;;;;;;;;Automatisch;;;;;;;;580;;;;;;;;;;;;;;;3;;;;;;;;;;;;;;;;;;Elektronisch;;;;;;;;;;;;;;;;;;;;;;;2 Dreh-Glastüren;;;;;;;;;;;;;1020;1500;740;;;;;;160;;;;;;;;;;;;;195;598;;;;;;;;;;;;;;;;;;;;;11.7;B;;2.6;949;;;;;;;Schwarz RAL9005;Schwarz;;;;;;;;;;;;;;;;;;;;4 Stellfüße;;;;;;55;;;;;;;;;;;;;;Trennwandsystem;;;;;;;;;938;1053;350;LED;;;;;;;;;3;;;;;;;;;;;;;103;R290 / GWP 3;;;Energieverbrauch;;;;;;;;;;;;;;;;;;;;;;;;Schwarz RAL9005;;;;;;+25°C, 60% RH;;;;;;;;;;;;;;;;;;;;;;;;;183;270;;;;;;;;;;;;;;;;;;;;;;;;;;;;;;;;;;;;;;;Kühlleistung Kühlraumgeräte;;;;3 verstellbar;;;;;;;;;;;;;;;;;220-240/50;;;Ja;;;;;;;;;;;Thermometer;-1 bis +5;;;;;;;;;;;;;;;Innenbeleuchtung;;;;Nein;;;;;;;;;;;;;;;;;;;;;;;;;;0.93;;;;;;;;;;;;;;;;;;;;;;;;;;;;;;;;;;;;;;28;;;;;;;;;;938x250/300/350mm;;1150;810;2350;Galaxy__GPL10FGD_Black_Produktblatt.pdf;Galaxy__GPL10FGD_Black_Betriebsanleitung.pdf;Galaxy__GPL10FGD_Black_Ersatzteilliste.pdf;Galaxy__GPL10FGD_Black_Energielabel.pdf;Galaxy__GPL10FGD_Black_Energiepfeil.png
Tefcold;Tefcold-Kühlinsel;;;;Supermarktkühltruhen;47725;Galaxy+ GPL14 Black HC;47121;5708181727352;TEFCOLD;8258,00;DEALS + | Komplett in SchwarzDEALS + | ProduktneuheitenGlastürkühlgeräte | SupermarktkühltruhenGlastürkühlgeräte | Wandkühlregale;2532683;;;;;;;;;;Automatisch;;;;;;;;533;;;;;;;;;;;;;;;;;;;;;;;;;;;;;;;;;Elektronisch;;;;;;;;;;;;;;;;;;;;;;;;;;;;;;;;;;;;1500;1500;750;;;;;;160;;;;;;;;;;;;;298;797;;;;;;;;;;;;;;;;;;;;;46.5;D;;12.8;4672;;;;;;;Schwarz RAL9005;Schwarz;;;;;;;;;;;;;;;;;;;;4 Stellfüße;;;;;;65;;;;;;;;;;;;;;;;;;;;;;;1250;1053;350;LED;;;;;;;;;3;;;;;;;;;;;;;150;R290 / GWP 3;;;;;;;;;;;;;;;;;;;;;;;;;;;Schwarz RAL9005;;;;;;+25°C, 60% RH;;;;;;;;;;;;;;;;;;;;;;;;;280;360;;;;;;;;;;;;;;;;;;;;;;;;;;;;;;;;;;;;;;;;;;;3 verstellbar;;;;;;;;;;;;;;;;;220-240/50;;;;;;;;;;;;;;Thermometer;-1 bis +5;;;;;;;;;;;;;;;;;;;;;;;;;;;;;;;;;;;;;;;;;;;;;1.39;;;;;;;;;;;;;;;;;;;;;;;;;;;;;;;;;;;;;;13;;;;;;;;;;1250x250/300/350mm;;1800;860;1800;Galaxy__GPL14_Black_HC_Produktblatt.pdf;Galaxy__GPL14_Black_HC_Betriebsanleitung.pdf;Galaxy__GPL14_Black_HC_Ersatzteilliste.pdf;Galaxy__GPL14_Black_HC_Energielabel.pdf;Galaxy__GPL14_Black_HC_Energiepfeil.pdf
Tefcold;Tefcold-Kühlinsel;;;;Supermarktkühltruhen;47722;Galaxy+ GPL14FGD Black;68909|67830|48230|44914|47121;5708181727338;TEFCOLD;5773,00;DEALS + | Komplett in SchwarzDEALS + | Energieeffiziente GeräteDEALS + | ProduktneuheitenGlastürkühlgeräte | SupermarktkühltruhenGlastürkühlgeräte | Wandkühlregale;1610930;;;;;;;;;;Automatisch;;;;;;;;583;;;;;;;;;;;;;;;;;;;;;;;;;;;;;;;;;Elektronisch;;;;;;;;;;;;;;;;;;;;;;;Dreh-Glastüren;;;;;;;;;;;;;1330;1500;740;;;;;;160;;;;;;;;;;;;;219.6;797;;;;;;;;;;;;;;;;;;;;;11.8;B;;3.1;1132;;;;;;;Schwarz RAL9005;Schwarz;;;;;;;;;;;;;;;;;;;;4 Stellfüße;;;;;;55;;;;;;;;;;;;;;;;;;;;;;;1250;1053;350;LED;;;;;;;;;3;;;;;;;;;;;;;108;R290 / GWP 3;;;;;;;;;;;;;;;;;;;;;;;;;;;Schwarz RAL9005;;;;;;+25°C, 60% RH;;;;;;;;;;;;;;;;;;;;;;;;;202.6;360;;;;;;;;;;;;;;;;;;;;;;;;;;;;;;;;;;;;;;;;;;;3 verstellbar;;;;;;;;;;;;;;;;;220-240/50;;;;;;;;;;;;;;Thermometer;-1 bis +5;;;;;;;;;;;;;;;;;;;Nein;;;;;;;;;;;;;;;;;;;;;;;;;;1.28;;;;;;;;;;;;;;;;;;;;;;;;;;;;;;;;;;;;;;22;;;;;;;;;;1250x250/300/350mm;;1500;810;2350;Galaxy__GPL14FGD_Black_Produktblatt.pdf;Galaxy__GPL14FGD_Black_Betriebsanleitung.pdf;Galaxy__GPL14FGD_Black_Ersatzteilliste.pdf;Galaxy__GPL14FGD_Black_Energielabel.pdf;Galaxy__GPL14FGD_Black_Energiepfeil.pdf
Tefcold;Tefcold-Kühlinsel;;;;Supermarktkühltruhen;48026;Galaxy+ GPL20FGD Black;68908|47698|42142|44914|47121;5708181728182;TEFCOLD;7183,00;DEALS + | Komplett in SchwarzDEALS + | Energieeffiziente GeräteDEALS + | ProduktneuheitenGlastürkühlgeräte | SupermarktkühltruhenGlastürkühlgeräte | Wandkühlregale;1659503;;;;;;;;;;Automatisch;;;;;;;;829;;;;;;;;;;;;;;;;;;;;;;;;;;;;;;;;;Elektronisch;;;;;;;;;;;;;;;;;;;;;;;Dreh-Glastüren;;;;;;;;;;;;;1955;1500;740;;;;;;160;;;;;;;;;;;;;337.6;1195;;;;;;;;;;;;;;;;;;;;;13.7;B;;4.6;1679;;;;;;;Schwarz RAL9005;Schwarz;;;;;;;;;;;;;;;;;;;;6 Stellfüße;;;;;;55;;;;;;;;;;;;;;;;;;;;;;;1875;1053;350;LED;;;;;;;;;3;;;;;;;;;;;;;145;R290 / GWP 3;;;;;;;;;;;;;;;;;;;;;;;;;;;Schwarz RAL9005;;;;;;+25°C, 60% RH;;;;;;;;;;;;;;;;;;;;;;;;;315.6;540;;;;;;;;;;;;;;;;;;;;;;;;;;;;;;;;;;;;;;;;;;;3 verstellbar;;;;;;;;;;;;;;;;;220-240/50;;;;;;;;;;;;;;Thermometer;-1 bis +5;;;;;;;;;;;;;;;;;;;Nein;;;;;;;;;;;;;;;;;;;;;;;;;;2.08;;;;;;;;;;;;;;;;;;;;;;;;;;;;;;;;;;;;;;14;;;;;;;;;;938x250/300/350mm;;2100;810;2350;Galaxy__GPL20FGD_Black_Produktblatt.pdf;Galaxy__GPL20FGD_Black_Betriebsanleitung.pdf;Galaxy__GPL20FGD_Black_Ersatzteilliste.pdf;Galaxy__GPL20FGD_Black_Energielabel.pdf;Galaxy__GPL20FGD_Black_Energiepfeil.pdf
Tefcold;Tefcold-Kühlinsel;;;;Supermarktkühltruhen;48033;Galaxy+ GPL26FGD Black;68909|67830|44914|48230|47121;5708181728243;TEFCOLD;7910,00;DEALS + | Komplett in SchwarzDEALS + | Energieeffiziente GeräteDEALS + | ProduktneuheitenGlastürkühlgeräte | SupermarktkühltruhenGlastürkühlgeräte | Wandkühlregale;1659547;;;;;;;;;;Automatisch;;;;;;;;842;;;;;;;;;;;;;;;;;;;;;;;;;;;;;;;;;Elektronisch;;;;;;;;;;;;;;;;;;;;;;;Dreh-Glastüren;;;;;;;;;;;;;2580;1500;740;;;;;;160;;;;;;;;;;;;;402.2;1594;;;;;;;;;;;;;;;;;;;;;16.9;B;;6.9;2519;;;;;;;Schwarz RAL9005;Schwarz;;;;;;;;;;;;;;;;;;;;6 Stellfüße;;;;;;55;;;;;;;;;;;;;;;;;;;;;;;2500;1053;350;LED;;;;;;;;;3;;;;;;;;;;;;;2x174;R290 / GWP 3;;;;;;;;;;;;;;;;;;;;;;;;;;;Schwarz RAL9005;;;;;;+25°C, 60% RH;;;;;;;;;;;;;;;;;;;;;;;;;372.2;720;;;;;;;;;;;;;;;;;;;;;;;;;;;;;;;;;;;;;;;;;;;3 verstellbar;;;;;;;;;;;;;;;;;220-240/50;;;;;;;;;;;;;;Thermometer;-1 bis +5;;;;;;;;;;;;;;;;;;;Nein;;;;;;;;;;;;;;;;;;;;;;;;;;2.56;;;;;;;;;;;;;;;;;;;;;;;;;;;;;;;;;;;;;;8;;;;;;;;;;1250x250/300/350mm;;2750;810;2350;Galaxy__GPL26FGD_Black_Produktblatt.pdf;Galaxy__GPL26FGD_Black_Betriebsanleitung.pdf;Galaxy__GPL26FGD_Black_Ersatzteilliste.pdf;Galaxy__GPL26FGD_Black_Energielabel.pdf;Galaxy__GPL26FGD_Black_Energiepfeil.pdf
Tefcold;Tefcold-Kühlinsel;;;;Supermarktkühltruhen;45599;MCX130M;5708181722401;5708181722401;TEFCOLD;7986,00;Glastürkühlgeräte | WandkühlregaleGlastürkühlgeräte | Supermarktkühltruhen;1444019;;;;;;;;;;Automatisch;;;;;;;;1080;;;;;;;;;;;;;;;;;;;;;;;;;;;;;;;;;Elektronisch;;;;;;;;;;;;;;;;;;;;;;;Edelstahl;;;;;;;;;;;;;1312;1994;740;;;;;;;;;;;;;;;;;;;310;680;;;;;;;;;;;;;;;;;;;;;71.8;F;;17.67;6449;;;;;;;SS 304;Edelstahl;;;;;;;;;;;;;;;;;;;;;;;;;;61;;;;;;;;;;;;;;;;;;;;;;;1250;1250;436;LED als option;;;;;;;;;3;;;;;;;;;;;;;2 x 140;R290 / GWP 3;;;Ventiliert;;;;;;;;;;;;;;;;;;;;;;;;SS 304;;;;;;+25°C, 60% RH;;;;;;;;;;;;;;;;;;;;;;;;;230;580;;;;;;;;;;;;;;;;;;;;;;;;;;;;;;;;;;;;;;;Rollen;;;;4 verstellbar;;;;;;;;;;;;;;;;;220-240/50;;;Ja;;;;;;;;;;;Thermometer;-1 bis +5;;;;;;;;;;;;;;;Verstärkte Rollen;;;;;;;;;;;;;;;;;;;;;;;;;;;;;;1.46;;;;;;;;;;;;;;;;;;;;;;;;;;;;;;;;;;;;;;22;;;;;;;;;;;;1400;790;2150;MCX130M_Produktblatt.pdf;MCX130M_Betriebsanleitung.pdf;MCX130M_Ersatzteilliste.pdf;MCX130M_Energielabel.pdf;MCX130M_Energiepfeil.png
Tefcold;Tefcold-Kühlinsel;;;;Supermarktkühltruhen;45598;MCX90M;5708181722395;5708181722395;TEFCOLD;5959,00;Glastürkühlgeräte | WandkühlregaleGlastürkühlgeräte | Supermarktkühltruhen;1444017;;;;;;;;;;Automatisch;;;;;;;;670;;;;;;;;;;;;;;;4;;;;;;;;;;;;;;;;;;Elektronisch;;;;;;;;;;;;;;;;;;;;;;;4;;;;;;;;;;;;;868;1994;740;;;;;;;;;;;;;;;;;;;225;440;;;;;;;;;;;;;;;;;;;;;56;E;;10.59;3865;;;;;;;SS 304;Edelstahl;;;;;;;;;;;;;;;;;;;;;;;;;;56;;;;;;;;;;;;;;;;;;;;;;;806;1250;436;15 W, Neon;;;;;;;;;3;;;;;;;;;;;;;149;R290 / GWP 3;;;Umluft;;;;;;;;;;;;;;;;;;;;;;;;SS 304;;;;;;+25°C, 60% RH;;;;;;;;;;;;;;;;;;;;;;;;;160;370;;;;;;;;;;;;;;;;;;;;;;;;;;;;;;;;;;;;;;;Rollen;;;;4 verstellbar;;;;;;;;;;;;;;;;;220-240/50;;;Ja;;;;;;;;;;;Thermometer;-1 bis +5;;;;;;;;;;;;;;;Verstärkte Rollen;;;;;;;;;;;;;;;;;;;;;;;;;;;;;;0.89;;;;;;;;;;;;;;;;;;;;;;;;;;;;;;;;;;;;;;28;;;;;;;;;;;;980;790;2150;MCX90M_Produktblatt.pdf;MCX90M_Betriebsanleitung.pdf;MCX90M_Ersatzteilliste.pdf;MCX90M_Energielabel.pdf;MCX90M_Energiepfeil.png
Tefcold;Tefcold-Kühlinsel;;;;Supermarktkühltruhen;55392;MDCA1250HB;5708181741174;5708181741174;TEFCOLD;5985,00;DEALS + | Energieeffiziente GeräteDEALS + | Komplett in SchwarzGlastürkühlgeräte | SupermarktkühltruhenGlastürkühlgeräte | Wandkühlregale;2297015;;;;;;;;;;Automatisch;;;;;;;;807;;;;;;;;;;;;;;;5;;;;;;;;;;;;;;;;;;Elektronisch;;;;;;;;;;;;;;;;;;;;;;;2 Dreh-Glastür;;;;;;;;;;;;;1330;2095;805;;;;;;120;;;;;;;;;;;;;370;1049;;;;;;;;;;;;;;;;;;;;;16.4;B;;5.11;1865;;;;;;;Schwarz RAL9005;Schwarz;;;;;;;;;;;;;;;;;;;;Stellfüße;;;;;;60;;;;;;;;;;;;;;;;;;;;;;;1250;1512;565;Ja;;;;;;;;;3;;;;;;;;;;;;;130;R290 / GWP 3;;;;;;;;;;;;;;;;;;;;;;;;;;;Schwarz RAL9005;;;;;;+25°C, 60% RH;;;;;;;;;;;;;;;;;;;;;;;;;335;740;;;;;;;;;;;;;;;;;;;;;;;;;;;;;;;;;;;;;;;;;;;5 Blech schwarz;;;;;;;;;;;;;;;;;220-240/50;;;Ja;;;;;;;;;;;Thermometer;-1 bis +5;;;;;3M1;;;;;;;;;;;;;;Nein;;;;;;;;;;;;;;;;;;;;;;;;;;1.7;;;;;;;;;;;;;;;;;;;;;;;;;;;;;;;;;;;;;;21;40;;;;;;;;;1250x400;;1400;900;2400;MDCA1250HB_Produktblatt.pdf;MDCA1250HB_Betriebsanleitung.pdf;MDCA1250HB_Ersatzteilliste.pdf;MDCA1250HB_Energielabel.pdf;MDCA1250HB_Energiepfeil.png
Tefcold;Tefcold-Kühlinsel;;;;Supermarktkühltruhen;71017;MDCA1875HB-2;5708181758950;5708181758950;TEFCOLD;8345,00;DEALS + | ProduktneuheitenDEALS + | Komplett in SchwarzDEALS + | Energieeffiziente GeräteGlastürkühlgeräte | SupermarktkühltruhenGlastürkühlgeräte | Wandkühlregale;2540260;;;;;;;;;;Automatisch;;;;;;;;912;;;;;;;;;;;;;;;10;;;;;;;;;;;;;;;;;;Elektronisch;;;;;;;;;;;;;;;;;;;;;;;3 Dreh-Glastür;;;;;;;;;;;;;1955;2095;805;;;;;;120;;;;;;;;;;;;;450;1573;;;;;;;;;;;;;;;;;;;;;14.8;B;;6.2;2263;;;;;;;Schwarz RAL9005;Schwarz;;;;;;;;;;;;;;;;;;;;Stellfüße;;;;;;;;;;;;;;;;;;;;;;;;;;;;;1875;1512;565;Ja;;;;;;;;;3;;;;;;;;;;;;;150;R290 / GWP 3;;;;;;;;;;;;;;;;;;;;;;;;;;;Schwarz RAL9005;;;;;;+25°C, 60% RH;;;;;;;;;;;;;;;;;;;;;;;;;408;1110;;;;;;;;;;;;;;;;;;;;;;;;;;;;;;;;;;;;;;;;;;;10 Blech schwarz;;;;;;;;;;;;;;;;;220-240/50;;;Ja;;;;;;;;;;;Thermometer;-1 bis +5;;;;;3M1;;;;;;;;;;;;;;Nein;;;;;;;;;;;;;;;;;;;;;;;;;;2.63;;;;;;;;;;;;;;;;;;;;;;;;;;;;;;;;;;;;;;13;40;;;;;;;;;937x400;;2100;900;2400;MDCA1875HB-2_Produktblatt.pdf;MDCA1875HB-2_Betriebsanleitung.pdf;MDCA1875HB-2_Ersatzteilliste.pdf;MDCA1875HB-2_Energielabel.pdf;MDCA1875HB-2_Energiepfeil.png
Tefcold;Tefcold-Kühlinsel;;;;Supermarktkühltruhen;55400;MDCA2500HB;5708181741211;5708181741211;TEFCOLD;9687,00;DEALS + | Energieeffiziente GeräteDEALS + | Komplett in SchwarzGlastürkühlgeräte | SupermarktkühltruhenGlastürkühlgeräte | Wandkühlregale;2297015;;;;;;;;;;Automatisch;;;;;;;;1114;;;;;;;;;;;;;;;10;;;;;;;;;;;;;;;;;;Elektronisch;;;;;;;;;;;;;;;;;;;;;;;4 Dreh-Glastür;;;;;;;;;;;;;2580;2095;805;;;;;;120;;;;;;;;;;;;;560;2098;;;;;;;;;;;;;;;;;;;;;14.1;B;;7.41;2705;;;;;;;Schwarz RAL9005;Schwarz;;;;;;;;;;;;;;;;;;;;Stellfüße;;;;;;60;;;;;;;;;;;;;;;;;;;;;;;2500;1512;565;Ja;;;;;;;;;3;;;;;;;;;;;;;2x130;R290 / GWP 3;;;;;;;;;;;;;;;;;;;;;;;;;;;Schwarz RAL9005;;;;;;+25°C, 60% RH;;;;;;;;;;;;;;;;;;;;;;;;;512;1480;;;;;;;;;;;;;;;;;;;;;;;;;;;;;;;;;;;;;;;;;;;10 Blech schwarz;;;;;;;;;;;;;;;;;220-240/50;;;Ja;;;;;;;;;;;Thermometer;-1 bis +5;;;;;3M1;;;;;;;;;;;;;;Nein;;;;;;;;;;;;;;;;;;;;;;;;;;3.55;;;;;;;;;;;;;;;;;;;;;;;;;;;;;;;;;;;;;;8;40;;;;;;;;;1250x400;;2700;900;2400;MDCA2500HB_Produktblatt.pdf;MDCA2500HB_Betriebsanleitung.pdf;MDCA2500HB_Ersatzteilliste.pdf;MDCA2500HB_Energielabel.pdf;MDCA2500HB_Energiepfeil.png
Tefcold;Tefcold-Kühlinsel;;;;Supermarktkühltruhen;55403;MDCA3750HB;5708181741235;5708181741235;TEFCOLD;12910,00;DEALS + | Energieeffiziente GeräteDEALS + | Komplett in SchwarzGlastürkühlgeräte | SupermarktkühltruhenGlastürkühlgeräte | Wandkühlregale;2144322;;;;;;;;;;Automatisch;;;;;;;;1324;;;;;;;;;;;;;;;15;;;;;;;;;;;;;;;;;;Elektronisch;;;;;;;;;;;;;;;;;;;;;;;6 Dreh-Glastür;;;;;;;;;;;;;3830;2095;805;;;;;;120;;;;;;;;;;;;;780;3147;;;;;;;;;;;;;;;;;;;;;19.68;B;;14.75;5384;;;;;;;Schwarz RAL9005;Schwarz;;;;;;;;;;;;;;;;;;;;Stellfüße;;;;;;60;;;;;;;;;;;;;;;;;;;;;;;3750;1512;565;Ja;;;;;;;;;3;;;;;;;;;;;;;2x150;R290 / GWP 3;;;;;;;;;;;;;;;;;;;;;;;;;;;Schwarz RAL9005;;;;;;+25°C, 60% RH;;;;;;;;;;;;;;;;;;;;;;;;;720;2220;;;;;;;;;;;;;;;;;;;;;;;;;;;;;;;;;;;;;;;;;;;15 Blech schwarz;;;;;;;;;;;;;;;;;220-240/50;;;Ja;;;;;;;;;;;Thermometer;-1 bis +5;;;;;3M1;;;;;;;;;;;;;;Nein;;;;;;;;;;;;;;;;;;;;;;;;;;5.51;;;;;;;;;;;;;;;;;;;;;;;;;;;;;;;;;;;;;;6;40;;;;;;;;;1250x400;;3950;900;2400;MDCA3750HB_Produktblatt.pdf;MDCA3750HB_Betriebsanleitung.pdf;MDCA3750HB_Ersatzteilliste.pdf;MDCA3750HB_Energielabel.pdf;MDCA3750HB_Energiepfeil.png
Tefcold;Tefcold-Kühlinsel;;;;Supermarktkühltruhen;55389;MDCA937HB;5708181741150;5708181741150;TEFCOLD;5189,00;DEALS + | Komplett in SchwarzGlastürkühlgeräte | Supermarktkühltruhen;2143143;;;;;;;;;;Automatisch;;;;;;;;795;;;;;;;;;;;;;;;5;;;;;;;;;;;;;;;;;;Elektronisch;;;;;;;;;;;;;;;;;;;;;;;2 Dreh-Glastür;;;;;;;;;;;;;1017;2095;805;;;;;;120;;;;;;;;;;;;;290;786;;;;;;;;;;;;;;;;;;;;;16.4;B;;4.32;1577;;;;;;;Schwarz RAL9005;Schwarz;;;;;;;;;;;;;;;;;;;;Stellfüße;;;;;;60;;;;;;;;;;;;;;;;;;;;;;;937;1512;565;Ja;;;;;;;;;3;;;;;;;;;;;;;120;R290 / GWP 3;;;;;;;;;;;;;;;;;;;;;;;;;;;Schwarz RAL9005;;;;;;+25°C, 60% RH;;;;;;;;;;;;;;;;;;;;;;;;;260;555;;;;;;;;;;;;;;;;;;;;;;;;;;;;;;;;;;;;;;;;;;;5 Blech schwarz;;;;;;;;;;;;;;;;;220-240/50;;;Ja;;;;;;;;;;;Thermometer;-1 bis +5;;;;;3M1;;;;;;;;;;;;;;Nein;;;;;;;;;;;;;;;;;;;;;;;;;;1.29;;;;;;;;;;;;;;;;;;;;;;;;;;;;;;;;;;;;;;26;40;;;;;;;;;937x400;;1150;900;2400;MDCA937HB_Produktblatt.pdf;MDCA937HB_Betriebsanleitung.pdf;MDCA937HB_Ersatzteilliste.pdf;MDCA937HB_Energielabel.pdf;MDCA937HB_Energiepfeil.png
Tefcold;Tefcold-Kühlinsel;;;;Supermarktkühltruhen;71837;MDCB1250HB;5708181761752;5708181761752;TEFCOLD;6564,00;DEALS + | ProduktneuheitenDEALS + | Komplett in SchwarzDEALS + | Energieeffiziente GeräteGlastürkühlgeräte | SupermarktkühltruhenGlastürkühlgeräte | Wandkühlregale;2651559;;;;;;;;;;Automatisch;;;;;;;;807;;;;;;;;;;;;;;;5;;;;;;;;;;;;;;;;;;Elektronisch;;;;;;;;;;;;;;;;;;;;;;;2 Dreh-Glastür;;;;;;;;;;;;;1330;2100;1005;;;;;;120;;;;;;;;;;;;;371;1229;;;;;;;;;;;;;;;;;;;;;15.5;B;;4.83;1762.95;;;;;;;Schwarz RAL9005;Schwarz;;;;;;;;;;;;;;;;;;;;Stellfüße;;;;;;59;;;;;;;;;;;;;;;;;;;;;;;1250;1512;650;Ja;;;;;;;;;3;;;;;;;;;;;;;120;R290 / GWP 3;;;;;;;;;;;;;;;;;;;;;;;;;;;Schwarz RAL9005;;;;;;+25°C, 60% RH;;;;;;;;;;;;;;;;;;;;;;;;;337;1095;;;;;;;;;;;;;;;;;;;;;;;;;;;;;;;;;;;;;;;;;;;5 verstellbar;;;;;;;;;;;;;;;;;220-240/50;;;Ja;;;;;;;;;;;Thermometer;-1 bis +5;;;;;3M1;;;;;;;;;;;;;;;;;;;;;;;;;;;;;;;;;;;;;;;;1.7;;;;;;;;;;;;;;;;;;;;;;;;;;;;;;;;;;;;;;16;40;;;;;;;;;1250x600;;1400;1105;2400;MDCB1250HB_Produktblatt.pdf;MDCB1250HB_Betriebsanleitung.pdf;MDCB1250HB_Ersatzteilliste.pdf;MDCB1250HB_Energielabel.pdf;MDCB1250HB_Energiepfeil.png
Tefcold;Tefcold-Kühlinsel;;;;Supermarktkühltruhen;71838;MDCB1875HB;5708181761769;5708181761769;TEFCOLD;8582,00;DEALS + | ProduktneuheitenDEALS + | Komplett in SchwarzDEALS + | Energieeffiziente GeräteGlastürkühlgeräte | SupermarktkühltruhenGlastürkühlgeräte | Wandkühlregale;2651564;;;;;;;;;;Automatisch;;;;;;;;850;;;;;;;;;;;;;;;10;;;;;;;;;;;;;;;;;;Elektronisch;;;;;;;;;;;;;;;;;;;;;;;3 Dreh-Glastür;;;;;;;;;;;;;1955;2100;1005;;;;;;120;;;;;;;;;;;;;410;1843;;;;;;;;;;;;;;;;;;;;;14.6;B;;6.11;2230.15;;;;;;;Schwarz RAL9005;Schwarz;;;;;;;;;;;;;;;;;;;;Stellfüße;;;;;;59;;;;;;;;;;;;;;;;;;;;;;;1875;1512;650;Ja;;;;;;;;;3;;;;;;;;;;;;;120;R290 / GWP 3;;;;;;;;;;;;;;;;;;;;;;;;;;;Schwarz RAL9005;;;;;;+25°C, 60% RH;;;;;;;;;;;;;;;;;;;;;;;;;380;1643;;;;;;;;;;;;;;;;;;;;;;;;;;;;;;;;;;;;;;;;;;;10 verstellbar;;;;;;;;;;;;;;;;;220-240/50;;;Ja;;;;;;;;;;;Thermometer;-1 bis +5;;;;;3M1;;;;;;;;;;;;;;;;;;;;;;;;;;;;;;;;;;;;;;;;2.63;;;;;;;;;;;;;;;;;;;;;;;;;;;;;;;;;;;;;;11;40;;;;;;;;;937x600;;2100;1105;2400;MDCB1875HB_Produktblatt.pdf;MDCB1875HB_Betriebsanleitung.pdf;MDCB1875HB_Ersatzteilliste.pdf;MDCB1875HB_Energielabel.pdf;MDCB1875HB_Energiepfeil.png
Tefcold;Tefcold-Kühlinsel;;;;Supermarktkühltruhen;71839;MDCB2500HB;5708181761776;5708181761776;TEFCOLD;10302,00;DEALS + | ProduktneuheitenDEALS + | Komplett in SchwarzDEALS + | Energieeffiziente GeräteGlastürkühlgeräte | SupermarktkühltruhenGlastürkühlgeräte | Wandkühlregale;2651574;;;;;;;;;;Automatisch;;;;;;;;1614;;;;;;;;;;;;;;;10;;;;;;;;;;;;;;;;;;Elektronisch;;;;;;;;;;;;;;;;;;;;;;;4 Dreh-Glastür;;;;;;;;;;;;;2580;2100;1005;;;;;;120;;;;;;;;;;;;;580;2457;;;;;;;;;;;;;;;;;;;;;15.6;B;;8.16;2978.4;;;;;;;Schwarz RAL9005;Schwarz;;;;;;;;;;;;;;;;;;;;Stellfüße;;;;;;59;;;;;;;;;;;;;;;;;;;;;;;2500;1512;650;Ja;;;;;;;;;3;;;;;;;;;;;;;120;R290 / GWP 3;;;;;;;;;;;;;;;;;;;;;;;;;;;Schwarz RAL9005;;;;;;+25°C, 60% RH;;;;;;;;;;;;;;;;;;;;;;;;;540;2190;;;;;;;;;;;;;;;;;;;;;;;;;;;;;;;;;;;;;;;;;;;10 verstellbar;;;;;;;;;;;;;;;;;220-240/50;;;Ja;;;;;;;;;;;Thermometer;-1 bis +5;;;;;3M1;;;;;;;;;;;;;;;;;;;;;;;;;;;;;;;;;;;;;;;;3.55;;;;;;;;;;;;;;;;;;;;;;;;;;;;;;;;;;;;;;8;40;;;;;;;;;1250x600;;2700;1105;2400;MDCB2500HB_Produktblatt.pdf;MDCB2500HB_Betriebsanleitung.pdf;MDCB2500HB_Ersatzteilliste.pdf;MDCB2500HB_Energielabel.pdf;MDCB2500HB_Energiepfeil.png
Tefcold;Tefcold-Kühlinsel;;;;Supermarktkühltruhen;71840;MDCB3750HB;5708181761783;5708181761783;TEFCOLD;14363,00;DEALS + | ProduktneuheitenDEALS + | Komplett in SchwarzDEALS + | Energieeffiziente GeräteGlastürkühlgeräte | SupermarktkühltruhenGlastürkühlgeräte | Wandkühlregale;2651578;;;;;;;;;;Automatisch;;;;;;;;1700;;;;;;;;;;;;;;;15;;;;;;;;;;;;;;;;;;Elektronisch;;;;;;;;;;;;;;;;;;;;;;;6 Dreh-Glastür;;;;;;;;;;;;;3830;2100;1005;;;;;;120;;;;;;;;;;;;;800;3686;;;;;;;;;;;;;;;;;;;;;15.8;B;;11.61;4237.65;;;;;;;Schwarz RAL9005;Schwarz;;;;;;;;;;;;;;;;;;;;Stellfüße;;;;;;59;;;;;;;;;;;;;;;;;;;;;;;3750;1512;650;Ja;;;;;;;;;3;;;;;;;;;;;;;120;R290 / GWP 3;;;;;;;;;;;;;;;;;;;;;;;;;;;Schwarz RAL9005;;;;;;+25°C, 60% RH;;;;;;;;;;;;;;;;;;;;;;;;;760;3285;;;;;;;;;;;;;;;;;;;;;;;;;;;;;;;;;;;;;;;;;;;15 verstellbar;;;;;;;;;;;;;;;;;220-240/50;;;Ja;;;;;;;;;;;Thermometer;-1 bis +5;;;;;3M1;;;;;;;;;;;;;;;;;;;;;;;;;;;;;;;;;;;;;;;;5.4;;;;;;;;;;;;;;;;;;;;;;;;;;;;;;;;;;;;;;6;40;;;;;;;;;1250x600;;3950;1105;2400;MDCB3750HB_Produktblatt.pdf;MDCB3750HB_Betriebsanleitung.pdf;MDCB3750HB_Ersatzteilliste.pdf;MDCB3750HB_Energielabel.pdf;MDCB3750HB_Energiepfeil.png
Tefcold;Tefcold-Kühlinsel;;;;Supermarktkühltruhen;71836;MDCB937HB;5708181761745;5708181761745;TEFCOLD;5689,00;DEALS + | ProduktneuheitenDEALS + | Komplett in SchwarzDEALS + | Energieeffiziente GeräteGlastürkühlgeräte | SupermarktkühltruhenGlastürkühlgeräte | Wandkühlregale;2651520;;;;;;;;;;Automatisch;;;;;;;;795;;;;;;;;;;;;;;;5;;;;;;;;;;;;;;;;;;Elektronisch;;;;;;;;;;;;;;;;;;;;;;;2 Dreh-Glastür;;;;;;;;;;;;;1017;2100;1005;;;;;;120;;;;;;;;;;;;;292;921;;;;;;;;;;;;;;;;;;;;;11.5;B;;3.04;1109.6;;;;;;;Schwarz RAL9005;Schwarz;;;;;;;;;;;;;;;;;;;;Stellfüße;;;;;;59;;;;;;;;;;;;;;;;;;;;;;;937;1512;650;Ja;;;;;;;;;3;;;;;;;;;;;;;120;R290 / GWP 3;;;;;;;;;;;;;;;;;;;;;;;;;;;Schwarz RAL9005;;;;;;+25°C, 60% RH;;;;;;;;;;;;;;;;;;;;;;;;;258;821;;;;;;;;;;;;;;;;;;;;;;;;;;;;;;;;;;;;;;;;;;;5 verstellbar;;;;;;;;;;;;;;;;;220-240/50;;;Ja;;;;;;;;;;;Thermometer;-1 bis +5;;;;;3M1;;;;;;;;;;;;;;;;;;;;;;;;;;;;;;;;;;;;;;;;1.29;;;;;;;;;;;;;;;;;;;;;;;;;;;;;;;;;;;;;;22;40;;;;;;;;;937x600;;1150;1105;2400;MDCB937HB_Produktblatt.pdf;MDCB937HB_Betriebsanleitung.pdf;MDCB937HB_Ersatzteilliste.pdf;MDCB937HB_Energielabel.pdf;MDCB937HB_Energiepfeil.png
Tefcold;Tefcold-Kühlinsel;;;;Supermarktkühltruhen;41038;MTF185;5708181707613;5708181707613;TEFCOLD;6209,00;Gefriergeräte | Supermarkt – TiefkühltruhenGlastürkühlgeräte | Supermarktkühltruhen;1295612;;;;;;;;;;Automatisch;;;;;;;;1057;;;;;;;;;;;;;;;;;;;;;;;;;;;;;;;;;Elektronisch;;;;;;;;;;;;;;;;;;;;;;;3 Selbstschließende, beheizte Glastüren;;;;;;;;;;;;;1850;2430;745;;;;;;196;;;;;;;;;;;;;334;779;;;;;;;;;;;;;;;;;;;;;49.4;D;;14.57;5318;;;;;;;Weiß;Weiß;;;;;;;;;;;;;;;;;;;;;;;;;;58;;;;;;;;;;;;;;;;;;;;;;;1730;947;480;LED;;;;;;;;;4;;;;;;;;;;;;;135;R290 / GWP 3;;;Ventiliert;;;;;;;;;;;;;;;;;;;;;;;;Stahlblech, verzinkt, mit weißer Lackierung;;;;;;+30°C, 55% RH;;;;;;;;;;;;;;;;;;;;;;;;;272;545;;;;;;;;;;;;;;;;;;;;;;;;;;;;;;;;;;;;;;;;;;;9 einstellbare Tragroste, weiß;;;;;;;;;;;;;;;;;220-240/50;;;Ja;;;;;;;;;;;Thermometer;-24 bis -18 / -1 bis +8;;;;;;;;;;;;;;;Nein;;Ja;;Nein;;;;;;;;;;;;;;;;;;;;;;;;;;1;;;;;;;;;;;;;;;;;;;;;;;;;;;;;;;;;;;;;;15;;;;;;;;;;510x423;510 x 375;1975;790;1630;MTF185_Produktblatt.pdf;MTF185_Betriebsanleitung.pdf;MTF185_Ersatzteilliste.pdf;MTF185_Energielabel.pdf;MTF185_Energiepfeil.png
Tefcold;Tefcold-Kühlinsel;;;;Supermarktkühltruhen;41039;MTF185 VS;5708181707620;5708181707620;TEFCOLD;6568,00;Gefriergeräte | Supermarkt – TiefkühltruhenGlastürkühlgeräte | Supermarktkühltruhen;1336315;;;;;;;;;;Automatisch;;;;;;;;1057;;;;;;;;;;;;;;;;;;;;;;;;;;;;;;;;;Elektronisch;;;;;;;;;;;;;;;;;;;;;;;3 Selbstschließende, beheizte Glastüren;;;;;;;;;;;;;1850;2430;745;;;;;;196;;;;;;;;;;;;;334;779;;;;;;;;;;;;;;;;;;;;;24.8;C;;7.32;2672;;;;;;;Weiß;Weiß;;;;;;;;;;;;;;;;;;;;;;;;;;58;;;;;;;;;;;;;;;;;;;;;;;1730;947;480;LED;;;;;;;;;4;;;;;;;;;;;;;135;R290 / GWP 3;;;Ventiliert;;;;;;;;;;;;;;;;;;;;;;;;Stahlblech, verzinkt, mit weißer Lackierung;;;;;;+30°C, 55% RH;;;;;;;;;;;;;;;;;;;;;;;;;272;545;;;;;;;;;;;;;;;;;;;;;;;;;;;;;;;;;;;;;;;;;;;9 einstellbare Tragroste, weiß;;;;;;;;;;;;;;;;;220-240/50;;;Ja;;;;;;;;;;;Thermometer;-24 bis -18 / -1 bis +8;;;;;;;;;;;;;;;Nein;;Ja;;Nein;;;;;;;;;;;;;;;;;;;;;;;;;;1;;;;;;;;;;;;;;;;;;;;;;;;;;;;;;;;;;;;;;15;;;;;;;;;;510x423;510 x 375;1975;790;1630;MTF185_VS_Produktblatt.pdf;MTF185_VS_Betriebsanleitung.pdf;MTF185_VS_Ersatzteilliste.pdf;MTF185_VS_Energielabel.pdf;MTF185_VS_Energiepfeil.png
Tefcold;Tefcold-Kühlinsel;;;;Supermarktkühltruhen;41045;MTF185B;5708181707651;5708181707651;TEFCOLD;6380,00;Gefriergeräte | Supermarkt – TiefkühltruhenGlastürkühlgeräte | Supermarktkühltruhen;1295612;;;;;;;;;;Automatisch;;;;;;;;1057;;;;;;;;;;;;;;;9;;;;;;;;;;;;;;;;;;Elektronisch;;;;;;;;;;;;;;;;;;;;;;;3 Selbstschließende, beheizte Glastüren;;;;;;;;;;;;;1850;2430;745;;;;;;196;;;;;;;;;;;;;334;779;;;;;;;;;;;;;;;;;;;;;49.4;D;;14.57;5318;;;;;;;Schwarz;Weiß;;;;;;;;;;;;;;;;;;;;;;;;;;58;;;;;;;;;;;;;;;;;;;;;;;1730;947;480;LED;;;;;;;;;4;;;;;;;;;;;;;135;R290 / GWP 3;;;Ventiliert;;;;;;;;;;;;;;;;;;;;;;;;Stahlblech, verzinkt, mit weißer Lackierung;;;;;;+30°C, 55% RH;;;;;;;;;;;;;;;;;;;;;;;;;272;545;;;;;;;;;;;;;;;;;;;;;;;;;;;;;;;;;;;;;;;;;;;9 einstellbare Tragroste, weiß;;;;;;;;;;;;;;;;;220-240/50;;;Ja;;;;;;;;;;;Thermometer;-24 bis -18 / -1 bis +8;;;;;;;;;;;;;;;Nein;;Ja;;Nein;;;;;;;;;;;;;;;;;;;;;;;;;;1;;;;;;;;;;;;;;;;;;;;;;;;;;;;;;;;;;;;;;15;;;;;;;;;;510x423;510 x 375;1975;790;1630;MTF185B_Produktblatt.pdf;MTF185B_Betriebsanleitung.pdf;MTF185B_Ersatzteilliste.pdf;MTF185B_Energielabel.pdf;MTF185B_Energiepfeil.png
Tefcold;Tefcold-Kühlinsel;;;;Supermarktkühltruhen;41046;MTF185B VS;5708181707668;5708181707668;TEFCOLD;6748,00;Gefriergeräte | Supermarkt – TiefkühltruhenGlastürkühlgeräte | Supermarktkühltruhen;1336315;;;;;;;;;;Automatisch;;;;;;;;1057;;;;;;;;;;;;;;;;;;;;;;;;;;;;;;;;;Elektronisch;;;;;;;;;;;;;;;;;;;;;;;3 Selbstschließende, beheizte Glastüren;;;;;;;;;;;;;1850;2430;745;;;;;;196;;;;;;;;;;;;;334;779;;;;;;;;;;;;;;;;;;;;;24.8;C;;7.32;2672;;;;;;;Schwarz;Weiß;;;;;;;;;;;;;;;;;;;;;;;;;;58;;;;;;;;;;;;;;;;;;;;;;;1730;947;480;LED;;;;;;;;;4;;;;;;;;;;;;;135;R290 / GWP 3;;;Ventiliert;;;;;;;;;;;;;;;;;;;;;;;;Stahlblech, verzinkt, mit weißer Lackierung;;;;;;+30°C, 55% RH;;;;;;;;;;;;;;;;;;;;;;;;;272;545;;;;;;;;;;;;;;;;;;;;;;;;;;;;;;;;;;;;;;;;;;;9 einstellbare Tragroste, weiß;;;;;;;;;;;;;;;;;220-240/50;;;Ja;;;;;;;;;;;Thermometer;-24 bis -18 / -1 bis +8;;;;;;;;;;;;;;;Nein;;Ja;;Nein;;;;;;;;;;;;;;;;;;;;;;;;;;1;;;;;;;;;;;;;;;;;;;;;;;;;;;;;;;;;;;;;;15;;;;;;;;;;510x423;510 x 375;1975;790;1630;MTF185B_VS_Produktblatt.pdf;MTF185B_VS_Betriebsanleitung.pdf;MTF185B_VS_Ersatzteilliste.pdf;MTF185B_VS_Energielabel.pdf;MTF185B_VS_Energiepfeil.png
Tefcold;Tefcold-Kühlinsel;;;;Supermarktkühltruhen;41041;MTF210;5708181707637;5708181707637;TEFCOLD;6506,00;Gefriergeräte | Supermarkt – TiefkühltruhenGlastürkühlgeräte | Supermarktkühltruhen;1295608;;;;;;;;;;Automatisch;;;;;;;;1040;;;;;;;;;;;;;;;;;;;;;;;;;;;;;;;;;Elektronisch;;;;;;;;;;;;;;;;;;;;;;;3 Selbstschließende, beheizte Glastüren;;;;;;;;;;;;;2100;2430;745;;;;;;196;;;;;;;;;;;;;355;893;;;;;;;;;;;;;;;;;;;;;49.4;D;;16.35;5971;;;;;;;Weiß;Weiß;;;;;;;;;;;;;;;;;;;;;;;;;;58;;;;;;;;;;;;;;;;;;;;;;;1980;947;480;LED;;;;;;;;;4;;;;;;;;;;;;;145;R290 / GWP 3;;;Ventiliert;;;;;;;;;;;;;;;;;;;;;;;;Stahlblech, verzinkt, mit weißer Lackierung;;;;;;+30°C, 55% RH;;;;;;;;;;;;;;;;;;;;;;;;;288;628;;;;;;;;;;;;;;;;;;;;;;;;;;;;;;;;;;;;;;;;;;;9 einstellbare Tragroste, weiß;;;;;;;;;;;;;;;;;220-240/50;;;Ja;;;;;;;;;;;Thermometer;-24 bis -18 / -1 bis +8;;;;;;;;;;;;;;;Nein;;Ja;;Nein;;;;;;;;;;;;;;;;;;;;;;;;;;1.44;;;;;;;;;;;;;;;;;;;;;;;;;;;;;;;;;;;;;;15;;;;;;;;;;595x423;595 x 375;2225;790;1630;MTF210_Produktblatt.pdf;MTF210_Betriebsanleitung.pdf;MTF210_Ersatzteilliste.pdf;MTF210_Energielabel.pdf;MTF210_Energiepfeil.png
Tefcold;Tefcold-Kühlinsel;;;;Supermarktkühltruhen;41042;MTF210 VS;5708181707644;5708181707644;TEFCOLD;6860,00;Gefriergeräte | Supermarkt – TiefkühltruhenGlastürkühlgeräte | Supermarktkühltruhen;1296976;;;;;;;;;;Automatisch;;;;;;;;1040;;;;;;;;;;;;;;;;;;;;;;;;;;;;;;;;;Elektronisch;;;;;;;;;;;;;;;;;;;;;;;3 Selbstschließende, beheizte Glastüren;;;;;;;;;;;;;2100;2430;745;;;;;;196;;;;;;;;;;;;;355;893;;;;;;;;;;;;;;;;;;;;;22.6;C;;7.49;2732;;;;;;;Weiß;Weiß;;;;;;;;;;;;;;;;;;;;;;;;;;58;;;;;;;;;;;;;;;;;;;;;;;1980;947;480;LED;;;;;;;;;4;;;;;;;;;;;;;145;R290 / GWP 3;;;Ventiliert;;;;;;;;;;;;;;;;;;;;;;;;Stahlblech, verzinkt, mit weißer Lackierung;;;;;;+30°C, 55% RH;;;;;;;;;;;;;;;;;;;;;;;;;288;628;;;;;;;;;;;;;;;;;;;;;;;;;;;;;;;;;;;;;;;;;;;9 einstellbare Tragroste, weiß;;;;;;;;;;;;;;;;;220-240/50;;;Ja;;;;;;;;;;;Thermometer;-24 bis -18 / -1 bis +8;;;;;;;;;;;;;;;Nein;;Ja;;Nein;;;;;;;;;;;;;;;;;;;;;;;;;;1.44;;;;;;;;;;;;;;;;;;;;;;;;;;;;;;;;;;;;;;15;;;;;;;;;;595x423;595 x 375;2225;790;1630;MTF210_VS_Produktblatt.pdf;MTF210_VS_Betriebsanleitung.pdf;MTF210_VS_Ersatzteilliste.pdf;MTF210_VS_Energielabel.pdf;MTF210_VS_Energiepfeil.png
Tefcold;Tefcold-Kühlinsel;;;;Supermarktkühltruhen;41047;MTF210B;5708181707675;5708181707675;TEFCOLD;6690,00;Gefriergeräte | Supermarkt – TiefkühltruhenGlastürkühlgeräte | Supermarktkühltruhen;1295608;;;;;;;;;;Automatisch;;;;;;;;1040;;;;;;;;;;;;;;;9;;;;;;;;;;;;;;;;;;Elektronisch;;;;;;;;;;;;;;;;;;;;;;;3 Selbstschließende, beheizte Glastüren;;;;;;;;;;;;;2100;2430;745;;;;;;196;;;;;;;;;;;;;355;893;;;;;;;;;;;;;;;;;;;;;49.4;D;;16.35;5971;;;;;;;Schwarz;Weiß;;;;;;;;;;;;;;;;;;;;;;;;;;58;;;;;;;;;;;;;;;;;;;;;;;1980;947;480;LED;;;;;;;;;4;;;;;;;;;;;;;145;R290 / GWP 3;;;Ventiliert;;;;;;;;;;;;;;;;;;;;;;;;Stahlblech, verzinkt, mit weißer Lackierung;;;;;;+30°C, 55% RH;;;;;;;;;;;;;;;;;;;;;;;;;288;628;;;;;;;;;;;;;;;;;;;;;;;;;;;;;;;;;;;;;;;;;;;9 einstellbare Tragroste, weiß;;;;;;;;;;;;;;;;;220-240/50;;;Ja;;;;;;;;;;;Thermometer;-24 bis -18 / -1 bis +8;;;;;;;;;;;;;;;Nein;;Ja;;Nein;;;;;;;;;;;;;;;;;;;;;;;;;;1.44;;;;;;;;;;;;;;;;;;;;;;;;;;;;;;;;;;;;;;15;;;;;;;;;;595x423;595 x 375;2225;790;1630;MTF210B_Produktblatt.pdf;MTF210B_Betriebsanleitung.pdf;MTF210B_Ersatzteilliste.pdf;MTF210B_Energielabel.pdf;MTF210B_Energiepfeil.png
Tefcold;Tefcold-Kühlinsel;;;;Supermarktkühltruhen;41048;MTF210B VS;5708181733803;5708181733803;TEFCOLD;6911,00;Gefriergeräte | Supermarkt – TiefkühltruhenGlastürkühlgeräte | Supermarktkühltruhen;1296976;;;;;;;;;;Automatisch;;;;;;;;1040;;;;;;;;;;;;;;;;;;;;;;;;;;;;;;;;;Elektronisch;;;;;;;;;;;;;;;;;;;;;;;3 Selbstschließende, beheizte Glastüren;;;;;;;;;;;;;2100;2430;745;;;;;;196;;;;;;;;;;;;;355;893;;;;;;;;;;;;;;;;;;;;;22.6;C;;7.49;2732;;;;;;;Schwarz;Weiß;;;;;;;;;;;;;;;;;;;;;;;;;;58;;;;;;;;;;;;;;;;;;;;;;;1980;947;480;LED;;;;;;;;;4;;;;;;;;;;;;;145;R290 / GWP 3;;;Ventiliert;;;;;;;;;;;;;;;;;;;;;;;;Stahlblech, verzinkt, mit weißer Lackierung;;;;;;+30°C, 55% RH;;;;;;;;;;;;;;;;;;;;;;;;;288;628;;;;;;;;;;;;;;;;;;;;;;;;;;;;;;;;;;;;;;;;;;;9 einstellbare Tragroste, weiß;;;;;;;;;;;;;;;;;220-240/50;;;Ja;;;;;;;;;;;Thermometer;-24 bis -18 / -1 bis +8;;;;;;;;;;;;;;;Nein;;Ja;;Nein;;;;;;;;;;;;;;;;;;;;;;;;;;1.44;;;;;;;;;;;;;;;;;;;;;;;;;;;;;;;;;;;;;;15;;;;;;;;;;595x423;595 x 375;2225;790;1630;MTF210B_VS_Produktblatt.pdf;MTF210B_VS_Betriebsanleitung.pdf;MTF210B_VS_Ersatzteilliste.pdf;MTF210B_VS_Energielabel.pdf;MTF210B_VS_Energiepfeil.png
Tefcold;Tefcold-Kühlinsel;;;;Supermarktkühltruhen;35396;MTF250;5708181999629;5708181999629;TEFCOLD;7939,00;Gefriergeräte | Supermarkt – TiefkühltruhenGlastürkühlgeräte | Supermarktkühltruhen;1088362;;;;;;;;;;Automatisch;;;;;;;;1072;;;;;;;;;;;;;;;;;;;;;;;;;;;;;;;;;Elektronisch;;;;;;;;;;;;;;;;;;;;;;;4 Selbstschließende, beheizte Glastüren;;;;;;;;;;;;;2500;2430;745;;;;;;196;;;;;;;;;;;;;450;1076;;;;;;;;;;;;;;;;;;;;;64.4;E;;23.92;8731;;;;;;;Weiß;Weiß;;;;;;;;;;;;;;;;;;;;;;;;;;58;;;;;;;;;;;;;;;;;;;;;;;2380;947;480;LED;;;;;;;;;4;;;;;;;;;;;;;145;R290 / GWP 3;;;Ventiliert;;;;;;;;;;;;;;;;;;;;;;;;Stahlblech, verzinkt, mit weißer Lackierung;;;;;;+30°C, 55% RH;;;;;;;;;;;;;;;;;;;;;;;;;300;650;;;;;;;;;;;;;;;;;;;;;;;;;;;;;;;;;;;;;;;;;;;12 einstellbare Tragroste, weiß;;;;;;;;;;;;;;;;;220-240/50;;;Ja;;;;;;;;;;;Thermometer;-24 bis -18 / -1 bis +8;;;;;;;;;;;;;;;Nein;;Ja;;Nein;;;;;;;;;;;;;;;;;;;;;;;;;;1.73;;;;;;;;;;;;;;;;;;;;;;;;;;;;;;;;;;;;;;8;;;;;;;;;;516x423;516 x 375;2625;790;1630;MTF250_Produktblatt.pdf;MTF250_Betriebsanleitung.pdf;MTF250_Ersatzteilliste.pdf;MTF250_Energielabel.pdf;MTF250_Energiepfeil.png
Tefcold;Tefcold-Kühlinsel;;;;Supermarktkühltruhen;37820;MTF250 VS;5708181706111;5708181706111;TEFCOLD;8323,00;Gefriergeräte | Supermarkt – TiefkühltruhenGlastürkühlgeräte | Supermarktkühltruhen;1145125;;;;;;;;;;Automatisch;;;;;;;;1072;;;;;;;;;;;;;;;;;;;;;;;;;;;;;;;;;Elektronisch;;;;;;;;;;;;;;;;;;;;;;;4 Selbstschließende, beheizte Glastüren;;;;;;;;;;;;;2500;2430;745;;;;;;196;;;;;;;;;;;;;450;1076;;;;;;;;;;;;;;;;;;;;;24.7;C;;9.16;3344;;;;;;;Weiß;Weiß;;;;;;;;;;;;;;;;;;;;;;;;;;58;;;;;;;;;;;;;;;;;;;;;;;2380;947;480;LED;;;;;;;;;4;;;;;;;;;;;;;145;R290 / GWP 3;;;Ventiliert;;;;;;;;;;;;;;;;;;;;;;;;Stahlblech, verzinkt, mit weißer Lackierung;;;;;;+30°C, 55% RH;;;;;;;;;;;;;;;;;;;;;;;;;300;650;;;;;;;;;;;;;;;;;;;;;;;;;;;;;;;;;;;;;;;;;;;12 einstellbare Tragroste, weiß;;;;;;;;;;;;;;;;;220-240/50;;;Ja;;;;;;;;;;;Thermometer;-24 bis -18 / -1 bis +8;;;;;;;;;;;;;;;Nein;;Ja;;Nein;;;;;;;;;;;;;;;;;;;;;;;;;;1.73;;;;;;;;;;;;;;;;;;;;;;;;;;;;;;;;;;;;;;8;;;;;;;;;;516x423;516 x 375;2625;790;1630;MTF250_VS_Produktblatt.pdf;MTF250_VS_Betriebsanleitung.pdf;MTF250_VS_Ersatzteilliste.pdf;MTF250_VS_Energielabel.pdf;MTF250_VS_Energiepfeil.png
Tefcold;Tefcold-Kühlinsel;;;;Supermarktkühltruhen;41043;MTF250B;5708181707699;5708181707699;TEFCOLD;7996,00;Gefriergeräte | Supermarkt – TiefkühltruhenGlastürkühlgeräte | Supermarktkühltruhen;1088362;;;;;;;;;;Automatisch;;;;;;;;1072;;;;;;;;;;;;;;;12;;;;;;;;;;;;;;;;;;Elektronisch;;;;;;;;;;;;;;;;;;;;;;;4 Selbstschließende, beheizte Glastüren;;;;;;;;;;;;;2500;2430;745;;;;;;196;;;;;;;;;;;;;400;1076;;;;;;;;;;;;;;;;;;;;;64.4;E;;23.92;8731;;;;;;;Schwarz;Weiß;;;;;;;;;;;;;;;;;;;;;;;;;;58;;;;;;;;;;;;;;;;;;;;;;;2380;947;480;LED;;;;;;;;;4;;;;;;;;;;;;;145;R290 / GWP 3;;;Ventiliert;;;;;;;;;;;;;;;;;;;;;;;;Stahlblech, verzinkt, mit weißer Lackierung;;;;;;+30°C, 55% RH;;;;;;;;;;;;;;;;;;;;;;;;;317;650;;;;;;;;;;;;;;;;;;;;;;;;;;;;;;;;;;;;;;;;;;;12 einstellbare Tragroste, weiß;;;;;;;;;;;;;;;;;220-240/50;;;Ja;;;;;;;;;;;Thermometer;-24 bis -18 / -1 bis +8;;;;;;;;;;;;;;;Nein;;Ja;;Nein;;;;;;;;;;;;;;;;;;;;;;;;;;1.73;;;;;;;;;;;;;;;;;;;;;;;;;;;;;;;;;;;;;;8;;;;;;;;;;516x423;516 x 375;2625;790;1630;MTF250B_Produktblatt.pdf;MTF250B_Betriebsanleitung.pdf;MTF250B_Ersatzteilliste.pdf;MTF250B_Energielabel.pdf;MTF250B_Energiepfeil.png
Tefcold;Tefcold-Kühlinsel;;;;Supermarktkühltruhen;41044;MTF250B VS;5708181707705;5708181707705;TEFCOLD;8211,00;Gefriergeräte | Supermarkt – TiefkühltruhenGlastürkühlgeräte | Supermarktkühltruhen;1145125;;;;;;;;;;Automatisch;;;;;;;;1072;;;;;;;;;;;;;;;;;;;;;;;;;;;;;;;;;Elektronisch;;;;;;;;;;;;;;;;;;;;;;;4 Selbstschließende, beheizte Glastüren;;;;;;;;;;;;;2500;2430;745;;;;;;196;;;;;;;;;;;;;400;1076;;;;;;;;;;;;;;;;;;;;;24.7;C;;9.16;3344;;;;;;;Schwarz;Weiß;;;;;;;;;;;;;;;;;;;;;;;;;;58;;;;;;;;;;;;;;;;;;;;;;;2380;947;480;LED;;;;;;;;;4;;;;;;;;;;;;;145;R290 / GWP 3;;;Ventiliert;;;;;;;;;;;;;;;;;;;;;;;;Stahlblech, verzinkt, mit weißer Lackierung;;;;;;+30°C, 55% RH;;;;;;;;;;;;;;;;;;;;;;;;;317;650;;;;;;;;;;;;;;;;;;;;;;;;;;;;;;;;;;;;;;;;;;;12 einstellbare Tragroste, weiß;;;;;;;;;;;;;;;;;220-240/50;;;Ja;;;;;;;;;;;Thermometer;-24 bis -18 / -1 bis +8;;;;;;;;;;;;;;;Nein;;Ja;;Nein;;;;;;;;;;;;;;;;;;;;;;;;;;1.73;;;;;;;;;;;;;;;;;;;;;;;;;;;;;;;;;;;;;;8;;;;;;;;;;516x423;516 x 375;2625;790;1630;MTF250B_VS_Produktblatt.pdf;MTF250B_VS_Betriebsanleitung.pdf;MTF250B_VS_Ersatzteilliste.pdf;MTF250B_VS_Energielabel.pdf;MTF250B_VS_Energiepfeil.png
Tefcold;Tefcold-Kühlinsel;;;;Supermarktkühltruhen;47447;PC1250B;5708181726867;5708181726867;TEFCOLD;4000,00;Glastürkühlgeräte | SupermarktkühltruhenDEALS + | Komplett in SchwarzDEALS + | Energieeffiziente GeräteGlastürkühlgeräte | Wandkühlregale;1548695;;;;;;;;;;Automatisch;;;;;;;;550;;;;;;;;;;;;;;;;;;;;;;;;;;;;;;;;;Elektronisch;;;;;;;;;;;;;;;;;;;;;;;2 Dreh-Glastüren;;;;;;;;;;;;;1310;2050;740;;;;;;160;;;;;;;;;;;;;300;1292;;;;;;;;;;;;;;;;;;;;;12.3;B;;5.87;2143;;;;;;;Schwarz RAL9005;Schwarz;;;;;;;;;;;;;;;;;;;;4 Stellfüße;;;;;;62;;;;;;;;;;;;;;;;;;;;;;;1250;1540;450;LED;;;;;;;;;3;;;;;;;;;;;;;149;R290 / GWP 3;;;Ventiliert;;;;;;;;;;;;;;;;;;;;;;;;Schwarz RAL9005;;;;;;+25°C, 60% RH;;;;;;;;;;;;;;;;;;;;;;;;;260;764;;;;;;;;;;;;;;;;;;;;;;;;;;;;;;;;;;;;;;;4 Rollen;;;;5 verstellbar;;;;;;;;;;;;;;;;;220-240/50;;;Ja;;;;;;;;;;;Thermometer;-1 bis +5;;;;;;;;;;;;;;;;;;;;;;;;;;;;;;;;;;;;;;;;;;;;;3.14;;;;;;;;;;;;;;;;;;;;;;;;;;;;;;;;;;;;;;25;;;;;;;;;;;;1360;762;2256;PC1250B_Produktblatt.pdf;PC1250B_Betriebsanleitung.pdf;PC1250B_Ersatzteilliste.pdf;PC1250B_Energielabel.pdf;PC1250B_Energiepfeil.png
Tefcold;Tefcold-Kühlinsel;;;;Supermarktkühltruhen;47449;PC1870B;5708181726874;5708181726874;TEFCOLD;6096,00;Glastürkühlgeräte | SupermarktkühltruhenDEALS + | Komplett in SchwarzDEALS + | Energieeffiziente GeräteGlastürkühlgeräte | Wandkühlregale;1548717;;;;;;;;;;Automatisch;;;;;;;;980;;;;;;;;;;;;;;;;;;;;;;;;;;;;;;;;;Elektronisch;;;;;;;;;;;;;;;;;;;;;;;3 Dreh-Glastüren;;;;;;;;;;;;;1935;2050;740;;;;;;160;;;;;;;;;;;;;420;1939;;;;;;;;;;;;;;;;;;;;;13.8;B;;8.13;2967;;;;;;;Schwarz RAL9005;Schwarz;;;;;;;;;;;;;;;;;;;;6 Stellfüße;;;;;;65;;;;;;;;;;;;;;;;;;;;;;;1875;1540;450;LED;;;;;;;;;3;;;;;;;;;;;;;2 x 139;R290 / GWP 3;;;Ventiliert;;;;;;;;;;;;;;;;;;;;;;;;Schwarz RAL9005;;;;;;+25°C, 60% RH;;;;;;;;;;;;;;;;;;;;;;;;;370;1147;;;;;;;;;;;;;;;;;;;;;;;;;;;;;;;;;;;;;;;6 Rollen;;;;5 verstellbar;;;;;;;;;;;;;;;;;220-240/50;;;Ja;;;;;;;;;;;Thermometer;-1 bis +5;;;;;;;;;;;;;;;;;;;;;;;;;;;;;;;;;;;;;;;;;;;;;4.13;;;;;;;;;;;;;;;;;;;;;;;;;;;;;;;;;;;;;;17;;;;;;;;;;;;1985;762;2256;PC1870B_Produktblatt.pdf;PC1870B_Betriebsanleitung.pdf;PC1870B_Ersatzteilliste.pdf;PC1870B_Energielabel.pdf;PC1870B_Energiepfeil.png
Tefcold;Tefcold-Kühlinsel;;;;Supermarktkühltruhen;47451;PC2500B;5708181726881;5708181726881;TEFCOLD;7211,00;Glastürkühlgeräte | SupermarktkühltruhenDEALS + | Komplett in SchwarzDEALS + | Energieeffiziente GeräteGlastürkühlgeräte | Wandkühlregale;1548723;;;;;;;;;;Automatisch;;;;;;;;1060;;;;;;;;;;;;;;;;;;;;;;;;;;;;;;;;;Elektronisch;;;;;;;;;;;;;;;;;;;;;;;4 Dreh-Glastüren;;;;;;;;;;;;;2560;2050;740;;;;;;160;;;;;;;;;;;;;500;2585;;;;;;;;;;;;;;;;;;;;;14.5;B;;10.2;3723;;;;;;;Schwarz RAL9005;Schwarz;;;;;;;;;;;;;;;;;;;;6 Stellfüße;;;;;;65;;;;;;;;;;;;;;;;;;;;;;;2500;1540;450;LED;;;;;;;;;3;;;;;;;;;;;;;2 x 149;R290 / GWP 3;;;Ventiliert;;;;;;;;;;;;;;;;;;;;;;;;Schwarz RAL9005;;;;;;+25°C, 60% RH;;;;;;;;;;;;;;;;;;;;;;;;;440;1529;;;;;;;;;;;;;;;;;;;;;;;;;;;;;;;;;;;;;;;6 Rollen;;;;5 verstellbar;;;;;;;;;;;;;;;;;220-240/50;;;Ja;;;;;;;;;;;Thermometer;-1 bis +5;;;;;;;;;;;;;;;;;;;;;;;;;;;;;;;;;;;;;;;;;;;;;5.13;;;;;;;;;;;;;;;;;;;;;;;;;;;;;;;;;;;;;;12;;;;;;;;;;;;2610;762;2256;PC2500B_Produktblatt.pdf;PC2500B_Betriebsanleitung.pdf;PC2500B_Ersatzteilliste.pdf;PC2500B_Energielabel.pdf;PC2500B_Energiepfeil.png
Tefcold;Tefcold-Kühlinsel;;;;Supermarktkühltruhen;47731;PDC126 VS SL LED;5708181727369;5708181727369;TEFCOLD;4381,00;Glastürkühlgeräte | KühlinselnGlastürkühlgeräte | Supermarktkühltruhen;1617826;;;;;;;;;;Automatisch / Off-Cycle-Abtauung;;;;;;;;700;;;;;;;;;;;;;;;;;;;;;;;;;;;;;;;;;Elektronisch;;;;;;;;;;;;;;;;;;;;;;;;;;;;;;;;;;;;1405;1005;1210;;;;;;;;;;;;;;;;;;;176;408;;;;;;;;;;;;;;;;;;;;;49.2;D;;5.25;1916;;;;;;;Schwarz / Glas;;;;;;;;;;;;;;;;;;;;;;;;;;;52;;;;;;;;;;;;;;;;;;;;;;;1210;342;1080;2 x LED vertikal;;;;;;;;;3;;;;;;;;;;;;;150;R290 / GWP 3;;;Ventiliert;;;;;;;;;;;;;;;;;;;;;;;;Edelstahl / Glas;;;;;;+25°C, 60% RH;;;;;;;;;;;;;;;;;;;;;;;;;133;190;;;;;;;;;;;;;;;;;;;;;;;;;;;;;;;;;;;;;;;4 Rollen, davon zwei mit Bremse;;;;;;;;;;;;;;;;;;;;;220-240/50;;;Ja;;;;;;;;;;;Thermometer;-1 bis +5;;;;;;;;;;;;;;;;;;;;;;;;;;;;;;;;;;;;;;;;;;;;;1.51;;;;;;;;;;;;;;;;;;;;;;;;;;;;;;;;;;;;;;34;;;;;;;;2 gewölbter Schiebedeckel aus Glas;;;;1335;1170;1140;PDC126_VS_SL_LED_Produktblatt.pdf;PDC126_VS_SL_LED_Betriebsanleitung.pdf;PDC126_VS_SL_LED_Ersatzteilliste.pdf;PDC126_VS_SL_LED_Energielabel.pdf;PDC126_VS_SL_LED_Energiepfeil.png
Tefcold;Tefcold-Kühlinsel;;;;Supermarktkühltruhen;52189;PDC90SL-2;5708181736354;5708181736354;TEFCOLD;4103,00;Glastürkühlgeräte | KühlinselnGlastürkühlgeräte | Supermarktkühltruhen;662753;;;;;;;;;;Automatisch / Off-Cycle-Abtauung;;;;;;;;750;;;;;;;;;;;;;;;;;;;;;;;;;;;;;;;;;Elektronisch;;;;;;;;;;;;;;;;;;;;;;;;;;;;;;;;;;;;900;971;845;;;;;;;;;;;;;;;;;;;152;153;;;;;;;;;;;;;;;;;;;;;64.2;E;;4.61;1682.8;;;;;;;Schwarz / Glas;;;;;;;;;;;;;;;;;;;;;;;;;;;50;;;;;;;;;;;;;;;;;;;;;;;860;220;555;Nein;;;;;;;;;3;;;;;;;;;;;;;145;R290 / GWP 3;;;Ventiliert;;;;;;;;;;;;;;;;;;;;;;;;Edelstahl / Glas;;;;;;+25°C, 60% RH;;;;;;;;;;;;;;;;;;;;;;;;;105;105;;;;;;;;;;;;;;;;;;;;;;;;;;;;;;;;;;;;;;;4 Rollen;;;;;;;;;;;;;;;;;;;;;220-240/50;;;Ja;;;;;;;;;;;Thermometer;-1 bis +5;;;;;;;;;;;;;;;;;;;;;;;;;;;;;;;;;;;;;;;;;;;;;0.67;;;;;;;;;;;;;;;;;;;;;;;;;;;;;;;;;;;;;;52;;;;;;;;2 flache Schiebedeckel aus Glas;;;;930;885;1185;PDC90SL-2_Produktblatt.pdf;PDC90SL-2_Betriebsanleitung.pdf;PDC90SL-2_Ersatzteilliste.pdf;PDC90SL-2_Energielabel.pdf;PDC90SL-2_Energiepfeil.png
Tefcold;Tefcold-Kühlinsel;;;;Supermarktkühltruhen;41051;SFI145-CF VS;5708181707712;5708181707712;TEFCOLD;2888,00;Gefriergeräte | Supermarkt – TiefkühltruhenGlastürkühlgeräte | Supermarktkühltruhen;1416015;;;;;;;;;;Automatisch, Heißgas;;;;;;;;384;;;;;;;;;;;;;;;;;;;;;;;;;;;;;;;;;Elektronisch;;;;;;;;;;;;;;;;;;;;;;;;;;;;;;;;;;;;1456;890;858;;;;;;;;;;;;;;;;;;;139;715;;;;;;;;;;;;;;;;;;;;;27.8;C;;4.25;1551.25;;;;;;;Weiß;;;;;;;;;;;;;;;;;;;;;6 Stellfüße;;;;;;48;;;;;;;;;;;;;;;;;;;;;;;1320;627;720;LED, horizontal;;;;;;;;;3;;;;;;;;;;;;;100;R290 / GWP 3;;;Statisch;;;;;;;;;;;;;;;;;;;;;;;;Stahlblech, verzinkt, mit weißer Lackierung;;;;;;+25°C, 60% RH;;;;;;;;;;;;;;;;;;;;;;;;;121;422;;;;;;;;;;;;;;;;;;;;;;;;;;;;;;;;;;;;;;;;;;;;;;;;;;;;;;;;;;;;220-240/50;;;Ja;;;;;;;;;;;Thermometer;-24 bis -18 / -1 bis +8;;;;;;;;;;;;;;;;;;;;;;;;;;;;;;;;;;;;;;;;;;;;;0.96;;;;;;;;;;;;;;;;;;;;;;;;;;;;;;;;;;;;;;26;;;2;Ja;;;;2 gewölbte Schiebedeckel aus Glas;;;;1520;915;980;SFI145-CF_VS_Produktblatt.pdf;SFI145-CF_VS_Betriebsanleitung.pdf;SFI145-CF_VS_Ersatzteilliste.pdf;SFI145-CF_VS_Energielabel.pdf;SFI145-CF_VS_Energiepfeil.png
Tefcold;Tefcold-Kühlinsel;;;;Supermarktkühltruhen;41052;SFI145B-CF VS;5708181707729;5708181707729;TEFCOLD;2925,00;Gefriergeräte | Supermarkt – TiefkühltruhenGlastürkühlgeräte | Supermarktkühltruhen;1416015;;;;;;;;;;Automatisch, Heißgas;;;;;;;;384;;;;;;;;;;;;;;;;;;;;;;;;;;;;;;;;;Elektronisch;;;;;;;;;;;;;;;;;;;;;;;;;;;;;;;;;;;;1446;890;858;;;;;;;;;;;;;;;;;;;139;715;;;;;;;;;;;;;;;;;;;;;27.8;C;;4.25;1551.25;;;;;;;Schwarz;;;;;;;;;;;;;;;;;;;;;6 Stellfüße;;;;;;48;;;;;;;;;;;;;;;;;;;;;;;1320;627;720;LED, horizontal;;;;;;;;;3;;;;;;;;;;;;;100;R290 / GWP 3;;;Statisch;;;;;;;;;;;;;;;;;;;;;;;;Stahlblech, verzinkt, mit weißer Lackierung;;;;;;+25°C, 60% RH;;;;;;;;;;;;;;;;;;;;;;;;;121;422;;;;;;;;;;;;;;;;;;;;;;;;;;;;;;;;;;;;;;;;;;;;;;;;;;;;;;;;;;;;220-240/50;;;Ja;;;;;;;;;;;Thermometer;-24 bis -18 / -1 bis +8;;;;;;;;;;;;;;;;;;;;;;;;;;;;;;;;;;;;;;;;;;;;;0.96;;;;;;;;;;;;;;;;;;;;;;;;;;;;;;;;;;;;;;26;;;2;Ja;;;;2 gewölbte Schiebedeckel aus Glas;;;;1520;915;980;SFI145B-CF_VS_Produktblatt.pdf;SFI145B-CF_VS_Betriebsanleitung.pdf;SFI145B-CF_VS_Ersatzteilliste.pdf;SFI145B-CF_VS_Energielabel.pdf;SFI145B-CF_VS_Energiepfeil.png
Tefcold;Tefcold-Kühlinsel;;;;Supermarktkühltruhen;41066;SFI185 HC-CF VS;5708181707798;5708181707798;TEFCOLD;3219,00;Gefriergeräte | Supermarkt – TiefkühltruhenGlastürkühlgeräte | Supermarktkühltruhen;1416027;;;;;;;;;;Automatisch, Heißgas;;;;;;;;890;;;;;;;;;;;;;;;;;;;;;;;;;;;;;;;;;Elektronisch;;;;;;;;;;;;;;;;;;;;;;;;;;;;;;;;;;;;1856;832;858;;;;;;;;;;;;;;;;;;;165;786;;;;;;;;;;;;;;;;;;;;;23.2;C;;4.31;1573.15;;;;;;;Weiß;;;;;;;;;;;;;;;;;;;;;6 Stellfüße;;;;;;48;;;;;;;;;;;;;;;;;;;;;;;1720;627;720;LED, horizontal;;;;;;;;;3;;;;;;;;;;;;;110;R290 / GWP 3;;;Statisch;;;;;;;;;;;;;;;;;;;;;;;;Stahlblech, verzinkt, mit weißer Lackierung;;;;;;+25°C, 60% RH;;;;;;;;;;;;;;;;;;;;;;;;;150;500;;;;;;;;;;;;;;;;;;;;;;;;;;;;;;;;;;;;;;;;;;;;;;;;;;;;;;;;;;;;220-240/50;;;Ja;;;;;;;;;;;Thermometer;-24 bis -18 / -1 bis +8;;;;;;;;;;;;;;;;;;;;;;;;;;;;;;;;;;;;;;;;;;;;;1.25;;;;;;;;;;;;;;;;;;;;;;;;;;;;;;;;;;;;;;26;;;4;Ja;;;;2 gewölbte Schiebedeckel aus Glas;;;;1920;915;920;SFI185_HC-CF_VS_Produktblatt.pdf;SFI185_HC-CF_VS_Betriebsanleitung.pdf;SFI185_HC-CF_VS_Ersatzteilliste.pdf;SFI185_HC-CF_VS_Energielabel.pdf;SFI185_HC-CF_VS_Energiepfeil.png
Tefcold;Tefcold-Kühlinsel;;;;Supermarktkühltruhen;41057;SFI185-CF VS;5708181707736;5708181707736;TEFCOLD;3173,00;Gefriergeräte | Supermarkt – TiefkühltruhenGlastürkühlgeräte | Supermarktkühltruhen;2486306;;;;;;;;;;Automatisch, Heißgas;;;;;;;;890;;;;;;;;;;;;;;;;;;;;;;;;;;;;;;;;;Elektronisch;;;;;;;;;;;;;;;;;;;;;;;;;;;;;;;;;;;;1856;890;858;;;;;;;;;;;;;;;;;;;165;786;;;;;;;;;;;;;;;;;;;;;25.4;C;;4.71;1718.42;;;;;;;Weiß;;;;;;;;;;;;;;;;;;;;;6 Stellfüße;;;;;;48;;;;;;;;;;;;;;;;;;;;;;;1720;627;720;LED, horizontal;;;;;;;;;3;;;;;;;;;;;;;110;R290 / GWP 3;;;Statisch;;;;;;;;;;;;;;;;;;;;;;;;Stahlblech, verzinkt, mit weißer Lackierung;;;;;;+25°C, 60% RH;;;;;;;;;;;;;;;;;;;;;;;;;150;500;;;;;;;;;;;;;;;;;;;;;;;;;;;;;;;;;;;;;;;;;;;;;;;;;;;;;;;;;;;;220-240/50;;;Ja;;;;;;;;;;;Thermometer;-24 bis -18 / -1 bis +8;;;;;;;;;;;;;;;;;;;;;;;;;;;;;;;;;;;;;;;;;;;;;1.25;;;;;;;;;;;;;;;;;;;;;;;;;;;;;;;;;;;;;;26;;;3;Ja;;;;2 gewölbte Schiebedeckel aus Glas;;;;1920;915;980;SFI185-CF_VS_Produktblatt.pdf;SFI185-CF_VS_Betriebsanleitung.pdf;SFI185-CF_VS_Ersatzteilliste.pdf;SFI185-CF_VS_Energielabel.pdf;SFI185-CF_VS_Energiepfeil.png
Tefcold;Tefcold-Kühlinsel;;;;Supermarktkühltruhen;41067;SFI185B HC-CF VS;5708181707804;5708181707804;TEFCOLD;3262,00;Gefriergeräte | Supermarkt – TiefkühltruhenGlastürkühlgeräte | Supermarktkühltruhen;1416027;;;;;;;;;;Automatisch, Heißgas;;;;;;;;890;;;;;;;;;;;;;;;;;;;;;;;;;;;;;;;;;Elektronisch;;;;;;;;;;;;;;;;;;;;;;;;;;;;;;;;;;;;1856;832;858;;;;;;;;;;;;;;;;;;;165;786;;;;;;;;;;;;;;;;;;;;;23.2;C;;4.31;1573.15;;;;;;;Schwarz;;;;;;;;;;;;;;;;;;;;;6 Stellfüße;;;;;;48;;;;;;;;;;;;;;;;;;;;;;;1720;627;720;LED, horizontal;;;;;;;;;3;;;;;;;;;;;;;110;R290 / GWP 3;;;Statisch;;;;;;;;;;;;;;;;;;;;;;;;Stahlblech, verzinkt, mit weißer Lackierung;;;;;;+25°C, 60% RH;;;;;;;;;;;;;;;;;;;;;;;;;150;500;;;;;;;;;;;;;;;;;;;;;;;;;;;;;;;;;;;;;;;;;;;;;;;;;;;;;;;;;;;;220-240/50;;;Ja;;;;;;;;;;;Thermometer;-24 bis -18 / -1 bis +8;;;;;;;;;;;;;;;;;;;;;;;;;;;;;;;;;;;;;;;;;;;;;1.25;;;;;;;;;;;;;;;;;;;;;;;;;;;;;;;;;;;;;;26;;;4;Ja;;;;2 gewölbte Schiebedeckel aus Glas;;;;1920;915;920;SFI185B_HC-CF_VS_Produktblatt.pdf;SFI185B_HC-CF_VS_Betriebsanleitung.pdf;SFI185B_HC-CF_VS_Ersatzteilliste.pdf;SFI185B_HC-CF_VS_Energielabel.pdf;SFI185B_HC-CF_VS_Energiepfeil.png
Tefcold;Tefcold-Kühlinsel;;;;Supermarktkühltruhen;41058;SFI185B-CF VS;5708181707743;5708181707743;TEFCOLD;3218,00;Gefriergeräte | Supermarkt – TiefkühltruhenGlastürkühlgeräte | Supermarktkühltruhen;2486306;;;;;;;;;;Automatisch, Heißgas;;;;;;;;890;;;;;;;;;;;;;;;;;;;;;;;;;;;;;;;;;Elektronisch;;;;;;;;;;;;;;;;;;;;;;;;;;;;;;;;;;;;1856;890;858;;;;;;;;;;;;;;;;;;;165;786;;;;;;;;;;;;;;;;;;;;;25.4;C;;4.71;1718.42;;;;;;;Schwarz;;;;;;;;;;;;;;;;;;;;;6 Stellfüße;;;;;;48;;;;;;;;;;;;;;;;;;;;;;;1720;627;720;LED, horizontal;;;;;;;;;3;;;;;;;;;;;;;110;R290 / GWP 3;;;Statisch;;;;;;;;;;;;;;;;;;;;;;;;Stahlblech, verzinkt, mit weißer Lackierung;;;;;;+25°C, 60% RH;;;;;;;;;;;;;;;;;;;;;;;;;150;500;;;;;;;;;;;;;;;;;;;;;;;;;;;;;;;;;;;;;;;;;;;;;;;;;;;;;;;;;;;;220-240/50;;;Ja;;;;;;;;;;;Thermometer;-24 bis -18 / -1 bis +8;;;;;;;;;;;;;;;;;;;;;;;;;;;;;;;;;;;;;;;;;;;;;1.25;;;;;;;;;;;;;;;;;;;;;;;;;;;;;;;;;;;;;;26;;;3;Ja;;;;2 gewölbte Schiebedeckel aus Glas;;;;1920;915;980;SFI185B-CF_VS_Produktblatt.pdf;SFI185B-CF_VS_Betriebsanleitung.pdf;SFI185B-CF_VS_Ersatzteilliste.pdf;SFI185B-CF_VS_Energielabel.pdf;SFI185B-CF_VS_Energiepfeil.png
Tefcold;Tefcold-Kühlinsel;;;;Supermarktkühltruhen;41060;SFI210-CF VS;5708181707750;5708181707750;TEFCOLD;3231,00;Gefriergeräte | Supermarkt – TiefkühltruhenGlastürkühlgeräte | Supermarktkühltruhen;1416008;;;;;;;;;;Automatisch, Heißgas;;;;;;;;890;;;;;;;;;;;;;;;;;;;;;;;;;;;;;;;;;Elektronisch;;;;;;;;;;;;;;;;;;;;;;;;;;;;;;;;;;;;2106;890;858;;;;;;;;;;;;;;;;;;;180;908;;;;;;;;;;;;;;;;;;;;;23.8;C;;4.93;1799.45;;;;;;;Weiß;;;;;;;;;;;;;;;;;;;;;6 Stellfüße;;;;;;48;;;;;;;;;;;;;;;;;;;;;;;1970;627;720;LED, horizontal;;;;;;;;;3;;;;;;;;;;;;;125;R290 / GWP 3;;;Statisch;;;;;;;;;;;;;;;;;;;;;;;;Stahlblech, verzinkt, mit weißer Lackierung;;;;;;+25°C, 60% RH;;;;;;;;;;;;;;;;;;;;;;;;;164;584;;;;;;;;;;;;;;;;;;;;;;;;;;;;;;;;;;;;;;;;;;;;;;;;;;;;;;;;;;;;220-240/50;;;Ja;;;;;;;;;;;Thermometer;-24 bis -18 / -1 bis +8;;;;;;;;;;;;;;;;;;;;;;;;;;;;;;;;;;;;;;;;;;;;;1.44;;;;;;;;;;;;;;;;;;;;;;;;;;;;;;;;;;;;;;26;;;4;Ja;;;;2 gewölbte Schiebedeckel aus Glas;;;;2170;915;980;SFI210-CF_VS_Produktblatt.pdf;SFI210-CF_VS_Betriebsanleitung.pdf;SFI210-CF_VS_Ersatzteilliste.pdf;SFI210-CF_VS_Energielabel.pdf;SFI210-CF_VS_Energiepfeil.png
Tefcold;Tefcold-Kühlinsel;;;;Supermarktkühltruhen;41061;SFI210B-CF VS;5708181707767;5708181707767;TEFCOLD;3314,00;Gefriergeräte | Supermarkt – TiefkühltruhenGlastürkühlgeräte | Supermarktkühltruhen;1416008;;;;;;;;;;Automatisch, Heißgas;;;;;;;;890;;;;;;;;;;;;;;;;;;;;;;;;;;;;;;;;;Elektronisch;;;;;;;;;;;;;;;;;;;;;;;;;;;;;;;;;;;;2106;890;858;;;;;;;;;;;;;;;;;;;180;908;;;;;;;;;;;;;;;;;;;;;23.8;C;;4.93;1799.45;;;;;;;Schwarz;;;;;;;;;;;;;;;;;;;;;6 Stellfüße;;;;;;48;;;;;;;;;;;;;;;;;;;;;;;1970;627;720;LED, horizontal;;;;;;;;;3;;;;;;;;;;;;;125;R290 / GWP 3;;;Statisch;;;;;;;;;;;;;;;;;;;;;;;;Stahlblech, verzinkt, mit weißer Lackierung;;;;;;+25°C, 60% RH;;;;;;;;;;;;;;;;;;;;;;;;;164;584;;;;;;;;;;;;;;;;;;;;;;;;;;;;;;;;;;;;;;;;;;;;;;;;;;;;;;;;;;;;220-240/50;;;Ja;;;;;;;;;;;Thermometer;-24 bis -18 / -1 bis +8;;;;;;;;;;;;;;;;;;;;;;;;;;;;;;;;;;;;;;;;;;;;;1.44;;;;;;;;;;;;;;;;;;;;;;;;;;;;;;;;;;;;;;26;;;4;Ja;;;;2 gewölbte Schiebedeckel aus Glas;;;;2170;915;980;SFI210B-CF_VS_Produktblatt.pdf;SFI210B-CF_VS_Betriebsanleitung.pdf;SFI210B-CF_VS_Ersatzteilliste.pdf;SFI210B-CF_VS_Energielabel.pdf;SFI210B-CF_VS_Energiepfeil.png
Tefcold;Tefcold-Kühlinsel;;;;Supermarktkühltruhen;41063;SFI250-CF VS;5708181707774;5708181707774;TEFCOLD;3574,00;Gefriergeräte | Supermarkt – TiefkühltruhenGlastürkühlgeräte | Supermarktkühltruhen;1416037;;;;;;;;;;Automatisch, Heißgas;;;;;;;;890;;;;;;;;;;;;;;;;;;;;;;;;;;;;;;;;;Elektronisch;;;;;;;;;;;;;;;;;;;;;;;;;;;;;;;;;;;;2506;890;858;;;;;;;;;;;;;;;;;;;220;1104;;;;;;;;;;;;;;;;;;;;;23;C;;5.51;2011.15;;;;;;;Weiß;;;;;;;;;;;;;;;;;;;;;6 Stellfüße;;;;;;48;;;;;;;;;;;;;;;;;;;;;;;2370;627;720;LED, horizontal;;;;;;;;;3;;;;;;;;;;;;;130;R290 / GWP 3;;;Statisch;;;;;;;;;;;;;;;;;;;;;;;;Stahlblech, verzinkt, mit weißer Lackierung;;;;;;+25°C, 60% RH;;;;;;;;;;;;;;;;;;;;;;;;;201;718;;;;;;;;;;;;;;;;;;;;;;;;;;;;;;;;;;;;;;;;;;;;;;;;;;;;;;;;;;;;220-240/50;;;Ja;;;;;;;;;;;Thermometer;-24 bis -18 / -1 bis +8;;;;;;;;;;;;;;;;;;;;;;;;;;;;;;;;;;;;;;;;;;;;;1.73;;;;;;;;;;;;;;;;;;;;;;;;;;;;;;;;;;;;;;16;;;5;Ja;;;;2 gewölbte Schiebedeckel aus Glas;;;;2570;915;980;SFI250-CF_VS_Produktblatt.pdf;SFI250-CF_VS_Betriebsanleitung.pdf;SFI250-CF_VS_Ersatzteilliste.pdf;SFI250-CF_VS_Energielabel.pdf;SFI250-CF_VS_Energiepfeil.png
Tefcold;Tefcold-Kühlinsel;;;;Supermarktkühltruhen;41064;SFI250B-CF VS;5708181707781;5708181707781;TEFCOLD;3628,00;Gefriergeräte | Supermarkt – TiefkühltruhenGlastürkühlgeräte | Supermarktkühltruhen;1416037;;;;;;;;;;Automatisch, Heißgas;;;;;;;;890;;;;;;;;;;;;;;;;;;;;;;;;;;;;;;;;;Elektronisch;;;;;;;;;;;;;;;;;;;;;;;;;;;;;;;;;;;;2506;890;858;;;;;;;;;;;;;;;;;;;220;1104;;;;;;;;;;;;;;;;;;;;;23;C;;5.51;2011.15;;;;;;;Schwarz;;;;;;;;;;;;;;;;;;;;;6 Stellfüße;;;;;;48;;;;;;;;;;;;;;;;;;;;;;;2370;627;720;LED, horizontal;;;;;;;;;3;;;;;;;;;;;;;130;R290 / GWP 3;;;Statisch;;;;;;;;;;;;;;;;;;;;;;;;Stahlblech, verzinkt, mit weißer Lackierung;;;;;;+25°C, 60% RH;;;;;;;;;;;;;;;;;;;;;;;;;201;718;;;;;;;;;;;;;;;;;;;;;;;;;;;;;;;;;;;;;;;;;;;;;;;;;;;;;;;;;;;;220-240/50;;;Ja;;;;;;;;;;;Thermometer;-24 bis -18 / -1 bis +8;;;;;;;;;;;;;;;;;;;;;;;;;;;;;;;;;;;;;;;;;;;;;1.73;;;;;;;;;;;;;;;;;;;;;;;;;;;;;;;;;;;;;;16;;;5;Ja;;;;2 gewölbte Schiebedeckel aus Glas;;;;2570;915;980;SFI250B-CF_VS_Produktblatt.pdf;SFI250B-CF_VS_Betriebsanleitung.pdf;SFI250B-CF_VS_Ersatzteilliste.pdf;SFI250B-CF_VS_Energielabel.pdf;SFI250B-CF_VS_Energiepfeil.png
Tefcold;Tefcold-Kühlinsel;;;;Supermarktkühltruhen;68871;SOCA-F12590B;5708181754761;5708181754761;TEFCOLD;7666,00;DEALS + | ProduktneuheitenGlastürkühlgeräte | Supermarktkühltruhen;;;;;;;;;;;Automatisch, elektrisch;;;;;;;;320;;;;;;;;;;;;;;;;;;;;;;;;;;;;;;;;;Elektronisch;;;;;;;;;;;;;;;;;;;;;;;;;;;;;;;;;;;;1298;1190;1130;;;;;;;;;;;;;;;;;;;260;;;;;;;;;;;;;;;;;;;;;;;;;6;2190;;;;;;;Schwarz RAL9005;;;;;;;;;;;;;;;;;;;;;Stellfüße;;;;;;60;;;;;;;;;;;;;;;;;;;;;;;1250;545;900;LED;;;;;;;;;3;;;;;;;;;;;;;150;R290 / GWP 3;;;Ventiliert;;;;;;;;;;;;;;;;;;;;;;;;Edelstahl;;;;;;+25°C, 60% RH;;;;;;;;;;;;;;;;;;;;;;;;;220;180;;;;;;;;;;;;;;;;;;;;;;;;;;;;;;;;;;;;;;;;;;;;;;;;;;;;;;;;;;;;220-240/50;;;Ja;;;;;;;;;;;Thermometer;-1 bis +5;;;;;3M1;;;;;;;;;;Nein;;;;;;;;;;;;;;;;;;;;;;;;;;;;;;1.08;;;;;;;;;;;;;;;;;;;;;;;;;;;;;;;;;;;;;;8;50;;;;;;;;;;;1500;1250;1400;SOCA-F12590B_Produktblatt.pdf;SOCA-F12590B_Betriebsanleitung.pdf;SOCA-F12590B_Ersatzteilliste.pdf;SOCA-F12590B_Energielabel.pdf;SOCA-F12590B_Energiepfeil.png
Tefcold;Tefcold-Kühlinsel;;;;Supermarktkühltruhen;68874;SOCA-F18790B;5708181754785;5708181754785;TEFCOLD;8698,00;DEALS + | ProduktneuheitenGlastürkühlgeräte | Supermarktkühltruhen;;;;;;;;;;;Automatisch, elektrisch;;;;;;;;480;;;;;;;;;;;;;;;;;;;;;;;;;;;;;;;;;Elektronisch;;;;;;;;;;;;;;;;;;;;;;;;;;;;;;;;;;;;1923;1190;1130;;;;;;;;;;;;;;;;;;;310;;;;;;;;;;;;;;;;;;;;;;;;;7.5;2737.5;;;;;;;Schwarz RAL9005;;;;;;;;;;;;;;;;;;;;;Stellfüße;;;;;;60;;;;;;;;;;;;;;;;;;;;;;;1875;545;900;LED;;;;;;;;;3;;;;;;;;;;;;;150;R290 / GWP 3;;;Ventiliert;;;;;;;;;;;;;;;;;;;;;;;;Edelstahl;;;;;;+25°C, 60% RH;;;;;;;;;;;;;;;;;;;;;;;;;250;275;;;;;;;;;;;;;;;;;;;;;;;;;;;;;;;;;;;;;;;;;;;;;;;;;;;;;;;;;;;;220-240/50;;;Ja;;;;;;;;;;;Thermometer;-1 bis +5;;;;;3M1;;;;;;;;;;Nein;;;;;;;;;;;;;;;;;;;;;;;;;;;;;;1.55;;;;;;;;;;;;;;;;;;;;;;;;;;;;;;;;;;;;;;9;50;;;;;;;;;;;2100;1250;1400;SOCA-F18790B_Produktblatt.pdf;SOCA-F18790B_Betriebsanleitung.pdf;SOCA-F18790B_Ersatzteilliste.pdf;SOCA-F18790B_Energielabel.pdf;SOCA-F18790B_Energiepfeil.png
Tefcold;Tefcold-Kühlinsel;;;;Supermarktkühltruhen;68877;SOCA-F25090B;5708181754808;5708181754808;TEFCOLD;10662,00;DEALS + | ProduktneuheitenGlastürkühlgeräte | Supermarktkühltruhen;;;;;;;;;;;Automatisch, elektrisch;;;;;;;;690;;;;;;;;;;;;;;;;;;;;;;;;;;;;;;;;;Elektronisch;;;;;;;;;;;;;;;;;;;;;;;;;;;;;;;;;;;;2548;1190;1130;;;;;;;;;;;;;;;;;;;410;;;;;;;;;;;;;;;;;;;;;;;;;10;3650;;;;;;;Schwarz RAL9005;;;;;;;;;;;;;;;;;;;;;Stellfüße;;;;;;60;;;;;;;;;;;;;;;;;;;;;;;2500;545;900;LED;;;;;;;;;3;;;;;;;;;;;;;2 x 150;R290 / GWP 3;;;Ventiliert;;;;;;;;;;;;;;;;;;;;;;;;Edelstahl;;;;;;+25°C, 60% RH;;;;;;;;;;;;;;;;;;;;;;;;;325;365;;;;;;;;;;;;;;;;;;;;;;;;;;;;;;;;;;;;;;;;;;;;;;;;;;;;;;;;;;;;220-240/50;;;Ja;;;;;;;;;;;Thermometer;-1 bis +5;;;;;3M1;;;;;;;;;;Nein;;;;;;;;;;;;;;;;;;;;;;;;;;;;;;2.03;;;;;;;;;;;;;;;;;;;;;;;;;;;;;;;;;;;;;;4;50;;;;;;;;;;;2750;1250;1400;SOCA-F25090B_Produktblatt.pdf;SOCA-F25090B_Betriebsanleitung.pdf;SOCA-F25090B_Ersatzteilliste.pdf;SOCA-F25090B_Energielabel.pdf;SOCA-F25090B_Energiepfeil.png
Tefcold;Tefcold-Kühlinsel;;;;Supermarktkühltruhen;68880;SOCA-F37590B;5708181754822;5708181754822;TEFCOLD;18590,00;DEALS + | ProduktneuheitenGlastürkühlgeräte | Supermarktkühltruhen;;;;;;;;;;;Automatisch, elektrisch;;;;;;;;1000;;;;;;;;;;;;;;;;;;;;;;;;;;;;;;;;;Elektronisch;;;;;;;;;;;;;;;;;;;;;;;;;;;;;;;;;;;;3798;1190;1130;;;;;;;;;;;;;;;;;;;565;;;;;;;;;;;;;;;;;;;;;;;;;14.4;5256;;;;;;;Schwarz RAL9005;;;;;;;;;;;;;;;;;;;;;Stellfüße;;;;;;60;;;;;;;;;;;;;;;;;;;;;;;3750;545;900;LED;;;;;;;;;3;;;;;;;;;;;;;2 x 150;R290 / GWP 3;;;Ventiliert;;;;;;;;;;;;;;;;;;;;;;;;Edelstahl;;;;;;+25°C, 60% RH;;;;;;;;;;;;;;;;;;;;;;;;;470;550;;;;;;;;;;;;;;;;;;;;;;;;;;;;;;;;;;;;;;;;;;;;;;;;;;;;;;;;;;;;220-240/50;;;Ja;;;;;;;;;;;Thermometer;-1 bis +5;;;;;3M1;;;;;;;;;;Nein;;;;;;;;;;;;;;;;;;;;;;;;;;;;;;2.97;;;;;;;;;;;;;;;;;;;;;;;;;;;;;;;;;;;;;;3;50;;;;;;;;;;;4000;1250;1400;SOCA-F37590B_Produktblatt.pdf;SOCA-F37590B_Betriebsanleitung.pdf;SOCA-F37590B_Ersatzteilliste.pdf;SOCA-F37590B_Energielabel.pdf;SOCA-F37590B_Energiepfeil.png
Tefcold;Tefcold-Kühlinsel;;;;Supermarktkühltruhen;54142;SOCA12590A;5708181738990;5708181738990;TEFCOLD;7097,00;Glastürkühlgeräte | Supermarktkühltruhen;2008581;;;;;;;;;;Automatisch, elektrisch;;;;;;;;320;;;;;;;;;;;;;;;;;;;;;;;;;;;;;;;;;Elektronisch;;;;;;;;;;;;;;;;;;;;;;;;;;;;;;;;;;;;1298;1190;1120;;;;;;;;;;;;;;;;;;;260;;;;;;;;;;;;;;;;;;;;;;62;E;;6;2190;;;;;;;Grau RAL7015;;;;;;;;;;;;;;;;;;;;;Stellfüße;;;;;;59;;;;;;;;;;;;;;;;;;;;;;;1250;545;900;LED;;;;;;;;;3;;;;;;;;;;;;;150;R290 / GWP 3;;;Ventiliert;;;;;;;;;;;;;;;;;;;;;;;;Edelstahl;;;;;;+25°C, 60% RH;;;;;;;;;;;;;;;;;;;;;;;;;220;325;;;;;;;;;;;;;;;;;;;;;;;;;;;;;;;;;;;;;;;;;;;;;;;;;;;;;;;;;;;;220-240/50;;;Ja;;;;;;;;;;;Thermometer;0 bis +4;;;;;3M1;;;;;;;;;;Nein;;;;;;;;;;;;;;;;;;;;;;;;;;;;;;1.27;;;;;;;;;;;;;;;;;;;;;;;;;;;;;;;;;;;;;;8;50;;;;;;;;;;;1500;1250;1400;SOCA12590A_Produktblatt.pdf;SOCA12590A_Betriebsanleitung.pdf;SOCA12590A_Ersatzteilliste.pdf;SOCA12590A_Energielabel.pdf;SOCA12590A_Energiepfeil.png
Tefcold;Tefcold-Kühlinsel;;;;Supermarktkühltruhen;55472;SOCA12590B;5708181741273;5708181741273;TEFCOLD;7097,00;DEALS + | ProduktneuheitenGlastürkühlgeräte | Supermarktkühltruhen;2190927;;;;;;;;;;Automatisch, elektrisch;;;;;;;;320;;;;;;;;;;;;;;;;;;;;;;;;;;;;;;;;;Elektronisch;;;;;;;;;;;;;;;;;;;;;;;;;;;;;;;;;;;;1298;1190;1120;;;;;;;;;;;;;;;;;;;260;;;;;;;;;;;;;;;;;;;;;;62;E;;6;2190;;;;;;;Schwarz RAL9005;;;;;;;;;;;;;;;;;;;;;Stellfüße;;;;;;59;;;;;;;;;;;;;;;;;;;;;;;1250;545;900;LED;;;;;;;;;3;;;;;;;;;;;;;150;R290 / GWP 3;;;Ventiliert;;;;;;;;;;;;;;;;;;;;;;;;Edelstahl;;;;;;+25°C, 60% RH;;;;;;;;;;;;;;;;;;;;;;;;;220;325;;;;;;;;;;;;;;;;;;;;;;;;;;;;;;;;;;;;;;;;;;;;;;;;;;;;;;;;;;;;220-240/50;;;Ja;;;;;;;;;;;Thermometer;0 bis +4;;;;;3M1;;;;;;;;;;Nein;;;;;;;;;;;;;;;;;;;;;;;;;;;;;;1.27;;;;;;;;;;;;;;;;;;;;;;;;;;;;;;;;;;;;;;8;50;;;;;;;;;;;1500;1250;1400;SOCA12590B_Produktblatt.pdf;SOCA12590B_Betriebsanleitung.pdf;SOCA12590B_Ersatzteilliste.pdf;SOCA12590B_Energielabel.pdf;SOCA12590B_Energiepfeil.png
Tefcold;Tefcold-Kühlinsel;;;;Supermarktkühltruhen;54144;SOCA18790A;5708181739010;5708181739010;TEFCOLD;7820,00;Glastürkühlgeräte | Supermarktkühltruhen;2008770;;;;;;;;;;Automatisch, elektrisch;;;;;;;;480;;;;;;;;;;;;;;;;;;;;;;;;;;;;;;;;;Elektronisch;;;;;;;;;;;;;;;;;;;;;;;;;;;;;;;;;;;;1923;1190;1120;;;;;;;;;;;;;;;;;;;310;;;;;;;;;;;;;;;;;;;;;;63.8;E;;7.5;2738;;;;;;;Grau RAL7015;;;;;;;;;;;;;;;;;;;;;Stellfüße;;;;;;59;;;;;;;;;;;;;;;;;;;;;;;1875;545;900;LED;;;;;;;;;3;;;;;;;;;;;;;150;R290 / GWP 3;;;Ventiliert;;;;;;;;;;;;;;;;;;;;;;;;Edelstahl;;;;;;+25°C, 60% RH;;;;;;;;;;;;;;;;;;;;;;;;;250;489;;;;;;;;;;;;;;;;;;;;;;;;;;;;;;;;;;;;;;;;;;;;;;;;;;;;;;;;;;;;220-240/50;;;Ja;;;;;;;;;;;Thermometer;0 bis +4;;;;;3M1;;;;;;;;;;Nein;;;;;;;;;;;;;;;;;;;;;;;;;;;;;;1.77;;;;;;;;;;;;;;;;;;;;;;;;;;;;;;;;;;;;;;9;50;;;;;;;;;;;2100;1250;1400;SOCA18790A_Produktblatt.pdf;SOCA18790A_Betriebsanleitung.pdf;SOCA18790A_Ersatzteilliste.pdf;SOCA18790A_Energielabel.pdf;SOCA18790A_Energiepfeil.png
Tefcold;Tefcold-Kühlinsel;;;;Supermarktkühltruhen;55473;SOCA18790B;5708181741280;5708181741280;TEFCOLD;7820,00;DEALS + | ProduktneuheitenGlastürkühlgeräte | Supermarktkühltruhen;2190937;;;;;;;;;;Automatisch, elektrisch;;;;;;;;480;;;;;;;;;;;;;;;;;;;;;;;;;;;;;;;;;Elektronisch;;;;;;;;;;;;;;;;;;;;;;;;;;;;;;;;;;;;1923;1190;1120;;;;;;;;;;;;;;;;;;;310;;;;;;;;;;;;;;;;;;;;;;63.8;E;;7.5;2738;;;;;;;Schwarz RAL9005;;;;;;;;;;;;;;;;;;;;;Stellfüße;;;;;;59;;;;;;;;;;;;;;;;;;;;;;;1875;545;900;LED;;;;;;;;;3;;;;;;;;;;;;;150;R290 / GWP 3;;;Ventiliert;;;;;;;;;;;;;;;;;;;;;;;;Edelstahl;;;;;;+25°C, 60% RH;;;;;;;;;;;;;;;;;;;;;;;;;250;489;;;;;;;;;;;;;;;;;;;;;;;;;;;;;;;;;;;;;;;;;;;;;;;;;;;;;;;;;;;;220-240/50;;;Ja;;;;;;;;;;;Thermometer;0 bis +4;;;;;3M1;;;;;;;;;;Nein;;;;;;;;;;;;;;;;;;;;;;;;;;;;;;1.77;;;;;;;;;;;;;;;;;;;;;;;;;;;;;;;;;;;;;;9;50;;;;;;;;;;;2100;1250;1400;SOCA18790B_Produktblatt.pdf;SOCA18790B_Betriebsanleitung.pdf;SOCA18790B_Ersatzteilliste.pdf;SOCA18790B_Energielabel.pdf;SOCA18790B_Energiepfeil.png
Tefcold;Tefcold-Kühlinsel;;;;Supermarktkühltruhen;54146;SOCA25090A;5708181739034;5708181739034;TEFCOLD;9505,00;Glastürkühlgeräte | Supermarktkühltruhen;2008798;;;;;;;;;;Automatisch, elektrisch;;;;;;;;690;;;;;;;;;;;;;;;;;;;;;;;;;;;;;;;;;Elektronisch;;;;;;;;;;;;;;;;;;;;;;;;;;;;;;;;;;;;2548;1190;1120;;;;;;;;;;;;;;;;;;;410;;;;;;;;;;;;;;;;;;;;;;71.9;F;;10;3650;;;;;;;Grau RAL7015;;;;;;;;;;;;;;;;;;;;;Stellfüße;;;;;;59;;;;;;;;;;;;;;;;;;;;;;;2500;545;900;LED;;;;;;;;;3;;;;;;;;;;;;;2 x 150;R290 / GWP 3;;;Ventiliert;;;;;;;;;;;;;;;;;;;;;;;;Edelstahl;;;;;;+25°C, 60% RH;;;;;;;;;;;;;;;;;;;;;;;;;325;654;;;;;;;;;;;;;;;;;;;;;;;;;;;;;;;;;;;;;;;;;;;;;;;;;;;;;;;;;;;;220-240/50;;;Ja;;;;;;;;;;;Thermometer;0 bis +4;;;;;3M1;;;;;;;;;;Nein;;;;;;;;;;;;;;;;;;;;;;;;;;;;;;2.29;;;;;;;;;;;;;;;;;;;;;;;;;;;;;;;;;;;;;;4;50;;;;;;;;;;;2750;1250;1400;SOCA25090A_Produktblatt.pdf;SOCA25090A_Betriebsanleitung.pdf;SOCA25090A_Ersatzteilliste.pdf;SOCA25090A_Energielabel.pdf;SOCA25090A_Energiepfeil.png
Tefcold;Tefcold-Kühlinsel;;;;Supermarktkühltruhen;55474;SOCA25090B;5708181741297;5708181741297;TEFCOLD;9505,00;DEALS + | ProduktneuheitenGlastürkühlgeräte | Supermarktkühltruhen;2190944;;;;;;;;;;Automatisch, elektrisch;;;;;;;;690;;;;;;;;;;;;;;;;;;;;;;;;;;;;;;;;;Elektronisch;;;;;;;;;;;;;;;;;;;;;;;;;;;;;;;;;;;;2548;1190;1120;;;;;;;;;;;;;;;;;;;410;;;;;;;;;;;;;;;;;;;;;;71.9;F;;10;3650;;;;;;;Schwarz RAL9005;;;;;;;;;;;;;;;;;;;;;Stellfüße;;;;;;59;;;;;;;;;;;;;;;;;;;;;;;2500;545;900;LED;;;;;;;;;3;;;;;;;;;;;;;2 x 150;R290 / GWP 3;;;Ventiliert;;;;;;;;;;;;;;;;;;;;;;;;Edelstahl;;;;;;+25°C, 60% RH;;;;;;;;;;;;;;;;;;;;;;;;;325;654;;;;;;;;;;;;;;;;;;;;;;;;;;;;;;;;;;;;;;;;;;;;;;;;;;;;;;;;;;;;220-240/50;;;Ja;;;;;;;;;;;Thermometer;0 bis +4;;;;;3M1;;;;;;;;;;Nein;;;;;;;;;;;;;;;;;;;;;;;;;;;;;;2.29;;;;;;;;;;;;;;;;;;;;;;;;;;;;;;;;;;;;;;4;50;;;;;;;;;;;2750;1250;1400;SOCA25090B_Produktblatt.pdf;SOCA25090B_Betriebsanleitung.pdf;SOCA25090B_Ersatzteilliste.pdf;SOCA25090B_Energielabel.pdf;SOCA25090B_Energiepfeil.png
Tefcold;Tefcold-Kühlinsel;;;;Supermarktkühltruhen;54148;SOCA37590A;5708181739058;5708181739058;TEFCOLD;11890,00;Glastürkühlgeräte | Supermarktkühltruhen;2008809;;;;;;;;;;Automatisch, elektrisch;;;;;;;;1000;;;;;;;;;;;;;;;;;;;;;;;;;;;;;;;;;Elektronisch;;;;;;;;;;;;;;;;;;;;;;;;;;;;;;;;;;;;3798;1190;1120;;;;;;;;;;;;;;;;;;;565;;;;;;;;;;;;;;;;;;;;;;79.3;F;;14.4;5256;;;;;;;Grau RAL7015;;;;;;;;;;;;;;;;;;;;;Stellfüße;;;;;;59;;;;;;;;;;;;;;;;;;;;;;;3750;545;900;LED;;;;;;;;;3;;;;;;;;;;;;;2 x 150;R290 / GWP 3;;;Ventiliert;;;;;;;;;;;;;;;;;;;;;;;;Edelstahl;;;;;;+25°C, 60% RH;;;;;;;;;;;;;;;;;;;;;;;;;470;982;;;;;;;;;;;;;;;;;;;;;;;;;;;;;;;;;;;;;;;;;;;;;;;;;;;;;;;;;;;;220-240/50;;;Ja;;;;;;;;;;;Thermometer;0 bis +4;;;;;3M1;;;;;;;;;;Nein;;;;;;;;;;;;;;;;;;;;;;;;;;;;;;3.31;;;;;;;;;;;;;;;;;;;;;;;;;;;;;;;;;;;;;;3;50;;;;;;;;;;;4000;1250;1400;SOCA37590A_Produktblatt.pdf;SOCA37590A_Betriebsanleitung.pdf;SOCA37590A_Ersatzteilliste.pdf;SOCA37590A_Energielabel.pdf;SOCA37590A_Energiepfeil.png
Tefcold;Tefcold-Kühlinsel;;;;Supermarktkühltruhen;55475;SOCA37590B;5708181741303;5708181741303;TEFCOLD;11890,00;DEALS + | ProduktneuheitenGlastürkühlgeräte | Supermarktkühltruhen;2190953;;;;;;;;;;Automatisch, elektrisch;;;;;;;;1000;;;;;;;;;;;;;;;;;;;;;;;;;;;;;;;;;Elektronisch;;;;;;;;;;;;;;;;;;;;;;;;;;;;;;;;;;;;3798;1190;1120;;;;;;;;;;;;;;;;;;;565;;;;;;;;;;;;;;;;;;;;;;79.3;F;;14.4;5256;;;;;;;Schwarz RAL9005;;;;;;;;;;;;;;;;;;;;;Stellfüße;;;;;;59;;;;;;;;;;;;;;;;;;;;;;;3750;545;900;LED;;;;;;;;;3;;;;;;;;;;;;;2 x 150;R290 / GWP 3;;;Ventiliert;;;;;;;;;;;;;;;;;;;;;;;;Edelstahl;;;;;;+25°C, 60% RH;;;;;;;;;;;;;;;;;;;;;;;;;470;982;;;;;;;;;;;;;;;;;;;;;;;;;;;;;;;;;;;;;;;;;;;;;;;;;;;;;;;;;;;;220-240/50;;;Ja;;;;;;;;;;;Thermometer;0 bis +4;;;;;3M1;;;;;;;;;;Nein;;;;;;;;;;;;;;;;;;;;;;;;;;;;;;3.31;;;;;;;;;;;;;;;;;;;;;;;;;;;;;;;;;;;;;;3;50;;;;;;;;;;;4000;1250;1400;SOCA37590B_Produktblatt.pdf;SOCA37590B_Betriebsanleitung.pdf;SOCA37590B_Ersatzteilliste.pdf;SOCA37590B_Energielabel.pdf;SOCA37590B_Energiepfeil.png
Tefcold;Tefcold-Kühlinsel;;;;Supermarktkühltruhen;68478;SOCA45EXTB;5708181754129;5708181754129;TEFCOLD;7380,00;Glastürkühlgeräte | Supermarktkühltruhen;;;;;;;;;;;Automatisch, elektrisch;;;;;;;;610;;;;;;;;;;;;;;;;;;;;;;;;;;;;;;;;;Elektronisch;;;;;;;;;;;;;;;;;;;;;;;;;;;;;;;;;;;;1120;;1190;;;;;;;;;;;;;;;;;;;200;;;;;;;;;;;;;;;;;;;;;;;;;3.96;1445.4;;;;;;;Schwarz RAL9005;;;;;;;;;;;;;;;;;;;;;Stellfüße;;;;;;60;;;;;;;;;;;;;;;;;;;;;;;900;;545;LED;;;;;;;;;3;;;;;;;;;;;;;130;R290 / GWP 3;;;Ventiliert;;;;;;;;;;;;;;;;;;;;;;;;Edelstahl;;;;;;+25°C, 60% RH;;;;;;;;;;;;;;;;;;;;;;;;;160;90;;;;;;;;;;;;;;;;;;;;;;;;;;;;;;;;;;;;;;;;;;;;;;;;;;;;;;;;;;;;220-240/50;;;Ja;;;;;;;;;;;Thermometer;0 bis +4;;;;;3M1;;;;;;;;;;Nein;;;;;;;;;;;;;;;;;;;;;;;;;;;;;;0.88;;;;;;;;;;;;;;;;;;;;;;;;;;;;;;;;;;;;;;8;50;;;;;;;;;;;1400;1250;1400;SOCA45EXTB_Produktblatt.pdf;SOCA45EXTB_Betriebsanleitung.pdf;SOCA45EXTB_Ersatzteilliste.pdf;SOCA45EXTB_Energielabel.pdf;SOCA45EXTB_Energiepfeil.png
Tefcold;Tefcold-Kühlinsel;;;;Supermarktkühltruhen;68476;SOCA45INTB;5708181754105;5708181754105;TEFCOLD;7380,00;Glastürkühlgeräte | Supermarktkühltruhen;;;;;;;;;;;Automatisch, elektrisch;;;;;;;;310;;;;;;;;;;;;;;;;;;;;;;;;;;;;;;;;;Elektronisch;;;;;;;;;;;;;;;;;;;;;;;;;;;;;;;;;;;;1120;;1190;;;;;;;;;;;;;;;;;;;220;;;;;;;;;;;;;;;;;;;;;;;;;4.4;1606;;;;;;;Schwarz RAL9005;;;;;;;;;;;;;;;;;;;;;Stellfüße;;;;;;60;;;;;;;;;;;;;;;;;;;;;;;900;;545;LED;;;;;;;;;3;;;;;;;;;;;;;130;R290 / GWP 3;;;Ventiliert;;;;;;;;;;;;;;;;;;;;;;;;Edelstahl;;;;;;+25°C, 60% RH;;;;;;;;;;;;;;;;;;;;;;;;;180;230;;;;;;;;;;;;;;;;;;;;;;;;;;;;;;;;;;;;;;;;;;;;;;;;;;;;;;;;;;;;220-240/50;;;Ja;;;;;;;;;;;Thermometer;0 bis +4;;;;;3M1;;;;;;;;;;Nein;;;;;;;;;;;;;;;;;;;;;;;;;;;;;;0.91;;;;;;;;;;;;;;;;;;;;;;;;;;;;;;;;;;;;;;8;50;;;;;;;;;;;1500;1250;1400;SOCA45INTB_Produktblatt.pdf;SOCA45INTB_Betriebsanleitung.pdf;SOCA45INTB_Ersatzteilliste.pdf;SOCA45INTB_Energielabel.pdf;SOCA45INTB_Energiepfeil.png
Tefcold;Tefcold-Kühlinsel;;;;Supermarktkühltruhen;68483;SOCA90EXTB;5708181754167;5708181754167;TEFCOLD;11715,00;Glastürkühlgeräte | Supermarktkühltruhen;;;;;;;;;;;Automatisch, elektrisch;;;;;;;;530;;;;;;;;;;;;;;;;;;;;;;;;;;;;;;;;;Elektronisch;;;;;;;;;;;;;;;;;;;;;;;;;;;;;;;;;;;;1120;;1190;;;;;;;;;;;;;;;;;;;290;;;;;;;;;;;;;;;;;;;;;;;;;5.98;2182.7;;;;;;;Schwarz RAL9005;;;;;;;;;;;;;;;;;;;;;Stellfüße;;;;;;60;;;;;;;;;;;;;;;;;;;;;;;900;;545;LED;;;;;;;;;3;;;;;;;;;;;;;150;R290 / GWP 3;;;Ventiliert;;;;;;;;;;;;;;;;;;;;;;;;Edelstahl;;;;;;+25°C, 60% RH;;;;;;;;;;;;;;;;;;;;;;;;;245;155;;;;;;;;;;;;;;;;;;;;;;;;;;;;;;;;;;;;;;;;;;;;;;;;;;;;;;;;;;;;220-240/50;;;Ja;;;;;;;;;;;Thermometer;0 bis +4;;;;;3M1;;;;;;;;;;Nein;;;;;;;;;;;;;;;;;;;;;;;;;;;;;;1.65;;;;;;;;;;;;;;;;;;;;;;;;;;;;;;;;;;;;;;8;50;;;;;;;;;;;1500;1450;1400;SOCA90EXTB_Produktblatt.pdf;SOCA90EXTB_Betriebsanleitung.pdf;SOCA90EXTB_Ersatzteilliste.pdf;SOCA90EXTB_Energielabel.pdf;SOCA90EXTB_Energiepfeil.png
Tefcold;Tefcold-Kühlinsel;;;;Supermarktkühltruhen;68480;SOCA90INTB;5708181754143;5708181754143;TEFCOLD;11715,00;Glastürkühlgeräte | Supermarktkühltruhen;;;;;;;;;;;Automatisch, elektrisch;;;;;;;;315;;;;;;;;;;;;;;;;;;;;;;;;;;;;;;;;;Elektronisch;;;;;;;;;;;;;;;;;;;;;;;;;;;;;;;;;;;;1120;;1190;;;;;;;;;;;;;;;;;;;235;;;;;;;;;;;;;;;;;;;;;;;;;4.6;1679;;;;;;;Schwarz RAL9005;;;;;;;;;;;;;;;;;;;;;Stellfüße;;;;;;60;;;;;;;;;;;;;;;;;;;;;;;900;;545;LED;;;;;;;;;3;;;;;;;;;;;;;150;R290 / GWP 3;;;Ventiliert;;;;;;;;;;;;;;;;;;;;;;;;Edelstahl;;;;;;+25°C, 60% RH;;;;;;;;;;;;;;;;;;;;;;;;;190;345;;;;;;;;;;;;;;;;;;;;;;;;;;;;;;;;;;;;;;;;;;;;;;;;;;;;;;;;;;;;220-240/50;;;Ja;;;;;;;;;;;Thermometer;0 bis +4;;;;;3M1;;;;;;;;;;Nein;;;;;;;;;;;;;;;;;;;;;;;;;;;;;;1.07;;;;;;;;;;;;;;;;;;;;;;;;;;;;;;;;;;;;;;8;50;;;;;;;;;;;1500;1450;1400;SOCA90INTB_Produktblatt.pdf;SOCA90INTB_Betriebsanleitung.pdf;SOCA90INTB_Ersatzteilliste.pdf;SOCA90INTB_Energielabel.pdf;SOCA90INTB_Energiepfeil.png
Tefcold;Tefcold-Kühlinsel;;;;Supermarktkühltruhen;54154;SOCB12582A;5708181739072;5708181739072;TEFCOLD;5593,00;Glastürkühlgeräte | Supermarktkühltruhen;2008818;;;;;;;;;;Automatisch, elektrisch;;;;;;;;426;;;;;;;;;;;;;;;;;;;;;;;;;;;;;;;;;Elektronisch;;;;;;;;;;;;;;;;;;;;;;;;;;;;;;;;;;;;1298;1190;1120;;;;;;;;;;;;;;;;;;;260;;;;;;;;;;;;;;;;;;;;;;56.3;E;;5.45;1989;;;;;;;Grau RAL7015;;;;;;;;;;;;;;;;;;;;;Stellfüße;;;;;;59;;;;;;;;;;;;;;;;;;;;;;;1250;545;825;LED;;;;;;;;;3;;;;;;;;;;;;;150;R290 / GWP 3;;;Ventiliert;;;;;;;;;;;;;;;;;;;;;;;;Edelstahl;;;;;;+25°C, 60% RH;;;;;;;;;;;;;;;;;;;;;;;;;220;311;;;;;;;;;;;;;;;;;;;;;;;;;;;;;;;;;;;;;;;;;;;;;;;;;;;;;;;;;;;;220-240/50;;;Ja;;;;;;;;;;;Thermometer;0 bis +4;;;;;3M1;;;;;;;;;;Nein;;;;;;;;;;;;;;;;;;;;;;;;;;;;;;1.27;;;;;;;;;;;;;;;;;;;;;;;;;;;;;;;;;;;;;;8;50;;;;;;;;;;;1500;1250;1400;SOCB12582A_Produktblatt.pdf;SOCB12582A_Betriebsanleitung.pdf;SOCB12582A_Ersatzteilliste.pdf;SOCB12582A_Energielabel.pdf;SOCB12582A_Energiepfeil.png
Tefcold;Tefcold-Kühlinsel;;;;Supermarktkühltruhen;55476;SOCB12582B;5708181741310;5708181741310;TEFCOLD;5593,00;DEALS + | ProduktneuheitenGlastürkühlgeräte | Supermarktkühltruhen;2190973;;;;;;;;;;Automatisch, elektrisch;;;;;;;;426;;;;;;;;;;;;;;;;;;;;;;;;;;;;;;;;;Elektronisch;;;;;;;;;;;;;;;;;;;;;;;;;;;;;;;;;;;;1298;1190;1120;;;;;;;;;;;;;;;;;;;260;;;;;;;;;;;;;;;;;;;;;;56.3;E;;5.45;1989;;;;;;;Schwarz RAL9005;;;;;;;;;;;;;;;;;;;;;Stellfüße;;;;;;59;;;;;;;;;;;;;;;;;;;;;;;1250;545;825;LED;;;;;;;;;3;;;;;;;;;;;;;150;R290 / GWP 3;;;Ventiliert;;;;;;;;;;;;;;;;;;;;;;;;Edelstahl;;;;;;+25°C, 60% RH;;;;;;;;;;;;;;;;;;;;;;;;;220;311;;;;;;;;;;;;;;;;;;;;;;;;;;;;;;;;;;;;;;;;;;;;;;;;;;;;;;;;;;;;220-240/50;;;Ja;;;;;;;;;;;Thermometer;0 bis +4;;;;;3M1;;;;;;;;;;Nein;;;;;;;;;;;;;;;;;;;;;;;;;;;;;;1.27;;;;;;;;;;;;;;;;;;;;;;;;;;;;;;;;;;;;;;8;50;;;;;;;;;;;1500;1250;1400;SOCB12582B_Produktblatt.pdf;SOCB12582B_Betriebsanleitung.pdf;SOCB12582B_Ersatzteilliste.pdf;SOCB12582B_Energielabel.pdf;SOCB12582B_Energiepfeil.png
Tefcold;Tefcold-Kühlinsel;;;;Supermarktkühltruhen;54156;SOCB18782A;5708181739096;5708181739096;TEFCOLD;6393,00;Glastürkühlgeräte | Supermarktkühltruhen;2008826;;;;;;;;;;Automatisch, elektrisch;;;;;;;;660;;;;;;;;;;;;;;;;;;;;;;;;;;;;;;;;;Elektronisch;;;;;;;;;;;;;;;;;;;;;;;;;;;;;;;;;;;;1923;1190;1120;;;;;;;;;;;;;;;;;;;310;;;;;;;;;;;;;;;;;;;;;;60;E;;7.05;2573;;;;;;;Grau RAL7015;;;;;;;;;;;;;;;;;;;;;Stellfüße;;;;;;59;;;;;;;;;;;;;;;;;;;;;;;1875;545;825;LED;;;;;;;;;3;;;;;;;;;;;;;150;R290 / GWP 3;;;Ventiliert;;;;;;;;;;;;;;;;;;;;;;;;Edelstahl;;;;;;+25°C, 60% RH;;;;;;;;;;;;;;;;;;;;;;;;;250;469;;;;;;;;;;;;;;;;;;;;;;;;;;;;;;;;;;;;;;;;;;;;;;;;;;;;;;;;;;;;220-240/50;;;Ja;;;;;;;;;;;Thermometer;0 bis +4;;;;;3M1;;;;;;;;;;Nein;;;;;;;;;;;;;;;;;;;;;;;;;;;;;;1.77;;;;;;;;;;;;;;;;;;;;;;;;;;;;;;;;;;;;;;9;50;;;;;;;;;;;2100;1250;1400;SOCB18782A_Produktblatt.pdf;SOCB18782A_Betriebsanleitung.pdf;SOCB18782A_Ersatzteilliste.pdf;SOCB18782A_Energielabel.pdf;SOCB18782A_Energiepfeil.png
Tefcold;Tefcold-Kühlinsel;;;;Supermarktkühltruhen;55477;SOCB18782B;5708181741327;5708181741327;TEFCOLD;6393,00;DEALS + | ProduktneuheitenGlastürkühlgeräte | Supermarktkühltruhen;2190987;;;;;;;;;;Automatisch, elektrisch;;;;;;;;660;;;;;;;;;;;;;;;;;;;;;;;;;;;;;;;;;Elektronisch;;;;;;;;;;;;;;;;;;;;;;;;;;;;;;;;;;;;1923;1190;1120;;;;;;;;;;;;;;;;;;;310;;;;;;;;;;;;;;;;;;;;;;60;E;;7.05;2573;;;;;;;Schwarz RAL9005;;;;;;;;;;;;;;;;;;;;;Stellfüße;;;;;;59;;;;;;;;;;;;;;;;;;;;;;;1875;545;825;LED;;;;;;;;;3;;;;;;;;;;;;;150;R290 / GWP 3;;;Ventiliert;;;;;;;;;;;;;;;;;;;;;;;;Edelstahl;;;;;;+25°C, 60% RH;;;;;;;;;;;;;;;;;;;;;;;;;250;469;;;;;;;;;;;;;;;;;;;;;;;;;;;;;;;;;;;;;;;;;;;;;;;;;;;;;;;;;;;;220-240/50;;;Ja;;;;;;;;;;;Thermometer;0 bis +4;;;;;3M1;;;;;;;;;;Nein;;;;;;;;;;;;;;;;;;;;;;;;;;;;;;1.77;;;;;;;;;;;;;;;;;;;;;;;;;;;;;;;;;;;;;;9;50;;;;;;;;;;;2100;1250;1400;SOCB18782B_Produktblatt.pdf;SOCB18782B_Betriebsanleitung.pdf;SOCB18782B_Ersatzteilliste.pdf;SOCB18782B_Energielabel.pdf;SOCB18782B_Energiepfeil.png
Tefcold;Tefcold-Kühlinsel;;;;Supermarktkühltruhen;54158;SOCB25082A;5708181739119;5708181739119;TEFCOLD;7751,00;Glastürkühlgeräte | Supermarktkühltruhen;2008837;;;;;;;;;;Automatisch, elektrisch;;;;;;;;860;;;;;;;;;;;;;;;;;;;;;;;;;;;;;;;;;Elektronisch;;;;;;;;;;;;;;;;;;;;;;;;;;;;;;;;;;;;2548;1190;1120;;;;;;;;;;;;;;;;;;;410;;;;;;;;;;;;;;;;;;;;;;73.3;F;;10.2;3723;;;;;;;Grau RAL7015;;;;;;;;;;;;;;;;;;;;;Stellfüße;;;;;;59;;;;;;;;;;;;;;;;;;;;;;;2500;545;825;LED;;;;;;;;;3;;;;;;;;;;;;;2 x 150;R290 / GWP 3;;;Ventiliert;;;;;;;;;;;;;;;;;;;;;;;;Edelstahl;;;;;;+25°C, 60% RH;;;;;;;;;;;;;;;;;;;;;;;;;325;627;;;;;;;;;;;;;;;;;;;;;;;;;;;;;;;;;;;;;;;;;;;;;;;;;;;;;;;;;;;;220-240/50;;;Ja;;;;;;;;;;;Thermometer;0 bis +4;;;;;3M1;;;;;;;;;;Nein;;;;;;;;;;;;;;;;;;;;;;;;;;;;;;2.29;;;;;;;;;;;;;;;;;;;;;;;;;;;;;;;;;;;;;;4;50;;;;;;;;;;;2750;1250;1400;SOCB25082A_Produktblatt.pdf;SOCB25082A_Betriebsanleitung.pdf;SOCB25082A_Ersatzteilliste.pdf;SOCB25082A_Energielabel.pdf;SOCB25082A_Energiepfeil.png
Tefcold;Tefcold-Kühlinsel;;;;Supermarktkühltruhen;55478;SOCB25082B;5708181741334;5708181741334;TEFCOLD;7751,00;DEALS + | ProduktneuheitenGlastürkühlgeräte | Supermarktkühltruhen;2190994;;;;;;;;;;Automatisch, elektrisch;;;;;;;;860;;;;;;;;;;;;;;;;;;;;;;;;;;;;;;;;;Elektronisch;;;;;;;;;;;;;;;;;;;;;;;;;;;;;;;;;;;;2548;1190;1120;;;;;;;;;;;;;;;;;;;410;;;;;;;;;;;;;;;;;;;;;;73.3;F;;10.2;3723;;;;;;;Schwarz RAL9005;;;;;;;;;;;;;;;;;;;;;Stellfüße;;;;;;59;;;;;;;;;;;;;;;;;;;;;;;2500;545;825;LED;;;;;;;;;3;;;;;;;;;;;;;2 x 150;R290 / GWP 3;;;Ventiliert;;;;;;;;;;;;;;;;;;;;;;;;Edelstahl;;;;;;+25°C, 60% RH;;;;;;;;;;;;;;;;;;;;;;;;;325;627;;;;;;;;;;;;;;;;;;;;;;;;;;;;;;;;;;;;;;;;;;;;;;;;;;;;;;;;;;;;220-240/50;;;Ja;;;;;;;;;;;Thermometer;0 bis +4;;;;;3M1;;;;;;;;;;Nein;;;;;;;;;;;;;;;;;;;;;;;;;;;;;;2.29;;;;;;;;;;;;;;;;;;;;;;;;;;;;;;;;;;;;;;4;50;;;;;;;;;;;2750;1250;1400;SOCB25082B_Produktblatt.pdf;SOCB25082B_Betriebsanleitung.pdf;SOCB25082B_Ersatzteilliste.pdf;SOCB25082B_Energielabel.pdf;SOCB25082B_Energiepfeil.png
Tefcold;Tefcold-Kühlinsel;;;;Supermarktkühltruhen;54160;SOCB37582A;5708181739133;5708181739133;TEFCOLD;9506,00;Glastürkühlgeräte | Supermarktkühltruhen;2008840;;;;;;;;;;Automatisch, elektrisch;;;;;;;;1382;;;;;;;;;;;;;;;;;;;;;;;;;;;;;;;;;Elektronisch;;;;;;;;;;;;;;;;;;;;;;;;;;;;;;;;;;;;3798;1190;1120;;;;;;;;;;;;;;;;;;;565;;;;;;;;;;;;;;;;;;;;;;73.8;F;;13.4;4891;;;;;;;Grau RAL7015;;;;;;;;;;;;;;;;;;;;;Stellfüße;;;;;;59;;;;;;;;;;;;;;;;;;;;;;;3750;545;825;LED;;;;;;;;;3;;;;;;;;;;;;;2 x 150;R290 / GWP 3;;;Ventiliert;;;;;;;;;;;;;;;;;;;;;;;;Edelstahl;;;;;;+25°C, 60% RH;;;;;;;;;;;;;;;;;;;;;;;;;470;947;;;;;;;;;;;;;;;;;;;;;;;;;;;;;;;;;;;;;;;;;;;;;;;;;;;;;;;;;;;;220-240/50;;;Ja;;;;;;;;;;;Thermometer;0 bis +4;;;;;3M1;;;;;;;;;;Nein;;;;;;;;;;;;;;;;;;;;;;;;;;;;;;3.31;;;;;;;;;;;;;;;;;;;;;;;;;;;;;;;;;;;;;;3;50;;;;;;;;;;;4000;1250;1400;SOCB37582A_Produktblatt.pdf;SOCB37582A_Betriebsanleitung.pdf;SOCB37582A_Ersatzteilliste.pdf;SOCB37582A_Energielabel.pdf;SOCB37582A_Energiepfeil.png
Tefcold;Tefcold-Kühlinsel;;;;Supermarktkühltruhen;55479;SOCB37582B;5708181741341;5708181741341;TEFCOLD;9506,00;DEALS + | ProduktneuheitenGlastürkühlgeräte | Supermarktkühltruhen;2190998;;;;;;;;;;Automatisch, elektrisch;;;;;;;;1382;;;;;;;;;;;;;;;;;;;;;;;;;;;;;;;;;Elektronisch;;;;;;;;;;;;;;;;;;;;;;;;;;;;;;;;;;;;3798;1190;1120;;;;;;;;;;;;;;;;;;;565;;;;;;;;;;;;;;;;;;;;;;73.8;F;;13.4;4891;;;;;;;Schwarz RAL9005;;;;;;;;;;;;;;;;;;;;;Stellfüße;;;;;;59;;;;;;;;;;;;;;;;;;;;;;;3750;545;825;LED;;;;;;;;;3;;;;;;;;;;;;;2 x 150;R290 / GWP 3;;;Ventiliert;;;;;;;;;;;;;;;;;;;;;;;;Edelstahl;;;;;;+25°C, 60% RH;;;;;;;;;;;;;;;;;;;;;;;;;470;947;;;;;;;;;;;;;;;;;;;;;;;;;;;;;;;;;;;;;;;;;;;;;;;;;;;;;;;;;;;;220-240/50;;;Ja;;;;;;;;;;;Thermometer;0 bis +4;;;;;3M1;;;;;;;;;;Nein;;;;;;;;;;;;;;;;;;;;;;;;;;;;;;3.31;;;;;;;;;;;;;;;;;;;;;;;;;;;;;;;;;;;;;;3;50;;;;;;;;;;;4000;1250;1400;SOCB37582B_Produktblatt.pdf;SOCB37582B_Betriebsanleitung.pdf;SOCB37582B_Ersatzteilliste.pdf;SOCB37582B_Energielabel.pdf;SOCB37582B_Energiepfeil.png
Tefcold;Tefcold-Kühlinsel;;;;Supermarktkühltruhen;51973;SPID100;5708181735890;5708181735890;TEFCOLD;3731,00;Glastürkühlgeräte | Supermarktkühltruhen;;;;;;;;;;;Automatisch;;;;;;;;565;;;;;;;;;;;;;;;;;;;;;;;;;;;;;;;;;Elektronisch;;;;;;;;;;;;;;;;;;;;;;;;;;;;;;;;;;;;1025;1235;960;;;;;;;;;;;;;;;2 x GN1/1;;;;180;;;;;;;;;;;;;;;;;;;;;;;;;5.7;2081;;;;;;;Schwarz RAL9005;;;;;;;;;;;;;;;;;;;;;4 Stellfüße;;;;;;48;;;;;;;;;;;;;;;;;;;;;;;960;;670;Ja;;;;;;;;;3;;;;;;;;;;;;;80;R290 / GWP 3;;;Ventiliert;;;;;;;;;;;;;;;;;;;;;;;;Weiß, RAL 9003;;;;;;+25°C, 60% RH;;;;;;;;;;;;;;;;;;;;;;;;;164;;;;;;;;;;;;;;;;;;;;;;;;;;;;;;;;;;;;;;;;;;;;;;;;;;;;;;;;;;;;;220-240/50;;;Ja;;;;;;;;;;;Thermometer;-1 bis +5;;;;;;;;;;;;;;;Nein;;;;;;;;;;;;;;;;;;;;;;;;;;;;;;0.76;;;;;;;;;;;;;;;;;;;;;;;;;;;;;;;;;;;;;;44;40;;;;;;;;;;;1155;1065;1230;SPID100_Produktblatt.pdf;SPID100_Betriebsanleitung.pdf;SPID100_Ersatzteilliste.pdf;SPID100_Energielabel.pdf;SPID100_Energiepfeil.png
Tefcold;Tefcold-Kühlinsel;;;;Supermarktkühltruhen;51975;SPID130;5708181735906;5708181735906;TEFCOLD;4243,00;Glastürkühlgeräte | Supermarktkühltruhen;;;;;;;;;;;Automatisch;;;;;;;;572;;;;;;;;;;;;;;;;;;;;;;;;;;;;;;;;;Elektronisch;;;;;;;;;;;;;;;;;;;;;;;;;;;;;;;;;;;;1265;1235;960;;;;;;;;;;;;;;;3 x GN1/1;;;;206;;;;;;;;;;;;;;;;;;;;;;;;;6.6;2409;;;;;;;Schwarz RAL9005;;;;;;;;;;;;;;;;;;;;;4 Stellfüße;;;;;;52;;;;;;;;;;;;;;;;;;;;;;;1220;;670;Ja;;;;;;;;;3;;;;;;;;;;;;;100;R290 / GWP 3;;;Ventiliert;;;;;;;;;;;;;;;;;;;;;;;;Weiß, RAL 9003;;;;;;+25°C, 60% RH;;;;;;;;;;;;;;;;;;;;;;;;;171;;;;;;;;;;;;;;;;;;;;;;;;;;;;;;;;;;;;;;;;;;;;;;;;;;;;;;;;;;;;;220-240/50;;;Ja;;;;;;;;;;;Thermometer;-1 bis +5;;;;;;;;;;;;;;;Nein;;;;;;;;;;;;;;;;;;;;;;;;;;;;;;0.95;;;;;;;;;;;;;;;;;;;;;;;;;;;;;;;;;;;;;;32;40;;;;;;;;;;;1405;1065;1230;SPID130_Produktblatt.pdf;SPID130_Betriebsanleitung.pdf;SPID130_Ersatzteilliste.pdf;SPID130_Energielabel.pdf;SPID130_Energiepfeil.png
Tefcold;Tefcold-Kühlinsel;;;;Supermarktkühltruhen;51977;SPID150;5708181735913;5708181735913;TEFCOLD;4709,00;Glastürkühlgeräte | Supermarktkühltruhen;;;;;;;;;;;Automatisch;;;;;;;;781;;;;;;;;;;;;;;;;;;;;;;;;;;;;;;;;;Elektronisch;;;;;;;;;;;;;;;;;;;;;;;;;;;;;;;;;;;;1505;1235;960;;;;;;;;;;;;;;;4 x GN1/1;;;;219;;;;;;;;;;;;;;;;;;;;;;;;;8.8;3212;;;;;;;Schwarz RAL9005;;;;;;;;;;;;;;;;;;;;;4 Stellfüße;;;;;;54;;;;;;;;;;;;;;;;;;;;;;;1440;;670;Ja;;;;;;;;;3;;;;;;;;;;;;;120;R290 / GWP 3;;;Ventiliert;;;;;;;;;;;;;;;;;;;;;;;;Weiß, RAL 9003;;;;;;+25°C, 60% RH;;;;;;;;;;;;;;;;;;;;;;;;;184;;;;;;;;;;;;;;;;;;;;;;;;;;;;;;;;;;;;;;;;;;;;;;;;;;;;;;;;;;;;;220-240/50;;;Ja;;;;;;;;;;;Thermometer;-1 bis +5;;;;;;;;;;;;;;;Nein;;;;;;;;;;;;;;;;;;;;;;;;;;;;;;1.14;;;;;;;;;;;;;;;;;;;;;;;;;;;;;;;;;;;;;;28;40;;;;;;;;;;;1525;1065;1230;SPID150_Produktblatt.pdf;SPID150_Betriebsanleitung.pdf;SPID150_Ersatzteilliste.pdf;SPID150_Energielabel.pdf;SPID150_Energiepfeil.png
Tefcold;Tefcold-Kühlinsel;;;;Supermarktkühltruhen;51979;SPID200;5708181735920;5708181735920;TEFCOLD;5499,00;Glastürkühlgeräte | Supermarktkühltruhen;;;;;;;;;;;Automatisch;;;;;;;;1098;;;;;;;;;;;;;;;;;;;;;;;;;;;;;;;;;Elektronisch;;;;;;;;;;;;;;;;;;;;;;;;;;;;;;;;;;;;1985;1235;960;;;;;;;;;;;;;;;5 x GN1/1;;;;275;;;;;;;;;;;;;;;;;;;;;;;;;12.6;4599;;;;;;;Schwarz RAL9005;;;;;;;;;;;;;;;;;;;;;6 Stellfüße;;;;;;54;;;;;;;;;;;;;;;;;;;;;;;1940;;670;Ja;;;;;;;;;3;;;;;;;;;;;;;120;R290 / GWP 3;;;Ventiliert;;;;;;;;;;;;;;;;;;;;;;;;Weiß, RAL 9003;;;;;;+25°C, 60% RH;;;;;;;;;;;;;;;;;;;;;;;;;230;;;;;;;;;;;;;;;;;;;;;;;;;;;;;;;;;;;;;;;;;;;;;;;;;;;;;;;;;;;;;220-240/50;;;Ja;;;;;;;;;;;Thermometer;-1 bis +5;;;;;;;;;;;;;;;Nein;;;;;;;;;;;;;;;;;;;;;;;;;;;;;;1.52;;;;;;;;;;;;;;;;;;;;;;;;;;;;;;;;;;;;;;22;40;;;;;;;;;;;2125;1065;1230;SPID200_Produktblatt.pdf;SPID200_Betriebsanleitung.pdf;SPID200_Ersatzteilliste.pdf;SPID200_Energielabel.pdf;SPID200_Energiepfeil.png
Tefcold;Tefcold-Kühlinsel;;;;Supermarktkühltruhen;51981;SPID250;5708181735937;5708181735937;TEFCOLD;6381,00;Glastürkühlgeräte | Supermarktkühltruhen;;;;;;;;;;;Automatisch;;;;;;;;1284;;;;;;;;;;;;;;;;;;;;;;;;;;;;;;;;;Elektronisch;;;;;;;;;;;;;;;;;;;;;;;;;;;;;;;;;;;;2465;1235;960;;;;;;;;;;;;;;;6 x GN1/1;;;;297;;;;;;;;;;;;;;;;;;;;;;;;;13.7;5001;;;;;;;Schwarz RAL9005;;;;;;;;;;;;;;;;;;;;;6 Stellfüße;;;;;;56;;;;;;;;;;;;;;;;;;;;;;;2396;;670;Ja;;;;;;;;;3;;;;;;;;;;;;;150;R290 / GWP 3;;;Ventiliert;;;;;;;;;;;;;;;;;;;;;;;;Weiß, RAL 9003;;;;;;+25°C, 60% RH;;;;;;;;;;;;;;;;;;;;;;;;;277;;;;;;;;;;;;;;;;;;;;;;;;;;;;;;;;;;;;;;;;;;;;;;;;;;;;;;;;;;;;;220-240/50;;;Ja;;;;;;;;;;;Thermometer;-1 bis +5;;;;;;;;;;;;;;;Nein;;;;;;;;;;;;;;;;;;;;;;;;;;;;;;1.9;;;;;;;;;;;;;;;;;;;;;;;;;;;;;;;;;;;;;;16;40;;;;;;;;;;;2625;1065;1230;SPID250_Produktblatt.pdf;SPID250_Betriebsanleitung.pdf;SPID250_Ersatzteilliste.pdf;SPID250_Energielabel.pdf;SPID250_Energiepfeil.png
Tefcold;Tefcold-Kühlinsel;;;;Supermarktkühltruhen;16320;TWIN 220-CF;5708181212292;5708181212292;TEFCOLD;5275,00;Gefriergeräte | Supermarkt – TiefkühltruhenGlastürkühlgeräte | Supermarktkühltruhen;445613;;;;;;;;;;Automatisch;;;;;;;;522;;;;;;;;;;;;;;;;;;;;;;;;;;;;;;;;;Elektronisch;;;;;;;;;;;;;;;;;;;;;;;;;;;;;;;;;;;;2150;930;1465;;;;;;;;;;;;;;;;;;;251;1697;;;;;;;;;;;;;;;;;;;;;26;C;;9.2;3358;;;;;;;Weiß;;;;;;;;;;;;;;;;;;;;;4 Stellfüße;;;;;;48;;;;;;;;;;;;;;;;;;;;;;;2000;700;1175;LED;;;;;;;;;3;;;;;;;;;;;;;2 x 85;R290 / GWP 3;;;Statisch;;;;;;;;;;;;;;;;;;;;;;;;Pulverbeschichtetes Stahlblech;;;;;;+25°C, 60% RH;;;;;;;;;;;;;;;;;;;;;;;;;198;1255;;;;;;;;;;;;;;;;;;;;;;;;;;;;;;;;;;;;;;;;;;;;;;;;;;;;;;;;;;;;220-240/50;;;Ja;;;;;;;;;;;Thermometer;-24 bis -18 / -1 bis +15;;;;;;;;;;;;;;;;;;;;;;;;;;;;;;;;;;;;;;;;;;;;;2.65;;;;;;;;;;;;;;;;;;;;;;;;;;;;;;;;;;;;;;14;;;4;;;;;2 gewölbte Schiebedeckel aus Temperglas;;;;2240;1550;1030;TWIN_220-CF_Produktblatt.pdf;TWIN_220-CF_Betriebsanleitung.pdf;TWIN_220-CF_Ersatzteilliste.pdf;TWIN_220-CF_Energielabel.pdf;TWIN_220-CF_Energiepfeil.png
Tefcold;Tefcold-Kühlinsel;;;;Supermarktkühltruhen;17333;TWIN 220A-CF;5708181212575;5708181212575;TEFCOLD;5284,00;Gefriergeräte | Supermarkt – TiefkühltruhenGlastürkühlgeräte | Supermarktkühltruhen;445613;;;;;;;;;;Automatisch;;;;;;;;522;;;;;;;;;;;;;;;;;;;;;;;;;;;;;;;;;Elektronisch;;;;;;;;;;;;;;;;;;;;;;;;;;;;;;;;;;;;2150;930;1465;;;;;;;;;;;;;;;;;;;251;1697;;;;;;;;;;;;;;;;;;;;;26;C;;9.2;3358;;;;;;;Anthrazit RAL 7016;;;;;;;;;;;;;;;;;;;;;4 Stellfüße;;;;;;48;;;;;;;;;;;;;;;;;;;;;;;2000;700;1175;LED;;;;;;;;;3;;;;;;;;;;;;;2 x 85;R290 / GWP 3;;;Statisch;;;;;;;;;;;;;;;;;;;;;;;;Pulverbeschichtetes Stahlblech;;;;;;+25°C, 60% RH;;;;;;;;;;;;;;;;;;;;;;;;;198;1255;;;;;;;;;;;;;;;;;;;;;;;;;;;;;;;;;;;;;;;;;;;;;;;;;;;;;;;;;;;;220-240/50;;;Ja;;;;;;;;;;;Thermometer;-24 bis -18 / -1 bis +15;;;;;;;;;;;;;;;;;;;;;;;;;;;;;;;;;;;;;;;;;;;;;2.65;;;;;;;;;;;;;;;;;;;;;;;;;;;;;;;;;;;;;;14;;;4;;;;;2 gewölbte Schiebedeckel aus Temperglas;;;;2240;1550;1030;TWIN_220A-CF_Produktblatt.pdf;TWIN_220A-CF_Betriebsanleitung.pdf;TWIN_220A-CF_Ersatzteilliste.pdf;TWIN_220A-CF_Energielabel.pdf;TWIN_220A-CF_Energiepfeil.png
Tefcold;Tefcold-Kühlinsel;;;;Supermarktkühltruhen;17334;TWIN 220B-CF;5708181212582;5708181212582;-;5327,00;Gefriergeräte | Supermarkt – TiefkühltruhenGlastürkühlgeräte | Supermarktkühltruhen;445613;;;;;;;;;;Automatisch;;;;;;;;522;;;;;;;;;;;;;;;;;;;;;;;;;;;;;;;;;Elektronisch;;;;;;;;;;;;;;;;;;;;;;;;;;;;;;;;;;;;2150;930;1465;;;;;;;;;;;;;;;;;;;251;1697;;;;;;;;;;;;;;;;;;;;;26;C;;9.2;3358;;;;;;;Schwarz;;;;;;;;;;;;;;;;;;;;;4 Stellfüße;;;;;;48;;;;;;;;;;;;;;;;;;;;;;;2000;700;1175;LED;;;;;;;;;3;;;;;;;;;;;;;2 x 85;R290 / GWP 3;;;Statisch;;;;;;;;;;;;;;;;;;;;;;;;Pulverbeschichtetes Stahlblech;;;;;;+25°C, 60% RH;;;;;;;;;;;;;;;;;;;;;;;;;198;1255;;;;;;;;;;;;;;;;;;;;;;;;;;;;;;;;;;;;;;;;;;;;;;;;;;;;;;;;;;;;220-240/50;;;Ja;;;;;;;;;;;Thermometer;-24 bis -18 / -1 bis +15;;;;;;;;;;;;;;;;;;;;;;;;;;;;;;;;;;;;;;;;;;;;;2.65;;;;;;;;;;;;;;;;;;;;;;;;;;;;;;;;;;;;;;14;;;4;;;;;2 gewölbte Schiebedeckel aus Temperglas;;;;2240;1550;1030;TWIN_220B-CF_Produktblatt.pdf;TWIN_220B-CF_Betriebsanleitung.pdf;TWIN_220B-CF_Ersatzteilliste.pdf;TWIN_220B-CF_Energielabel.pdf;TWIN_220B-CF_Energiepfeil.png
Tefcold;Tefcold-Kühlinsel;;;;Supermarktkühltruhen;17337;TWIN HEAD A-CF;5708181212612;5708181212612;TEFCOLD;3145,00;Gefriergeräte | Supermarkt – TiefkühltruhenGlastürkühlgeräte | Supermarktkühltruhen;445616;;;;;;;;;;Automatisch;;;;;;;;267;;;;;;;;;;;;;;;;;;;;;;;;;;;;;;;;;Elektronisch;;;;;;;;;;;;;;;;;;;;;;;;;;;;;;;;;;;;1470;915;812;;;;;;;;;;;;;;;;;;;125;425;;;;;;;;;;;;;;;;;;;;;34;C;;4.1;1496;;;;;;;Anthrazit RAL 7016;;;;;;;;;;;;;;;;;;;;;4 Stellfüße;;;;;;46;;;;;;;;;;;;;;;;;;;;;;;1190;620;605;LED;;;;;;;;;3;;;;;;;;;;;;;80;R290 / GWP 3;;;Statisch;;;;;;;;;;;;;;;;;;;;;;;;Pulverbeschichtetes Stahlblech;;;;;;+25°C, 60% RH;;;;;;;;;;;;;;;;;;;;;;;;;85;334;;;;;;;;;;;;;;;;;;;;;;;;;;;;;;;;;;;;;;;;;;;;;;;;;;;;;;;;;;;;220-240/50;;;Ja;;;;;;;;;;;Thermometer;-24 bis -18 / -1 bis +15;;;;;;;;;;;;;;;;;;;;;;;;;;;;;;;;;;;;;;;;;;;;;0.65;;;;;;;;;;;;;;;;;;;;;;;;;;;;;;;;;;;;;;30;;;3;;;;;2 gewölbte Schiebedeckel aus Temperglas;;;;1530;1000;1050;TWIN_HEAD_A-CF_Produktblatt.pdf;TWIN_HEAD_A-CF_Betriebsanleitung.pdf;TWIN_HEAD_A-CF_Ersatzteilliste.pdf;TWIN_HEAD_A-CF_Energielabel.pdf;TWIN_HEAD_A-CF_Energiepfeil.png
Tefcold;Tefcold-Kühlinsel;;;;Supermarktkühltruhen;17338;TWIN HEAD B-CF;5708181212629;5708181212629;-;3145,00;Gefriergeräte | Supermarkt – TiefkühltruhenGlastürkühlgeräte | Supermarktkühltruhen;445616;;;;;;;;;;Automatisch;;;;;;;;267;;;;;;;;;;;;;;;;;;;;;;;;;;;;;;;;;Elektronisch;;;;;;;;;;;;;;;;;;;;;;;;;;;;;;;;;;;;1470;915;812;;;;;;;;;;;;;;;;;;;125;425;;;;;;;;;;;;;;;;;;;;;34;C;;4.1;1496;;;;;;;Schwarz;;;;;;;;;;;;;;;;;;;;;4 Stellfüße;;;;;;46;;;;;;;;;;;;;;;;;;;;;;;1190;620;605;LED;;;;;;;;;3;;;;;;;;;;;;;80;R290 / GWP 3;;;Statisch;;;;;;;;;;;;;;;;;;;;;;;;Pulverbeschichtetes Stahlblech;;;;;;+25°C, 60% RH;;;;;;;;;;;;;;;;;;;;;;;;;85;334;;;;;;;;;;;;;;;;;;;;;;;;;;;;;;;;;;;;;;;;;;;;;;;;;;;;;;;;;;;;220-240/50;;;Ja;;;;;;;;;;;Thermometer;-24 bis -18 / -1 bis +15;;;;;;;;;;;;;;;;;;;;;;;;;;;;;;;;;;;;;;;;;;;;;0.65;;;;;;;;;;;;;;;;;;;;;;;;;;;;;;;;;;;;;;30;;;3;;;;;2 gewölbte Schiebedeckel aus Temperglas;;;;1530;1000;1050;TWIN_HEAD_B-CF_Produktblatt.pdf;TWIN_HEAD_B-CF_Betriebsanleitung.pdf;TWIN_HEAD_B-CF_Ersatzteilliste.pdf;TWIN_HEAD_B-CF_Energielabel.pdf;TWIN_HEAD_B-CF_Energiepfeil.png
Tefcold;Tefcold-Kühlinsel;;;;Supermarktkühltruhen;16323;TWIN HEAD-CF;5708181212315;5708181212315;TEFCOLD;3122,00;Gefriergeräte | Supermarkt – TiefkühltruhenGlastürkühlgeräte | Supermarktkühltruhen;445616;;;;;;;;;;Automatisch;;;;;;;;267;;;;;;;;;;;;;;;;;;;;;;;;;;;;;;;;;Elektronisch;;;;;;;;;;;;;;;;;;;;;;;;;;;;;;;;;;;;1470;915;812;;;;;;;;;;;;;;;;;;;125;425;;;;;;;;;;;;;;;;;;;;;34;C;;4.1;1496;;;;;;;Weiß;;;;;;;;;;;;;;;;;;;;;4 Stellfüße;;;;;;46;;;;;;;;;;;;;;;;;;;;;;;1190;620;605;LED;;;;;;;;;3;;;;;;;;;;;;;80;R290 / GWP 3;;;Statisch;;;;;;;;;;;;;;;;;;;;;;;;Pulverbeschichtetes Stahlblech;;;;;;+25°C, 60% RH;;;;;;;;;;;;;;;;;;;;;;;;;85;334;;;;;;;;;;;;;;;;;;;;;;;;;;;;;;;;;;;;;;;;;;;;;;;;;;;;;;;;;;;;220-240/50;;;Ja;;;;;;;;;;;Thermometer;-24 bis -18 / -1 bis +15;;;;;;;;;;;;;;;;;;;;;;;;;;;;;;;;;;;;;;;;;;;;;0.65;;;;;;;;;;;;;;;;;;;;;;;;;;;;;;;;;;;;;;30;;;3;;;;;2 gewölbte Schiebedeckel aus Temperglas;;;;1530;1000;1050;TWIN_HEAD-CF_Produktblatt.pdf;TWIN_HEAD-CF_Betriebsanleitung.pdf;TWIN_HEAD-CF_Ersatzteilliste.pdf;TWIN_HEAD-CF_Energielabel.pdf;TWIN_HEAD-CF_Energiepfeil.png
Tefcold;Tefcold-Kühlinsel;;;;Supermarktkühltruhen;48825;UHD201 /Black;5708181730796;5708181730796;TEFCOLD;3476,00;DEALS + | Komplett in SchwarzGefriergeräte | Supermarkt – TiefkühltruhenGlastürkühlgeräte | KühlinselnGlastürkühlgeräte | Supermarktkühltruhen;1704786;;;;;;;;;;Automatisch, Heißgas;;;;;;;;661;;;;;;;;;;;;;;;;;;;;;;;;;;;;;;;;;Elektronisch;;;;;;;;;;;;;;;;;;;;;;;;;;;;;;;;;;;;1255;962;1015;;;;;;;;;;;;;;;;;;;142;200;;;;;;;;;;;;;;;;;;;;;79.4;F;;11.05;4032;;;;;;;Schwarz RAL9005;;;;;;;;;;;;;;;;;;;;;;;;;;;50;;;;;;;;;;;;;;;;;;;;;;;1075;295;705;LED, horizontal;;;;;;;;;3;;;;;;;;;;;;;310;R290 / GWP 3;;;Ventiliert;;;;;;;;;;;;;;;;;;;;;;;;Stahlblech, beschichtet;;;;;;+25°C, 60% RH;;;;;;;;;;;;;;;;;;;;;;;;;132;165;;;;;;;;;;;;;;;;;;;;;;;;;;;;;;;;;;;;;;;4 Rollen, davon zwei mit Bremse;;;;;;;;;;;;;;;;;;;;;220-240/50;;;Ja;;;;;;;;;;;Thermometer;-2 bis 5 / -24 bis -18;;;;;;;;;;;;;;;;;;;;;;;;;;;;;;;;;;;;;;;;;;;;;0.84;;;;;;;;;;;;;;;;;;;;;;;;;;;;;;;;;;;;;;32;;;;;;;;2 flache Schiebedeckel aus Glas;;;;1400;1100;1120;UHD201__Black_Produktblatt.pdf;UHD201__Black_Betriebsanleitung.pdf;UHD201__Black_Ersatzteilliste.pdf;UHD201__Black_Energielabel.pdf;UHD201__Black_Energiepfeil.png
Tefcold;Tefcold-Kühlinsel;;;;Supermarktkühltruhen;47827;VIEW 250 CF VS;5708181727574;5708181727574;TEFCOLD;5733,00;Gefriergeräte | Supermarkt – TiefkühltruhenGlastürkühlgeräte | Supermarktkühltruhen;1786587;;;;;;;;;;Automatisch, Heißgas;;;;;;;;520;;;;;;;;;;;;;;;;;;;;;;;;;;;;;;;;;Elektronisch;;;;;;;;;;;;;;;;;;;;;;;;;;;;;;;;;;;;2500;970;980;;;;;;;;;;;;;;;;;;;220;1320;;;;;;;;;;;;;;;;;;;;;39.6;D;;10.4;3796;;;;;;;Anthrazit RAL 7016;;;;;;;;;;;;;;;;;;;;;4 Stellfüße;;;;;;54;;;;;;;;;;;;;;;;;;;;;;;2345;880;820;LED;;;;;;;;;3;;;;;;;;;;;;;127;R290 / GWP 3;;;Statisch;;;;;;;;;;;;;;;;;;;;;;;;Weiß;;;;;;+25°C, 60% RH;;;;;;;;;;;;;;;;;;;;;;;;;175;860;;;;;;;;;;;;;;;;;;;;;;;;;;;;;;;;;;;;;;;;;;;;;;;;;;;;;;;;;;;;220-240/50;;;Ja;;;;;;;;;;;Thermometer;-22 bis +10;;;;;;;;;;;;;;;Nein;;;;;;;;;;;;;;;;;;;;;;;;;;;;;;1.93;;;;;;;;;;;;;;;;;;;;;;;;;;;;;;;;;;;;;;16;42;;2;Ja;;;;2 Schiebedeckel aus gehärtetem Glas;;;;2606;1066;1028;VIEW_250_CF_VS_Produktblatt.pdf;VIEW_250_CF_VS_Betriebsanleitung.pdf;VIEW_250_CF_VS_Ersatzteilliste.pdf;VIEW_250_CF_VS_Energielabel.pdf;VIEW_250_CF_VS_Energiepfeil.png
Tefcold;Tefcold-Kühlinsel;;;;Supermarktkühltruhen;51572;VIEW HC;5708181735081;5708181735081;TEFCOLD;5476,00;Gefriergeräte | Supermarkt – TiefkühltruhenGlastürkühlgeräte | Supermarktkühltruhen;1941383;;;;;;;;;;Automatisch, Heißgas;;;;;;;;520;;;;;;;;;;;;;;;;;;;;;;;;;;;;;;;;;Elektronisch;;;;;;;;;;;;;;;;;;;;;;;;;;;;;;;;;;;;1983;970;980;;;;;;;;;;;;;;;;;;;210;995;;;;;;;;;;;;;;;;;;;;;45.1;D;;9.64;3518;;;;;;;Anthrazit RAL 7016;;;;;;;;;;;;;;;;;;;;;4 Stellfüße;;;;;;52;;;;;;;;;;;;;;;;;;;;;;;1798;880;820;LED;;;;;;;;;3;;;;;;;;;;;;;113;R290 / GWP 3;;;Statisch;;;;;;;;;;;;;;;;;;;;;;;;Weiß;;;;;;+25°C, 60% RH;;;;;;;;;;;;;;;;;;;;;;;;;166;613;;;;;;;;;;;;;;;;;;;;;;;;;;;;;;;;;;;;;;;;;;;;;;;;;;;;;;;;;;;;220-240/50;;;Ja;;;;;;;;;;;Thermometer;-22 bis +10;;;;;;;;;;;;;;;Nein;;;;;;;;;;;;;;;;;;;;;;;;;;;;;;1.5;;;;;;;;;;;;;;;;;;;;;;;;;;;;;;;;;;;;;;22;42;;2;Ja;;;;2 Schiebedeckel aus gehärtetem Glas;;;;2060;1066;1028;VIEW_HC_Produktblatt.pdf;VIEW_HC_Betriebsanleitung.pdf;VIEW_HC_Ersatzteilliste.pdf;VIEW_HC_Energielabel.pdf;VIEW_HC_Energiepfeil.png
Tefcold;Tefcold-Kühlinsel;;;;Supermarktkühltruhen;66241;View 200 CF VS B;5708181752033;5708181752033;TEFCOLD;5416,00;Glastürkühlgeräte | SupermarktkühltruhenGefriergeräte | Supermarkt – Tiefkühltruhen;2140727;;;;;;;;;;Automatisch, Heißgas;;;;;;;;520;;;;;;;;;;;;;;;;;;;;;;;;;;;;;;;;;Elektronisch;;;;;;;;;;;;;;;;;;;;;;;;;;;;;;;;;;;;1953;970;980;;;;;;;;;;;;;;;;;;;210;995;;;;;;;;;;;;;;;;;;;;;45.1;D;;9.64;3518;;;;;;;Schwarz RAL9005;;;;;;;;;;;;;;;;;;;;;4 Stellfüße;;;;;;52;;;;;;;;;;;;;;;;;;;;;;;1798;880;820;LED;;;;;;;;;3;;;;;;;;;;;;;113;R290 / GWP 3;;;Statisch;;;;;;;;;;;;;;;;;;;;;;;;Weiß;;;;;;+25°C, 60% RH;;;;;;;;;;;;;;;;;;;;;;;;;166;613;;;;;;;;;;;;;;;;;;;;;;;;;;;;;;;;;;;;;;;;;;;;;;;;;;;;;;;;;;;;220-240/50;;;Ja;;;;;;;;;;;Thermometer;-22 bis +10;;;;;;;;;;;;;;;Nein;;;;;;;;;;;;;;;;;;;;;;;;;;;;;;1.5;;;;;;;;;;;;;;;;;;;;;;;;;;;;;;;;;;;;;;22;42;;2;Ja;;;;2 Schiebedeckel aus gehärtetem Glas;;;;2060;1066;1028;View_200_CF_VS_B_Produktblatt.pdf;View_200_CF_VS_B_Betriebsanleitung.pdf;View_200_CF_VS_B_Ersatzteilliste.pdf;View_200_CF_VS_B_Energielabel.pdf;View_200_CF_VS_B_Energiepfeil.png
Tefcold;Tefcold-Kühlinsel;;;;Supermarktkühltruhen;66240;View 250 CF VS B;5708181752026;5708181752026;TEFCOLD;5733,00;Glastürkühlgeräte | SupermarktkühltruhenGefriergeräte | Supermarkt – Tiefkühltruhen;1786587;;;;;;;;;;Automatisch, Heißgas;;;;;;;;520;;;;;;;;;;;;;;;;;;;;;;;;;;;;;;;;;Elektronisch;;;;;;;;;;;;;;;;;;;;;;;;;;;;;;;;;;;;2500;970;980;;;;;;;;;;;;;;;;;;;220;1320;;;;;;;;;;;;;;;;;;;;;39.6;D;;10.4;3796;;;;;;;Schwarz RAL9005;;;;;;;;;;;;;;;;;;;;;4 Stellfüße;;;;;;54;;;;;;;;;;;;;;;;;;;;;;;2345;880;820;LED;;;;;;;;;3;;;;;;;;;;;;;127;R290 / GWP 3;;;Statisch;;;;;;;;;;;;;;;;;;;;;;;;Weiß;;;;;;+25°C, 60% RH;;;;;;;;;;;;;;;;;;;;;;;;;175;860;;;;;;;;;;;;;;;;;;;;;;;;;;;;;;;;;;;;;;;;;;;;;;;;;;;;;;;;;;;;220-240/50;;;Ja;;;;;;;;;;;Thermometer;-22 bis +10;;;;;;;;;;;;;;;Nein;;;;;;;;;;;;;;;;;;;;;;;;;;;;;;1.93;;;;;;;;;;;;;;;;;;;;;;;;;;;;;;;;;;;;;;16;42;;2;Ja;;;;2 Schiebedeckel aus gehärtetem Glas;;;;2606;1066;1028;View_250_CF_VS_B_Produktblatt.pdf;View_250_CF_VS_B_Betriebsanleitung.pdf;View_250_CF_VS_B_Ersatzteilliste.pdf;View_250_CF_VS_B_Energielabel.pdf;View_250_CF_VS_B_Energiepfeil.png
Tefcold;Tefcold-Kühlinsel;;;;Supermarktkühltruhen;66239;View HC B;5708181752019;5708181752019;TEFCOLD;5476,00;Glastürkühlgeräte | SupermarktkühltruhenGefriergeräte | Supermarkt – Tiefkühltruhen;1941383;;;;;;;;;;Automatisch, Heißgas;;;;;;;;520;;;;;;;;;;;;;;;;;;;;;;;;;;;;;;;;;Elektronisch;;;;;;;;;;;;;;;;;;;;;;;;;;;;;;;;;;;;1983;970;980;;;;;;;;;;;;;;;;;;;210;995;;;;;;;;;;;;;;;;;;;;;45.1;D;;9.64;3518;;;;;;;Schwarz RAL9005;;;;;;;;;;;;;;;;;;;;;4 Stellfüße;;;;;;52;;;;;;;;;;;;;;;;;;;;;;;1798;880;820;LED;;;;;;;;;3;;;;;;;;;;;;;113;R290 / GWP 3;;;Statisch;;;;;;;;;;;;;;;;;;;;;;;;Weiß;;;;;;+25°C, 60% RH;;;;;;;;;;;;;;;;;;;;;;;;;166;613;;;;;;;;;;;;;;;;;;;;;;;;;;;;;;;;;;;;;;;;;;;;;;;;;;;;;;;;;;;;220-240/50;;;Ja;;;;;;;;;;;Thermometer;-22 bis +10;;;;;;;;;;;;;;;Nein;;;;;;;;;;;;;;;;;;;;;;;;;;;;;;1.5;;;;;;;;;;;;;;;;;;;;;;;;;;;;;;;;;;;;;;22;42;;2;Ja;;;;2 Schiebedeckel aus gehärtetem Glas;;;;2060;1066;1028;View_HC_B_Produktblatt.pdf;View_HC_B_Betriebsanleitung.pdf;View_HC_B_Ersatzteilliste.pdf;View_HC_B_Energielabel.pdf;View_HC_B_Energiepfeil.png
Tefcold;Tefcold-Kühltheken;;;;Theken;17843;BK210;5708181363031;5708181363031;TEFCOLD;1835,00;DEALS + | Energieeffiziente GeräteGastrobereich | Theken;2609911;;;;;;;;;;Automatisch;;;;;;;;300;;;;;;;;;;;;;;;2;;;;;;;;;;;;;;;;;;Elektronisch;;;;;;;;;;;;;;;;;;;;;;;2 Selbstschließende Drehtüren;;;;;;;;;;;;;1510;860;800;;;;;;18;;;;;;;;;;;;;131;428;;;;;;;;;;;;;;;;;;;;;25.94;B;;1.76;642;;;;;;;SS 304;Weiß;;;;;;;;;;;;;;;;;;;;4 Stellfüße;;;;;;38;;;;;;;;;;;;;;;;;;;;;;;945;565;680;;;;;;;;;;5;;;;;;;;;;;;;95;R600a / GWP 3;;;Ventiliert;;;;;;;;;;;;;;;;;;;;;;;;SS 304;;;;;;+40°C, 40% RH;;;;;;;;;;;;;;;;;;;;;;;;;121;268;;;;;;;;;;;;;;;;;;;;;;;;;;;;;;;;;;;;;;;;;;;2 Tragroste, weiß;;;;;;;;;;;;;;;;;220-240/50;;;Ja;;;;;;;;;;;Thermometer;+2 bis +8;;;;;;;;;;;;;;;;;Ja;;;;;;;;;;;;;;;;;;;;;;;;;;;;;;;;;;;;;;;;;;;;;;;;;;;;;;;;;;;;;;;;;;30;;;;;;;;;;400 x 600 mm;;1550;840;920;BK210_Produktblatt.pdf;BK210_Betriebsanleitung.pdf;BK210_Ersatzteilliste.pdf;BK210_Energielabel.pdf;BK210_Energiepfeil.png
Tefcold;Tefcold-Kühltheken;;;;Theken;71872;BK210SP;5708181762056;5708181762056;TEFCOLD;1552,00;DEALS + | ProduktneuheitenDEALS + | Energieeffiziente GeräteGastrobereich | Theken;2609911;;;;;;;;;;Automatisch;;;;;;;;300;;;;;;;;;;;;;;;2;;;;;;;;;;;;;;;;;;Elektronisch;;;;;;;;;;;;;;;;;;;;;;;2 Selbstschließende Drehtüren;;;;;;;;;;;;;1510;960;800;;;;;;18;;;;;;;;;;;;;155;428;;;;;;;;;;;;;;;;;;;;;25.94;B;;1.76;642;;;;;;;SS 304;Weiß;;;;;;;;;;;;;;;;;;;;4 Stellfüße;;;;;;38;;;;;;;;;;;;;;;;;;;;;;;945;565;680;;;;;;;;;;5;;;;;;;;;;;;;95;R600a / GWP 3;;;Ventiliert;;;;;;;;;;;;;;;;;;;;;;;;SS 304;;;;;;+40°C, 40% RH;;;;;;;;;;;;;;;;;;;;;;;;;140;268;;;;;;;;;;;;;;;;;;;;;;;;;;;;;;;;;;;;;;;;;;;2 Tragroste, weiß;;;;;;;;;;;;;;;;;220-240/50;;;Ja;;;;;;;;;;;Thermometer;+2 bis +8;;;;;;;;;;;;;;;;;Ja;;;;;;;;;;;;;;;;;;;;;;;;;;;;;;;;;;;;;;;;;;;;;;;;;;;;;;;;;;;;;;;;;;30;;;;;;;;;;400 x 600 mm;;1540;830;1010;BK210SP_Produktblatt.pdf;BK210SP_Betriebsanleitung.pdf;BK210SP_Ersatzteilliste.pdf;BK210SP_Energielabel.pdf;BK210SP_Energiepfeil.png
Tefcold;Tefcold-Kühltheken;;;;Theken;17846;BK310;5708181363055;5708181363055;TEFCOLD;2178,00;Gastrobereich | Theken;2609940;;;;;;;;;;Automatisch;;;;;;;;300;;;;;;;;;;;;;;;3;;;;;;;;;;;;;;;;;;Elektronisch;;;;;;;;;;;;;;;;;;;;;;;3 Selbstschließende Drehtüren;;;;;;;;;;;;;2020;860;800;;;;;;18;;;;;;;;;;;;;170;635;;;;;;;;;;;;;;;;;;;;;35.2;C;;2.74;1000;;;;;;;SS 304;Weiß;;;;;;;;;;;;;;;;;;;;6 Stellfüße;;;;;;38;;;;;;;;;;;;;;;;;;;;;;;1455;565;680;;;;;;;;;;5;;;;;;;;;;;;;95;R600a / GWP 3;;;Ventiliert;;;;;;;;;;;;;;;;;;;;;;;;SS 304;;;;;;+40°C, 40% RH;;;;;;;;;;;;;;;;;;;;;;;;;152;410;;;;;;;;;;;;;;;;;;;;;;;;;;;;;;;;;;;;;;;;;;;3 Tragroste, weiß;;;;;;;;;;;;;;;;;220-240/50;;;Ja;;;;;;;;;;;Thermometer;+2 bis +8;;;;;;;;;;;;;;;;;Ja;;;;;;;;;;;;;;;;;;;;;;;;;;;;;;;;;;;;;;;;;;;;;;;;;;;;;;;;;;;;;;;;;;28;;;;;;;;;;400 x 600 mm;;2050;840;920;BK310_Produktblatt.pdf;BK310_Betriebsanleitung.pdf;BK310_Ersatzteilliste.pdf;BK310_Energielabel.pdf;BK310_Energiepfeil.png
Tefcold;Tefcold-Kühltheken;;;;Theken;71873;BK310SP;5708181762063;5708181762063;TEFCOLD;1812,00;DEALS + | ProduktneuheitenGastrobereich | Theken;2609940;;;;;;;;;;Automatisch;;;;;;;;300;;;;;;;;;;;;;;;3;;;;;;;;;;;;;;;;;;Elektronisch;;;;;;;;;;;;;;;;;;;;;;;3 Selbstschließende Drehtüren;;;;;;;;;;;;;2020;960;800;;;;;;18;;;;;;;;;;;;;170;635;;;;;;;;;;;;;;;;;;;;;35.2;C;;2.74;1000;;;;;;;SS 304;Weiß;;;;;;;;;;;;;;;;;;;;6 Stellfüße;;;;;;38;;;;;;;;;;;;;;;;;;;;;;;1455;565;680;;;;;;;;;;5;;;;;;;;;;;;;95;R600a / GWP 3;;;Ventiliert;;;;;;;;;;;;;;;;;;;;;;;;SS 304;;;;;;+40°C, 40% RH;;;;;;;;;;;;;;;;;;;;;;;;;152;410;;;;;;;;;;;;;;;;;;;;;;;;;;;;;;;;;;;;;;;;;;;3 Tragroste, weiß;;;;;;;;;;;;;;;;;220-240/50;;;Ja;;;;;;;;;;;Thermometer;+2 bis +8;;;;;;;;;;;;;;;;;Ja;;;;;;;;;;;;;;;;;;;;;;;;;;;;;;;;;;;;;;;;;;;;;;;;;;;;;;;;;;;;;;;;;;28;;;;;;;;;;400 x 600 mm;;2050;830;1010;BK310SP_Produktblatt.pdf;BK310SP_Betriebsanleitung.pdf;BK310SP_Ersatzteilliste.pdf;BK310SP_Energielabel.pdf;BK310SP_Energiepfeil.png
Tefcold;Tefcold-Kühltheken;;;;Theken;17742;CF7210;5708181363093;5708181363093;TEFCOLD;2046,00;Gastrobereich | Theken;97467;;;;;;;;;;Automatisch;;;;;;;;470;;;;;;;;;;;;;;;2;;;;;;;;;;;;;;;;;;Elektronisch;;;;;;;;;;;;;;;;;;;;;;;2 Selbstschließende Drehtüren;;;;;;;;;;;;;1360;980;700;;;;;;;;;;;;;;;;;;;118;282;;;;;;;;;;;;;;;;;;;;;70.9;D;;6.95;2537;;;;;;;SS 304;Weiß;;;;;;;;;;;;;;;;;;;;4 Stellfüße;;;;;;42;;;;;;;;;;;;;;;;;;;;;;;902;589;530;Nein;;;;;;;;;4;;;;;;;;;;;;;90;R290 / GWP 3;;;Ventiliert;;;;;;;;;;;;;;;;;;;;;;;;SS 304;;;;;;+30°C, 55% RH;;;;;;;;;;;;;;;;;;;;;;;;;103;272;;;;;;;;;;;;;;;;;;;;;;;;;;;;;;;;;;;;;;;;;;;2 Tragroste, weiß;;;;;;;;;;;;;;;;;220-240/50;;;Ja;;;;;;;;;;;Thermometer;-20 bis -10;;;;;;;;;;;;;;;;;Ja;;;;;;;;;;;;;;;;;;;;;;;;;;;;;;;;;;;;;;;;;;;;;;;;;;;;;;;;;;;;;;;;;;48;;;;;;;;;;GN1/1;;1405;750;1010;CF7210_Produktblatt.pdf;CF7210_Betriebsanleitung.pdf;CF7210_Ersatzteilliste.pdf;CF7210_Energielabel.pdf;CF7210_Energiepfeil.png
Tefcold;Tefcold-Kühltheken;;;;Theken;17744;CF7210/-SP;5708181363116;5708181363116;TEFCOLD;2046,00;Gastrobereich | Theken;97477;;;;;;;;;;Automatisch;;;;;;;;470;;;;;;;;;;;;;;;2;;;;;;;;;;;;;;;;;;Elektronisch;;;;;;;;;;;;;;;;;;;;;;;2 Selbstschließende Drehtüren;;;;;;;;;;;;;1360;880;700;;;;;;;;;;;;;;;;;;;118;282;;;;;;;;;;;;;;;;;;;;;70.9;D;;6.95;2537;;;;;;;SS 304;Weiß;;;;;;;;;;;;;;;;;;;;4 Stellfüße;;;;;;42;;;;;;;;;;;;;;;;;;;;;;;902;589;530;Nein;;;;;;;;;4;;;;;;;;;;;;;90;R290 / GWP 3;;;Ventiliert;;;;;;;;;;;;;;;;;;;;;;;;SS 304;;;;;;+30°C, 55% RH;;;;;;;;;;;;;;;;;;;;;;;;;103;272;;;;;;;;;;;;;;;;;;;;;;;;;;;;;;;;;;;;;;;;;;;2 Tragroste, weiß;;;;;;;;;;;;;;;;;220-240/50;;;Ja;;;;;;;;;;;Thermometer;-20 bis -10;;;;;;;;;;;;;;;;;Ja;;;;;;;;;;;;;;;;;;;;;;;;;;;;;;;;;;;;;;;;;;;;;;;;;;;;;;;;;;;;;;;;;;48;;;;;;;;;;GN1/1;;1405;750;920;CF7210_-SP_Produktblatt.pdf;CF7210_-SP_Betriebsanleitung.pdf;CF7210_-SP_Ersatzteilliste.pdf;CF7210_-SP_Energielabel.pdf;CF7210_-SP_Energiepfeil.png
Tefcold;Tefcold-Kühltheken;;;;Theken;17747;CF7310;5708181363130;5708181363130;TEFCOLD;2342,00;Gastrobereich | Theken;97498;;;;;;;;;;Automatisch;;;;;;;;570;;;;;;;;;;;;;;;3;;;;;;;;;;;;;;;;;;Elektronisch;;;;;;;;;;;;;;;;;;;;;;;3 Selbstschließende Drehtüren;;;;;;;;;;;;;1795;980;700;;;;;;;;;;;;;;;;;;;162;417;;;;;;;;;;;;;;;;;;;;;71.5;D;;8.76;3197;;;;;;;SS 304;Weiß;;;;;;;;;;;;;;;;;;;;4 Stellfüße;;;;;;42;;;;;;;;;;;;;;;;;;;;;;;1337;589;530;Nein;;;;;;;;;4;;;;;;;;;;;;;90;R290 / GWP 3;;;Ventiliert;;;;;;;;;;;;;;;;;;;;;;;;SS 304;;;;;;+30°C, 55% RH;;;;;;;;;;;;;;;;;;;;;;;;;152;402;;;;;;;;;;;;;;;;;;;;;;;;;;;;;;;;;;;;;;;;;;;3 Tragroste, weiß;;;;;;;;;;;;;;;;;220-240/50;;;Ja;;;;;;;;;;;Thermometer;-20 bis -10;;;;;;;;;;;;;;;;;Ja;;;;;;;;;;;;;;;;;;;;;;;;;;;;;;;;;;;;;;;;;;;;;;;;;;;;;;;;;;;;;;;;;;38;;;;;;;;;;GN1/1;;1830;750;1010;CF7310_Produktblatt.pdf;CF7310_Betriebsanleitung.pdf;CF7310_Ersatzteilliste.pdf;CF7310_Energielabel.pdf;CF7310_Energiepfeil.png
Tefcold;Tefcold-Kühltheken;;;;Theken;17751;CF7310/-SP;5708181363154;5708181363154;TEFCOLD;2342,00;Gastrobereich | Theken;97498;;;;;;;;;;Automatisch;;;;;;;;570;;;;;;;;;;;;;;;3;;;;;;;;;;;;;;;;;;Elektronisch;;;;;;;;;;;;;;;;;;;;;;;3 Selbstschließende Drehtüren;;;;;;;;;;;;;1795;880;700;;;;;;;;;;;;;;;;;;;162;417;;;;;;;;;;;;;;;;;;;;;71.5;D;;8.76;3197;;;;;;;SS 304;Weiß;;;;;;;;;;;;;;;;;;;;4 Stellfüße;;;;;;42;;;;;;;;;;;;;;;;;;;;;;;1337;589;530;Nein;;;;;;;;;4;;;;;;;;;;;;;90;R290 / GWP 3;;;Ventiliert;;;;;;;;;;;;;;;;;;;;;;;;SS 304;;;;;;+30°C, 55% RH;;;;;;;;;;;;;;;;;;;;;;;;;152;402;;;;;;;;;;;;;;;;;;;;;;;;;;;;;;;;;;;;;;;;;;;3 Tragroste, weiß;;;;;;;;;;;;;;;;;220-240/50;;;Ja;;;;;;;;;;;Thermometer;-20 bis -10;;;;;;;;;;;;;;;;;Ja;;;;;;;;;;;;;;;;;;;;;;;;;;;;;;;;;;;;;;;;;;;;;;;;;;;;;;;;;;;;;;;;;;38;;;;;;;;;;GN1/1;;1830;750;920;CF7310_-SP_Produktblatt.pdf;CF7310_-SP_Betriebsanleitung.pdf;CF7310_-SP_Ersatzteilliste.pdf;CF7310_-SP_Energielabel.pdf;CF7310_-SP_Energiepfeil.png
Tefcold;Tefcold-Kühltheken;;;;Theken;17754;CF7410;5708181363178;5708181363178;TEFCOLD;2676,00;Gastrobereich | Theken;97716;;;;;;;;;;Automatisch;;;;;;;;660;;;;;;;;;;;;;;;4;;;;;;;;;;;;;;;;;;Elektronisch;;;;;;;;;;;;;;;;;;;;;;;4 Selbstschließende Drehtüren;;;;;;;;;;;;;2230;980;700;;;;;;;;;;;;;;;;;;;199;553;;;;;;;;;;;;;;;;;;;;;72.6;D;;10.26;3745;;;;;;;SS 304;Weiß;;;;;;;;;;;;;;;;;;;;6 Stellfüße;;;;;;42;;;;;;;;;;;;;;;;;;;;;;;1772;589;530;Nein;;;;;;;;;4;;;;;;;;;;;;;230;R290 / GWP 3;;;Ventiliert;;;;;;;;;;;;;;;;;;;;;;;;SS 304;;;;;;+30°C, 55% RH;;;;;;;;;;;;;;;;;;;;;;;;;189;533;;;;;;;;;;;;;;;;;;;;;;;;;;;;;;;;;;;;;;;;;;;4 Tragroste, weiß;;;;;;;;;;;;;;;;;220-240/50;;;Ja;;;;;;;;;;;Thermometer;-20 bis -10;;;;;;;;;;;;;;;;;Ja;;;;;;;;;;;;;;;;;;;;;;;;;;;;;;;;;;;;;;;;;;;;;;;;;;;;;;;;;;;;;;;;;;32;;;;;;;;;;GN1/1;;2260;750;1010;CF7410_Produktblatt.pdf;CF7410_Betriebsanleitung.pdf;CF7410_Ersatzteilliste.pdf;CF7410_Energielabel.pdf;CF7410_Energiepfeil.png
Tefcold;Tefcold-Kühltheken;;;;Theken;17758;CF7410/-SP;5708181363192;5708181363192;TEFCOLD;2676,00;Gastrobereich | Theken;97716;;;;;;;;;;Automatisch;;;;;;;;660;;;;;;;;;;;;;;;4;;;;;;;;;;;;;;;;;;Elektronisch;;;;;;;;;;;;;;;;;;;;;;;4 Selbstschließende Drehtüren;;;;;;;;;;;;;2230;880;700;;;;;;;;;;;;;;;;;;;199;553;;;;;;;;;;;;;;;;;;;;;72.6;D;;10.26;3745;;;;;;;SS 304;Weiß;;;;;;;;;;;;;;;;;;;;6 Stellfüße;;;;;;42;;;;;;;;;;;;;;;;;;;;;;;1772;589;530;Nein;;;;;;;;;4;;;;;;;;;;;;;230;R290 / GWP 3;;;Ventiliert;;;;;;;;;;;;;;;;;;;;;;;;SS 304;;;;;;+30°C, 55% RH;;;;;;;;;;;;;;;;;;;;;;;;;189;533;;;;;;;;;;;;;;;;;;;;;;;;;;;;;;;;;;;;;;;;;;;4 Tragroste, weiß;;;;;;;;;;;;;;;;;220-240/50;;;Ja;;;;;;;;;;;Thermometer;-20 bis -10;;;;;;;;;;;;;;;;;Ja;;;;;;;;;;;;;;;;;;;;;;;;;;;;;;;;;;;;;;;;;;;;;;;;;;;;;;;;;;;;;;;;;;32;;;;;;;;;;GN1/1;;2260;750;1010;CF7410_-SP_Produktblatt.pdf;CF7410_-SP_Betriebsanleitung.pdf;CF7410_-SP_Ersatzteilliste.pdf;CF7410_-SP_Energielabel.pdf;CF7410_-SP_Energiepfeil.png
Tefcold;Tefcold-Kühltheken;;;;Theken;17721;CK7210G;5708181363215;5708181363215;TEFCOLD;1573,00;DEALS + | Energieeffiziente GeräteGastrobereich | Theken;1928782;;;;;;;;;;Automatisch;;;;;;;;300;;;;;;;;;;;;;;;2;;;;;;;;;;;;;;;;;;Elektronisch;;;;;;;;;;;;;;;;;;;;;;;2 Selbstschließende Dreh-Glastüren;;;;;;;;;;;;;1360;880;700;;;;;;;;;;;;;;;;;;;122;282;;;;;;;;;;;;;;;;;;;;;18.5;B;;2.04;745;;;;;;;SS 304;Weiß;;;;;;;;;;;;;;;;;;;;4 Stellfüße;;;;;;42;;;;;;;;;;;;;;;;;;;;;;;902;589;530;LED;;;;;;;;;4;;;;;;;;;;;;;95;R600a / GWP 3;;;Ventiliert;;;;;;;;;;;;;;;;;;;;;;;;SS 304;;;;;;+30°C, 55% RH;;;;;;;;;;;;;;;;;;;;;;;;;112;272;;;;;;;;;;;;;;;;;;;;;;;;;;;;;;;;;;;;;;;;;;;2 Tragroste, weiß;;;;;;;;;;;;;;;;;220-240/50;;;Ja;;;;;;;;;;;Thermometer;+2 bis +10;;;;;;;;;;;;;;;Nein;;Ja;;Nein;;;;;;;;;;;;;;;;;;;;;;;;;;;;;;;;;;;;;;;;;;;;;;;;;;;;;;;;;;;;;;;;48;;;;;;;;;;GN1/1;;1405;750;900;CK7210G_Produktblatt.pdf;CK7210G_Betriebsanleitung.pdf;CK7210G_Ersatzteilliste.pdf;CK7210G_Energielabel.pdf;CK7210G_Energiepfeil.png
Tefcold;Tefcold-Kühltheken;;;;Theken;54291;CK7210X1;5708181739287;5708181739287;TEFCOLD;1736,00;DEALS + | Energieeffiziente GeräteGastrobereich | Theken;2042937;;;;;;;;;;Automatisch;;;;;;;;300;;;;;;;;;;;;;;;;;;;;;;;;;;;;;;;;;Elektronisch;;;;;;;;;;;;;;;;;;;;;;;2 Selbstschließende Drehtüren;;;;;;;;;;;;;1360;860;700;;;;;;;;;;;;;;;;;;;113;238;;;;;;;;;;;;;;;;;;;;;16.5;A;;1.03;376;;;;;;;SS 304;Grau;;;;;;;;;;;;;;;;;;;;4 Stellfüße;;;;;;38;;;;;;;;;;;;;;;;;;;;;;;799;564;580;LED;;;;;;;;;5;;;;;;;;;;;;;95;R600a / GWP 3;;;Ventiliert;;;;;;;;;;;;;;;;;;;;;;;;SS 304;;;;;;+40°C, 40% RH;;;;;;;;;;;;;;;;;;;;;;;;;98;190;;;;;;;;;;;;;;;;;;;;;;;;;;;;;;;;;;;;;;;;;;;2 Tragroste, grau;;;;;;;;;;;;;;;;;220-240/50;;;Ja;;;;;;;;;;;Thermometer;-2 bis +8;;;;;;;;;;;;;;;Nein;;Ja;;Nein;;;;;;;;;;;;;;;;;;;;;;;;;;;;;;;;;;;;;;;;;;;;;;;;;;;;;;;;;;;;;;;;48;38;;;;;;;;;;;1390;730;910;CK7210X1_Produktblatt.pdf;CK7210X1_Betriebsanleitung.pdf;CK7210X1_Ersatzteilliste.pdf;CK7210X1_Energielabel.pdf;CK7210X1_Energiepfeil.png
Tefcold;Tefcold-Kühltheken;;;;Theken;54290;CK7210X1SP;5708181739270;5708181739270;TEFCOLD;1736,00;DEALS + | Energieeffiziente GeräteGastrobereich | Theken;2042937;;;;;;;;;;Automatisch;;;;;;;;300;;;;;;;;;;;;;;;;;;;;;;;;;;;;;;;;;Elektronisch;;;;;;;;;;;;;;;;;;;;;;;2 Selbstschließende Drehtüren;;;;;;;;;;;;;1360;960;700;;;;;;;;;;;;;;;;;;;122;238;;;;;;;;;;;;;;;;;;;;;16.5;A;;1.03;376;;;;;;;SS 304;Grau;;;;;;;;;;;;;;;;;;;;4 Stellfüße;;;;;;38;;;;;;;;;;;;;;;;;;;;;;;799;564;580;LED;;;;;;;;;5;;;;;;;;;;;;;95;R600a / GWP 3;;;Ventiliert;;;;;;;;;;;;;;;;;;;;;;;;SS 304;;;;;;+40°C, 40% RH;;;;;;;;;;;;;;;;;;;;;;;;;112;190;;;;;;;;;;;;;;;;;;;;;;;;;;;;;;;;;;;;;;;;;;;2 Tragroste, grau;;;;;;;;;;;;;;;;;220-240/50;;;Ja;;;;;;;;;;;Thermometer;-2 bis +8;;;;;;;;;;;;;;;Nein;;Ja;;Nein;;;;;;;;;;;;;;;;;;;;;;;;;;;;;;;;;;;;;;;;;;;;;;;;;;;;;;;;;;;;;;;;48;38;;;;;;;;;;;1390;730;1010;CK7210X1SP_Produktblatt.pdf;CK7210X1SP_Betriebsanleitung.pdf;CK7210X1SP_Ersatzteilliste.pdf;CK7210X1SP_Energielabel.pdf;CK7210X1SP_Energiepfeil.png
Tefcold;Tefcold-Kühltheken;;;;Theken;51584;CK7220;5708181735104;5708181735104;TEFCOLD;1934,00;DEALS + | Energieeffiziente GeräteGastrobereich | Theken;87958;;;;;;;;;;Automatisch;;;;;;;;300;;;;;;;;;;;;;;;;;;2 x GN1/1 Schubladen;;;;;;;;;;;;;;;Elektronisch;;;;;;;;;;;;;;;;;;;;;;;1 Selbstschließende Drehtüren;;;;;;;;;;;;;1360;960;700;;;;;;;;;;;;;;;;;;;122;282;;;;;;;;;;;;;;;;;;;;;31.2;B;;1.98;723;;;;;;;SS 304;Weiß;;;;;;;;;;;;;;;;;;;;4 Stellfüße;;;;;;42;;;;;;;;;;;;;;;;;;;;;;;902;589;530;LED;;;;;;;;;4;;;;;;;;;;;;;95;R600a / GWP 3;;;Ventiliert;;;;;;;;;;;;;;;;;;;;;;;;SS 304;;;;;;+30°C, 55% RH;;;;;;;;;;;;;;;;;;;;;;;;;112;272;;;;;;;;;;;;;;;;;;;;;;;;;;;;;;;;;;;;;;;;;;;1 Tragroste, weiß;;;;;;;;;;;;;;;;;220-240/50;;;Ja;;;;;;;;;;;Thermometer;-2 bis +10;;;;;;;;;;;;;;;Nein;;;;Nein;;;;;;;;;;;;;;;;;;;;;;;;;;;;;;;;;;;;;;;;;;;;;;;;;;;;;;;;;;;;;;;;48;;;;;;;;;;GN1/1;;1390;730;1010;CK7220_Produktblatt.pdf;CK7220_Betriebsanleitung.pdf;CK7220_Ersatzteilliste.pdf;CK7220_Energielabel.pdf;CK7220_Energiepfeil.png
Tefcold;Tefcold-Kühltheken;;;;Theken;17678;CK7240;5708181363277;5708181363277;TEFCOLD;2293,00;DEALS + | Energieeffiziente GeräteGastrobereich | Theken;98981;;;;;;;;;;Automatisch;;;;;;;;300;;;;;;;;;;;;;;;;;;4 x GN1/1 Schubladen;;;;;;;;;;;;;;;Elektronisch;;;;;;;;;;;;;;;;;;;;;;;;;;;;;;;;;;;;1360;960;700;;;;;;;;;;;;;;;;;;;122;282;;;;;;;;;;;;;;;;;;;;;31.2;B;;1.98;723;;;;;;;SS 304;Weiß;;;;;;;;;;;;;;;;;;;;4 Stellfüße;;;;;;42;;;;;;;;;;;;;;;;;;;;;;;902;589;530;LED;;;;;;;;;4;;;;;;;;;;;;;95;R600a / GWP 3;;;Ventiliert;;;;;;;;;;;;;;;;;;;;;;;;SS 304;;;;;;+30°C, 55% RH;;;;;;;;;;;;;;;;;;;;;;;;;112;272;;;;;;;;;;;;;;;;;;;;;;;;;;;;;;;;;;;;;;;;;;;;;;;;;;;;;;;;;;;;220-240/50;;;Ja;;;;;;;;;;;Thermometer;-2 bis +10;;;;;;;;;;;;;;;Nein;;;;Nein;;;;;;;;;;;;;;;;;;;;;;;;;;;;;;;;;;;;;;;;;;;;;;;;;;;;;;;;;;;;;;;;48;;;;;;;;;;;;1390;730;1010;CK7240_Produktblatt.pdf;CK7240_Betriebsanleitung.pdf;CK7240_Ersatzteilliste.pdf;CK7240_Energielabel.pdf;CK7240_Energiepfeil.png
Tefcold;Tefcold-Kühltheken;;;;Theken;17724;CK7310G;5708181363291;5708181363291;TEFCOLD;1887,00;Gastrobereich | Theken;1930622;;;;;;;;;;Automatisch;;;;;;;;300;;;;;;;;;;;;;;;3;;;;;;;;;;;;;;;;;;Elektronisch;;;;;;;;;;;;;;;;;;;;;;;3 Selbstschließende Dreh-Glastüren;;;;;;;;;;;;;1795;880;700;;;;;;;;;;;;;;;;;;;162;417;;;;;;;;;;;;;;;;;;;;;25.1;C;;3.13;1141;;;;;;;SS 304;Weiß;;;;;;;;;;;;;;;;;;;;4 Stellfüße;;;;;;42;;;;;;;;;;;;;;;;;;;;;;;1337;589;530;LED;;;;;;;;;4;;;;;;;;;;;;;95;R600a / GWP 3;;;Ventiliert;;;;;;;;;;;;;;;;;;;;;;;;SS 304;;;;;;+30°C, 55% RH;;;;;;;;;;;;;;;;;;;;;;;;;152;402;;;;;;;;;;;;;;;;;;;;;;;;;;;;;;;;;;;;;;;;;;;3 Tragroste, weiß;;;;;;;;;;;;;;;;;220-240/50;;;Ja;;;;;;;;;;;Thermometer;+2 bis +10;;;;;;;;;;;;;;;Nein;;Ja;;Nein;;;;;;;;;;;;;;;;;;;;;;;;;;;;;;;;;;;;;;;;;;;;;;;;;;;;;;;;;;;;;;;;38;;;;;;;;;;GN1/1;;1830;750;900;CK7310G_Produktblatt.pdf;CK7310G_Betriebsanleitung.pdf;CK7310G_Ersatzteilliste.pdf;CK7310G_Energielabel.pdf;CK7310G_Energiepfeil.png
Tefcold;Tefcold-Kühltheken;;;;Theken;54294;CK7310X1;5708181739300;5708181739300;TEFCOLD;2062,00;DEALS + | Energieeffiziente GeräteGastrobereich | Theken;2043140;;;;;;;;;;Automatisch;;;;;;;;300;;;;;;;;;;;;;;;;;;;;;;;;;;;;;;;;;Elektronisch;;;;;;;;;;;;;;;;;;;;;;;3 Selbstschließende Drehtüren;;;;;;;;;;;;;1795;860;700;;;;;;;;;;;;;;;;;;;151;368;;;;;;;;;;;;;;;;;;;;;20.4;A;;1.42;518;;;;;;;SS 304;Grau;;;;;;;;;;;;;;;;;;;;4 Stellfüße;;;;;;38;;;;;;;;;;;;;;;;;;;;;;;1234;564;580;LED;;;;;;;;;5;;;;;;;;;;;;;95;R600a / GWP 3;;;Ventiliert;;;;;;;;;;;;;;;;;;;;;;;;SS 304;;;;;;+40°C, 40% RH;;;;;;;;;;;;;;;;;;;;;;;;;134;291;;;;;;;;;;;;;;;;;;;;;;;;;;;;;;;;;;;;;;;;;;;3 Tragroste, grau;;;;;;;;;;;;;;;;;220-240/50;;;Ja;;;;;;;;;;;Thermometer;-2 bis +8;;;;;;;;;;;;;;;Nein;;Ja;;Nein;;;;;;;;;;;;;;;;;;;;;;;;;;;;;;;;;;;;;;;;;;;;;;;;;;;;;;;;;;;;;;;;38;38;;;;;;;;;;;1825;730;910;CK7310X1_Produktblatt.pdf;CK7310X1_Betriebsanleitung.pdf;CK7310X1_Ersatzteilliste.pdf;CK7310X1_Energielabel.pdf;CK7310X1_Energiepfeil.png
Tefcold;Tefcold-Kühltheken;;;;Theken;54293;CK7310X1SP;5708181739294;5708181739294;TEFCOLD;2062,00;DEALS + | Energieeffiziente GeräteGastrobereich | Theken;2043140;;;;;;;;;;Automatisch;;;;;;;;300;;;;;;;;;;;;;;;;;;;;;;;;;;;;;;;;;Elektronisch;;;;;;;;;;;;;;;;;;;;;;;3 Selbstschließende Drehtüren;;;;;;;;;;;;;1795;960;700;;;;;;;;;;;;;;;;;;;162;368;;;;;;;;;;;;;;;;;;;;;20.4;A;;1.42;518;;;;;;;SS 304;Grau;;;;;;;;;;;;;;;;;;;;4 Stellfüße;;;;;;38;;;;;;;;;;;;;;;;;;;;;;;1234;564;580;LED;;;;;;;;;5;;;;;;;;;;;;;95;R600a / GWP 3;;;Ventiliert;;;;;;;;;;;;;;;;;;;;;;;;SS 304;;;;;;+40°C, 40% RH;;;;;;;;;;;;;;;;;;;;;;;;;152;291;;;;;;;;;;;;;;;;;;;;;;;;;;;;;;;;;;;;;;;;;;;3 Tragroste, grau;;;;;;;;;;;;;;;;;220-240/50;;;Ja;;;;;;;;;;;Thermometer;-2 bis +8;;;;;;;;;;;;;;;Nein;;Ja;;Nein;;;;;;;;;;;;;;;;;;;;;;;;;;;;;;;;;;;;;;;;;;;;;;;;;;;;;;;;;;;;;;;;38;38;;;;;;;;;;;1825;730;1010;CK7310X1SP_Produktblatt.pdf;CK7310X1SP_Betriebsanleitung.pdf;CK7310X1SP_Ersatzteilliste.pdf;CK7310X1SP_Energielabel.pdf;CK7310X1SP_Energiepfeil.png
Tefcold;Tefcold-Kühltheken;;;;Theken;51586;CK7340;5708181735111;5708181735111;TEFCOLD;2605,00;DEALS + | Energieeffiziente GeräteGastrobereich | Theken;98961;;;;;;;;;;Automatisch;;;;;;;;300;;;;;;;;;;;;;;;1;;;4 x GN1/1 Schubladen;;;;;;;;;;;;;;;Elektronisch;;;;;;;;;;;;;;;;;;;;;;;1 Selbstschließende Drehtüren;;;;;;;;;;;;;1795;960;700;;;;;;;;;;;;;;;;;;;162;417;;;;;;;;;;;;;;;;;;;;;33.1;B;;2.45;894;;;;;;;SS 304;Weiß;;;;;;;;;;;;;;;;;;;;4 Stellfüße;;;;;;42;;;;;;;;;;;;;;;;;;;;;;;1337;589;530;LED;;;;;;;;;4;;;;;;;;;;;;;95;R600a / GWP 3;;;Ventiliert;;;;;;;;;;;;;;;;;;;;;;;;SS 304;;;;;;+30°C, 55% RH;;;;;;;;;;;;;;;;;;;;;;;;;152;402;;;;;;;;;;;;;;;;;;;;;;;;;;;;;;;;;;;;;;;;;;;1;;;;;;;;;;;;;;;;;220-240/50;;;Ja;;;;;;;;;;;Thermometer;-2 bis +10;;;;;;;;;;;;;;;Nein;;;;Nein;;;;;;;;;;;;;;;;;;;;;;;;;;;;;;;;;;;;;;;;;;;;;;;;;;;;;;;;;;;;;;;;38;;;;;;;;;;GN1/1;;1825;730;1010;CK7340_Produktblatt.pdf;CK7340_Betriebsanleitung.pdf;CK7340_Ersatzteilliste.pdf;CK7340_Energielabel.pdf;CK7340_Energiepfeil.png
Tefcold;Tefcold-Kühltheken;;;;Theken;17692;CK7360;5708181363352;5708181363352;TEFCOLD;2895,00;DEALS + | Energieeffiziente GeräteGastrobereich | Theken;98972;;;;;;;;;;Automatisch;;;;;;;;300;;;;;;;;;;;;;;;;;;6 x GN1/1 Schubladen;;;;;;;;;;;;;;;Elektronisch;;;;;;;;;;;;;;;;;;;;;;;;;;;;;;;;;;;;1795;960;700;;;;;;;;;;;;;;;;;;;162;417;;;;;;;;;;;;;;;;;;;;;33.1;B;;2.45;894;;;;;;;SS 304;Weiß;;;;;;;;;;;;;;;;;;;;4 Stellfüße;;;;;;42;;;;;;;;;;;;;;;;;;;;;;;1337;589;530;LED;;;;;;;;;4;;;;;;;;;;;;;95;R600a / GWP 3;;;Ventiliert;;;;;;;;;;;;;;;;;;;;;;;;SS 304;;;;;;+30°C, 55% RH;;;;;;;;;;;;;;;;;;;;;;;;;152;402;;;;;;;;;;;;;;;;;;;;;;;;;;;;;;;;;;;;;;;;;;;;;;;;;;;;;;;;;;;;220-240/50;;;Ja;;;;;;;;;;;Thermometer;-2 bis +10;;;;;;;;;;;;;;;Nein;;;;Nein;;;;;;;;;;;;;;;;;;;;;;;;;;;;;;;;;;;;;;;;;;;;;;;;;;;;;;;;;;;;;;;;38;;;;;;;;;;;;1825;730;1010;CK7360_Produktblatt.pdf;CK7360_Betriebsanleitung.pdf;CK7360_Ersatzteilliste.pdf;CK7360_Energielabel.pdf;CK7360_Energiepfeil.png
Tefcold;Tefcold-Kühltheken;;;;Theken;17726;CK7410G;5708181363376;5708181363376;TEFCOLD;2157,00;Gastrobereich | Theken;1930626;;;;;;;;;;Automatisch;;;;;;;;300;;;;;;;;;;;;;;;4;;;;;;;;;;;;;;;;;;Elektronisch;;;;;;;;;;;;;;;;;;;;;;;4 Selbstschließende Dreh-Glastüren;;;;;;;;;;;;;2230;880;700;;;;;;;;;;;;;;;;;;;184;553;;;;;;;;;;;;;;;;;;;;;28.5;C;;3.97;1448;;;;;;;SS 304;Weiß;;;;;;;;;;;;;;;;;;;;6 Stellfüße;;;;;;42;;;;;;;;;;;;;;;;;;;;;;;1772;589;530;LED;;;;;;;;;4;;;;;;;;;;;;;250;R600a / GWP 3;;;Ventiliert;;;;;;;;;;;;;;;;;;;;;;;;SS 304;;;;;;+30°C, 55% RH;;;;;;;;;;;;;;;;;;;;;;;;;174;533;;;;;;;;;;;;;;;;;;;;;;;;;;;;;;;;;;;;;;;;;;;4 Tragroste, weiß;;;;;;;;;;;;;;;;;220-240/50;;;Ja;;;;;;;;;;;Thermometer;+2 bis +10;;;;;;;;;;;;;;;Nein;;Ja;;Nein;;;;;;;;;;;;;;;;;;;;;;;;;;;;;;;;;;;;;;;;;;;;;;;;;;;;;;;;;;;;;;;;38;;;;;;;;;;GN1/1;;2260;750;900;CK7410G_Produktblatt.pdf;CK7410G_Betriebsanleitung.pdf;CK7410G_Ersatzteilliste.pdf;CK7410G_Energielabel.pdf;CK7410G_Energiepfeil.png
Tefcold;Tefcold-Kühltheken;;;;Theken;54297;CK7410X1;5708181739324;5708181739324;TEFCOLD;2385,00;DEALS + | Energieeffiziente GeräteGastrobereich | Theken;2043179;;;;;;;;;;Automatisch;;;;;;;;300;;;;;;;;;;;;;;;;;;;;;;;;;;;;;;;;;Elektronisch;;;;;;;;;;;;;;;;;;;;;;;4 Selbstschließende Drehtüren;;;;;;;;;;;;;2230;860;700;;;;;;;;;;;;;;;;;;;173;616;;;;;;;;;;;;;;;;;;;;;23.8;A;;1.82;664;;;;;;;SS 304;Grau;;;;;;;;;;;;;;;;;;;;6 Stellfüße;;;;;;38;;;;;;;;;;;;;;;;;;;;;;;1669;564;580;LED;;;;;;;;;5;;;;;;;;;;;;;95;R600a / GWP 3;;;Ventiliert;;;;;;;;;;;;;;;;;;;;;;;;SS 304;;;;;;+40°C, 40% RH;;;;;;;;;;;;;;;;;;;;;;;;;153;393;;;;;;;;;;;;;;;;;;;;;;;;;;;;;;;;;;;;;;;;;;;4 Tragroste, grau;;;;;;;;;;;;;;;;;220-240/50;;;Ja;;;;;;;;;;;Thermometer;-2 bis +8;;;;;;;;;;;;;;;Nein;;Ja;;Nein;;;;;;;;;;;;;;;;;;;;;;;;;;;;;;;;;;;;;;;;;;;;;;;;;;;;;;;;;;;;;;;;32;38;;;;;;;;;;;2260;730;910;CK7410X1_Produktblatt.pdf;CK7410X1_Betriebsanleitung.pdf;CK7410X1_Ersatzteilliste.pdf;CK7410X1_Energielabel.pdf;CK7410X1_Energiepfeil.png
Tefcold;Tefcold-Kühltheken;;;;Theken;54296;CK7410X1SP;5708181739317;5708181739317;TEFCOLD;2385,00;DEALS + | Energieeffiziente GeräteGastrobereich | Theken;2043179;;;;;;;;;;Automatisch;;;;;;;;300;;;;;;;;;;;;;;;;;;;;;;;;;;;;;;;;;Elektronisch;;;;;;;;;;;;;;;;;;;;;;;4 Selbstschließende Drehtüren;;;;;;;;;;;;;2230;960;700;;;;;;;;;;;;;;;;;;;184;616;;;;;;;;;;;;;;;;;;;;;23.8;A;;1.82;664;;;;;;;SS 304;Grau;;;;;;;;;;;;;;;;;;;;6 Stellfüße;;;;;;38;;;;;;;;;;;;;;;;;;;;;;;1669;564;580;LED;;;;;;;;;5;;;;;;;;;;;;;95;R600a / GWP 3;;;Ventiliert;;;;;;;;;;;;;;;;;;;;;;;;SS 304;;;;;;+40°C, 40% RH;;;;;;;;;;;;;;;;;;;;;;;;;174;393;;;;;;;;;;;;;;;;;;;;;;;;;;;;;;;;;;;;;;;;;;;4 Tragroste, grau;;;;;;;;;;;;;;;;;220-240/50;;;Ja;;;;;;;;;;;Thermometer;-2 bis +8;;;;;;;;;;;;;;;Nein;;Ja;;Nein;;;;;;;;;;;;;;;;;;;;;;;;;;;;;;;;;;;;;;;;;;;;;;;;;;;;;;;;;;;;;;;;32;38;;;;;;;;;;;2260;730;1010;CK7410X1SP_Produktblatt.pdf;CK7410X1SP_Betriebsanleitung.pdf;CK7410X1SP_Ersatzteilliste.pdf;CK7410X1SP_Energielabel.pdf;CK7410X1SP_Energiepfeil.png
Tefcold;Tefcold-Kühltheken;;;;Theken;16480;GS91;5708181362157;5708181362157;G-Line by TEFCOLD;891,00;Gastrobereich | SaladettenGastrobereich | G-LineGastrobereich | Theken;;;;;;;;;;;Automatisch;;;;;;;;155;;;;;;;;;;;;;;;2;;;;;;;;;;;;;;;;;;Elektronisch;;;;;;;;;;;;;;;;;;;;;;;2 Dreh-Volltüren;;;;;;;;;;;;;900;877;700;;;;;;;;;;;;;;;;;;;77;260;;;;;;;;;;;;;;;;;;;;;49.4;C;;3.12;1139;;;;;;;SS 201;Weiß;;;;;;;;;;;;;;;;;;;;4 Stellfüße;;;;;;42;;;;;;;;;;;;;;;;;;;;;;;830;526;515;;;;;;;;;;4;;;;;;;;;;;;;68;R600a / GWP 3;;;Umluft;;;;;;;;;;;;;;;;;;;;;;;;SS 201;;;;;;+30°C, 55% RH;;;;;;;;;;;;;;;;;;;;;;;;;67;225;;;;;;;;;;;;;;;;;;;;;;;;;;;;;;;;;;;;;;;;;;;2 Tragroste, weiß;;;;;;;;;;;;;;;;;220-240/50;;;Ja;;;;;;;;;;;Thermometer;+2 bis +10;;;;;;;;;;;;;;;;;;;;;;;;;;;;;;;;;;;;;;;;;;;;;;;;;;;;;;;;;;;;;;;;;;;;;;;;;;;;;;;;;;;72;;;;;;;;;;GN1/1;;980;770;1040;GS91_Produktblatt.pdf;GS91_Betriebsanleitung.pdf;GS91_Ersatzteilliste.pdf;GS91_Energielabel.pdf;GS91_Energiepfeil.png
Tefcold;Tefcold-Kühltheken;;;;Theken;17823;PT1200;5708181363451;5708181363451;TEFCOLD;2176,00;DEALS + | Energieeffiziente GeräteGastrobereich | PizzakühlthekenGastrobereich | Theken;99132;;;;;;;;;;Automatisch;;;;;;;;300;;;;;;;;;;;;;;;14;;;;;;;;;;;;;;;;;;Elektronisch;;;;;;;;;;;;;;;;;;;;;;;2 Selbstschließende Drehtüren;;;;;;;;;;;;;1510;1000;800;;;;;;;;;;;;;;;;;;;253;390;;;;;;;;;;;;;;;;;;;;;33.5;B;;2.32;847;;;;;;;SS 304;Weiß;;;;;;;;;;;;;;;;;;;;4 Stellfüße;;;;;;42;;;;;;;;;;;;;;;;;;;;;;;1052;589;630;;;;;;;;;;4;;;;;;;;;;;;;95;R600a / GWP 3;;;Ventiliert;;;;;;;;;;;;;;;;;;;;;;;;SS 304;;;;;;+30°C, 55% RH;;;;;;;;;;;;;;;;;;;;;;;;;243;370;;;;;;;;;;;;;;;;;;;;;;;;;;;;;;;;;;;;;;;;;;;14 Führungen für Pizzableche;;;;;;;;;;;;;;;;;220-240/50;;;Ja;;;;;;;;;;;Thermometer;+2 bis +10;;;;;;;;;;;;;;;;;Ja;;;;;;;;;;;;;;;;;;;;;;;;;;;;;;;;;;;;;;;;;;;;;;;;;;;;;;;;;;;;;;;;;;28;;;;;;;;;;400 x 600 mm;;1550;840;1050;PT1200_Produktblatt.pdf;PT1200_Betriebsanleitung.pdf;PT1200_Ersatzteilliste.pdf;PT1200_Energielabel.pdf;PT1200_Energiepfeil.png
Tefcold;Tefcold-Kühltheken;;;;Theken;17834;PT1300;5708181363499;5708181363499;TEFCOLD;2334,00;Gastrobereich | PizzakühlthekenGastrobereich | Theken;99140;;;;;;;;;;Automatisch;;;;;;;;300;;;;;;;;;;;;;;;21;;;;;;;;;;;;;;;;;;Elektronisch;;;;;;;;;;;;;;;;;;;;;;;3 Selbstschließende Drehtüren;;;;;;;;;;;;;2045;1000;800;;;;;;;;;;;;;;;;;;;328;580;;;;;;;;;;;;;;;;;;;;;45.5;C;;3.65;1332;;;;;;;SS 304;Weiß;;;;;;;;;;;;;;;;;;;;6 Stellfüße;;;;;;42;;;;;;;;;;;;;;;;;;;;;;;1562;589;630;;;;;;;;;;4;;;;;;;;;;;;;95;R600a / GWP 3;;;Ventiliert;;;;;;;;;;;;;;;;;;;;;;;;SS 304;;;;;;+30°C, 55% RH;;;;;;;;;;;;;;;;;;;;;;;;;318;565;;;;;;;;;;;;;;;;;;;;;;;;;;;;;;;;;;;;;;;;;;;21 Führungen für Pizzableche;;;;;;;;;;;;;;;;;220-240/50;;;Ja;;;;;;;;;;;Thermometer;+2 bis +10;;;;;;;;;;;;;;;;;Ja;;;;;;;;;;;;;;;;;;;;;;;;;;;;;;;;;;;;;;;;;;;;;;;;;;;;;;;;;;;;;;;;;;28;;;;;;;;;;400 x 600 mm;;2050;840;1050;PT1300_Produktblatt.pdf;PT1300_Betriebsanleitung.pdf;PT1300_Ersatzteilliste.pdf;PT1300_Energielabel.pdf;PT1300_Energiepfeil.png
Tefcold;Tefcold-Kühltheken;;;;Theken;17826;PT1310;5708181363536;5708181363536;TEFCOLD;2507,00;DEALS + | Energieeffiziente GeräteGastrobereich | PizzakühlthekenGastrobereich | Theken;99149;;;;;;;;;;Automatisch;;;;;;;;300;;;;;;;;;;;;;;;14;;;7 x Schubladen für Pizzateig;;;;;;;;;;;;;;;Elektronisch;;;;;;;;;;;;;;;;;;;;;;;2 Selbstschließende Drehtüren;;;;;;;;;;;;;2045;1000;800;;;;;;;;;;;;;;;;;;;330;390;;;;;;;;;;;;;;;;;;;;;34.8;B;;2.41;880;;;;;;;SS 304;Weiß;;;;;;;;;;;;;;;;;;;;8 Stellfüße;;;;;;42;;;;;;;;;;;;;;;;;;;;;;;1052;589;630;;;;;;;;;;4;;;;;;;;;;;;;95;R600a / GWP 3;;;Ventiliert;;;;;;;;;;;;;;;;;;;;;;;;SS 304;;;;;;+30°C, 55% RH;;;;;;;;;;;;;;;;;;;;;;;;;320;370;;;;;;;;;;;;;;;;;;;;;;;;;;;;;;;;;;;;;;;;;;;14 Führungen für Pizzableche;;;;;;;;;;;;;;;;;220-240/50;;;Ja;;;;;;;;;;;Thermometer;+2 bis +10;;;;;;;;;;;;;;;;;Ja;;;;;;;;;;;;;;;;;;;;;;;;;;;;;;;;;;;;;;;;;;;;;;;;;;;;;;;;;;;;;;;;;;28;;;;;;;;;;400 x 600 mm;;2050;840;1050;PT1310_Produktblatt.pdf;PT1310_Betriebsanleitung.pdf;PT1310_Ersatzteilliste.pdf;PT1310_Energielabel.pdf;PT1310_Energiepfeil.png
Tefcold;Tefcold-Kühltheken;;;;Theken;17841;PT1365;5708181355418;5708181355418;TEFCOLD;1670,00;Gastrobereich | PizzakühlthekenGastrobereich | Theken;99159;;;;;;;;;;Automatisch;;;;;;;;175;;;;;;;;;;;;;;;;;;;;;;;;;;;;;;;;;Elektronisch;;;;;;;;;;;;;;;;;;;;;;;3 Dreh-Volltüren;;;;;;;;;;;;;1365;1011;700;;;;;;;;;;;;;;;;;;;190;400;;;;;;;;;;;;;;;;;;;;;44.6;C;;3.15;1150;;;;;;;SS 304;Weiß;;;;;;;;;;;;;;;;;;;;4 Stellfüße;;;;;;42;;;;;;;;;;;;;;;;;;;;;;;1295;500;515;;;;;;;;;;4;;;;;;;;;;;;;110;R600a / GWP 3;;;Umluft;;;;;;;;;;;;;;;;;;;;;;;;SS 304;;;;;;+30°C, 55% RH;;;;;;;;;;;;;;;;;;;;;;;;;170;368;;;;;;;;;;;;;;;;;;;;;;;;;;;;;;;;;;;;;;;;;;;3 Tragroste, weiß;;;;;;;;;;;;;;;;;220-240/50;;;Ja;;;;;;;;;;;Thermometer;+2 bis +10;;;;;;;;;;;;;;;;;;;;;;;;;;;;;;;;;;;;;;;;;;;;;;;;;;;;;;;;;;;;;;;;;;;;;;;;;;;;;;;;;;;48;;;;;;;;;;GN1/1;;1440;770;1200;PT1365_Produktblatt.pdf;PT1365_Betriebsanleitung.pdf;PT1365_Ersatzteilliste.pdf;PT1365_Energielabel.pdf;PT1365_Energiepfeil.png
Tefcold;Tefcold-Kühltheken;;;;Theken;16454;PT920;5708181355715;5708181355715;TEFCOLD;1009,00;Gastrobereich | PizzakühlthekenGastrobereich | Theken;;;;;;;;;;;Automatisch;;;;;;;;155;;;;;;;;;;;;;;;;;;;;;;;;;;;;;;;;;Elektronisch;;;;;;;;;;;;;;;;;;;;;;;2 Dreh-Volltüren;;;;;;;;;;;;;900;1100;700;;;;;;;;;;;;;;;;;;;113;260;;;;;;;;;;;;;;;;;;;;;;;;2.2;803;;;;;;;SS 304;Weiß;;;;;;;;;;;;;;;;;;;;4 Stellfüße;;;;;;42;;;;;;;;;;;;;;;;;;;;;;;830;526;515;;;;;;;;;;4;;;;;;;;;;;;;68;R600a / GWP 3;;;Umluft;;;;;;;;;;;;;;;;;;;;;;;;SS 304;;;;;;+30°C, 55% RH;;;;;;;;;;;;;;;;;;;;;;;;;103;225;;;;;;;;;;;;;;;;;;;;;;;;;;;;;;;;;;;;;;;;;;;2 Tragroste, weiß;;;;;;;;;;;;;;;;;220-240/50;;;Ja;;;;;;;;;;;Thermometer;+2 bis +10;;;;;;;;;;;;;;;;;;;;;;;;;;;;;;;;;;;;;;;;;;;;;;;;;;;;;;;;;;;;;;;;;;;;;;;;;;;;;;;;;;;72;;;;;;;;;;GN1/1;;980;770;1250;PT920_Produktblatt.pdf;PT920_Betriebsanleitung.pdf;PT920_Ersatzteilliste.pdf;PT920_Energielabel.pdf;PT920_Energiepfeil.png
Tefcold;Tefcold-Kühltheken;;;;Theken;16456;PT930;5708181355401;5708181355401;TEFCOLD;1733,00;Gastrobereich | PizzakühlthekenGastrobereich | Theken;;;;;;;;;;;Automatisch;;;;;;;;175;;;;;;;;;;;;;;;;;;;;;;;;;;;;;;;;;Elektronisch;;;;;;;;;;;;;;;;;;;;;;;3 Dreh-Volltüren;;;;;;;;;;;;;1365;1100;700;;;;;;;;;;;;;;;;;;;166;400;;;;;;;;;;;;;;;;;;;;;;;;2.4;876;;;;;;;SS 304;Weiß;;;;;;;;;;;;;;;;;;;;4 Stellfüße;;;;;;42;;;;;;;;;;;;;;;;;;;;;;;1295;500;515;;;;;;;;;;4;;;;;;;;;;;;;110;R600a / GWP 3;;;Umluft;;;;;;;;;;;;;;;;;;;;;;;;SS 304;;;;;;+30°C, 55% RH;;;;;;;;;;;;;;;;;;;;;;;;;156;368;;;;;;;;;;;;;;;;;;;;;;;;;;;;;;;;;;;;;;;;;;;3 Tragroste, weiß;;;;;;;;;;;;;;;;;220-240/50;;;Ja;;;;;;;;;;;Thermometer;+2 bis +10;;;;;;;;;;;;;;;;;;;;;;;;;;;;;;;;;;;;;;;;;;;;;;;;;;;;;;;;;;;;;;;;;;;;;;;;;;;;;;;;;;;48;;;;;;;;;;GN1/1;;1440;770;1250;PT930_Produktblatt.pdf;PT930_Betriebsanleitung.pdf;PT930_Ersatzteilliste.pdf;PT930_Energielabel.pdf;PT930_Energiepfeil.png
Tefcold;Tefcold-Kühltheken;;;;Theken;16488;SA1365 S/S;5708181360429;5708181360429;TEFCOLD;1443,00;Gastrobereich | SaladettenGastrobereich | Theken;101766;;;;;;;;;;Automatisch;;;;;;;;235;;;;;;;;;;;;;;;;;;;;;;;;;;;;;;;;;Elektronisch;;;;;;;;;;;;;;;;;;;;;;;3 Dreh-Volltüren;;;;;;;;;;;;;1365;877;700;;;;;;110;;;;;;;;;;;;;120;400;;;;;;;;;;;;;;;;;;;;;44.6;C;;3.15;1150;;;;;;;SS 304;Weiß;;;;;;;;;;;;;;;;;;;;4 Stellfüße;;;;;;42;;;;;;;;;;;;;;Optional;;;;;;;;;1295;500;515;;;;;;;;;;4;;;;;;;;;;;;;110;R600a / GWP 3;;;Umluft;;;;;;;;;;;;;;;;;;;;;;;;SS 304;;;;;;+30°C, 55% RH;;;;;;;;;;;;;;;;;;;;;;;;;110;368;;;;;;;;;;;;;;;;;;;;;;;;;;;;;;;;;;;;;;;;;;;3 Tragroste, weiß;;;;;;;;;;;;;;;;;220-240/50;;;Ja;;;;;;;;;;;Thermometer;+2 bis +10;;;;;;;;;;;;;;;;;;;;;;;;;;;;;;;;;;;;;;;;;;;;;;;;;;;;;;;;;;;;;;;;;;;;;;;;;;;;;;;;;;;48;;;;;;;;;;GN1/1;;1440;770;1040;SA1365_S_S_Produktblatt.pdf;SA1365_S_S_Betriebsanleitung.pdf;SA1365_S_S_Ersatzteilliste.pdf;SA1365_S_S_Energielabel.pdf;SA1365_S_S_Energiepfeil.png
Tefcold;Tefcold-Kühltheken;;;;Theken;16492;SA910;5708181355685;5708181355685;TEFCOLD;977,00;Gastrobereich | SaladettenGastrobereich | Theken;101730;;;;;;;;;;Automatisch;;;;;;;;155;;;;;;;;;;;;;;;;;;;;;;;;;;;;;;;;;Elektronisch;;;;;;;;;;;;;;;;;;;;;;;2 Dreh-Volltüren;;;;;;;;;;;;;900;877;700;;;;;;110;;;;;;;;;;;;;80;260;;;;;;;;;;;;;;;;;;;;;49.4;C;;3.12;1139;;;;;;;SS 304;Weiß;;;;;;;;;;;;;;;;;;;;4 Stellfüße;;;;;;42;;;;;;;;;;;;;;Optional;;;;;;;;;830;500;515;;;;;;;;;;4;;;;;;;;;;;;;68;R600a / GWP 3;;;Umluft;;;;;;;;;;;;;;;;;;;;;;;;SS 304;;;;;;+30°C, 55% RH;;;;;;;;;;;;;;;;;;;;;;;;;70;230;;;;;;;;;;;;;;;;;;;;;;;;;;;;;;;;;;;;;;;;;;;2 Tragroste, weiß;;;;;;;;;;;;;;;;;220-240/50;;;Ja;;;;;;;;;;;Thermometer;+2 bis +10;;;;;;;;;;;;;;;;;;;;;;;;;;;;;;;;;;;;;;;;;;;;;;;;;;;;;;;;;;;;;;;;;;;;;;;;;;;;;;;;;;;72;;;;;;;;;;GN1/1;;980;770;1040;SA910_Produktblatt.pdf;SA910_Betriebsanleitung.pdf;SA910_Ersatzteilliste.pdf;SA910_Energielabel.pdf;SA910_Energiepfeil.png
Tefcold;Tefcold-Kühltheken;;;;Theken;16490;SA910BT;5708181355739;5708181355739;TEFCOLD;1281,00;Gastrobereich | SaladettenGastrobereich | Theken;101700;;;;;;;;;;Manuell;;;;;;;;280;;;;;;;;;;;;;;;;;;;;;;;;;;;;;;;;;Elektronisch;;;;;;;;;;;;;;;;;;;;;;;2 Dreh-Volltüren;;;;;;;;;;;;;943;877;700;;;;;;110;;;;;;;;;;;;;96;260;;;;;;;;;;;;;;;;;;;;;83.4;E;;6.95;2537;;;;;;;SS 304;Weiß;;;;;;;;;;;;;;;;;;;;4 Stellfüße;;;;;;42;;;;;;;;;;;;;;Optional;;;;;;;;;830;500;515;;;;;;;;;;4;;;;;;;;;;;;;90;R290 / GWP 3;;;Umluft;;;;;;;;;;;;;;;;;;;;;;;;SS 304;;;;;;+30°C, 55% RH;;;;;;;;;;;;;;;;;;;;;;;;;86;230;;;;;;;;;;;;;;;;;;;;;;;;;;;;;;;;;;;;;;;;;;;2 Tragroste, weiß;;;;;;;;;;;;;;;;;220-240/50;;;Ja;;;;;;;;;;;Thermometer;-20 bis -10;;;;;;;;;;;;;;;;;;;;;;;;;;;;;;;;;;;;;;;;;;;;;;;;;;;;;;;;;;;;;;;;;;;;;;;;;;;;;;;;;;;72;;;;;;;;;;GN1/1;;980;770;1040;SA910BT_Produktblatt.pdf;SA910BT_Betriebsanleitung.pdf;SA910BT_Ersatzteilliste.pdf;SA910BT_Energielabel.pdf;SA910BT_Energiepfeil.png
Tefcold;Tefcold-Kühltheken;;;;Theken;16494;SA912;5708181355692;5708181355692;TEFCOLD;1285,00;Gastrobereich | SaladettenGastrobereich | Theken;101748;;;;;;;;;;Automatisch;;;;;;;;155;;;;;;;;;;;;;;;;;;2 x GN1/1 Schubladen;;;;;;;;;;;;;;;Elektronisch;;;;;;;;;;;;;;;;;;;;;;;1 Dreh-Volltür;;;;;;;;;;;;;900;877;700;;;;;;110;;;;;;;;;;;;;80;260;;;;;;;;;;;;;;;;;;;;;46.6;C;;2.81;1026;;;;;;;SS 304;Weiß;;;;;;;;;;;;;;;;;;;;4 Stellfüße;;;;;;42;;;;;;;;;;;;;;Optional;;;;;;;;;830;500;515;;;;;;;;;;4;;;;;;;;;;;;;68;R600a / GWP 3;;;Umluft;;;;;;;;;;;;;;;;;;;;;;;;SS 304;;;;;;+30°C, 55% RH;;;;;;;;;;;;;;;;;;;;;;;;;70;230;;;;;;;;;;;;;;;;;;;;;;;;;;;;;;;;;;;;;;;;;;;1 Tragroste, weiß;;;;;;;;;;;;;;;;;220-240/50;;;Ja;;;;;;;;;;;Thermometer;+2 bis +10;;;;;;;;;;;;;;;;;;;;;;;;;;;;;;;;;;;;;;;;;;;;;;;;;;;;;;;;;;;;;;;;;;;;;;;;;;;;;;;;;;;72;;;;;;;;;;GN1/1;;980;770;1040;SA912_Produktblatt.pdf;SA912_Betriebsanleitung.pdf;SA912_Ersatzteilliste.pdf;SA912_Energielabel.pdf;SA912_Energiepfeil.png
Tefcold;Tefcold-Kühltheken;;;;Theken;16495;SA914;5708181355708;5708181355708;TEFCOLD;1521,00;Gastrobereich | SaladettenGastrobereich | Theken;101753;;;;;;;;;;Automatisch;;;;;;;;155;;;;;;;;;;;;;;;;;;4 x GN1/1 Schubladen;;;;;;;;;;;;;;;Elektronisch;;;;;;;;;;;;;;;;;;;;;;;;;;;;;;;;;;;;900;877;700;;;;;;;;;;;;;;;;;;;80;260;;;;;;;;;;;;;;;;;;;;;49;C;;2.85;1040;;;;;;;SS 304;Weiß;;;;;;;;;;;;;;;;;;;;4 Stellfüße;;;;;;42;;;;;;;;;;;;;;Optional;;;;;;;;;830;500;515;;;;;;;;;;4;;;;;;;;;;;;;68;R600a / GWP 3;;;Umluft;;;;;;;;;;;;;;;;;;;;;;;;SS 304;;;;;;+30°C, 55% RH;;;;;;;;;;;;;;;;;;;;;;;;;70;230;;;;;;;;;;;;;;;;;;;;;;;;;;;;;;;;;;;;;;;;;;;0 -;;;;;;;;;;;;;;;;;220-240/50;;;Ja;;;;;;;;;;;Thermometer;+2 bis +10;;;;;;;;;;;;;;;;;;;;;;;;;;;;;;;;;;;;;;;;;;;;;;;;;;;;;;;;;;;;;;;;;;;;;;;;;;;;;;;;;;;72;;;;;;;;;;;;980;770;1040;SA914_Produktblatt.pdf;SA914_Betriebsanleitung.pdf;SA914_Ersatzteilliste.pdf;SA914_Energielabel.pdf;SA914_Energiepfeil.png
Tefcold;Tefcold-Kühltheken;;;;Theken;17707;SK6210;5708181363895;5708181363895;TEFCOLD;1593,00;DEALS + | Energieeffiziente GeräteGastrobereich | Theken;101839;;;;;;;;;;Automatisch;;;;;;;;300;;;;;;;;;;;;;;;2;;;;;;;;;;;;;;;;;;Elektronisch;;;;;;;;;;;;;;;;;;;;;;;2 Selbstschließende Drehtüren;;;;;;;;;;;;;1360;880;600;;;;;;;;;;;;;;;;;;;104;240;;;;;;;;;;;;;;;;;;;;;32.3;B;;1.96;715;;;;;;;SS 304;Weiß;;;;;;;;;;;;;;;;;;;;4 Stellfüße;;;;;;42;;;;;;;;;;;;;;;;;;;;;;;902;589;430;;;;;;;;;;4;;;;;;;;;;;;;95;R600a / GWP 3;;;Ventiliert;;;;;;;;;;;;;;;;;;;;;;;;SS 304;;;;;;+30°C, 55% RH;;;;;;;;;;;;;;;;;;;;;;;;;94;230;;;;;;;;;;;;;;;;;;;;;;;;;;;;;;;;;;;;;;;;;;;2 Tragroste, weiß;;;;;;;;;;;;;;;;;220-240/50;;;Ja;;;;;;;;;;;Thermometer;-2 bis +10;;;;;;;;;;;;;;;;;Ja;;;;;;;;;;;;;;;;;;;;;;;;;;;;;;;;;;;;;;;;;;;;;;;;;;;;;;;;;;;;;;;;;;52;;;;;;;;;;328 x 430 mm;;1400;640;920;SK6210_Produktblatt.pdf;SK6210_Betriebsanleitung.pdf;SK6210_Ersatzteilliste.pdf;SK6210_Energielabel.pdf;SK6210_Energiepfeil.png
Tefcold;Tefcold-Kühltheken;;;;Theken;17709;SK6210/+SP;5708181363918;5708181363918;TEFCOLD;1593,00;DEALS + | Energieeffiziente GeräteGastrobereich | Theken;101839;;;;;;;;;;Automatisch;;;;;;;;300;;;;;;;;;;;;;;;2;;;;;;;;;;;;;;;;;;Elektronisch;;;;;;;;;;;;;;;;;;;;;;;2 Selbstschließende Drehtüren;;;;;;;;;;;;;1360;925;600;;;;;;;;;;;;;;;;;;;104;240;;;;;;;;;;;;;;;;;;;;;32.3;B;;1.96;715;;;;;;;SS 304;Weiß;;;;;;;;;;;;;;;;;;;;4 Stellfüße;;;;;;42;;;;;;;;;;;;;;;;;;;;;;;902;589;430;;;;;;;;;;4;;;;;;;;;;;;;95;R600a / GWP 3;;;Ventiliert;;;;;;;;;;;;;;;;;;;;;;;;SS 304;;;;;;+30°C, 55% RH;;;;;;;;;;;;;;;;;;;;;;;;;94;230;;;;;;;;;;;;;;;;;;;;;;;;;;;;;;;;;;;;;;;;;;;2 Tragroste, weiß;;;;;;;;;;;;;;;;;220-240/50;;;Ja;;;;;;;;;;;Thermometer;-2 bis +10;;;;;;;;;;;;;;;;;Ja;;;;;;;;;;;;;;;;;;;;;;;;;;;;;;;;;;;;;;;;;;;;;;;;;;;;;;;;;;;;;;;;;;52;;;;;;;;;;328 x 430 mm;;1400;640;1020;SK6210__SP_Produktblatt.pdf;SK6210__SP_Betriebsanleitung.pdf;SK6210__SP_Ersatzteilliste.pdf;SK6210__SP_Energielabel.pdf;SK6210__SP_Energiepfeil.png
Tefcold;Tefcold-Kühltheken;;;;Theken;17762;SK6210BT;5708181363857;5708181363857;TEFCOLD;1941,00;Gastrobereich | Theken;;;;;;;;;;;Automatisch;;;;;;;;470;;;;;;;;;;;;;;;2;;;;;;;;;;;;;;;;;;Elektronisch;;;;;;;;;;;;;;;;;;;;;;;2 Selbstschließende Drehtüren;;;;;;;;;;;;;1360;880;600;;;;;;;;;;;;;;;;;;;103;240;;;;;;;;;;;;;;;;;;;;;68.2;D;;6.26;2285;;;;;;;SS 304;Weiß;;;;;;;;;;;;;;;;;;;;4 Stellfüße;;;;;;42;;;;;;;;;;;;;;;;;;;;;;;902;589;430;;;;;;;;;;4;;;;;;;;;;;;;230;R290 / GWP 3;;;Ventiliert;;;;;;;;;;;;;;;;;;;;;;;;SS 304;;;;;;+30°C, 55% RH;;;;;;;;;;;;;;;;;;;;;;;;;88;230;;;;;;;;;;;;;;;;;;;;;;;;;;;;;;;;;;;;;;;;;;;2 Tragroste, weiß;;;;;;;;;;;;;;;;;220-240/50;;;Ja;;;;;;;;;;;Thermometer;-20 bis -10;;;;;;;;;;;;;;;;;Ja;;;;;;;;;;;;;;;;;;;;;;;;;;;;;;;;;;;;;;;;;;;;;;;;;;;;;;;;;;;;;;;;;;52;;;;;;;;;;328 x 430 mm;;1400;640;920;SK6210BT_Produktblatt.pdf;SK6210BT_Betriebsanleitung.pdf;SK6210BT_Ersatzteilliste.pdf;SK6210BT_Energielabel.pdf;SK6210BT_Energiepfeil.png
Tefcold;Tefcold-Kühltheken;;;;Theken;17774;SK6210BT/+ SP;5708181363871;5708181363871;TEFCOLD;1941,00;Gastrobereich | Theken;;;;;;;;;;;Automatisch;;;;;;;;470;;;;;;;;;;;;;;;2;;;;;;;;;;;;;;;;;;Elektronisch;;;;;;;;;;;;;;;;;;;;;;;2 Selbstschließende Drehtüren;;;;;;;;;;;;;1360;925;600;;;;;;;;;;;;;;;;;;;103;240;;;;;;;;;;;;;;;;;;;;;68.2;D;;6.26;2285;;;;;;;SS 304;Weiß;;;;;;;;;;;;;;;;;;;;4 Stellfüße;;;;;;42;;;;;;;;;;;;;;;;;;;;;;;902;589;430;;;;;;;;;;4;;;;;;;;;;;;;230;R290 / GWP 3;;;Ventiliert;;;;;;;;;;;;;;;;;;;;;;;;SS 304;;;;;;+30°C, 55% RH;;;;;;;;;;;;;;;;;;;;;;;;;88;230;;;;;;;;;;;;;;;;;;;;;;;;;;;;;;;;;;;;;;;;;;;2 Tragroste, weiß;;;;;;;;;;;;;;;;;220-240/50;;;Ja;;;;;;;;;;;Thermometer;-20 bis -10;;;;;;;;;;;;;;;;;Ja;;;;;;;;;;;;;;;;;;;;;;;;;;;;;;;;;;;;;;;;;;;;;;;;;;;;;;;;;;;;;;;;;;52;;;;;;;;;;328 x 430 mm;;1400;640;1020;SK6210BT___SP_Produktblatt.pdf;SK6210BT___SP_Betriebsanleitung.pdf;SK6210BT___SP_Ersatzteilliste.pdf;SK6210BT___SP_Energielabel.pdf;SK6210BT___SP_Energiepfeil.png
Tefcold;Tefcold-Kühltheken;;;;Theken;17713;SK6310;5708181363970;5708181363970;TEFCOLD;1859,00;DEALS + | Energieeffiziente GeräteGastrobereich | Theken;101851;;;;;;;;;;Automatisch;;;;;;;;300;;;;;;;;;;;;;;;3;;;;;;;;;;;;;;;;;;Elektronisch;;;;;;;;;;;;;;;;;;;;;;;3 Selbstschließende Drehtüren;;;;;;;;;;;;;1795;880;600;;;;;;;;;;;;;;;;;;;130;360;;;;;;;;;;;;;;;;;;;;;32.5;B;;2.25;821;;;;;;;SS 304;Weiß;;;;;;;;;;;;;;;;;;;;4 Stellfüße;;;;;;42;;;;;;;;;;;;;;;;;;;;;;;1337;589;430;;;;;;;;;;4;;;;;;;;;;;;;95;R600a / GWP 3;;;Ventiliert;;;;;;;;;;;;;;;;;;;;;;;;SS 304;;;;;;+30°C, 55% RH;;;;;;;;;;;;;;;;;;;;;;;;;120;345;;;;;;;;;;;;;;;;;;;;;;;;;;;;;;;;;;;;;;;;;;;3 Tragroste, weiß;;;;;;;;;;;;;;;;;220-240/50;;;Ja;;;;;;;;;;;Thermometer;-2 bis +10;;;;;;;;;;;;;;;;;Ja;;;;;;;;;;;;;;;;;;;;;;;;;;;;;;;;;;;;;;;;;;;;;;;;;;;;;;;;;;;;;;;;;;38;;;;;;;;;;328 x 430 mm;;1830;640;920;SK6310_Produktblatt.pdf;SK6310_Betriebsanleitung.pdf;SK6310_Ersatzteilliste.pdf;SK6310_Energielabel.pdf;SK6310_Energiepfeil.png
Tefcold;Tefcold-Kühltheken;;;;Theken;17715;SK6310/+SP;5708181363994;5708181363994;TEFCOLD;1859,00;DEALS + | Energieeffiziente GeräteGastrobereich | Theken;101858;;;;;;;;;;Automatisch;;;;;;;;300;;;;;;;;;;;;;;;3;;;;;;;;;;;;;;;;;;Elektronisch;;;;;;;;;;;;;;;;;;;;;;;3 Selbstschließende Drehtüren;;;;;;;;;;;;;1795;925;600;;;;;;;;;;;;;;;;;;;130;360;;;;;;;;;;;;;;;;;;;;;32.5;B;;2.25;821;;;;;;;SS 304;Weiß;;;;;;;;;;;;;;;;;;;;4 Stellfüße;;;;;;42;;;;;;;;;;;;;;;;;;;;;;;1337;589;430;;;;;;;;;;4;;;;;;;;;;;;;95;R600a / GWP 3;;;Ventiliert;;;;;;;;;;;;;;;;;;;;;;;;SS 304;;;;;;+30°C, 55% RH;;;;;;;;;;;;;;;;;;;;;;;;;120;345;;;;;;;;;;;;;;;;;;;;;;;;;;;;;;;;;;;;;;;;;;;3 Tragroste, weiß;;;;;;;;;;;;;;;;;220-240/50;;;Ja;;;;;;;;;;;Thermometer;-2 bis +10;;;;;;;;;;;;;;;;;Ja;;;;;;;;;;;;;;;;;;;;;;;;;;;;;;;;;;;;;;;;;;;;;;;;;;;;;;;;;;;;;;;;;;38;;;;;;;;;;328 x 430 mm;;1830;640;1020;SK6310__SP_Produktblatt.pdf;SK6310__SP_Betriebsanleitung.pdf;SK6310__SP_Ersatzteilliste.pdf;SK6310__SP_Energielabel.pdf;SK6310__SP_Energiepfeil.png
Tefcold;Tefcold-Kühltheken;;;;Theken;17766;SK6310BT;5708181363932;5708181363932;TEFCOLD;2249,00;Gastrobereich | Theken;101858;;;;;;;;;;Automatisch;;;;;;;;570;;;;;;;;;;;;;;;3;;;;;;;;;;;;;;;;;;Elektronisch;;;;;;;;;;;;;;;;;;;;;;;3 Selbstschließende Drehtüren;;;;;;;;;;;;;1795;880;600;;;;;;;;;;;;;;;;;;;145;360;;;;;;;;;;;;;;;;;;;;;70.9;D;;7.9;2884;;;;;;;SS 304;Weiß;;;;;;;;;;;;;;;;;;;;4 Stellfüße;;;;;;42;;;;;;;;;;;;;;;;;;;;;;;1337;589;430;;;;;;;;;;4;;;;;;;;;;;;;230;R290 / GWP 3;;;Ventiliert;;;;;;;;;;;;;;;;;;;;;;;;SS 304;;;;;;+30°C, 55% RH;;;;;;;;;;;;;;;;;;;;;;;;;125;345;;;;;;;;;;;;;;;;;;;;;;;;;;;;;;;;;;;;;;;;;;;3 Tragroste, weiß;;;;;;;;;;;;;;;;;220-240/50;;;Ja;;;;;;;;;;;Thermometer;-20 bis -10;;;;;;;;;;;;;;;;;Ja;;;;;;;;;;;;;;;;;;;;;;;;;;;;;;;;;;;;;;;;;;;;;;;;;;;;;;;;;;;;;;;;;;38;;;;;;;;;;328 x 430 mm;;1830;640;920;SK6310BT_Produktblatt.pdf;SK6310BT_Betriebsanleitung.pdf;SK6310BT_Ersatzteilliste.pdf;SK6310BT_Energielabel.pdf;SK6310BT_Energiepfeil.png
Tefcold;Tefcold-Kühltheken;;;;Theken;17778;SK6310BT/+ SP;5708181363956;5708181363956;TEFCOLD;2249,00;Gastrobereich | Theken;101858;;;;;;;;;;Automatisch;;;;;;;;570;;;;;;;;;;;;;;;3;;;;;;;;;;;;;;;;;;Elektronisch;;;;;;;;;;;;;;;;;;;;;;;3 Selbstschließende Drehtüren;;;;;;;;;;;;;1795;925;600;;;;;;;;;;;;;;;;;;;145;360;;;;;;;;;;;;;;;;;;;;;70.9;D;;7.9;2884;;;;;;;SS 304;Weiß;;;;;;;;;;;;;;;;;;;;4 Stellfüße;;;;;;42;;;;;;;;;;;;;;;;;;;;;;;1337;589;430;;;;;;;;;;4;;;;;;;;;;;;;230;R290 / GWP 3;;;Ventiliert;;;;;;;;;;;;;;;;;;;;;;;;SS 304;;;;;;+30°C, 55% RH;;;;;;;;;;;;;;;;;;;;;;;;;125;345;;;;;;;;;;;;;;;;;;;;;;;;;;;;;;;;;;;;;;;;;;;3 Tragroste, weiß;;;;;;;;;;;;;;;;;220-240/50;;;Ja;;;;;;;;;;;Thermometer;-20 bis -10;;;;;;;;;;;;;;;;;Ja;;;;;;;;;;;;;;;;;;;;;;;;;;;;;;;;;;;;;;;;;;;;;;;;;;;;;;;;;;;;;;;;;;38;;;;;;;;;;328 x 430 mm;;1830;640;1020;SK6310BT___SP_Produktblatt.pdf;SK6310BT___SP_Betriebsanleitung.pdf;SK6310BT___SP_Ersatzteilliste.pdf;SK6310BT___SP_Energielabel.pdf;SK6310BT___SP_Energiepfeil.png
Tefcold;Tefcold-Kühltheken;;;;Theken;17717;SK6410;5708181364052;5708181364052;TEFCOLD;2119,00;Gastrobereich | Theken;101867;;;;;;;;;;Automatisch;;;;;;;;300;;;;;;;;;;;;;;;4;;;;;;;;;;;;;;;;;;Elektronisch;;;;;;;;;;;;;;;;;;;;;;;4 Selbstschließende Drehtüren;;;;;;;;;;;;;2230;880;600;;;;;;;;;;;;;;;;;;;154;480;;;;;;;;;;;;;;;;;;;;;49.8;C;;3.83;1398;;;;;;;SS 304;Weiß;;;;;;;;;;;;;;;;;;;;6 Stellfüße;;;;;;42;;;;;;;;;;;;;;;;;;;;;;;1772;589;430;;;;;;;;;;4;;;;;;;;;;;;;95;R600a / GWP 3;;;Ventiliert;;;;;;;;;;;;;;;;;;;;;;;;SS 304;;;;;;+30°C, 55% RH;;;;;;;;;;;;;;;;;;;;;;;;;144;460;;;;;;;;;;;;;;;;;;;;;;;;;;;;;;;;;;;;;;;;;;;4 Tragroste, weiß;;;;;;;;;;;;;;;;;220-240/50;;;Ja;;;;;;;;;;;Thermometer;-2 bis +10;;;;;;;;;;;;;;;;;Ja;;;;;;;;;;;;;;;;;;;;;;;;;;;;;;;;;;;;;;;;;;;;;;;;;;;;;;;;;;;;;;;;;;36;;;;;;;;;;328 x 430 mm;;2250;640;920;SK6410_Produktblatt.pdf;SK6410_Betriebsanleitung.pdf;SK6410_Ersatzteilliste.pdf;SK6410_Energielabel.pdf;SK6410_Energiepfeil.png
Tefcold;Tefcold-Kühltheken;;;;Theken;17719;SK6410/+SP;5708181364076;5708181364076;TEFCOLD;2119,00;Gastrobereich | Theken;101867;;;;;;;;;;Automatisch;;;;;;;;300;;;;;;;;;;;;;;;4;;;;;;;;;;;;;;;;;;Elektronisch;;;;;;;;;;;;;;;;;;;;;;;4 Selbstschließende Drehtüren;;;;;;;;;;;;;2230;925;600;;;;;;;;;;;;;;;;;;;154;480;;;;;;;;;;;;;;;;;;;;;49.8;C;;3.83;1398;;;;;;;SS 304;Weiß;;;;;;;;;;;;;;;;;;;;6 Stellfüße;;;;;;42;;;;;;;;;;;;;;;;;;;;;;;1772;589;430;;;;;;;;;;4;;;;;;;;;;;;;95;R600a / GWP 3;;;Ventiliert;;;;;;;;;;;;;;;;;;;;;;;;SS 304;;;;;;+30°C, 55% RH;;;;;;;;;;;;;;;;;;;;;;;;;144;460;;;;;;;;;;;;;;;;;;;;;;;;;;;;;;;;;;;;;;;;;;;4 Tragroste, weiß;;;;;;;;;;;;;;;;;220-240/50;;;Ja;;;;;;;;;;;Thermometer;-2 bis +10;;;;;;;;;;;;;;;;;Ja;;;;;;;;;;;;;;;;;;;;;;;;;;;;;;;;;;;;;;;;;;;;;;;;;;;;;;;;;;;;;;;;;;36;;;;;;;;;;328 x 430 mm;;2250;640;1020;SK6410__SP_Produktblatt.pdf;SK6410__SP_Betriebsanleitung.pdf;SK6410__SP_Ersatzteilliste.pdf;SK6410__SP_Energielabel.pdf;SK6410__SP_Energiepfeil.png
Tefcold;Tefcold-Kühltheken;;;;Theken;17770;SK6410BT;5708181364014;5708181364014;TEFCOLD;2482,00;Gastrobereich | Theken;;;;;;;;;;;Automatisch;;;;;;;;660;;;;;;;;;;;;;;;4;;;;;;;;;;;;;;;;;;Elektronisch;;;;;;;;;;;;;;;;;;;;;;;4 Selbstschließende Drehtüren;;;;;;;;;;;;;2230;920;600;;;;;;;;;;;;;;;;;;;163;480;;;;;;;;;;;;;;;;;;;;;71.6;D;;9.23;3369;;;;;;;SS 304;Weiß;;;;;;;;;;;;;;;;;;;;4 Stellfüße;;;;;;42;;;;;;;;;;;;;;;;;;;;;;;1772;589;430;;;;;;;;;;4;;;;;;;;;;;;;85;R290 / GWP 3;;;Ventiliert;;;;;;;;;;;;;;;;;;;;;;;;SS 304;;;;;;+30°C, 55% RH;;;;;;;;;;;;;;;;;;;;;;;;;143;460;;;;;;;;;;;;;;;;;;;;;;;;;;;;;;;;;;;;;;;;;;;4 Tragroste, weiß;;;;;;;;;;;;;;;;;220-240/50;;;Ja;;;;;;;;;;;Thermometer;-20 bis -10;;;;;;;;;;;;;;;;;Ja;;;;;;;;;;;;;;;;;;;;;;;;;;;;;;;;;;;;;;;;;;;;;;;;;;;;;;;;;;;;;;;;;;38;;;;;;;;;;328 x 430 mm;;2250;640;920;SK6410BT_Produktblatt.pdf;SK6410BT_Betriebsanleitung.pdf;SK6410BT_Ersatzteilliste.pdf;SK6410BT_Energielabel.pdf;SK6410BT_Energiepfeil.png
Tefcold;Tefcold-Kühltheken;;;;Theken;17782;SK6410BT/+ SP;5708181364038;5708181364038;TEFCOLD;2482,00;Gastrobereich | Theken;;;;;;;;;;;Automatisch;;;;;;;;660;;;;;;;;;;;;;;;4;;;;;;;;;;;;;;;;;;Elektronisch;;;;;;;;;;;;;;;;;;;;;;;4 Selbstschließende Drehtüren;;;;;;;;;;;;;2230;925;600;;;;;;;;;;;;;;;;;;;163;480;;;;;;;;;;;;;;;;;;;;;71.6;D;;9.23;3369;;;;;;;SS 304;Weiß;;;;;;;;;;;;;;;;;;;;4 Stellfüße;;;;;;42;;;;;;;;;;;;;;;;;;;;;;;1772;589;430;;;;;;;;;;4;;;;;;;;;;;;;85;R290 / GWP 3;;;Ventiliert;;;;;;;;;;;;;;;;;;;;;;;;SS 304;;;;;;+30°C, 55% RH;;;;;;;;;;;;;;;;;;;;;;;;;143;460;;;;;;;;;;;;;;;;;;;;;;;;;;;;;;;;;;;;;;;;;;;4 Tragroste, weiß;;;;;;;;;;;;;;;;;220-240/50;;;Ja;;;;;;;;;;;Thermometer;-20 bis -10;;;;;;;;;;;;;;;;;Ja;;;;;;;;;;;;;;;;;;;;;;;;;;;;;;;;;;;;;;;;;;;;;;;;;;;;;;;;;;;;;;;;;;38;;;;;;;;;;328 x 430 mm;;2250;640;1020;SK6410BT___SP_Produktblatt.pdf;SK6410BT___SP_Betriebsanleitung.pdf;SK6410BT___SP_Ersatzteilliste.pdf;SK6410BT___SP_Energielabel.pdf;SK6410BT___SP_Energiepfeil.png
Tefcold;;;;;Tiefkühlzellen;44218;CRNF1212;5708181711641;5708181711641;TEFCOLD;5489,00;Kühlzellen | Tiefkühlzellen;;;;;;;;;;;Automatisch, Heißgas;;;;;;;;1100;;;;;;;;;;;;;;;;;;;;;;;;;;;;;;;;;Elektronisch;;;;;;;;;;;;;;;;;;;;;;;1 Dreh-Volltür B:580 H:1765;;;;;;;;;;;;;1200;2200;1200;;;;;;;;;;;;;;;;;;;310;;;;;;;;;;;;;;;;;;;;;;;;;22.49;8208;;;;;;;Weiß;;;;;;;;;;;;;;;;;;;;;;;;;;;60;;;;;;;;;;;;;;;;;;;;;;;960;1960;960;LED;;;120;;;;;;;;;;;;;;;;;;;150;R290 / GWP 3;;;;;;;;;;;;;;;;;;;;;;;;;;;Weiß;;;;;;;;;;;;;;;;;;;;;;;;;;;;;;;280;;;;;;;;;;;;;;;;;;;;;;;;;;;;;;;;;;;;;;;;;;;;;;;;;;;;;;;;;;;;;220-240/50;;;Ja;;;;;;;;;;;Thermometer;-20 bis -10;;;;;;;;;;;;;;;Ja;;;;Ja;;;;;;;;;;;;;;;;;;1.81;;;;;;;;;;;;;;;;;;;;;;;;;;;;;;;;;;;;;;;;;;;;;;14;42;;;;;;;;2000;;;2000;1350;2400;CRNF1212_Produktblatt.pdf;CRNF1212_Betriebsanleitung.pdf;CRNF1212_Ersatzteilliste.pdf;CRNF1212_Energielabel.pdf;CRNF1212_Energiepfeil.pdf
Tefcold;;;;;Tiefkühlzellen;44219;CRNF1215;5708181711641;5708181711641;TEFCOLD;5916,00;Kühlzellen | Tiefkühlzellen;;;;;;;;;;;Automatisch, Heißgas;;;;;;;;1100;;;;;;;;;;;;;;;;;;;;;;;;;;;;;;;;;Elektronisch;;;;;;;;;;;;;;;;;;;;;;;1 Dreh-Volltür B:580 H:1765;;;;;;;;;;;;;1200;2200;1500;;;;;;;;;;;;;;;;;;;347;;;;;;;;;;;;;;;;;;;;;;;;;22.49;8208;;;;;;;Weiß;;;;;;;;;;;;;;;;;;;;;;;;;;;60;;;;;;;;;;;;;;;;;;;;;;;960;1960;1260;LED;;;120;;;;;;;;;;;;;;;;;;;150;R290 / GWP 3;;;;;;;;;;;;;;;;;;;;;;;;;;;Weiß;;;;;;;;;;;;;;;;;;;;;;;;;;;;;;;320;;;;;;;;;;;;;;;;;;;;;;;;;;;;;;;;;;;;;;;;;;;;;;;;;;;;;;;;;;;;;220-240/50;;;Ja;;;;;;;;;;;Thermometer;-20 bis -10;;;;;;;;;;;;;;;Ja;;;;Ja;;;;;;;;;;;;;;;;;;2.37;;;;;;;;;;;;;;;;;;;;;;;;;;;;;;;;;;;;;;;;;;;;;;14;42;;;;;;;;2000;;;2100;1350;2400;CRNF1215_Produktblatt.pdf;CRNF1215_Betriebsanleitung.pdf;CRNF1215_Ersatzteilliste.pdf;CRNF1215_Energielabel.pdf;CRNF1215_Energiepfeil.pdf
Tefcold;;;;;Tiefkühlzellen;44220;CRNF1218;5708181711641;5708181711641;TEFCOLD;6351,00;Kühlzellen | Tiefkühlzellen;;;;;;;;;;;Automatisch, Heißgas;;;;;;;;1100;;;;;;;;;;;;;;;;;;;;;;;;;;;;;;;;;Elektronisch;;;;;;;;;;;;;;;;;;;;;;;1 Dreh-Volltür B:580 H:1765;;;;;;;;;;;;;1200;2200;1800;;;;;;;;;;;;;;;;;;;390;;;;;;;;;;;;;;;;;;;;;;;;;22.49;8208;;;;;;;Weiß;;;;;;;;;;;;;;;;;;;;;;;;;;;60;;;;;;;;;;;;;;;;;;;;;;;960;1960;1560;LED;;;120;;;;;;;;;;;;;;;;;;;150;R290 / GWP 3;;;;;;;;;;;;;;;;;;;;;;;;;;;Weiß;;;;;;;;;;;;;;;;;;;;;;;;;;;;;;;360;;;;;;;;;;;;;;;;;;;;;;;;;;;;;;;;;;;;;;;;;;;;;;;;;;;;;;;;;;;;;220-240/50;;;Ja;;;;;;;;;;;Thermometer;-20 bis -10;;;;;;;;;;;;;;;Ja;;;;Ja;;;;;;;;;;;;;;;;;;2.94;;;;;;;;;;;;;;;;;;;;;;;;;;;;;;;;;;;;;;;;;;;;;;12;42;;;;;;;;2000;;;1350;2200;2400;CRNF1218_Produktblatt.pdf;CRNF1218_Betriebsanleitung.pdf;CRNF1218_Ersatzteilliste.pdf;CRNF1218_Energielabel.pdf;CRNF1218_Energiepfeil.pdf
Tefcold;;;;;Tiefkühlzellen;44221;CRNF1221;5708181711641;5708181711641;TEFCOLD;6477,00;Kühlzellen | Tiefkühlzellen;;;;;;;;;;;Automatisch, Heißgas;;;;;;;;1100;;;;;;;;;;;;;;;;;;;;;;;;;;;;;;;;;Elektronisch;;;;;;;;;;;;;;;;;;;;;;;1 Dreh-Volltür B:580 H:1765;;;;;;;;;;;;;1200;2200;2100;;;;;;;;;;;;;;;;;;;430;;;;;;;;;;;;;;;;;;;;;;;;;22.49;8208;;;;;;;Weiß;;;;;;;;;;;;;;;;;;;;;;;;;;;60;;;;;;;;;;;;;;;;;;;;;;;960;1960;1860;LED;;;120;;;;;;;;;;;;;;;;;;;150;R290 / GWP 3;;;;;;;;;;;;;;;;;;;;;;;;;;;Weiß;;;;;;;;;;;;;;;;;;;;;;;;;;;;;;;400;;;;;;;;;;;;;;;;;;;;;;;;;;;;;;;;;;;;;;;;;;;;;;;;;;;;;;;;;;;;;220-240/50;;;Ja;;;;;;;;;;;Thermometer;-20 bis -10;;;;;;;;;;;;;;;Ja;;;;Ja;;;;;;;;;;;;;;;;;;3.5;;;;;;;;;;;;;;;;;;;;;;;;;;;;;;;;;;;;;;;;;;;;;;14;42;;;;;;;;2000;;;2200;1320;2400;CRNF1221_Produktblatt.pdf;CRNF1221_Betriebsanleitung.pdf;CRNF1221_Ersatzteilliste.pdf;CRNF1221_Energielabel.pdf;CRNF1221_Energiepfeil.pdf
Tefcold;;;;;Tiefkühlzellen;44222;CRNF1224;5708181711641;5708181711641;TEFCOLD;7530,00;Kühlzellen | Tiefkühlzellen;;;;;;;;;;;Automatisch, Heißgas;;;;;;;;1100;;;;;;;;;;;;;;;;;;;;;;;;;;;;;;;;;Elektronisch;;;;;;;;;;;;;;;;;;;;;;;1 Dreh-Volltür B:580 H:1765;;;;;;;;;;;;;1200;2200;2400;;;;;;;;;;;;;;;;;;;450;;;;;;;;;;;;;;;;;;;;;;;;;22.49;8208;;;;;;;Weiß;;;;;;;;;;;;;;;;;;;;;;;;;;;60;;;;;;;;;;;;;;;;;;;;;;;960;1960;2160;LED;;;120;;;;;;;;;;;;;;;;;;;150;R290 / GWP 3;;;;;;;;;;;;;;;;;;;;;;;;;;;Weiß;;;;;;;;;;;;;;;;;;;;;;;;;;;;;;;420;;;;;;;;;;;;;;;;;;;;;;;;;;;;;;;;;;;;;;;;;;;;;;;;;;;;;;;;;;;;;220-240/50;;;Ja;;;;;;;;;;;Thermometer;-20 bis -10;;;;;;;;;;;;;;;Ja;;;;Ja;;;;;;;;;;;;;;;;;;4.06;;;;;;;;;;;;;;;;;;;;;;;;;;;;;;;;;;;;;;;;;;;;;;8;42;;;;;;;;2000;;;2400;1320;2400;CRNF1224_Produktblatt.pdf;CRNF1224_Betriebsanleitung.pdf;CRNF1224_Ersatzteilliste.pdf;CRNF1224_Energielabel.pdf;CRNF1224_Energiepfeil.pdf
Tefcold;;;;;Tiefkühlzellen;44223;CRNF1227;5708181711641;5708181711641;TEFCOLD;7876,00;Kühlzellen | Tiefkühlzellen;;;;;;;;;;;Automatisch, Heißgas;;;;;;;;1100;;;;;;;;;;;;;;;;;;;;;;;;;;;;;;;;;Elektronisch;;;;;;;;;;;;;;;;;;;;;;;1 Dreh-Volltür B:580 H:1765;;;;;;;;;;;;;1200;2200;2700;;;;;;;;;;;;;;;;;;;520;;;;;;;;;;;;;;;;;;;;;;;;;22.49;8208;;;;;;;Weiß;;;;;;;;;;;;;;;;;;;;;;;;;;;60;;;;;;;;;;;;;;;;;;;;;;;960;1960;2460;LED;;;120;;;;;;;;;;;;;;;;;;;150;R290 / GWP 3;;;;;;;;;;;;;;;;;;;;;;;;;;;Weiß;;;;;;;;;;;;;;;;;;;;;;;;;;;;;;;490;;;;;;;;;;;;;;;;;;;;;;;;;;;;;;;;;;;;;;;;;;;;;;;;;;;;;;;;;;;;;220-240/50;;;Ja;;;;;;;;;;;Thermometer;-20 bis -10;;;;;;;;;;;;;;;Ja;;;;Ja;;;;;;;;;;;;;;;;;;4.63;;;;;;;;;;;;;;;;;;;;;;;;;;;;;;;;;;;;;;;;;;;;;;8;42;;;;;;;;2000;;;2500;1900;2400;CRNF1227_Produktblatt.pdf;CRNF1227_Betriebsanleitung.pdf;CRNF1227_Ersatzteilliste.pdf;CRNF1227_Energielabel.pdf;CRNF1227_Energiepfeil.pdf
Tefcold;;;;;Tiefkühlzellen;44224;CRNF1230;5708181711658;5708181711658;TEFCOLD;8376,00;Kühlzellen | Tiefkühlzellen;;;;;;;;;;;Automatisch, Heißgas;;;;;;;;1510;;;;;;;;;;;;;;;;;;;;;;;;;;;;;;;;;Elektronisch;;;;;;;;;;;;;;;;;;;;;;;1 Dreh-Volltür B:580 H:1765;;;;;;;;;;;;;1200;2200;3000;;;;;;;;;;;;;;;;;;;550;;;;;;;;;;;;;;;;;;;;;;;;;27.02;9864;;;;;;;Weiß;;;;;;;;;;;;;;;;;;;;;;;;;;;60;;;;;;;;;;;;;;;;;;;;;;;960;1960;2760;LED;;;120;;;;;;;;;;;;;;;;;;;150;R290 / GWP 3;;;;;;;;;;;;;;;;;;;;;;;;;;;Weiß;;;;;;;;;;;;;;;;;;;;;;;;;;;;;;;520;;;;;;;;;;;;;;;;;;;;;;;;;;;;;;;;;;;;;;;;;;;;;;;;;;;;;;;;;;;;;220-240/50;;;Ja;;;;;;;;;;;Thermometer;-20 bis -10;;;;;;;;;;;;;;;Ja;;;;Ja;;;;;;;;;;;;;;;;;;5.19;;;;;;;;;;;;;;;;;;;;;;;;;;;;;;;;;;;;;;;;;;;;;;3;42;;;;;;;;2000;;;2200;1900;2400;CRNF1230_Produktblatt.pdf;CRNF1230_Betriebsanleitung.pdf;CRNF1230_Ersatzteilliste.pdf;CRNF1230_Energielabel.pdf;CRNF1230_Energiepfeil.pdf
Tefcold;;;;;Tiefkühlzellen;44225;CRNF1515;5708181711641;5708181711641;TEFCOLD;6289,00;Kühlzellen | Tiefkühlzellen;;;;;;;;;;;Automatisch, Heißgas;;;;;;;;1100;;;;;;;;;;;;;;;;;;;;;;;;;;;;;;;;;Elektronisch;;;;;;;;;;;;;;;;;;;;;;;1 Dreh-Volltür B:700 H:1765;;;;;;;;;;;;;1500;2200;1500;;;;;;;;;;;;;;;;;;;335;;;;;;;;;;;;;;;;;;;;;;;;;22.49;8208;;;;;;;Weiß;;;;;;;;;;;;;;;;;;;;;;;;;;;60;;;;;;;;;;;;;;;;;;;;;;;1260;1960;1260;LED;;;120;;;;;;;;;;;;;;;;;;;150;R290 / GWP 3;;;;;;;;;;;;;;;;;;;;;;;;;;;Weiß;;;;;;;;;;;;;;;;;;;;;;;;;;;;;;;305;;;;;;;;;;;;;;;;;;;;;;;;;;;;;;;;;;;;;;;;;;;;;;;;;;;;;;;;;;;;;220-240/50;;;Ja;;;;;;;;;;;Thermometer;-20 bis -10;;;;;;;;;;;;;;;Ja;;;;Ja;;;;;;;;;;;;;;;;;;3.11;;;;;;;;;;;;;;;;;;;;;;;;;;;;;;;;;;;;;;;;;;;;;;12;42;;;;;;;;2000;;;2200;1600;2400;CRNF1515_Produktblatt.pdf;CRNF1515_Betriebsanleitung.pdf;CRNF1515_Ersatzteilliste.pdf;CRNF1515_Energielabel.pdf;CRNF1515_Energiepfeil.pdf
Tefcold;;;;;Tiefkühlzellen;44226;CRNF1518;5708181711641;5708181711641;TEFCOLD;6723,00;Kühlzellen | Tiefkühlzellen;;;;;;;;;;;Automatisch, Heißgas;;;;;;;;1100;;;;;;;;;;;;;;;;;;;;;;;;;;;;;;;;;Elektronisch;;;;;;;;;;;;;;;;;;;;;;;1 Dreh-Volltür B:700 H:1765;;;;;;;;;;;;;1500;2200;1800;;;;;;;;;;;;;;;;;;;345;;;;;;;;;;;;;;;;;;;;;;;;;22.49;8208;;;;;;;Weiß;;;;;;;;;;;;;;;;;;;;;;;;;;;60;;;;;;;;;;;;;;;;;;;;;;;1260;1960;1560;LED;;;120;;;;;;;;;;;;;;;;;;;150;R290 / GWP 3;;;;;;;;;;;;;;;;;;;;;;;;;;;Weiß;;;;;;;;;;;;;;;;;;;;;;;;;;;;;;;315;;;;;;;;;;;;;;;;;;;;;;;;;;;;;;;;;;;;;;;;;;;;;;;;;;;;;;;;;;;;;220-240/50;;;Ja;;;;;;;;;;;Thermometer;-20 bis -10;;;;;;;;;;;;;;;Ja;;;;Ja;;;;;;;;;;;;;;;;;;3.85;;;;;;;;;;;;;;;;;;;;;;;;;;;;;;;;;;;;;;;;;;;;;;12;42;;;;;;;;2000;;;2200;1600;2400;CRNF1518_Produktblatt.pdf;CRNF1518_Betriebsanleitung.pdf;CRNF1518_Ersatzteilliste.pdf;CRNF1518_Energielabel.pdf;CRNF1518_Energiepfeil.pdf
Tefcold;;;;;Tiefkühlzellen;44227;CRNF1521;5708181711641;5708181711641;TEFCOLD;7495,00;Kühlzellen | Tiefkühlzellen;;;;;;;;;;;Automatisch, Heißgas;;;;;;;;1100;;;;;;;;;;;;;;;;;;;;;;;;;;;;;;;;;Elektronisch;;;;;;;;;;;;;;;;;;;;;;;1 Dreh-Volltür B:700 H:1765;;;;;;;;;;;;;1500;2200;2100;;;;;;;;;;;;;;;;;;;368;;;;;;;;;;;;;;;;;;;;;;;;;22.49;8208;;;;;;;Weiß;;;;;;;;;;;;;;;;;;;;;;;;;;;60;;;;;;;;;;;;;;;;;;;;;;;1260;1960;1860;LED;;;120;;;;;;;;;;;;;;;;;;;150;R290 / GWP 3;;;;;;;;;;;;;;;;;;;;;;;;;;;Weiß;;;;;;;;;;;;;;;;;;;;;;;;;;;;;;;338;;;;;;;;;;;;;;;;;;;;;;;;;;;;;;;;;;;;;;;;;;;;;;;;;;;;;;;;;;;;;220-240/50;;;Ja;;;;;;;;;;;Thermometer;-20 bis -10;;;;;;;;;;;;;;;Ja;;;;Ja;;;;;;;;;;;;;;;;;;4.59;;;;;;;;;;;;;;;;;;;;;;;;;;;;;;;;;;;;;;;;;;;;;;10;42;;;;;;;;2000;;;2200;1600;2400;CRNF1521_Produktblatt.pdf;CRNF1521_Betriebsanleitung.pdf;CRNF1521_Ersatzteilliste.pdf;CRNF1521_Energielabel.pdf;CRNF1521_Energiepfeil.pdf
Tefcold;;;;;Tiefkühlzellen;44228;CRNF1524;5708181711658;5708181711658;TEFCOLD;7870,00;Kühlzellen | Tiefkühlzellen;;;;;;;;;;;Automatisch, Heißgas;;;;;;;;1100;;;;;;;;;;;;;;;;;;;;;;;;;;;;;;;;;Elektronisch;;;;;;;;;;;;;;;;;;;;;;;1 Dreh-Volltür B:700 H:1765;;;;;;;;;;;;;1500;2200;2400;;;;;;;;;;;;;;;;;;;379;;;;;;;;;;;;;;;;;;;;;;;;;22.49;8208;;;;;;;Weiß;;;;;;;;;;;;;;;;;;;;;;;;;;;60;;;;;;;;;;;;;;;;;;;;;;;1260;1960;2160;LED;;;120;;;;;;;;;;;;;;;;;;;150;R290 / GWP 3;;;;;;;;;;;;;;;;;;;;;;;;;;;Weiß;;;;;;;;;;;;;;;;;;;;;;;;;;;;;;;349;;;;;;;;;;;;;;;;;;;;;;;;;;;;;;;;;;;;;;;;;;;;;;;;;;;;;;;;;;;;;220-240/50;;;Ja;;;;;;;;;;;Thermometer;-20 bis -10;;;;;;;;;;;;;;;Ja;;;;Ja;;;;;;;;;;;;;;;;;;5.33;;;;;;;;;;;;;;;;;;;;;;;;;;;;;;;;;;;;;;;;;;;;;;10;42;;;;;;;;2000;;;2200;1900;2400;CRNF1524_Produktblatt.pdf;CRNF1524_Betriebsanleitung.pdf;CRNF1524_Ersatzteilliste.pdf;CRNF1524_Energielabel.pdf;CRNF1524_Energiepfeil.pdf
Tefcold;;;;;Tiefkühlzellen;44229;CRNF1527;5708181711658;5708181711658;TEFCOLD;8482,00;Kühlzellen | Tiefkühlzellen;;;;;;;;;;;Automatisch, Heißgas;;;;;;;;1510;;;;;;;;;;;;;;;;;;;;;;;;;;;;;;;;;Elektronisch;;;;;;;;;;;;;;;;;;;;;;;1 Dreh-Volltür B:700 H:1765;;;;;;;;;;;;;1500;2200;2700;;;;;;;;;;;;;;;;;;;415;;;;;;;;;;;;;;;;;;;;;;;;;27.02;9864;;;;;;;Weiß;;;;;;;;;;;;;;;;;;;;;;;;;;;60;;;;;;;;;;;;;;;;;;;;;;;1260;1960;2460;LED;;;120;;;;;;;;;;;;;;;;;;;150;R290 / GWP 3;;;;;;;;;;;;;;;;;;;;;;;;;;;Weiß;;;;;;;;;;;;;;;;;;;;;;;;;;;;;;;385;;;;;;;;;;;;;;;;;;;;;;;;;;;;;;;;;;;;;;;;;;;;;;;;;;;;;;;;;;;;;220-240/50;;;Ja;;;;;;;;;;;Thermometer;-20 bis -10;;;;;;;;;;;;;;;Ja;;;;Ja;;;;;;;;;;;;;;;;;;6.08;;;;;;;;;;;;;;;;;;;;;;;;;;;;;;;;;;;;;;;;;;;;;;10;42;;;;;;;;2000;;;2200;1900;2400;CRNF1527_Produktblatt.pdf;CRNF1527_Betriebsanleitung.pdf;CRNF1527_Ersatzteilliste.pdf;CRNF1527_Energielabel.pdf;CRNF1527_Energiepfeil.pdf
Tefcold;;;;;Tiefkühlzellen;44230;CRNF1530;5708181711658;5708181711658;TEFCOLD;9395,00;Kühlzellen | Tiefkühlzellen;;;;;;;;;;;Automatisch, Heißgas;;;;;;;;1510;;;;;;;;;;;;;;;;;;;;;;;;;;;;;;;;;Elektronisch;;;;;;;;;;;;;;;;;;;;;;;1 Dreh-Volltür B:700 H:1765;;;;;;;;;;;;;1500;2200;3000;;;;;;;;;;;;;;;;;;;425;;;;;;;;;;;;;;;;;;;;;;;;;27.02;9864;;;;;;;Weiß;;;;;;;;;;;;;;;;;;;;;;;;;;;60;;;;;;;;;;;;;;;;;;;;;;;1260;1960;2760;LED;;;120;;;;;;;;;;;;;;;;;;;150;R290 / GWP 3;;;;;;;;;;;;;;;;;;;;;;;;;;;Weiß;;;;;;;;;;;;;;;;;;;;;;;;;;;;;;;395;;;;;;;;;;;;;;;;;;;;;;;;;;;;;;;;;;;;;;;;;;;;;;;;;;;;;;;;;;;;;220-240/50;;;Ja;;;;;;;;;;;Thermometer;-20 bis -10;;;;;;;;;;;;;;;Ja;;;;Ja;;;;;;;;;;;;;;;;;;6.82;;;;;;;;;;;;;;;;;;;;;;;;;;;;;;;;;;;;;;;;;;;;;;3;42;;;;;;;;2000;;;2200;1900;2400;CRNF1530_Produktblatt.pdf;CRNF1530_Betriebsanleitung.pdf;CRNF1530_Ersatzteilliste.pdf;CRNF1530_Energielabel.pdf;CRNF1530_Energiepfeil.pdf
Tefcold;;;;;Tiefkühlzellen;44396;CRNF1815;5708181711641;5708181711641;TEFCOLD;6858,00;Kühlzellen | Tiefkühlzellen;;;;;;;;;;;Automatisch, Heißgas;;;;;;;;1100;;;;;;;;;;;;;;;;;;;;;;;;;;;;;;;;;Elektronisch;;;;;;;;;;;;;;;;;;;;;;;1 Dreh-Volltür B:700 H:1765;;;;;;;;;;;;;1800;2200;1500;;;;;;;;;;;;;;;;;;;550;;;;;;;;;;;;;;;;;;;;;;;;;22.49;8208;;;;;;;Weiß;;;;;;;;;;;;;;;;;;;;;;;;;;;60;;;;;;;;;;;;;;;;;;;;;;;1560;1960;1260;LED;;;120;;;;;;;;;;;;;;;;;;;150;R290 / GWP 3;;;;;;;;;;;;;;;;;;;;;;;;;;;Weiß;;;;;;;;;;;;;;;;;;;;;;;;;;;;;;;520;;;;;;;;;;;;;;;;;;;;;;;;;;;;;;;;;;;;;;;;;;;;;;;;;;;;;;;;;;;;;220-240/50;;;Ja;;;;;;;;;;;Thermometer;-20 bis -10;;;;;;;;;;;;;;;Ja;;;;Ja;;;;;;;;;;;;;;;;;;3.85;;;;;;;;;;;;;;;;;;;;;;;;;;;;;;;;;;;;;;;;;;;;;;12;42;;;;;;;;2000;;;2200;1600;2400;CRNF1815_Produktblatt.pdf;CRNF1815_Betriebsanleitung.pdf;CRNF1815_Ersatzteilliste.pdf;CRNF1815_Energielabel.pdf;CRNF1815_Energiepfeil.pdf
Tefcold;;;;;Tiefkühlzellen;44231;CRNF1818;5708181711641;5708181711641;TEFCOLD;7470,00;Kühlzellen | Tiefkühlzellen;;;;;;;;;;;Automatisch, Heißgas;;;;;;;;1100;;;;;;;;;;;;;;;;;;;;;;;;;;;;;;;;;Elektronisch;;;;;;;;;;;;;;;;;;;;;;;1 Dreh-Volltür B:700 H:1765;;;;;;;;;;;;;1800;2200;1800;;;;;;;;;;;;;;;;;;;590;;;;;;;;;;;;;;;;;;;;;;;;;22.49;8208;;;;;;;Weiß;;;;;;;;;;;;;;;;;;;;;;;;;;;60;;;;;;;;;;;;;;;;;;;;;;;1560;1960;1560;LED;;;120;;;;;;;;;;;;;;;;;;;150;R290 / GWP 3;;;;;;;;;;;;;;;;;;;;;;;;;;;Weiß;;;;;;;;;;;;;;;;;;;;;;;;;;;;;;;560;;;;;;;;;;;;;;;;;;;;;;;;;;;;;;;;;;;;;;;;;;;;;;;;;;;;;;;;;;;;;220-240/50;;;Ja;;;;;;;;;;;Thermometer;-20 bis -10;;;;;;;;;;;;;;;Ja;;;;Ja;;;;;;;;;;;;;;;;;;4.77;;;;;;;;;;;;;;;;;;;;;;;;;;;;;;;;;;;;;;;;;;;;;;12;42;;;;;;;;2000;;;2150;1050;2400;CRNF1818_Produktblatt.pdf;CRNF1818_Betriebsanleitung.pdf;CRNF1818_Ersatzteilliste.pdf;CRNF1818_Energielabel.pdf;CRNF1818_Energiepfeil.pdf
Tefcold;;;;;Tiefkühlzellen;44232;CRNF1821;5708181711658;5708181711658;TEFCOLD;7981,00;Kühlzellen | Tiefkühlzellen;;;;;;;;;;;Automatisch, Heißgas;;;;;;;;1510;;;;;;;;;;;;;;;;;;;;;;;;;;;;;;;;;Elektronisch;;;;;;;;;;;;;;;;;;;;;;;1 Dreh-Volltür B:700 H:1765;;;;;;;;;;;;;1800;2200;2100;;;;;;;;;;;;;;;;;;;655;;;;;;;;;;;;;;;;;;;;;;;;;27.02;9864;;;;;;;Weiß;;;;;;;;;;;;;;;;;;;;;;;;;;;60;;;;;;;;;;;;;;;;;;;;;;;1560;1960;1860;LED;;;120;;;;;;;;;;;;;;;;;;;150;R290 / GWP 3;;;;;;;;;;;;;;;;;;;;;;;;;;;Weiß;;;;;;;;;;;;;;;;;;;;;;;;;;;;;;;615;;;;;;;;;;;;;;;;;;;;;;;;;;;;;;;;;;;;;;;;;;;;;;;;;;;;;;;;;;;;;220-240/50;;;Ja;;;;;;;;;;;Thermometer;-20 bis -10;;;;;;;;;;;;;;;Ja;;;;Ja;;;;;;;;;;;;;;;;;;5.69;;;;;;;;;;;;;;;;;;;;;;;;;;;;;;;;;;;;;;;;;;;;;;12;42;;;;;;;;2000;;;2150;1250;2400;CRNF1821_Produktblatt.pdf;CRNF1821_Betriebsanleitung.pdf;CRNF1821_Ersatzteilliste.pdf;CRNF1821_Energielabel.pdf;CRNF1821_Energiepfeil.pdf
Tefcold;;;;;Tiefkühlzellen;44233;CRNF1824;5708181711665;5708181711665;TEFCOLD;9209,00;Kühlzellen | Tiefkühlzellen;;;;;;;;;;;Automatisch, Heißgas;;;;;;;;1510;;;;;;;;;;;;;;;;;;;;;;;;;;;;;;;;;Elektronisch;;;;;;;;;;;;;;;;;;;;;;;1 Dreh-Volltür B:700 H:1765;;;;;;;;;;;;;1800;2200;2400;;;;;;;;;;;;;;;;;;;680;;;;;;;;;;;;;;;;;;;;;;;;;27.02;9864;;;;;;;Weiß;;;;;;;;;;;;;;;;;;;;;;;;;;;60;;;;;;;;;;;;;;;;;;;;;;;1560;1960;2160;LED;;;120;;;;;;;;;;;;;;;;;;;150;R290 / GWP 3;;;;;;;;;;;;;;;;;;;;;;;;;;;Weiß;;;;;;;;;;;;;;;;;;;;;;;;;;;;;;;645;;;;;;;;;;;;;;;;;;;;;;;;;;;;;;;;;;;;;;;;;;;;;;;;;;;;;;;;;;;;;220-240/50;;;Ja;;;;;;;;;;;Thermometer;-20 bis -10;;;;;;;;;;;;;;;Ja;;;;Ja;;;;;;;;;;;;;;;;;;6.6;;;;;;;;;;;;;;;;;;;;;;;;;;;;;;;;;;;;;;;;;;;;;;6;42;;;;;;;;2000;;;2150;1500;2400;CRNF1824_Produktblatt.pdf;CRNF1824_Betriebsanleitung.pdf;CRNF1824_Ersatzteilliste.pdf;CRNF1824_Energielabel.pdf;CRNF1824_Energiepfeil.pdf
Tefcold;;;;;Tiefkühlzellen;44234;CRNF1827;5708181711665;5708181711665;TEFCOLD;9764,00;Kühlzellen | Tiefkühlzellen;;;;;;;;;;;Automatisch, Heißgas;;;;;;;;1510;;;;;;;;;;;;;;;;;;;;;;;;;;;;;;;;;Elektronisch;;;;;;;;;;;;;;;;;;;;;;;1 Dreh-Volltür B:700 H:1765;;;;;;;;;;;;;1800;2200;2700;;;;;;;;;;;;;;;;;;;685;;;;;;;;;;;;;;;;;;;;;;;;;27.02;9864;;;;;;;Weiß;;;;;;;;;;;;;;;;;;;;;;;;;;;60;;;;;;;;;;;;;;;;;;;;;;;1560;1960;2460;LED;;;120;;;;;;;;;;;;;;;;;;;150;R290 / GWP 3;;;;;;;;;;;;;;;;;;;;;;;;;;;Weiß;;;;;;;;;;;;;;;;;;;;;;;;;;;;;;;655;;;;;;;;;;;;;;;;;;;;;;;;;;;;;;;;;;;;;;;;;;;;;;;;;;;;;;;;;;;;;220-240/50;;;Ja;;;;;;;;;;;Thermometer;-20 bis -10;;;;;;;;;;;;;;;Ja;;;;Ja;;;;;;;;;;;;;;;;;;7.52;;;;;;;;;;;;;;;;;;;;;;;;;;;;;;;;;;;;;;;;;;;;;;6;42;;;;;;;;2000;;;2000;1900;2400;CRNF1827_Produktblatt.pdf;CRNF1827_Betriebsanleitung.pdf;CRNF1827_Ersatzteilliste.pdf;CRNF1827_Energielabel.pdf;CRNF1827_Energiepfeil.pdf
Tefcold;;;;;Tiefkühlzellen;44235;CRNF1830;5708181711665;5708181711665;TEFCOLD;9932,00;Kühlzellen | Tiefkühlzellen;;;;;;;;;;;Automatisch, Heißgas;;;;;;;;1394.73;;;;;;;;;;;;;;;;;;;;;;;;;;;;;;;;;Elektronisch;;;;;;;;;;;;;;;;;;;;;;;1 Dreh-Volltür B:700 H:1765;;;;;;;;;;;;;1800;2200;3000;;;;;;;;;;;;;;;;;;;715;;;;;;;;;;;;;;;;;;;;;;;;;29.52;10775;;;;;;;Weiß;;;;;;;;;;;;;;;;;;;;;;;;;;;60;;;;;;;;;;;;;;;;;;;;;;;1560;1960;2760;LED;;;120;;;;;;;;;;;;;;;;;;;200;R290 / GWP 3;;;;;;;;;;;;;;;;;;;;;;;;;;;Weiß;;;;;;;;;;;;;;;;;;;;;;;;;;;;;;;685;;;;;;;;;;;;;;;;;;;;;;;;;;;;;;;;;;;;;;;;;;;;;;;;;;;;;;;;;;;;;220-240/50;;;Ja;;;;;;;;;;;Thermometer;-20 bis -10;;;;;;;;;;;;;;;Ja;;;;Ja;;;;;;;;;;;;;;;;;;8.44;;;;;;;;;;;;;;;;;;;;;;;;;;;;;;;;;;;;;;;;;;;;;;6;42;;;;;;;;2000;;;2200;1900;2400;CRNF1830_Produktblatt.pdf;CRNF1830_Betriebsanleitung.pdf;CRNF1830_Ersatzteilliste.pdf;CRNF1830_Energielabel.pdf;CRNF1830_Energiepfeil.pdf
Tefcold;;;;;Tiefkühlzellen;44236;CRNF2121;5708181711665;5708181711665;TEFCOLD;8979,00;Kühlzellen | Tiefkühlzellen;;;;;;;;;;;Automatisch, Heißgas;;;;;;;;1510;;;;;;;;;;;;;;;;;;;;;;;;;;;;;;;;;Elektronisch;;;;;;;;;;;;;;;;;;;;;;;1 Dreh-Volltür B:700 H:1765;;;;;;;;;;;;;2100;2200;2100;;;;;;;;;;;;;;;;;;;710;;;;;;;;;;;;;;;;;;;;;;;;;27.02;9864;;;;;;;Weiß;;;;;;;;;;;;;;;;;;;;;;;;;;;60;;;;;;;;;;;;;;;;;;;;;;;1860;1960;1860;LED;;;120;;;;;;;;;;;;;;;;;;;150;R290 / GWP 3;;;;;;;;;;;;;;;;;;;;;;;;;;;Weiß;;;;;;;;;;;;;;;;;;;;;;;;;;;;;;;680;;;;;;;;;;;;;;;;;;;;;;;;;;;;;;;;;;;;;;;;;;;;;;;;;;;;;;;;;;;;;220-240/50;;;Ja;;;;;;;;;;;Thermometer;-20 bis -10;;;;;;;;;;;;;;;Ja;;;;Ja;;;;;;;;;;;;;;;;;;6.78;;;;;;;;;;;;;;;;;;;;;;;;;;;;;;;;;;;;;;;;;;;;;;10;42;;;;;;;;2000;;;2200;1900;2400;CRNF2121_Produktblatt.pdf;CRNF2121_Betriebsanleitung.pdf;CRNF2121_Ersatzteilliste.pdf;CRNF2121_Energielabel.pdf;CRNF2121_Energiepfeil.pdf
Tefcold;;;;;Tiefkühlzellen;44237;CRNF2124;5708181711665;5708181711665;TEFCOLD;9784,00;Kühlzellen | Tiefkühlzellen;;;;;;;;;;;Automatisch, Heißgas;;;;;;;;1394.73;;;;;;;;;;;;;;;;;;;;;;;;;;;;;;;;;Elektronisch;;;;;;;;;;;;;;;;;;;;;;;1 Dreh-Volltür B:700 H:1765;;;;;;;;;;;;;2100;2200;2400;;;;;;;;;;;;;;;;;;;725;;;;;;;;;;;;;;;;;;;;;;;;;29.52;10775;;;;;;;Weiß;;;;;;;;;;;;;;;;;;;;;;;;;;;60;;;;;;;;;;;;;;;;;;;;;;;1860;1960;2160;LED;;;120;;;;;;;;;;;;;;;;;;;200;R290 / GWP 3;;;;;;;;;;;;;;;;;;;;;;;;;;;Weiß;;;;;;;;;;;;;;;;;;;;;;;;;;;;;;;695;;;;;;;;;;;;;;;;;;;;;;;;;;;;;;;;;;;;;;;;;;;;;;;;;;;;;;;;;;;;;220-240/50;;;Ja;;;;;;;;;;;Thermometer;-20 bis -10;;;;;;;;;;;;;;;Ja;;;;Ja;;;;;;;;;;;;;;;;;;7.87;;;;;;;;;;;;;;;;;;;;;;;;;;;;;;;;;;;;;;;;;;;;;;6;42;;;;;;;;2000;;;2200;1900;2400;CRNF2124_Produktblatt.pdf;CRNF2124_Betriebsanleitung.pdf;CRNF2124_Ersatzteilliste.pdf;CRNF2124_Energielabel.pdf;CRNF2124_Energiepfeil.pdf
Tefcold;;;;;Tiefkühlzellen;44238;CRNF2127;5708181711665;5708181711665;TEFCOLD;10267,00;Kühlzellen | Tiefkühlzellen;;;;;;;;;;;Automatisch, Heißgas;;;;;;;;1394.73;;;;;;;;;;;;;;;;;;;;;;;;;;;;;;;;;Elektronisch;;;;;;;;;;;;;;;;;;;;;;;1 Dreh-Volltür B:700 H:1765;;;;;;;;;;;;;2100;2200;2700;;;;;;;;;;;;;;;;;;;750;;;;;;;;;;;;;;;;;;;;;;;;;29.52;10775;;;;;;;Weiß;;;;;;;;;;;;;;;;;;;;;;;;;;;60;;;;;;;;;;;;;;;;;;;;;;;1860;1960;2460;LED;;;120;;;;;;;;;;;;;;;;;;;200;R290 / GWP 3;;;;;;;;;;;;;;;;;;;;;;;;;;;Weiß;;;;;;;;;;;;;;;;;;;;;;;;;;;;;;;720;;;;;;;;;;;;;;;;;;;;;;;;;;;;;;;;;;;;;;;;;;;;;;;;;;;;;;;;;;;;;220-240/50;;;Ja;;;;;;;;;;;Thermometer;-20 bis -10;;;;;;;;;;;;;;;Ja;;;;Ja;;;;;;;;;;;;;;;;;;8.97;;;;;;;;;;;;;;;;;;;;;;;;;;;;;;;;;;;;;;;;;;;;;;6;42;;;;;;;;2000;;;2150;2750;2400;CRNF2127_Produktblatt.pdf;CRNF2127_Betriebsanleitung.pdf;CRNF2127_Ersatzteilliste.pdf;CRNF2127_Energielabel.pdf;CRNF2127_Energiepfeil.pdf
Tefcold;;;;;Tiefkühlzellen;44239;CRNF2130;5708181711672;5708181711672;TEFCOLD;10606,00;Kühlzellen | Tiefkühlzellen;;;;;;;;;;;Automatisch, Heißgas;;;;;;;;1630;;;;;;;;;;;;;;;;;;;;;;;;;;;;;;;;;Elektronisch;;;;;;;;;;;;;;;;;;;;;;;1 Dreh-Volltür B:700 H:1765;;;;;;;;;;;;;2100;2200;3000;;;;;;;;;;;;;;;;;;;760;;;;;;;;;;;;;;;;;;;;;;;;;31.78;11598;;;;;;;Weiß;;;;;;;;;;;;;;;;;;;;;;;;;;;60;;;;;;;;;;;;;;;;;;;;;;;1860;1960;2760;LED;;;120;;;;;;;;;;;;;;;;;;;200;R290 / GWP 3;;;;;;;;;;;;;;;;;;;;;;;;;;;Weiß;;;;;;;;;;;;;;;;;;;;;;;;;;;;;;;730;;;;;;;;;;;;;;;;;;;;;;;;;;;;;;;;;;;;;;;;;;;;;;;;;;;;;;;;;;;;;220-240/50;;;Ja;;;;;;;;;;;Thermometer;-20 bis -10;;;;;;;;;;;;;;;Ja;;;;Ja;;;;;;;;;;;;;;;;;;10.06;;;;;;;;;;;;;;;;;;;;;;;;;;;;;;;;;;;;;;;;;;;;;;6;42;;;;;;;;2000;;;2200;1900;2400;CRNF2130_Produktblatt.pdf;CRNF2130_Betriebsanleitung.pdf;CRNF2130_Ersatzteilliste.pdf;CRNF2130_Energielabel.pdf;CRNF2130_Energiepfeil.pdf
Tefcold;;;;;Tiefkühlzellen;51058;CRNF2130WD;5708181711672;5708181711672;TEFCOLD;11795,00;Kühlzellen | Tiefkühlzellen;;;;;;;;;;;Automatisch, Heißgas;;;;;;;;1630;;;;;;;;;;;;;;;;;;;;;;;;;;;;;;;;;Elektronisch;;;;;;;;;;;;;;;;;;;;;;;1 Dreh-Volltür;;;;;;;;;;;;;2100;2200;3000;;;;;;;;;;;;;;;;;;;580;;;;;;;;;;;;;;;;;;;;;;;;;31.78;11598;;;;;;;Weiß;;;;;;;;;;;;;;;;;;;;;;;;;;;60;;;;;;;;;;;;;;;;;;;;;;;1860;1960;2760;LED;;;120;;;;;;;;;;;;;;;;;;;200;R290 / GWP 3;;;;;;;;;;;;;;;;;;;;;;;;;;;Weiß;;;;;;;;;;;;;;;;;;;;;;;;;;;;;;;550;;;;;;;;;;;;;;;;;;;;;;;;;;;;;;;;;;;;;;;;;;;;;;;;;;;;;;;;;;;;;220-240/50;;;Ja;;;;;;;;;;;Thermometer;-20 bis -10;;;;;;;;;;;;;;;Ja;;;;Ja;;;;;;;;;;;;;;;;;;10.06;;;;;;;;;;;;;;;;;;;;;;;;;;;;;;;;;;;;;;;;;;;;;;6;42;;;;;;;;2000;;;1900;2500;1500;CRNF2130WD_Produktblatt.pdf;CRNF2130WD_Betriebsanleitung.pdf;CRNF2130WD_Ersatzteilliste.pdf;CRNF2130WD_Energielabel.pdf;CRNF2130WD_Energiepfeil.pdf
Tefcold;;;;;Tiefkühlzellen;44240;CRNF2424;5708181711665;5708181711665;TEFCOLD;10658,00;Kühlzellen | Tiefkühlzellen;;;;;;;;;;;Automatisch, Heißgas;;;;;;;;1394.73;;;;;;;;;;;;;;;;;;;;;;;;;;;;;;;;;Elektronisch;;;;;;;;;;;;;;;;;;;;;;;1 Dreh-Volltür B:700 H:1765;;;;;;;;;;;;;2400;2200;2400;;;;;;;;;;;;;;;;;;;785;;;;;;;;;;;;;;;;;;;;;;;;;29.52;10775;;;;;;;Weiß;;;;;;;;;;;;;;;;;;;;;;;;;;;60;;;;;;;;;;;;;;;;;;;;;;;2160;1960;2160;LED;;;120;;;;;;;;;;;;;;;;;;;200;R290 / GWP 3;;;;;;;;;;;;;;;;;;;;;;;;;;;Weiß;;;;;;;;;;;;;;;;;;;;;;;;;;;;;;;755;;;;;;;;;;;;;;;;;;;;;;;;;;;;;;;;;;;;;;;;;;;;;;;;;;;;;;;;;;;;;220-240/50;;;Ja;;;;;;;;;;;Thermometer;-20 bis -10;;;;;;;;;;;;;;;Ja;;;;Ja;;;;;;;;;;;;;;;;;;9.14;;;;;;;;;;;;;;;;;;;;;;;;;;;;;;;;;;;;;;;;;;;;;;4;42;;;;;;;;2000;;;2200;1900;2400;CRNF2424_Produktblatt.pdf;CRNF2424_Betriebsanleitung.pdf;CRNF2424_Ersatzteilliste.pdf;CRNF2424_Energielabel.pdf;CRNF2424_Energiepfeil.pdf
Tefcold;;;;;Tiefkühlzellen;44241;CRNF2427;5708181711672;5708181711672;TEFCOLD;11211,00;Kühlzellen | Tiefkühlzellen;;;;;;;;;;;Automatisch, Heißgas;;;;;;;;1630;;;;;;;;;;;;;;;;;;;;;;;;;;;;;;;;;Elektronisch;;;;;;;;;;;;;;;;;;;;;;;1 Dreh-Volltür B:700 H:1765;;;;;;;;;;;;;2400;2200;2700;;;;;;;;;;;;;;;;;;;800;;;;;;;;;;;;;;;;;;;;;;;;;31.78;11598;;;;;;;Weiß;;;;;;;;;;;;;;;;;;;;;;;;;;;60;;;;;;;;;;;;;;;;;;;;;;;2160;1960;2460;LED;;;120;;;;;;;;;;;;;;;;;;;200;R290 / GWP 3;;;;;;;;;;;;;;;;;;;;;;;;;;;Weiß;;;;;;;;;;;;;;;;;;;;;;;;;;;;;;;770;;;;;;;;;;;;;;;;;;;;;;;;;;;;;;;;;;;;;;;;;;;;;;;;;;;;;;;;;;;;;220-240/50;;;Ja;;;;;;;;;;;Thermometer;-20 bis -10;;;;;;;;;;;;;;;Ja;;;;Ja;;;;;;;;;;;;;;;;;;10.41;;;;;;;;;;;;;;;;;;;;;;;;;;;;;;;;;;;;;;;;;;;;;;4;42;;;;;;;;2000;;;2500;1900;2400;CRNF2427_Produktblatt.pdf;CRNF2427_Betriebsanleitung.pdf;CRNF2427_Ersatzteilliste.pdf;CRNF2427_Energielabel.pdf;CRNF2427_Energiepfeil.pdf
Tefcold;;;;;Tiefkühlzellen;51059;CRNF2427WD;5708181711672;5708181711672;TEFCOLD;12229,00;Kühlzellen | Tiefkühlzellen;;;;;;;;;;;Automatisch, Heißgas;;;;;;;;1630;;;;;;;;;;;;;;;;;;;;;;;;;;;;;;;;;Elektronisch;;;;;;;;;;;;;;;;;;;;;;;1 Dreh-Volltür;;;;;;;;;;;;;2400;2200;2700;;;;;;;;;;;;;;;;;;;800;;;;;;;;;;;;;;;;;;;;;;;;;31.78;11598;;;;;;;Weiß;;;;;;;;;;;;;;;;;;;;;;;;;;;60;;;;;;;;;;;;;;;;;;;;;;;2160;1960;2460;LED;;;120;;;;;;;;;;;;;;;;;;;200;R290 / GWP 3;;;;;;;;;;;;;;;;;;;;;;;;;;;Weiß;;;;;;;;;;;;;;;;;;;;;;;;;;;;;;;770;;;;;;;;;;;;;;;;;;;;;;;;;;;;;;;;;;;;;;;;;;;;;;;;;;;;;;;;;;;;;220-240/50;;;Ja;;;;;;;;;;;Thermometer;-20 bis -10;;;;;;;;;;;;;;;Ja;;;;Ja;;;;;;;;;;;;;;;;;;10.41;;;;;;;;;;;;;;;;;;;;;;;;;;;;;;;;;;;;;;;;;;;;;;4;42;;;;;;;;2000;;;1900;2500;1550;CRNF2427WD_Produktblatt.pdf;CRNF2427WD_Betriebsanleitung.pdf;CRNF2427WD_Ersatzteilliste.pdf;CRNF2427WD_Energielabel.pdf;CRNF2427WD_Energiepfeil.pdf
Tefcold;;;;;Tiefkühlzellen;44242;CRNF2430;5708181711672;5708181711672;TEFCOLD;11549,00;Kühlzellen | Tiefkühlzellen;;;;;;;;;;;Automatisch, Heißgas;;;;;;;;1630;;;;;;;;;;;;;;;;;;;;;;;;;;;;;;;;;Elektronisch;;;;;;;;;;;;;;;;;;;;;;;1 Dreh-Volltür B:700 H:1765;;;;;;;;;;;;;2400;2200;3000;;;;;;;;;;;;;;;;;;;825;;;;;;;;;;;;;;;;;;;;;;;;;31.78;11598;;;;;;;Weiß;;;;;;;;;;;;;;;;;;;;;;;;;;;60;;;;;;;;;;;;;;;;;;;;;;;2160;1960;2760;LED;;;120;;;;;;;;;;;;;;;;;;;200;R290 / GWP 3;;;;;;;;;;;;;;;;;;;;;;;;;;;Weiß;;;;;;;;;;;;;;;;;;;;;;;;;;;;;;;795;;;;;;;;;;;;;;;;;;;;;;;;;;;;;;;;;;;;;;;;;;;;;;;;;;;;;;;;;;;;;220-240/50;;;Ja;;;;;;;;;;;Thermometer;-20 bis -10;;;;;;;;;;;;;;;Ja;;;;Ja;;;;;;;;;;;;;;;;;;11.68;;;;;;;;;;;;;;;;;;;;;;;;;;;;;;;;;;;;;;;;;;;;;;4;42;;;;;;;;2000;;;2500;1600;2400;CRNF2430_Produktblatt.pdf;CRNF2430_Betriebsanleitung.pdf;CRNF2430_Ersatzteilliste.pdf;CRNF2430_Energielabel.pdf;CRNF2430_Energiepfeil.pdf
Tefcold;;;;;Tiefkühlzellen;44243;CRNF2727;5708181711672;5708181711672;TEFCOLD;11562,00;Kühlzellen | Tiefkühlzellen;;;;;;;;;;;Automatisch, Heißgas;;;;;;;;1630;;;;;;;;;;;;;;;;;;;;;;;;;;;;;;;;;Elektronisch;;;;;;;;;;;;;;;;;;;;;;;1 Dreh-Volltür B:700 H:1765;;;;;;;;;;;;;2700;2200;2700;;;;;;;;;;;;;;;;;;;835;;;;;;;;;;;;;;;;;;;;;;;;;31.78;11598;;;;;;;Weiß;;;;;;;;;;;;;;;;;;;;;;;;;;;60;;;;;;;;;;;;;;;;;;;;;;;2460;1960;2460;LED;;;120;;;;;;;;;;;;;;;;;;;200;R290 / GWP 3;;;;;;;;;;;;;;;;;;;;;;;;;;;Weiß;;;;;;;;;;;;;;;;;;;;;;;;;;;;;;;805;;;;;;;;;;;;;;;;;;;;;;;;;;;;;;;;;;;;;;;;;;;;;;;;;;;;;;;;;;;;;220-240/50;;;Ja;;;;;;;;;;;Thermometer;-20 bis -10;;;;;;;;;;;;;;;Ja;;;;Ja;;;;;;;;;;;;;;;;;;11.86;;;;;;;;;;;;;;;;;;;;;;;;;;;;;;;;;;;;;;;;;;;;;;4;42;;;;;;;;2000;;;2800;1900;2400;CRNF2727_Produktblatt.pdf;CRNF2727_Betriebsanleitung.pdf;CRNF2727_Ersatzteilliste.pdf;CRNF2727_Energielabel.pdf;CRNF2727_Energiepfeil.pdf
Tefcold;;;;;Tiefkühlzellen;44244;CRNF2730;5708181711672;5708181711672;TEFCOLD;12942,00;Kühlzellen | Tiefkühlzellen;;;;;;;;;;;Automatisch, Heißgas;;;;;;;;1630;;;;;;;;;;;;;;;;;;;;;;;;;;;;;;;;;Elektronisch;;;;;;;;;;;;;;;;;;;;;;;1 Dreh-Volltür B:700 H:1765;;;;;;;;;;;;;2700;2200;3000;;;;;;;;;;;;;;;;;;;845;;;;;;;;;;;;;;;;;;;;;;;;;31.78;11598;;;;;;;Weiß;;;;;;;;;;;;;;;;;;;;;;;;;;;60;;;;;;;;;;;;;;;;;;;;;;;2460;1960;2760;LED;;;120;;;;;;;;;;;;;;;;;;;200;R290 / GWP 3;;;;;;;;;;;;;;;;;;;;;;;;;;;Weiß;;;;;;;;;;;;;;;;;;;;;;;;;;;;;;;815;;;;;;;;;;;;;;;;;;;;;;;;;;;;;;;;;;;;;;;;;;;;;;;;;;;;;;;;;;;;;220-240/50;;;Ja;;;;;;;;;;;Thermometer;-20 bis -10;;;;;;;;;;;;;;;Ja;;;;Ja;;;;;;;;;;;;;;;;;;13.31;;;;;;;;;;;;;;;;;;;;;;;;;;;;;;;;;;;;;;;;;;;;;;4;42;;;;;;;;2000;;;2800;1900;2400;CRNF2730_Produktblatt.pdf;CRNF2730_Betriebsanleitung.pdf;CRNF2730_Ersatzteilliste.pdf;CRNF2730_Energielabel.pdf;CRNF2730_Energiepfeil.pdf
Tefcold;;;;;Tiefkühlzellen;44245;CRNF3030;5708181711672;5708181711672;TEFCOLD;13380,00;Kühlzellen | Tiefkühlzellen;;;;;;;;;;;Automatisch, Heißgas;;;;;;;;1630;;;;;;;;;;;;;;;;;;;;;;;;;;;;;;;;;Elektronisch;;;;;;;;;;;;;;;;;;;;;;;1 Dreh-Volltür B:700 H:1765;;;;;;;;;;;;;3000;2200;3000;;;;;;;;;;;;;;;;;;;865;;;;;;;;;;;;;;;;;;;;;;;;;31.78;11598;;;;;;;Weiß;;;;;;;;;;;;;;;;;;;;;;;;;;;60;;;;;;;;;;;;;;;;;;;;;;;2760;1960;2760;LED;;;120;;;;;;;;;;;;;;;;;;;200;R290 / GWP 3;;;;;;;;;;;;;;;;;;;;;;;;;;;Weiß;;;;;;;;;;;;;;;;;;;;;;;;;;;;;;;835;;;;;;;;;;;;;;;;;;;;;;;;;;;;;;;;;;;;;;;;;;;;;;;;;;;;;;;;;;;;;220-240/50;;;Ja;;;;;;;;;;;Thermometer;-20 bis -10;;;;;;;;;;;;;;;Ja;;;;Ja;;;;;;;;;;;;;;;;;;14.93;;;;;;;;;;;;;;;;;;;;;;;;;;;;;;;;;;;;;;;;;;;;;;3;42;;;;;;;;2000;;;2800;1600;2400;CRNF3030_Produktblatt.pdf;CRNF3030_Betriebsanleitung.pdf;CRNF3030_Ersatzteilliste.pdf;CRNF3030_Energielabel.pdf;CRNF3030_Energiepfeil.pdf
Tefcold;;;;;Tiefkühlzellen;49688;CRNF3030WD;5708181711672;5708181711672;TEFCOLD;14328,00;Kühlzellen | Tiefkühlzellen;;;;;;;;;;;Automatisch, Heißgas;;;;;;;;1630;;;;;;;;;;;;;;;;;;;;;;;;;;;;;;;;;Elektronisch;;;;;;;;;;;;;;;;;;;;;;;1 Dreh-Volltür;;;;;;;;;;;;;3000;2200;3000;;;;;;;;;;;;;;;;;;;865;;;;;;;;;;;;;;;;;;;;;;;;;31.78;11598;;;;;;;Weiß;;;;;;;;;;;;;;;;;;;;;;;;;;;60;;;;;;;;;;;;;;;;;;;;;;;2760;1960;2760;LED;;;120;;;;;;;;;;;;;;;;;;;200;R290 / GWP 3;;;;;;;;;;;;;;;;;;;;;;;;;;;Weiß;;;;;;;;;;;;;;;;;;;;;;;;;;;;;;;835;;;;;;;;;;;;;;;;;;;;;;;;;;;;;;;;;;;;;;;;;;;;;;;;;;;;;;;;;;;;;220-240/50;;;Ja;;;;;;;;;;;Thermometer;-20 bis -10;;;;;;;;;;;;;;;Ja;;;;Ja;;;;;;;;;;;;;;;;;;14.93;;;;;;;;;;;;;;;;;;;;;;;;;;;;;;;;;;;;;;;;;;;;;;3;42;;;;;;;;2000;;;1900;3100;1600;CRNF3030WD_Produktblatt.pdf;CRNF3030WD_Betriebsanleitung.pdf;CRNF3030WD_Ersatzteilliste.pdf;CRNF3030WD_Energielabel.pdf;CRNF3030WD_Energiepfeil.pdf
Tefcold;Tefcold-Kühltische-Tiefkühltische;;;;Tischkühler;16067;BC25CP;5708181501402;5708181501402;TEFCOLD;401,00;DEALS + | Energieeffiziente GeräteGlastürkühlgeräte | Tischkühler;953810;;;;;;;;;;Automatisch;;;;;;;;75;;;;;;;;;;;;;;;;;;;;;;;;;;;;;;;;;Mechanisch;;;;;;;;;D-Form;;;;;;;;;;;;;;1 Selbstschließende Dreh-Glastür;;;;;;;;;;;;;332;618;423;;;;;;196;;;;;;;;;;;;;24;25;;;;;;;;;;;;;;;;;;;;;19;B;;0.476;174;;;;;;;Schwarz;Schwarz;;;;;;;;;;;;;;;;;;;;4 Stellfüße;;;;;;44;;;;;;;;;;;;;;;;;;;;;;;258;373;270;LED;;;;;;;;;4;;;;;;;;;;;;;20;R600a / GWP 3;;;Umluft;;;;;;;;;;;;;;;;;;;;;;;;Aluminium, beschichtet, grau;;;;;;+30°C, 55% RH;;;;;;;;;;;;;;;;;;;;;;;;;19;22;;;;;;;;;;;;;;;;;;;;;;;;;;;;;;;;;;;;;;;;;;;2 Tragroste, schwarz;;;;;;;;;;;;;;;;;220-240/50;;;Ja;;;;;;;;;;;Thermometer;+2 bis +10;;;;;;;;;;;;;;;Ja;;Ja;;Nein;;;;;;;;;;;;;;;;;;;;;;;;;;;;;;;;;;;;;;;;;;;;;;;;;;;;;;;;12;;;;;;;;450;;;;;;;;;;250 x 250 mm;;380;470;640;BC25CP_Produktblatt.pdf;BC25CP_Betriebsanleitung.pdf;BC25CP_Ersatzteilliste.pdf;BC25CP_Energielabel.pdf;BC25CP_Energiepfeil.png
Tefcold;Tefcold-Kühltische-Tiefkühltische;;;;Tischkühler;16069;BC30;5708181500993;5708181500993;TEFCOLD;344,00;Glastürkühlgeräte | Tischkühler;440711;;;;;;;;;;Automatisch;;;;;;;;60;;;;;;;;;;;;;;;;;;;;;;;;;;;;;;;;;Mechanisch;;;;;;;;;;;;;;;;;;;;;;;1 Selbstschließende Dreh-Glastür;;;;;;;;;;;;;356;491;430;;;;;;196;;;;;;;;;;;;;25;22;;;;;;;;;;;;;;;;;;;;;24;C;;0.55;200;;;;;;;Schwarz;Schwarz;;;;;;;;;;;;;;;;;;;;4 Stellfüße;;;;;;44;;;;;;;;;;;;;;;;;;;;;;;280;380;271;LED;;;;;;;;;4;;;;;;;;;;;;;20;R600a / GWP 3;;;Umluft;;;;;;;;;;;;;;;;;;;;;;;;Aluminium, beschichtet, schwarz;;;;;;+30°C, 55% RH;;;;;;;;;;;;;;;;;;;;;;;;;23;20;;;;;;;;;;;;;;;;;;;;;;;;;;;;;;;;;;;;;;;;;;;2 Tragroste, schwarz;;;;;;;;;;;;;;;;;220-240/50;;;Ja;;;;;;;;;;;Thermometer;+2 bis +10;;;;;;;;;;;;;;;Ja;;Ja;;Nein;;;;;;;;;;;;;;;;;;;;;;;;;;;;;;;;;;;;;;;;;;;;;;;;;;;;;;;;20;20;;;;;;;580;;;;;;;;;;275 x 205 / 135 mm;;400;450;520;BC30_Produktblatt.pdf;BC30_Betriebsanleitung.pdf;BC30_Ersatzteilliste.pdf;BC30_Energielabel.pdf;BC30_Energiepfeil.png
Tefcold;Tefcold-Kühltische-Tiefkühltische;;;;Tischkühler;33237;BC30 MC;5708181993023;5708181993023;TEFCOLD;347,00;Glastürkühlgeräte | Tischkühler;440711;;;;;;;;;;Automatisch;;;;;;;;60;;;;;;;;;;;;;;;1;;;;;;;;;;;;;;;;;;Mechanisch;;;;;;;;;;;;;;;;;;;;;;;1 Selbstschließende Dreh-Glastür;;;;;;;;;;;;;356;491;430;;;;;;196;;;;;;;;;;;;;25;22;;;;;;;;;;;;;;;;;;;;;24;C;;0.55;200;;;;;;;Schwarz;Schwarz;;;;;;;;;;;;;;;;;;;;4 Stellfüße;;;;;;44;;;;;;;;;;;;;;;;;;;;;;;280;380;271;LED;;;;;;;;;4;;;;;;;;;;;;;20;R600a / GWP 3;;;Umluft;;;;;;;;;;;;;;;;;;;;;;;;Aluminium, beschichtet, schwarz;;;;;;+30°C, 55% RH;;;;;;;;;;;;;;;;;;;;;;;;;23;20;;;;;;;;;;;;;;;;;;;;;;;;;;;;;;;;;;;;;;;;;;;1 Tragroste, schwarz;;;;;;;;;;;;;;;;;220-240/50;;;Ja;;;;;;;;;;;Thermometer;+2 bis +10;;;;;;;;;;;;;;;Ja;;;;Nein;;;;;;;;;;;;;;;;;;;;;;;;;;;;;;;;;;;;;;;;;;;;;;;;;;;;;;;;;;;;;;;;580;;;;;;;;;;275 x 205 / 135 mm;;400;450;520;BC30_MC_Produktblatt.pdf;BC30_MC_Betriebsanleitung.pdf;BC30_MC_Ersatzteilliste.pdf;BC30_MC_Energielabel.pdf;BC30_MC_Energiepfeil.png
Tefcold;Tefcold-Kühltische-Tiefkühltische;;;;Tischkühler;16071;BC60;5708181501235;5708181501235;TEFCOLD;464,00;Glastürkühlgeräte | Tischkühler;442284;;;;;;;;;;Automatisch;;;;;;;;70;;;;;;;;;;;;;;;;;;;;;;;;;;;;;;;;;Mechanisch;;;;;;;;;;;;;;;;;;;;;;;1 Selbstschließende Dreh-Glastür;;;;;;;;;;;;;432;668;496;;;;;;196;;;;;;;;;;;;;32;67;;;;;;;;;;;;;;;;;;;;;22;C;;0.56;204;;;;;;;Schwarz;Schwarz;;;;;;;;;;;;;;;;;;;;4 Stellfüße;;;;;;44;;;;;;;;;;;;;;;;;;;;;;;356;557;311;LED;;;;;;;;;4;;;;;;;;;;;;;24;R600a / GWP 3;;;Umluft;;;;;;;;;;;;;;;;;;;;;;;;Aluminium, beschichtet, schwarz;;;;;;+30°C, 55% RH;;;;;;;;;;;;;;;;;;;;;;;;;29;58;;;;;;;;;;;;;;;;;;;;;;;;;;;;;;;;;;;;;;;;;;;3 Tragroste, schwarz;;;;;;;;;;;;;;;;;220-240/50;;;Ja;;;;;;;;;;;Thermometer;+2 bis +10;;;;;;;;;;;;;;;Ja;;Ja;;Nein;;;;;;;;;;;;;;;;;;;;;;;;;;0.187;;;;;;;;;;;;;;;;;;;;;;;;;;;;40;;70;55;;;;;;;288;;;;;;;;;;340 x 270 / 205 mm;;480;550;700;BC60_Produktblatt.pdf;BC60_Betriebsanleitung.pdf;BC60_Ersatzteilliste.pdf;BC60_Energielabel.pdf;BC60_Energiepfeil.png
Tefcold;Tefcold-Kühltische-Tiefkühltische;;;;Tischkühler;33376;BC60 MC;5708181993207;5708181993207;TEFCOLD;467,00;Glastürkühlgeräte | Tischkühler;442284;;;;;;;;;;Automatisch;;;;;;;;70;;;;;;;;;;;;;;;3;;;;;;;;;;;;;;;;;;Mechanisch;;;;;;;;;;;;;;;;;;;;;;;1 Selbstschließende Dreh-Glastür;;;;;;;;;;;;;432;668;496;;;;;;196;;;;;;;;;;;;;32;67;;;;;;;;;;;;;;;;;;;;;22;C;;0.56;204;;;;;;;Schwarz;Schwarz;;;;;;;;;;;;;;;;;;;;4 Stellfüße;;;;;;44;;;;;;;;;;;;;;;;;;;;;;;356;557;311;LED;;;;;;;;;4;;;;;;;;;;;;;24;R600a / GWP 3;;;Umluft;;;;;;;;;;;;;;;;;;;;;;;;Aluminium, beschichtet, schwarz;;;;;;+30°C, 55% RH;;;;;;;;;;;;;;;;;;;;;;;;;29;58;;;;;;;;;;;;;;;;;;;;;;;;;;;;;;;;;;;;;;;;;;;3 Tragroste, schwarz;;;;;;;;;;;;;;;;;220-240/50;;;Ja;;;;;;;;;;;Thermometer;+2 bis +10;;;;;;;;;;;;;;;Ja;;;;Nein;;;;;;;;;;;;;;;;;;;;;;;;;;0.187;;;;;;;;;;;;;;;;;;;;;;;;;;;;;;;;;;;;;;288;;;;;;;;;;340 x 270 / 205 mm;;480;550;700;BC60_MC_Produktblatt.pdf;BC60_MC_Betriebsanleitung.pdf;BC60_MC_Ersatzteilliste.pdf;BC60_MC_Energielabel.pdf;BC60_MC_Energiepfeil.png
Tefcold;Tefcold-Kühltische-Tiefkühltische;;;;Tischkühler;16073;FS60CP;5708181002022;5708181002022;TEFCOLD;541,00;Glastürkühlgeräte | Tischkühler;473172;;;;;;;;;;Automatisch;;;;;;;;85;;;;;;;;;;;;;;;2;;;;;;;;;;;;;;;;;;Mechanisch;;;;;;;;;D-Form;;;;;;;;;;;;;;1 Selbstschließende Dreh-Glastür;;;;;;;;;;;;;445;720;440;;;;;;196;;;;;;;;;;;;;34;60;;;;;;;;;;;;;;;;;;;;;40;D;;1;365;;;;;;;Weiß;Weiß;;;;;;;;;;;;;;;;;;;;4 Stellfüße;;;;;;44;;;;;;;;;;;;;;;;;;;;;;;395;440;270;LED;;;;;;;;;4;;;;;;;;;;;;;35;R600a / GWP 3;;;Umluft;;;;;;;;;;;;;;;;;;;;;;;;ABS;;;;;;+30°C, 55% RH;;;;;;;;;;;;;;;;;;;;;;;;;32;45;;;;;;;;;;;;;;;;;;;;;;;;;;;;;;;;;;;;;;;;;;;2 Feste Roste;;;;;;;;;;;;;;;;;220-240/50;;;Ja;;;;;;;;;;;Thermometer;+2 bis +10;;;;;;;;;;;;;;;Ja;;;;Ja;;;;;;;;;;;;;;;;;;;;;;;;;;;;;;;;;;;;;;;;;;;;;;;;;;;;;;0;0;48;48;;;;;;;176;;;;;;;;;;398 x 275 mm;;510;530;850;FS60CP_Produktblatt.pdf;FS60CP_Betriebsanleitung.pdf;FS60CP_Ersatzteilliste.pdf;FS60CP_Energielabel.pdf;FS60CP_Energiepfeil.png
Tefcold;Tefcold-Kühltische-Tiefkühltische;;;;Tischkühler;16075;FS80CP;5708181002008;5708181002008;TEFCOLD;581,00;Glastürkühlgeräte | Tischkühler;473416;;;;;;;;;;Automatisch;;;;;;;;85;;;;;;;;;;;;;;;2;;;;;;;;;;;;;;;;;;Mechanisch;;;;;;;;;D-Form;;;;;;;;;;;;;;1 Selbstschließende Dreh-Glastür;;;;;;;;;;;;;480;840;460;;;;;;196;;;;;;;;;;;;;43;84;;;;;;;;;;;;;;;;;;;;;41;D;;1.1;402;;;;;;;Weiß;Weiß;;;;;;;;;;;;;;;;;;;;4 Stellfüße;;;;;;42;;;;;;;;;;;;;;;;;;;;;;;410;550;380;LED;;;;;;;;;4;;;;;;;;;;;;;40;R600a / GWP 3;;;Umluft;;;;;;;;;;;;;;;;;;;;;;;;ABS;;;;;;+30°C, 55% RH;;;;;;;;;;;;;;;;;;;;;;;;;38;55;;;;;;;;;;;;;;;;;;;;;;;;;;;;;;;;;;;;;;;;;;;2 Tragroste, weiß;;;;;;;;;;;;;;;;;220-240/50;;;Ja;;;;;;;;;;;Thermometer;+2 bis +10;;;;;;;;;;;;;;;Ja;;;;Ja;;;;;;;;;;;;;;;;;;;;;;;;;;;;;;;;;;;;;;;;;;;;;;;;;;;;;;40;40;60;48;;;;;;;152;;;;;;;;;;400 x 270 mm;;580;600;960;FS80CP_Produktblatt.pdf;FS80CP_Betriebsanleitung.pdf;FS80CP_Ersatzteilliste.pdf;FS80CP_Energielabel.pdf;FS80CP_Energiepfeil.png
Tefcold;Tefcold-Kühltische-Tiefkühltische;;;;Tischkühler;32144;FS80CP BLACK;5708181003708;5708181003708;TEFCOLD;634,00;Glastürkühlgeräte | Tischkühler;473416;;;;;;;;;;Automatisch;;;;;;;;85;;;;;;;;;;;;;;;2;;;;;;;;;;;;;;;;;;Mechanisch;;;;;;;;;L-Form;;;;;;;;;;;;;;1 Selbstschließende Dreh-Glastür;;;;;;;;;;;;;480;840;460;;;;;;196;;;;;;;;;;;;;43;84;;;;;;;;;;;;;;;;;;;;;41;D;;1.1;402;;;;;;;Schwarz;Schwarz;;;;;;;;;;;;;;;;;;;;4 Stellfüße;;;;;;42;;;;;;;;;;;;;;;;;;;;;;;410;550;380;LED;;;;;;;;;4;;;;;;;;;;;;;40;R600a / GWP 3;;;Umluft;;;;;;;;;;;;;;;;;;;;;;;;ABS;;;;;;+30°C, 55% RH;;;;;;;;;;;;;;;;;;;;;;;;;38;55;;;;;;;;;;;;;;;;;;;;;;;;;;;;;;;;;;;;;;;;;;;2 Tragroste, schwarz;;;;;;;;;;;;;;;;;220-240/50;;;Ja;;;;;;;;;;;Thermometer;+2 bis +10;;;;;;;;;;;;;;;Ja;;;;Ja;;;;;;;;;;;;;;;;;;;;;;;;;;;;;;;;;;;;;;;;;;;;;;;;;;;;;;40;40;60;48;;;;;;;152;;;;;;;;;;400 x 270 mm;;580;600;960;FS80CP_BLACK_Produktblatt.pdf;FS80CP_BLACK_Betriebsanleitung.pdf;FS80CP_BLACK_Ersatzteilliste.pdf;FS80CP_BLACK_Energielabel.pdf;FS80CP_BLACK_Energiepfeil.png
Tefcold;Tefcold-Kühltische-Tiefkühltische;;;;Tischkühler;16077;FSC100;5708181002275;5708181002275;TEFCOLD;797,00;Glastürkühlgeräte | Tischkühler;574526;;;;;;;;;;Automatisch;;;;;;;;85;;;;;;;;;;;;;;;;;;;;;;;;;;;;;;;;;Mechanisch;;;;;;;;;D-Form;;;;;;;;;;;;;;2 Schiebetüren aus Glas;;;;;;;;;;;;;655;930;390;;;;;;196;;;;;;;;;;;;;51;100;;;;;;;;;;;;;;;;;;;;;49;D;;1.37;500;;;;;;;Weiß;Weiß;;;;;;;;;;;;;;;;;;;;4 Stellfüße;;;;;;45;;;;;;;;;;;;;;;;;;;;;;;560;636;265;LED;;;;;;;;;4;;;;;;;;;;;;;43;R600a / GWP 3;;;Umluft;;;;;;;;;;;;;;;;;;;;;;;;ABS;;;;;;+30°C, 55% RH;;;;;;;;;;;;;;;;;;;;;;;;;46;60;;;;;;;;;;;;;;;;;;;;;;;;;;;;;;;;;;;;;;;;;;;3 Tragroste, weiß;;;;;;;;;;;;;;;;;220-240/50;;;Ja;;;;;;;;;;;Thermometer;+2 bis +10;;;;;;;;;;;;;;;Ja;;;;Nein;;;;;;;;;;;;;;;;;;;;;;;;;;;;;;;;;;;;;;;;;;;;;;;;;;;;;;64;64;96;72;;;;;;;160;;;;;;;;;;577 x 209 mm;;750;500;1036;FSC100_Produktblatt.pdf;FSC100_Betriebsanleitung.pdf;FSC100_Ersatzteilliste.pdf;FSC100_Energielabel.pdf;FSC100_Energiepfeil.png
Tefcold;Tefcold-Kühltheken;;;;Untertheken;16533;UC5210;5708181361860;5708181361860;TEFCOLD;1512,00;DEALS + | Energieeffiziente GeräteGastrobereich | Untertheken;101878;;;;;;;;;;Automatisch;;;;;;;;300;;;;;;;;;;;;;;;;;;;;;;;;;;;;;;;;;Elektronisch;;;;;;;;;;;;;;;;;;;;;;;2 Selbstschließende Drehtüren;;;;;;;;;;;;;1360;670;700;;;;;;;;;;;;;;;;;;;95;180;;;;;;;;;;;;;;;;;;;;;29.5;B;;1.67;610;;;;;;;SS 304;Weiß;;;;;;;;;;;;;;;;;;;;4 Stellfüße;;;;;;42;;;;;;;;;;;;;;;;;;;;;;;902;389;530;;;;;;;;;;4;;;;;;;;;;;;;95;R600a / GWP 3;;;Ventiliert;;;;;;;;;;;;;;;;;;;;;;;;SS 304;;;;;;+30°C, 55% RH;;;;;;;;;;;;;;;;;;;;;;;;;82;170;;;;;;;;;;;;;;;;;;;;;;;;;;;;;;;;;;;;;;;;;;;2 Tragroste, weiß;;;;;;;;;;;;;;;;;220-240/50;;;Ja;;;;;;;;;;;Thermometer;-2 bis +8;;;;;;;;;;;;;;;;;Ja;;;;;;;;;;;;;;;;;;;;;;;;;;;;;;;;;;;;;;;;;;;;;;;;;;;;;;;;;;;;;;;;;;72;;;;;;;;;;GN1/1;;1405;750;720;UC5210_Produktblatt.pdf;UC5210_Betriebsanleitung.pdf;UC5210_Ersatzteilliste.pdf;UC5210_Energielabel.pdf;UC5210_Energiepfeil.png
Tefcold;Tefcold-Kühltheken;;;;Untertheken;16534;UC5240;5708181360245;5708181360245;TEFCOLD;2088,00;Gastrobereich | Untertheken;101888;;;;;;;;;;Automatisch;;;;;;;;300;;;;;;;;;;;;;;;;;;4 x GN1/1 Schubladen;;;;;;;;;;;;;;;Elektronisch;;;;;;;;;;;;;;;;;;;;;;;;;;;;;;;;;;;;1360;680;700;;;;;;;;;;;;;;;;;;;95;180;;;;;;;;;;;;;;;;;;;;;38.8;C;;2.15;785;;;;;;;SS 304;Weiß;;;;;;;;;;;;;;;;;;;;4 Stellfüße;;;;;;42;;;;;;;;;;;;;;;;;;;;;;;902;389;530;;;;;;;;;;4;;;;;;;;;;;;;85;R600a / GWP 3;;;Ventiliert;;;;;;;;;;;;;;;;;;;;;;;;SS 304;;;;;;+30°C, 55% RH;;;;;;;;;;;;;;;;;;;;;;;;;82;170;;;;;;;;;;;;;;;;;;;;;;;;;;;;;;;;;;;;;;;;;;;;;;;;;;;;;;;;;;;;220-240/50;;;Ja;;;;;;;;;;;Thermometer;+2 bis +8;;;;;;;;;;;;;;;;;;;;;;;;;;;;;;;;;;;;;;;;;;;;;;;;;;;;;;;;;;;;;;;;;;;;;;;;;;;;;;;;;;;72;;;;;;;;;;;;1405;750;720;UC5240_Produktblatt.pdf;UC5240_Betriebsanleitung.pdf;UC5240_Ersatzteilliste.pdf;UC5240_Energielabel.pdf;UC5240_Energiepfeil.png
Tefcold;Tefcold-Kühltheken;;;;Untertheken;16536;UC5310;5708181361488;5708181361488;TEFCOLD;1809,00;Gastrobereich | Untertheken;101892;;;;;;;;;;Automatisch;;;;;;;;300;;;;;;;;;;;;;;;;;;;;;;;;;;;;;;;;;Elektronisch;;;;;;;;;;;;;;;;;;;;;;;3 Selbstschließende Drehtüren;;;;;;;;;;;;;1795;670;700;;;;;;;;;;;;;;;;;;;135;277;;;;;;;;;;;;;;;;;;;;;40.1;C;;2.51;916;;;;;;;SS 304;Weiß;;;;;;;;;;;;;;;;;;;;4 Stellfüße;;;;;;42;;;;;;;;;;;;;;;;;;;;;;;1337;389;530;;;;;;;;;;4;;;;;;;;;;;;;85;R600a / GWP 3;;;Ventiliert;;;;;;;;;;;;;;;;;;;;;;;;SS 304;;;;;;+30°C, 55% RH;;;;;;;;;;;;;;;;;;;;;;;;;125;262;;;;;;;;;;;;;;;;;;;;;;;;;;;;;;;;;;;;;;;;;;;3 Tragroste, weiß;;;;;;;;;;;;;;;;;220-240/50;;;Ja;;;;;;;;;;;Thermometer;-2 bis +8;;;;;;;;;;;;;;;;;Ja;;;;;;;;;;;;;;;;;;;;;;;;;;;;;;;;;;;;;;;;;;;;;;;;;;;;;;;;;;;;;;;;;;54;;;;;;;;;;GN1/1;;1830;750;720;UC5310_Produktblatt.pdf;UC5310_Betriebsanleitung.pdf;UC5310_Ersatzteilliste.pdf;UC5310_Energielabel.pdf;UC5310_Energiepfeil.png
Tefcold;Tefcold-Kühltheken;;;;Untertheken;16537;UC5360;5708181360108;5708181360108;TEFCOLD;2607,00;Gastrobereich | Untertheken;101900;;;;;;;;;;Automatisch;;;;;;;;300;;;;;;;;;;;;;;;;;;6 x GN1/1 Schubladen;;;;;;;;;;;;;;;Elektronisch;;;;;;;;;;;;;;;;;;;;;;;;;;;;;;;;;;;;1795;670;700;;;;;;;;;;;;;;;;;;;135;277;;;;;;;;;;;;;;;;;;;;;42.8;C;;2.51;916;;;;;;;SS 304;Weiß;;;;;;;;;;;;;;;;;;;;4 Stellfüße;;;;;;42;;;;;;;;;;;;;;;;;;;;;;;1337;389;530;;;;;;;;;;4;;;;;;;;;;;;;85;R600a / GWP 3;;;Ventiliert;;;;;;;;;;;;;;;;;;;;;;;;SS 304;;;;;;+30°C, 55% RH;;;;;;;;;;;;;;;;;;;;;;;;;125;262;;;;;;;;;;;;;;;;;;;;;;;;;;;;;;;;;;;;;;;;;;;;;;;;;;;;;;;;;;;;220-240/50;;;Ja;;;;;;;;;;;Thermometer;+2 bis +8;;;;;;;;;;;;;;;;;;;;;;;;;;;;;;;;;;;;;;;;;;;;;;;;;;;;;;;;;;;;;;;;;;;;;;;;;;;;;;;;;;;54;;;;;;;;;;;;1830;750;720;UC5360_Produktblatt.pdf;UC5360_Betriebsanleitung.pdf;UC5360_Ersatzteilliste.pdf;UC5360_Energielabel.pdf;UC5360_Energiepfeil.png
Tefcold;Tefcold-Kühltheken;;;;Untertheken;16539;UC5410;5708181361297;5708181361297;TEFCOLD;2076,00;Gastrobereich | Untertheken;101905;;;;;;;;;;Automatisch;;;;;;;;300;;;;;;;;;;;;;;;;;;;;;;;;;;;;;;;;;Elektronisch;;;;;;;;;;;;;;;;;;;;;;;4 Selbstschließende Drehtüren;;;;;;;;;;;;;2230;670;700;;;;;;;;;;;;;;;;;;;160;370;;;;;;;;;;;;;;;;;;;;;39.8;C;;2.68;978;;;;;;;SS 304;Weiß;;;;;;;;;;;;;;;;;;;;6 Stellfüße;;;;;;42;;;;;;;;;;;;;;;;;;;;;;;1772;389;530;;;;;;;;;;4;;;;;;;;;;;;;95;R600a / GWP 3;;;Ventiliert;;;;;;;;;;;;;;;;;;;;;;;;SS 304;;;;;;+30°C, 55% RH;;;;;;;;;;;;;;;;;;;;;;;;;150;350;;;;;;;;;;;;;;;;;;;;;;;;;;;;;;;;;;;;;;;;;;;4 Tragroste, weiß;;;;;;;;;;;;;;;;;220-240/50;;;Ja;;;;;;;;;;;Thermometer;-2 bis +8;;;;;;;;;;;;;;;;;Ja;;;;;;;;;;;;;;;;;;;;;;;;;;;;;;;;;;;;;;;;;;;;;;;;;;;;;;;;;;;;;;;;;;48;;;;;;;;;;GN1/1;;2260;750;720;UC5410_Produktblatt.pdf;UC5410_Betriebsanleitung.pdf;UC5410_Ersatzteilliste.pdf;UC5410_Energielabel.pdf;UC5410_Energiepfeil.png
Tefcold;Tefcold-Kühltheken;;;;Untertheken;16540;UC5480;5708181360290;5708181360290;TEFCOLD;3164,00;Gastrobereich | Untertheken;101909;;;;;;;;;;Automatisch;;;;;;;;300;;;;;;;;;;;;;;;;;;8 x GN1/1 Schubladen;;;;;;;;;;;;;;;Elektronisch;;;;;;;;;;;;;;;;;;;;;;;8 x GN1/1 Schubladen;;;;;;;;;;;;;2230;670;700;;;;;;;;;;;;;;;;;;;160;370;;;;;;;;;;;;;;;;;;;;;43.3;C;;2.68;978;;;;;;;SS 304;Weiß;;;;;;;;;;;;;;;;;;;;6 Stellfüße;;;;;;42;;;;;;;;;;;;;;;;;;;;;;;1772;389;530;;;;;;;;;;4;;;;;;;;;;;;;95;R600a / GWP 3;;;Ventiliert;;;;;;;;;;;;;;;;;;;;;;;;SS 304;;;;;;+30°C, 55% RH;;;;;;;;;;;;;;;;;;;;;;;;;150;350;;;;;;;;;;;;;;;;;;;;;;;;;;;;;;;;;;;;;;;;;;;;;;;;;;;;;;;;;;;;220-240/50;;;Ja;;;;;;;;;;;Thermometer;+2 bis +10;;;;;;;;;;;;;;;;;;;;;;;;;;;;;;;;;;;;;;;;;;;;;;;;;;;;;;;;;;;;;;;;;;;;;;;;;;;;;;;;;;;48;;;;;;;;;;;;2260;750;720;UC5480_Produktblatt.pdf;UC5480_Betriebsanleitung.pdf;UC5480_Ersatzteilliste.pdf;UC5480_Energielabel.pdf;UC5480_Energiepfeil.png
Tefcold;Tefcold-Kühltheken;;;;Untertheken;16542;UD1-2;5708181360573;5708181360573;TEFCOLD;1518,00;Gastrobereich | Untertheken;1963039;;;;;;;;;;Automatisch;;;;;;;;240;;;;;;;;;;;;;;;;;;1;;;;;;;;;;;;;;;Elektronisch;;;;;;;;;;;;;;;;;;;;;;;;;;;;;;;;;;;;905;600;700;;;;;;;;;;;;;;;2;;;;82;78;;;;;;;;;;;;;;;;;;;;;66.1;D;;4.85;1770;;;;;;;SS 304;;;;;;;;;;;;;;;;;;;;;;;;;;;54;;;;;;;;;;;;;;;;;;;;;;;675;205;565;;;;;;;;;;5;;;;;;;;;;;;;70;R290 / GWP 3;;;Ventiliert;;;;;;;;;;;;;;;;;;;;;;;;SS 304;;;;;;+40°C, 40% RH;;;;;;;;;;;;;;;;;;;;;;;;;72;51;;;;;;;;;;;;;;;;;;;;;;;;;;;;;;;;;;;;;;;4 Rollen, davon zwei mit Bremse;;;;;;;;;;;;;;;;;;;;;220-240/50;;;Ja;;;;;;;;;;;Thermometer;-21 bis -18 /+ 1 bis +4;;;;;;;;;;;;;;;;;;;;;;;;;;;;;;;;;;;;;;;;;;;;;;;;;;;;;;;;;;;;;;;;;;;;;;;;;;;;;;;;;;;90;;;;;;;;;;;;980;770;740;UD1-2_Produktblatt.pdf;UD1-2_Betriebsanleitung.pdf;UD1-2_Ersatzteilliste.pdf;UD1-2_Energielabel.pdf;UD1-2_Energiepfeil.png
Tefcold;Tefcold-Kühltheken;;;;Untertheken;16544;UD1-3;5708181360580;5708181360580;TEFCOLD;1933,00;Gastrobereich | Untertheken;1963052;;;;;;;;;;Automatisch;;;;;;;;270;;;;;;;;;;;;;;;;;;1;;;;;;;;;;;;;;;Elektronisch;;;;;;;;;;;;;;;;;;;;;;;;;;;;;;;;;;;;1230;600;700;;;;;;;;;;;;;;;3;;;;105;116;;;;;;;;;;;;;;;;;;;;;78;E;;6.05;2208;;;;;;;SS 304;;;;;;;;;;;;;;;;;;;;;;;;;;;54;;;;;;;;;;;;;;;;;;;;;;;1000;205;565;;;;;;;;;;5;;;;;;;;;;;;;70;R290 / GWP 3;;;Ventiliert;;;;;;;;;;;;;;;;;;;;;;;;SS 304;;;;;;+40°C, 40% RH;;;;;;;;;;;;;;;;;;;;;;;;;90;77;;;;;;;;;;;;;;;;;;;;;;;;;;;;;;;;;;;;;;;4 Rollen, davon zwei mit Bremse;;;;;;;;;;;;;;;;;;;;;220-240/50;;;Ja;;;;;;;;;;;Thermometer;-21 bis -18 /+ 1 bis +4;;;;;;;;;;;;;;;;;;;;;;;;;;;;;;;;;;;;;;;;;;;;;;;;;;;;;;;;;;;;;;;;;;;;;;;;;;;;;;;;;;;72;;;;;;;;;;;;1310;770;740;UD1-3_Produktblatt.pdf;UD1-3_Betriebsanleitung.pdf;UD1-3_Ersatzteilliste.pdf;UD1-3_Energielabel.pdf;UD1-3_Energiepfeil.png
Tefcold;Tefcold-Kühltheken;;;;Untertheken;16546;UD2-2;5708181360597;5708181360597;TEFCOLD;2194,00;Gastrobereich | Untertheken;1963062;;;;;;;;;;Automatisch;;;;;;;;460;;;;;;;;;;;;;;;;;;2;;;;;;;;;;;;;;;Elektronisch;;;;;;;;;;;;;;;;;;;;;;;;;;;;;;;;;;;;905;865;700;;;;;;;;;;;;;;;4;;;;125;179;;;;;;;;;;;;;;;;;;;;;111.3;G;;9.07;3311;;;;;;;SS 304;;;;;;;;;;;;;;;;;;;;;;;;;;;54;;;;;;;;;;;;;;;;;;;;;;;675;470;565;;;;;;;;;;5;;;;;;;;;;;;;140;R290 / GWP 3;;;Ventiliert;;;;;;;;;;;;;;;;;;;;;;;;SS 304;;;;;;+40°C, 40% RH;;;;;;;;;;;;;;;;;;;;;;;;;113;102;;;;;;;;;;;;;;;;;;;;;;;;;;;;;;;;;;;;;;;4 Rollen, davon zwei mit Bremse;;;;;;;;;;;;;;;;;;;;;220-240/50;;;Ja;;;;;;;;;;;Thermometer;-21 bis -18 /+ 1 bis +4;;;;;;;;;;;;;;;;;;;;;;;;;;;;;;;;;;;;;;;;;;;;;;;;;;;;;;;;;;;;;;;;;;;;;;;;;;;;;;;;;;;60;;;;;;;;;;;;980;770;1000;UD2-2_Produktblatt.pdf;UD2-2_Betriebsanleitung.pdf;UD2-2_Ersatzteilliste.pdf;UD2-2_Energielabel.pdf;UD2-2_Energiepfeil.png
Tefcold;Tefcold-Kühltheken;;;;Untertheken;16548;UD2-3;5708181360603;5708181360603;TEFCOLD;2734,00;Gastrobereich | Untertheken;1963069;;;;;;;;;;Automatisch;;;;;;;;500;;;;;;;;;;;;;;;;;;2;;;;;;;;;;;;;;;Elektronisch;;;;;;;;;;;;;;;;;;;;;;;;;;;;;;;;;;;;1230;865;700;;;;;;;;;;;;;;;6;;;;154;265;;;;;;;;;;;;;;;;;;;;;133.2;G;;10.17;3712;;;;;;;SS 304;;;;;;;;;;;;;;;;;;;;;;;;;;;54;;;;;;;;;;;;;;;;;;;;;;;1000;470;565;;;;;;;;;;5;;;;;;;;;;;;;140;R290 / GWP 3;;;Ventiliert;;;;;;;;;;;;;;;;;;;;;;;;SS 304;;;;;;+40°C, 40% RH;;;;;;;;;;;;;;;;;;;;;;;;;131;154;;;;;;;;;;;;;;;;;;;;;;;;;;;;;;;;;;;;;;;4 Rollen, davon zwei mit Bremse;;;;;;;;;;;;;;;;;;;;;220-240/50;;;Ja;;;;;;;;;;;Thermometer;-21 bis -18 /+ 1 bis +4;;;;;;;;;;;;;;;;;;;;;;;;;;;;;;;;;;;;;;;;;;;;;;;;;;;;;;;;;;;;;;;;;;;;;;;;;;;;;;;;;;;48;;;;;;;;;;;;1310;770;1000;UD2-3_Produktblatt.pdf;UD2-3_Betriebsanleitung.pdf;UD2-3_Ersatzteilliste.pdf;UD2-3_Energielabel.pdf;UD2-3_Energiepfeil.png
Tefcold;;;;;Wandelemente;43976;CR 120x120x212 NF;5708181711702;5708181711702;TEFCOLD;2215,00;Kühlzellen | Wandelemente;;;;;;;;;;;;;;;;;;;;;;;;;;;;;;;;;;;;;;;;;;;;;;;;;;;;;;;;;;;;;;;;;;;;;;;;;;;1 Dreh-Volltür;;;;;;;;;;;;;1200;2120;1200;;;;;;;;;;;;;;;;;;;200;;;;;;;;;;;;;;;;;;;;;;;;;;;;;;;;;Weiß;;;;;;;;;;;;;;;;;;;;;;;;;;;;;;;;;;;;;;;;;;;;;;;;;;1040;2040;1040;;;;80;;;;;;;;;;;;;;;;;;;;;;;;;;;;;;;;;;;;;;;;;;;;;;;Weiß;;;;;;;;;;;;;;;;;;;;;;;;;;;;;;;180;;;;;;;;;;;;;;;;;;;;;;;;;;;;;;;;;;;;;;;;;;;;;;;;;;;;;;;;;;;;;;;;Nein;;;;;;;;;;;;;;;;;;;;;;;;;;;Ja;;;;Ja;;;;;;;;;;;;;;;;;;2.2;;;;;;;;;;;;;;;;;;;;;;;;;;;;;;;;;;;;;;;;;;;;;;16;42;;;;;;;;;;;2200;1300;920;CR_120x120x212_NF_Produktblatt.pdf;CR_120x120x212_NF_Betriebsanleitung.pdf;CR_120x120x212_NF_Ersatzteilliste.pdf;CR_120x120x212_NF_Energielabel.pdf;CR_120x120x212_NF_Energiepfeil.pdf
Tefcold;;;;;Wandelemente;43975;CR 120x120x220;5708181711696;5708181711696;TEFCOLD;2400,00;Kühlzellen | Wandelemente;;;;;;;;;;;;;;;;;;;;;;;;;;;;;;;;;;;;;;;;;;;;;;;;;;;;;;;;;;;;;;;;;;;;;;;;;;;1 Dreh-Volltür;;;;;;;;;;;;;1200;2200;1200;;;;;;;;;;;;;;;;;;;200;;;;;;;;;;;;;;;;;;;;;;;;;;;;;;;;;Weiß;;;;;;;;;;;;;;;;;;;;;;;;;;;;;;;;;;;;;;;;;;;;;;;;;;1040;2040;1040;;;;80;;;;;;;;;;;;;;;;;;;;;;;;;;;;;;;;;;;;;;;;;;;;;;;Weiß;;;;;;;;;;;;;;;;;;;;;;;;;;;;;;;180;;;;;;;;;;;;;;;;;;;;;;;;;;;;;;;;;;;;;;;;;;;;;;;;;;;;;;;;;;;;;;;;Nein;;;;;;;;;;;;;;;;;;;;;;;;;;;Ja;;;;Ja;;;;;;;;;;;;;;;;;;2.2;;;;;;;;;;;;;;;;;;;;;;;;;;;;;;;;;;;;;;;;;;;;;;16;42;;;;;;;;1500;;;2000;1300;1000;CR_120x120x220_Produktblatt.pdf;CR_120x120x220_Betriebsanleitung.pdf;CR_120x120x220_Ersatzteilliste.pdf;CR_120x120x220_Energielabel.pdf;CR_120x120x220_Energiepfeil.pdf
Tefcold;;;;;Wandelemente;44134;CR 120x120x220;5708181712228;5708181712228;TEFCOLD;2739,00;Kühlzellen | Wandelemente;;;;;;;;;;;;;;;;;;;;;;;;;;;;;;;;;;;;;;;;;;;;;;;;;;;;;;;;;;;;;;;;;;;;;;;;;;;1 Dreh-Volltür;;;;;;;;;;;;;1200;2200;1200;;;;;;;;;;;;;;;;;;;220;;;;;;;;;;;;;;;;;;;;;;;;;;;;;;;;;Weiß;;;;;;;;;;;;;;;;;;;;;;;;;;;;;;;;;;;;;;;;;;;;;;;;;;960;1960;960;;;;120;;;;;;;;;;;;;;;;;;;;;;;;;;;;;;;;;;;;;;;;;;;;;;;Weiß;;;;;;;;;;;;;;;;;;;;;;;;;;;;;;;200;;;;;;;;;;;;;;;;;;;;;;;;;;;;;;;;;;;;;;;;;;;;;;;;;;;;;;;;;;;;;;;;Nein;;;;;;;;;;;;;;;;;;;;;;;;;;;Ja;;;;Ja;;;;;;;;;;;;;;;;;;1.81;;;;;;;;;;;;;;;;;;;;;;;;;;;;;;;;;;;;;;;;;;;;;;16;42;;;;;;;;2000;;;2000;1350;1150;CR_120x120x220_Produktblatt.pdf;CR_120x120x220_Betriebsanleitung.pdf;CR_120x120x220_Ersatzteilliste.pdf;CR_120x120x220_Energielabel.pdf;CR_120x120x220_Energiepfeil.pdf
Tefcold;;;;;Wandelemente;43978;CR 120x150x212 NF;5708181711726;5708181711726;TEFCOLD;2379,00;Kühlzellen | Wandelemente;;;;;;;;;;;;;;;;;;;;;;;;;;;;;;;;;;;;;;;;;;;;;;;;;;;;;;;;;;;;;;;;;;;;;;;;;;;1 Dreh-Volltür;;;;;;;;;;;;;1200;2120;1500;;;;;;;;;;;;;;;;;;;205;;;;;;;;;;;;;;;;;;;;;;;;;;;;;;;;;Weiß;;;;;;;;;;;;;;;;;;;;;;;;;;;;;;;;;;;;;;;;;;;;;;;;;;1040;2040;1340;;;;80;;;;;;;;;;;;;;;;;;;;;;;;;;;;;;;;;;;;;;;;;;;;;;;Weiß;;;;;;;;;;;;;;;;;;;;;;;;;;;;;;;185;;;;;;;;;;;;;;;;;;;;;;;;;;;;;;;;;;;;;;;;;;;;;;;;;;;;;;;;;;;;;;;;Nein;;;;;;;;;;;;;;;;;;;;;;;;;;;Ja;;;;Ja;;;;;;;;;;;;;;;;;;2.84;;;;;;;;;;;;;;;;;;;;;;;;;;;;;;;;;;;;;;;;;;;;;;16;42;;;;;;;;;;;2000;1300;920;CR_120x150x212_NF_Produktblatt.pdf;CR_120x150x212_NF_Betriebsanleitung.pdf;CR_120x150x212_NF_Ersatzteilliste.pdf;CR_120x150x212_NF_Energielabel.pdf;CR_120x150x212_NF_Energiepfeil.pdf
Tefcold;;;;;Wandelemente;43977;CR 120x150x220;5708181711719;5708181711719;TEFCOLD;2529,00;Kühlzellen | Wandelemente;;;;;;;;;;;;;;;;;;;;;;;;;;;;;;;;;;;;;;;;;;;;;;;;;;;;;;;;;;;;;;;;;;;;;;;;;;;1 Dreh-Volltür;;;;;;;;;;;;;1200;2200;1500;;;;;;;;;;;;;;;;;;;205;;;;;;;;;;;;;;;;;;;;;;;;;;;;;;;;;Weiß;;;;;;;;;;;;;;;;;;;;;;;;;;;;;;;;;;;;;;;;;;;;;;;;;;1040;2040;1340;;;;80;;;;;;;;;;;;;;;;;;;;;;;;;;;;;;;;;;;;;;;;;;;;;;;Weiß;;;;;;;;;;;;;;;;;;;;;;;;;;;;;;;185;;;;;;;;;;;;;;;;;;;;;;;;;;;;;;;;;;;;;;;;;;;;;;;;;;;;;;;;;;;;;;;;Nein;;;;;;;;;;;;;;;;;;;;;;;;;;;Ja;;;;Ja;;;;;;;;;;;;;;;;;;2.84;;;;;;;;;;;;;;;;;;;;;;;;;;;;;;;;;;;;;;;;;;;;;;16;42;;;;;;;;1500;;;2000;1300;1000;CR_120x150x220_Produktblatt.pdf;CR_120x150x220_Betriebsanleitung.pdf;CR_120x150x220_Ersatzteilliste.pdf;CR_120x150x220_Energielabel.pdf;CR_120x150x220_Energiepfeil.pdf
Tefcold;;;;;Wandelemente;44135;CR 120x150x220;5708181712235;5708181712235;TEFCOLD;3166,00;Kühlzellen | Wandelemente;;;;;;;;;;;;;;;;;;;;;;;;;;;;;;;;;;;;;;;;;;;;;;;;;;;;;;;;;;;;;;;;;;;;;;;;;;;1 Dreh-Volltür;;;;;;;;;;;;;1200;2200;1500;;;;;;;;;;;;;;;;;;;257;;;;;;;;;;;;;;;;;;;;;;;;;;;;;;;;;Weiß;;;;;;;;;;;;;;;;;;;;;;;;;;;;;;;;;;;;;;;;;;;;;;;;;;960;1960;1260;;;;120;;;;;;;;;;;;;;;;;;;;;;;;;;;;;;;;;;;;;;;;;;;;;;;Weiß;;;;;;;;;;;;;;;;;;;;;;;;;;;;;;;240;;;;;;;;;;;;;;;;;;;;;;;;;;;;;;;;;;;;;;;;;;;;;;;;;;;;;;;;;;;;;;;;Nein;;;;;;;;;;;;;;;;;;;;;;;;;;;Ja;;;;Ja;;;;;;;;;;;;;;;;;;2.37;;;;;;;;;;;;;;;;;;;;;;;;;;;;;;;;;;;;;;;;;;;;;;16;42;;;;;;;;2000;;;2100;1350;1300;CR_120x150x220_Produktblatt.pdf;CR_120x150x220_Betriebsanleitung.pdf;CR_120x150x220_Ersatzteilliste.pdf;CR_120x150x220_Energielabel.pdf;CR_120x150x220_Energiepfeil.pdf
Tefcold;;;;;Wandelemente;44034;CR 120x180x212 NF;5708181711740;5708181711740;TEFCOLD;2673,00;Kühlzellen | Wandelemente;;;;;;;;;;;;;;;;;;;;;;;;;;;;;;;;;;;;;;;;;;;;;;;;;;;;;;;;;;;;;;;;;;;;;;;;;;;1 Dreh-Volltür;;;;;;;;;;;;;1200;2120;1800;;;;;;;;;;;;;;;;;;;210;;;;;;;;;;;;;;;;;;;;;;;;;;;;;;;;;Weiß;;;;;;;;;;;;;;;;;;;;;;;;;;;;;;;;;;;;;;;;;;;;;;;;;;1040;2040;1640;;;;80;;;;;;;;;;;;;;;;;;;;;;;;;;;;;;;;;;;;;;;;;;;;;;;Weiß;;;;;;;;;;;;;;;;;;;;;;;;;;;;;;;190;;;;;;;;;;;;;;;;;;;;;;;;;;;;;;;;;;;;;;;;;;;;;;;;;;;;;;;;;;;;;;;;Nein;;;;;;;;;;;;;;;;;;;;;;;;;;;Ja;;;;Ja;;;;;;;;;;;;;;;;;;3.48;;;;;;;;;;;;;;;;;;;;;;;;;;;;;;;;;;;;;;;;;;;;;;16;42;;;;;;;;;;;2200;1300;1020;CR_120x180x212_NF_Produktblatt.pdf;CR_120x180x212_NF_Betriebsanleitung.pdf;CR_120x180x212_NF_Ersatzteilliste.pdf;CR_120x180x212_NF_Energielabel.pdf;CR_120x180x212_NF_Energiepfeil.pdf
Tefcold;;;;;Wandelemente;44033;CR 120x180x220;5708181711733;5708181711733;TEFCOLD;2852,00;Kühlzellen | Wandelemente;;;;;;;;;;;;;;;;;;;;;;;;;;;;;;;;;;;;;;;;;;;;;;;;;;;;;;;;;;;;;;;;;;;;;;;;;;;1 Dreh-Volltür;;;;;;;;;;;;;1200;2200;1800;;;;;;;;;;;;;;;;;;;210;;;;;;;;;;;;;;;;;;;;;;;;;;;;;;;;;Weiß;;;;;;;;;;;;;;;;;;;;;;;;;;;;;;;;;;;;;;;;;;;;;;;;;;1040;2040;1640;;;;80;;;;;;;;;;;;;;;;;;;;;;;;;;;;;;;;;;;;;;;;;;;;;;;Weiß;;;;;;;;;;;;;;;;;;;;;;;;;;;;;;;190;;;;;;;;;;;;;;;;;;;;;;;;;;;;;;;;;;;;;;;;;;;;;;;;;;;;;;;;;;;;;;;;Nein;;;;;;;;;;;;;;;;;;;;;;;;;;;Ja;;;;Ja;;;;;;;;;;;;;;;;;;3.48;;;;;;;;;;;;;;;;;;;;;;;;;;;;;;;;;;;;;;;;;;;;;;16;42;;;;;;;;1500;;;2180;1280;930;CR_120x180x220_Produktblatt.pdf;CR_120x180x220_Betriebsanleitung.pdf;CR_120x180x220_Ersatzteilliste.pdf;CR_120x180x220_Energielabel.pdf;CR_120x180x220_Energiepfeil.pdf
Tefcold;;;;;Wandelemente;44136;CR 120x180x220;5708181712242;5708181712242;TEFCOLD;3601,00;Kühlzellen | Wandelemente;;;;;;;;;;;;;;;;;;;;;;;;;;;;;;;;;;;;;;;;;;;;;;;;;;;;;;;;;;;;;;;;;;;;;;;;;;;1 Dreh-Volltür;;;;;;;;;;;;;1200;2200;1800;;;;;;;;;;;;;;;;;;;300;;;;;;;;;;;;;;;;;;;;;;;;;;;;;;;;;Weiß;;;;;;;;;;;;;;;;;;;;;;;;;;;;;;;;;;;;;;;;;;;;;;;;;;960;1960;1560;;;;120;;;;;;;;;;;;;;;;;;;;;;;;;;;;;;;;;;;;;;;;;;;;;;;Weiß;;;;;;;;;;;;;;;;;;;;;;;;;;;;;;;280;;;;;;;;;;;;;;;;;;;;;;;;;;;;;;;;;;;;;;;;;;;;;;;;;;;;;;;;;;;;;;;;Nein;;;;;;;;;;;;;;;;;;;;;;;;;;;Ja;;;;Ja;;;;;;;;;;;;;;;;;;2.94;;;;;;;;;;;;;;;;;;;;;;;;;;;;;;;;;;;;;;;;;;;;;;14;42;;;;;;;;2000;;;2180;1270;1230;CR_120x180x220_Produktblatt.pdf;CR_120x180x220_Betriebsanleitung.pdf;CR_120x180x220_Ersatzteilliste.pdf;CR_120x180x220_Energielabel.pdf;CR_120x180x220_Energiepfeil.pdf
Tefcold;;;;;Wandelemente;44036;CR 120x210x212 NF;5708181711764;5708181711764;TEFCOLD;2803,00;Kühlzellen | Wandelemente;;;;;;;;;;;;;;;;;;;;;;;;;;;;;;;;;;;;;;;;;;;;;;;;;;;;;;;;;;;;;;;;;;;;;;;;;;;1 Dreh-Volltür;;;;;;;;;;;;;1200;2120;2100;;;;;;;;;;;;;;;;;;;215;;;;;;;;;;;;;;;;;;;;;;;;;;;;;;;;;Weiß;;;;;;;;;;;;;;;;;;;;;;;;;;;;;;;;;;;;;;;;;;;;;;;;;;1040;2040;1940;;;;80;;;;;;;;;;;;;;;;;;;;;;;;;;;;;;;;;;;;;;;;;;;;;;;Weiß;;;;;;;;;;;;;;;;;;;;;;;;;;;;;;;195;;;;;;;;;;;;;;;;;;;;;;;;;;;;;;;;;;;;;;;;;;;;;;;;;;;;;;;;;;;;;;;;Nein;;;;;;;;;;;;;;;;;;;;;;;;;;;Ja;;;;Ja;;;;;;;;;;;;;;;;;;4.1;;;;;;;;;;;;;;;;;;;;;;;;;;;;;;;;;;;;;;;;;;;;;;16;42;;;;;;;;;;;2200;1300;1020;CR_120x210x212_NF_Produktblatt.pdf;CR_120x210x212_NF_Betriebsanleitung.pdf;CR_120x210x212_NF_Ersatzteilliste.pdf;CR_120x210x212_NF_Energielabel.pdf;CR_120x210x212_NF_Energiepfeil.pdf
Tefcold;;;;;Wandelemente;44035;CR 120x210x220;5708181711757;5708181711757;TEFCOLD;3171,00;Kühlzellen | Wandelemente;;;;;;;;;;;;;;;;;;;;;;;;;;;;;;;;;;;;;;;;;;;;;;;;;;;;;;;;;;;;;;;;;;;;;;;;;;;1 Dreh-Volltür;;;;;;;;;;;;;1200;2200;2100;;;;;;;;;;;;;;;;;;;215;;;;;;;;;;;;;;;;;;;;;;;;;;;;;;;;;Weiß;;;;;;;;;;;;;;;;;;;;;;;;;;;;;;;;;;;;;;;;;;;;;;;;;;1040;2040;1940;;;;80;;;;;;;;;;;;;;;;;;;;;;;;;;;;;;;;;;;;;;;;;;;;;;;Weiß;;;;;;;;;;;;;;;;;;;;;;;;;;;;;;;195;;;;;;;;;;;;;;;;;;;;;;;;;;;;;;;;;;;;;;;;;;;;;;;;;;;;;;;;;;;;;;;;Nein;;;;;;;;;;;;;;;;;;;;;;;;;;;Ja;;;;Ja;;;;;;;;;;;;;;;;;;4.1;;;;;;;;;;;;;;;;;;;;;;;;;;;;;;;;;;;;;;;;;;;;;;16;42;;;;;;;;1500;;;2200;1300;1200;CR_120x210x220_Produktblatt.pdf;CR_120x210x220_Betriebsanleitung.pdf;CR_120x210x220_Ersatzteilliste.pdf;CR_120x210x220_Energielabel.pdf;CR_120x210x220_Energiepfeil.pdf
Tefcold;;;;;Wandelemente;44137;CR 120x210x220;5708181712259;5708181712259;TEFCOLD;3727,00;Kühlzellen | Wandelemente;;;;;;;;;;;;;;;;;;;;;;;;;;;;;;;;;;;;;;;;;;;;;;;;;;;;;;;;;;;;;;;;;;;;;;;;;;;1 Dreh-Volltür;;;;;;;;;;;;;1200;2200;2100;;;;;;;;;;;;;;;;;;;340;;;;;;;;;;;;;;;;;;;;;;;;;;;;;;;;;Weiß;;;;;;;;;;;;;;;;;;;;;;;;;;;;;;;;;;;;;;;;;;;;;;;;;;960;1960;1860;;;;120;;;;;;;;;;;;;;;;;;;;;;;;;;;;;;;;;;;;;;;;;;;;;;;Weiß;;;;;;;;;;;;;;;;;;;;;;;;;;;;;;;320;;;;;;;;;;;;;;;;;;;;;;;;;;;;;;;;;;;;;;;;;;;;;;;;;;;;;;;;;;;;;;;;Nein;;;;;;;;;;;;;;;;;;;;;;;;;;;Ja;;;;Ja;;;;;;;;;;;;;;;;;;3.5;;;;;;;;;;;;;;;;;;;;;;;;;;;;;;;;;;;;;;;;;;;;;;16;42;;;;;;;;2000;;;2200;1320;1250;CR_120x210x220_Produktblatt.pdf;CR_120x210x220_Betriebsanleitung.pdf;CR_120x210x220_Ersatzteilliste.pdf;CR_120x210x220_Energielabel.pdf;CR_120x210x220_Energiepfeil.pdf
Tefcold;;;;;Wandelemente;44038;CR 120x240x212 NF;5708181711788;5708181711788;TEFCOLD;3294,00;Kühlzellen | Wandelemente;;;;;;;;;;;;;;;;;;;;;;;;;;;;;;;;;;;;;;;;;;;;;;;;;;;;;;;;;;;;;;;;;;;;;;;;;;;1 Dreh-Volltür;;;;;;;;;;;;;1200;2120;2400;;;;;;;;;;;;;;;;;;;225;;;;;;;;;;;;;;;;;;;;;;;;;;;;;;;;;Weiß;;;;;;;;;;;;;;;;;;;;;;;;;;;;;;;;;;;;;;;;;;;;;;;;;;1040;2040;2240;;;;80;;;;;;;;;;;;;;;;;;;;;;;;;;;;;;;;;;;;;;;;;;;;;;;Weiß;;;;;;;;;;;;;;;;;;;;;;;;;;;;;;;205;;;;;;;;;;;;;;;;;;;;;;;;;;;;;;;;;;;;;;;;;;;;;;;;;;;;;;;;;;;;;;;;Nein;;;;;;;;;;;;;;;;;;;;;;;;;;;Ja;;;;Ja;;;;;;;;;;;;;;;;;;4.75;;;;;;;;;;;;;;;;;;;;;;;;;;;;;;;;;;;;;;;;;;;;;;8;42;;;;;;;;;;;2500;1300;1020;CR_120x240x212_NF_Produktblatt.pdf;CR_120x240x212_NF_Betriebsanleitung.pdf;CR_120x240x212_NF_Ersatzteilliste.pdf;CR_120x240x212_NF_Energielabel.pdf;CR_120x240x212_NF_Energiepfeil.pdf
Tefcold;;;;;Wandelemente;44037;CR 120x240x220;5708181711771;5708181711771;TEFCOLD;3650,00;Kühlzellen | Wandelemente;;;;;;;;;;;;;;;;;;;;;;;;;;;;;;;;;;;;;;;;;;;;;;;;;;;;;;;;;;;;;;;;;;;;;;;;;;;1 Dreh-Volltür;;;;;;;;;;;;;1200;2200;2400;;;;;;;;;;;;;;;;;;;225;;;;;;;;;;;;;;;;;;;;;;;;;;;;;;;;;Weiß;;;;;;;;;;;;;;;;;;;;;;;;;;;;;;;;;;;;;;;;;;;;;;;;;;1040;2040;2240;;;;80;;;;;;;;;;;;;;;;;;;;;;;;;;;;;;;;;;;;;;;;;;;;;;;Weiß;;;;;;;;;;;;;;;;;;;;;;;;;;;;;;;205;;;;;;;;;;;;;;;;;;;;;;;;;;;;;;;;;;;;;;;;;;;;;;;;;;;;;;;;;;;;;;;;Nein;;;;;;;;;;;;;;;;;;;;;;;;;;;Ja;;;;Ja;;;;;;;;;;;;;;;;;;4.75;;;;;;;;;;;;;;;;;;;;;;;;;;;;;;;;;;;;;;;;;;;;;;8;42;;;;;;;;1500;;;2500;1300;1200;CR_120x240x220_Produktblatt.pdf;CR_120x240x220_Betriebsanleitung.pdf;CR_120x240x220_Ersatzteilliste.pdf;CR_120x240x220_Energielabel.pdf;CR_120x240x220_Energiepfeil.pdf
Tefcold;;;;;Wandelemente;44138;CR 120x240x220;5708181712266;5708181712266;TEFCOLD;4482,00;Kühlzellen | Wandelemente;;;;;;;;;;;;;;;;;;;;;;;;;;;;;;;;;;;;;;;;;;;;;;;;;;;;;;;;;;;;;;;;;;;;;;;;;;;1 Dreh-Volltür;;;;;;;;;;;;;1200;2200;2400;;;;;;;;;;;;;;;;;;;360;;;;;;;;;;;;;;;;;;;;;;;;;;;;;;;;;Weiß;;;;;;;;;;;;;;;;;;;;;;;;;;;;;;;;;;;;;;;;;;;;;;;;;;960;1960;2160;;;;120;;;;;;;;;;;;;;;;;;;;;;;;;;;;;;;;;;;;;;;;;;;;;;;Weiß;;;;;;;;;;;;;;;;;;;;;;;;;;;;;;;340;;;;;;;;;;;;;;;;;;;;;;;;;;;;;;;;;;;;;;;;;;;;;;;;;;;;;;;;;;;;;;;;Nein;;;;;;;;;;;;;;;;;;;;;;;;;;;Ja;;;;Ja;;;;;;;;;;;;;;;;;;4.06;;;;;;;;;;;;;;;;;;;;;;;;;;;;;;;;;;;;;;;;;;;;;;8;42;;;;;;;;2000;;;2400;1320;1450;CR_120x240x220_Produktblatt.pdf;CR_120x240x220_Betriebsanleitung.pdf;CR_120x240x220_Ersatzteilliste.pdf;CR_120x240x220_Energielabel.pdf;CR_120x240x220_Energiepfeil.pdf
Tefcold;;;;;Wandelemente;44040;CR 120x270x212 NF;5708181711801;5708181711801;TEFCOLD;3753,00;Kühlzellen | Wandelemente;;;;;;;;;;;;;;;;;;;;;;;;;;;;;;;;;;;;;;;;;;;;;;;;;;;;;;;;;;;;;;;;;;;;;;;;;;;1 Dreh-Volltür;;;;;;;;;;;;;1200;2120;2700;;;;;;;;;;;;;;;;;;;235;;;;;;;;;;;;;;;;;;;;;;;;;;;;;;;;;Weiß;;;;;;;;;;;;;;;;;;;;;;;;;;;;;;;;;;;;;;;;;;;;;;;;;;1040;2040;2540;;;;80;;;;;;;;;;;;;;;;;;;;;;;;;;;;;;;;;;;;;;;;;;;;;;;Weiß;;;;;;;;;;;;;;;;;;;;;;;;;;;;;;;215;;;;;;;;;;;;;;;;;;;;;;;;;;;;;;;;;;;;;;;;;;;;;;;;;;;;;;;;;;;;;;;;Nein;;;;;;;;;;;;;;;;;;;;;;;;;;;Ja;;;;Ja;;;;;;;;;;;;;;;;;;5.39;;;;;;;;;;;;;;;;;;;;;;;;;;;;;;;;;;;;;;;;;;;;;;8;42;;;;;;;;;;;2500;1300;1020;CR_120x270x212_NF_Produktblatt.pdf;CR_120x270x212_NF_Betriebsanleitung.pdf;CR_120x270x212_NF_Ersatzteilliste.pdf;CR_120x270x212_NF_Energielabel.pdf;CR_120x270x212_NF_Energiepfeil.pdf
Tefcold;;;;;Wandelemente;44039;CR 120x270x220;5708181711795;5708181711795;TEFCOLD;3944,00;Kühlzellen | Wandelemente;;;;;;;;;;;;;;;;;;;;;;;;;;;;;;;;;;;;;;;;;;;;;;;;;;;;;;;;;;;;;;;;;;;;;;;;;;;1 Dreh-Volltür;;;;;;;;;;;;;1200;2200;2700;;;;;;;;;;;;;;;;;;;235;;;;;;;;;;;;;;;;;;;;;;;;;;;;;;;;;Weiß;;;;;;;;;;;;;;;;;;;;;;;;;;;;;;;;;;;;;;;;;;;;;;;;;;1040;2040;2540;;;;80;;;;;;;;;;;;;;;;;;;;;;;;;;;;;;;;;;;;;;;;;;;;;;;Weiß;;;;;;;;;;;;;;;;;;;;;;;;;;;;;;;215;;;;;;;;;;;;;;;;;;;;;;;;;;;;;;;;;;;;;;;;;;;;;;;;;;;;;;;;;;;;;;;;Nein;;;;;;;;;;;;;;;;;;;;;;;;;;;Ja;;;;Ja;;;;;;;;;;;;;;;;;;5.39;;;;;;;;;;;;;;;;;;;;;;;;;;;;;;;;;;;;;;;;;;;;;;8;42;;;;;;;;1500;;;2500;1300;1200;CR_120x270x220_Produktblatt.pdf;CR_120x270x220_Betriebsanleitung.pdf;CR_120x270x220_Ersatzteilliste.pdf;CR_120x270x220_Energielabel.pdf;CR_120x270x220_Energiepfeil.pdf
Tefcold;;;;;Wandelemente;44139;CR 120x270x220;5708181712273;5708181712273;TEFCOLD;4828,00;Kühlzellen | Wandelemente;;;;;;;;;;;;;;;;;;;;;;;;;;;;;;;;;;;;;;;;;;;;;;;;;;;;;;;;;;;;;;;;;;;;;;;;;;;1 Dreh-Volltür;;;;;;;;;;;;;1200;2200;2700;;;;;;;;;;;;;;;;;;;430;;;;;;;;;;;;;;;;;;;;;;;;;;;;;;;;;Weiß;;;;;;;;;;;;;;;;;;;;;;;;;;;;;;;;;;;;;;;;;;;;;;;;;;960;1960;2460;;;;120;;;;;;;;;;;;;;;;;;;;;;;;;;;;;;;;;;;;;;;;;;;;;;;Weiß;;;;;;;;;;;;;;;;;;;;;;;;;;;;;;;410;;;;;;;;;;;;;;;;;;;;;;;;;;;;;;;;;;;;;;;;;;;;;;;;;;;;;;;;;;;;;;;;Nein;;;;;;;;;;;;;;;;;;;;;;;;;;;Ja;;;;Ja;;;;;;;;;;;;;;;;;;4.63;;;;;;;;;;;;;;;;;;;;;;;;;;;;;;;;;;;;;;;;;;;;;;8;42;;;;;;;;2000;;;2500;1900;1400;CR_120x270x220_Produktblatt.pdf;CR_120x270x220_Betriebsanleitung.pdf;CR_120x270x220_Ersatzteilliste.pdf;CR_120x270x220_Energielabel.pdf;CR_120x270x220_Energiepfeil.pdf
Tefcold;;;;;Wandelemente;44042;CR 120x300x212 NF;5708181711825;5708181711825;TEFCOLD;4631,00;Kühlzellen | Wandelemente;;;;;;;;;;;;;;;;;;;;;;;;;;;;;;;;;;;;;;;;;;;;;;;;;;;;;;;;;;;;;;;;;;;;;;;;;;;1 Dreh-Volltür;;;;;;;;;;;;;1200;2120;3000;;;;;;;;;;;;;;;;;;;245;;;;;;;;;;;;;;;;;;;;;;;;;;;;;;;;;Weiß;;;;;;;;;;;;;;;;;;;;;;;;;;;;;;;;;;;;;;;;;;;;;;;;;;1040;2040;2840;;;;80;;;;;;;;;;;;;;;;;;;;;;;;;;;;;;;;;;;;;;;;;;;;;;;Weiß;;;;;;;;;;;;;;;;;;;;;;;;;;;;;;;225;;;;;;;;;;;;;;;;;;;;;;;;;;;;;;;;;;;;;;;;;;;;;;;;;;;;;;;;;;;;;;;;Nein;;;;;;;;;;;;;;;;;;;;;;;;;;;Ja;;;;Ja;;;;;;;;;;;;;;;;;;6.03;;;;;;;;;;;;;;;;;;;;;;;;;;;;;;;;;;;;;;;;;;;;;;4;42;;;;;;;;;;;3100;1300;1020;CR_120x300x212_NF_Produktblatt.pdf;CR_120x300x212_NF_Betriebsanleitung.pdf;CR_120x300x212_NF_Ersatzteilliste.pdf;CR_120x300x212_NF_Energielabel.pdf;CR_120x300x212_NF_Energiepfeil.pdf
Tefcold;;;;;Wandelemente;44041;CR 120x300x220;5708181711818;5708181711818;TEFCOLD;4849,00;Kühlzellen | Wandelemente;;;;;;;;;;;;;;;;;;;;;;;;;;;;;;;;;;;;;;;;;;;;;;;;;;;;;;;;;;;;;;;;;;;;;;;;;;;1 Dreh-Volltür;;;;;;;;;;;;;1200;2200;3000;;;;;;;;;;;;;;;;;;;245;;;;;;;;;;;;;;;;;;;;;;;;;;;;;;;;;Weiß;;;;;;;;;;;;;;;;;;;;;;;;;;;;;;;;;;;;;;;;;;;;;;;;;;1040;2040;2840;;;;80;;;;;;;;;;;;;;;;;;;;;;;;;;;;;;;;;;;;;;;;;;;;;;;Weiß;;;;;;;;;;;;;;;;;;;;;;;;;;;;;;;225;;;;;;;;;;;;;;;;;;;;;;;;;;;;;;;;;;;;;;;;;;;;;;;;;;;;;;;;;;;;;;;;Nein;;;;;;;;;;;;;;;;;;;;;;;;;;;Ja;;;;Ja;;;;;;;;;;;;;;;;;;6.03;;;;;;;;;;;;;;;;;;;;;;;;;;;;;;;;;;;;;;;;;;;;;;4;42;;;;;;;;1500;;;3100;1300;1400;CR_120x300x220_Produktblatt.pdf;CR_120x300x220_Betriebsanleitung.pdf;CR_120x300x220_Ersatzteilliste.pdf;CR_120x300x220_Energielabel.pdf;CR_120x300x220_Energiepfeil.pdf
Tefcold;;;;;Wandelemente;44140;CR 120x300x220;5708181712280;5708181712280;TEFCOLD;5328,00;Kühlzellen | Wandelemente;;;;;;;;;;;;;;;;;;;;;;;;;;;;;;;;;;;;;;;;;;;;;;;;;;;;;;;;;;;;;;;;;;;;;;;;;;;1 Dreh-Volltür;;;;;;;;;;;;;1200;2200;3000;;;;;;;;;;;;;;;;;;;445;;;;;;;;;;;;;;;;;;;;;;;;;;;;;;;;;Weiß;;;;;;;;;;;;;;;;;;;;;;;;;;;;;;;;;;;;;;;;;;;;;;;;;;960;1960;2760;;;;120;;;;;;;;;;;;;;;;;;;;;;;;;;;;;;;;;;;;;;;;;;;;;;;Weiß;;;;;;;;;;;;;;;;;;;;;;;;;;;;;;;425;;;;;;;;;;;;;;;;;;;;;;;;;;;;;;;;;;;;;;;;;;;;;;;;;;;;;;;;;;;;;;;;Nein;;;;;;;;;;;;;;;;;;;;;;;;;;;Ja;;;;Ja;;;;;;;;;;;;;;;;;;5.19;;;;;;;;;;;;;;;;;;;;;;;;;;;;;;;;;;;;;;;;;;;;;;6;42;;;;;;;;2000;;;2200;1900;1540;CR_120x300x220_Produktblatt.pdf;CR_120x300x220_Betriebsanleitung.pdf;CR_120x300x220_Ersatzteilliste.pdf;CR_120x300x220_Energielabel.pdf;CR_120x300x220_Energiepfeil.pdf
Tefcold;;;;;Wandelemente;44060;CR 150x150x212 NF;5708181711856;5708181711856;TEFCOLD;2713,00;Kühlzellen | Wandelemente;;;;;;;;;;;;;;;;;;;;;;;;;;;;;;;;;;;;;;;;;;;;;;;;;;;;;;;;;;;;;;;;;;;;;;;;;;;1 Dreh-Volltür;;;;;;;;;;;;;1500;2120;1500;;;;;;;;;;;;;;;;;;;234;;;;;;;;;;;;;;;;;;;;;;;;;;;;;;;;;Weiß;;;;;;;;;;;;;;;;;;;;;;;;;;;;;;;;;;;;;;;;;;;;;;;;;;1340;2040;1340;;;;80;;;;;;;;;;;;;;;;;;;;;;;;;;;;;;;;;;;;;;;;;;;;;;;Weiß;;;;;;;;;;;;;;;;;;;;;;;;;;;;;;;214;;;;;;;;;;;;;;;;;;;;;;;;;;;;;;;;;;;;;;;;;;;;;;;;;;;;;;;;;;;;;;;;Nein;;;;;;;;;;;;;;;;;;;;;;;;;;;Ja;;;;Ja;;;;;;;;;;;;;;;;;;3.66;;;;;;;;;;;;;;;;;;;;;;;;;;;;;;;;;;;;;;;;;;;;;;16;42;;;;;;;;;;;2200;1300;1020;CR_150x150x212_NF_Produktblatt.pdf;CR_150x150x212_NF_Betriebsanleitung.pdf;CR_150x150x212_NF_Ersatzteilliste.pdf;CR_150x150x212_NF_Energielabel.pdf;CR_150x150x212_NF_Energiepfeil.pdf
Tefcold;;;;;Wandelemente;43875;CR 150x150x220;5708181711375;5708181711375;TEFCOLD;2859,00;Kühlzellen | Wandelemente;;;;;;;;;;;;;;;;;;;;;;;;;;;;;;;;;;;;;;;;;;;;;;;;;;;;;;;;;;;;;;;;;;;;;;;;;;;1 Dreh-Volltür;;;;;;;;;;;;;1500;2200;1500;;;;;;;;;;;;;;;;;;;234;;;;;;;;;;;;;;;;;;;;;;;;;;;;;;;;;Weiß;;;;;;;;;;;;;;;;;;;;;;;;;;;;;;;;;;;;;;;;;;;;;;;;;;1340;2040;1340;;;;80;;;;;;;;;;;;;;;;;;;;;;;;;;;;;;;;;;;;;;;;;;;;;;;Weiß;;;;;;;;;;;;;;;;;;;;;;;;;;;;;;;214;;;;;;;;;;;;;;;;;;;;;;;;;;;;;;;;;;;;;;;;;;;;;;;;;;;;;;;;;;;;;;;;Nein;;;;;;;;;;;;;;;;;;;;;;;;;;;Ja;;;;Ja;;;;;;;;;;;;;;;;;;3.66;;;;;;;;;;;;;;;;;;;;;;;;;;;;;;;;;;;;;;;;;;;;;;16;42;;;;;;;;1500;;;2180;1280;1080;CR_150x150x220_Produktblatt.pdf;CR_150x150x220_Betriebsanleitung.pdf;CR_150x150x220_Ersatzteilliste.pdf;CR_150x150x220_Energielabel.pdf;CR_150x150x220_Energiepfeil.pdf
Tefcold;;;;;Wandelemente;44141;CR 150x150x220;5708181712297;5708181712297;TEFCOLD;3539,00;Kühlzellen | Wandelemente;;;;;;;;;;;;;;;;;;;;;;;;;;;;;;;;;;;;;;;;;;;;;;;;;;;;;;;;;;;;;;;;;;;;;;;;;;;1 Dreh-Volltür;;;;;;;;;;;;;1500;2200;1500;;;;;;;;;;;;;;;;;;;245;;;;;;;;;;;;;;;;;;;;;;;;;;;;;;;;;Weiß;;;;;;;;;;;;;;;;;;;;;;;;;;;;;;;;;;;;;;;;;;;;;;;;;;1260;1960;1260;;;;120;;;;;;;;;;;;;;;;;;;;;;;;;;;;;;;;;;;;;;;;;;;;;;;Weiß;;;;;;;;;;;;;;;;;;;;;;;;;;;;;;;225;;;;;;;;;;;;;;;;;;;;;;;;;;;;;;;;;;;;;;;;;;;;;;;;;;;;;;;;;;;;;;;;Nein;;;;;;;;;;;;;;;;;;;;;;;;;;;Ja;;;;Ja;;;;;;;;;;;;;;;;;;3.11;;;;;;;;;;;;;;;;;;;;;;;;;;;;;;;;;;;;;;;;;;;;;;14;42;;;;;;;;2000;;;2200;1600;1280;CR_150x150x220_Produktblatt.pdf;CR_150x150x220_Betriebsanleitung.pdf;CR_150x150x220_Ersatzteilliste.pdf;CR_150x150x220_Energielabel.pdf;CR_150x150x220_Energiepfeil.pdf
Tefcold;;;;;Wandelemente;44063;CR 150x180x212 NF;5708181711870;5708181711870;TEFCOLD;2953,00;Kühlzellen | Wandelemente;;;;;;;;;;;;;;;;;;;;;;;;;;;;;;;;;;;;;;;;;;;;;;;;;;;;;;;;;;;;;;;;;;;;;;;;;;;1 Dreh-Volltür;;;;;;;;;;;;;1500;2120;1800;;;;;;;;;;;;;;;;;;;229;;;;;;;;;;;;;;;;;;;;;;;;;;;;;;;;;Weiß;;;;;;;;;;;;;;;;;;;;;;;;;;;;;;;;;;;;;;;;;;;;;;;;;;1340;2040;1640;;;;80;;;;;;;;;;;;;;;;;;;;;;;;;;;;;;;;;;;;;;;;;;;;;;;Weiß;;;;;;;;;;;;;;;;;;;;;;;;;;;;;;;219;;;;;;;;;;;;;;;;;;;;;;;;;;;;;;;;;;;;;;;;;;;;;;;;;;;;;;;;;;;;;;;;Nein;;;;;;;;;;;;;;;;;;;;;;;;;;;Ja;;;;Ja;;;;;;;;;;;;;;;;;;4.48;;;;;;;;;;;;;;;;;;;;;;;;;;;;;;;;;;;;;;;;;;;;;;16;42;;;;;;;;;;;2200;1300;1070;CR_150x180x212_NF_Produktblatt.pdf;CR_150x180x212_NF_Betriebsanleitung.pdf;CR_150x180x212_NF_Ersatzteilliste.pdf;CR_150x180x212_NF_Energielabel.pdf;CR_150x180x212_NF_Energiepfeil.pdf
Tefcold;;;;;Wandelemente;44061;CR 150x180x220;5708181711863;5708181711863;TEFCOLD;3246,00;Kühlzellen | Wandelemente;;;;;;;;;;;;;;;;;;;;;;;;;;;;;;;;;;;;;;;;;;;;;;;;;;;;;;;;;;;;;;;;;;;;;;;;;;;1 Dreh-Volltür;;;;;;;;;;;;;1500;2200;1800;;;;;;;;;;;;;;;;;;;229;;;;;;;;;;;;;;;;;;;;;;;;;;;;;;;;;Weiß;;;;;;;;;;;;;;;;;;;;;;;;;;;;;;;;;;;;;;;;;;;;;;;;;;1340;2040;1640;;;;80;;;;;;;;;;;;;;;;;;;;;;;;;;;;;;;;;;;;;;;;;;;;;;;Weiß;;;;;;;;;;;;;;;;;;;;;;;;;;;;;;;219;;;;;;;;;;;;;;;;;;;;;;;;;;;;;;;;;;;;;;;;;;;;;;;;;;;;;;;;;;;;;;;;Nein;;;;;;;;;;;;;;;;;;;;;;;;;;;Ja;;;;Ja;;;;;;;;;;;;;;;;;;4.48;;;;;;;;;;;;;;;;;;;;;;;;;;;;;;;;;;;;;;;;;;;;;;16;42;;;;;;;;1500;;;2180;1270;1060;CR_150x180x220_Produktblatt.pdf;CR_150x180x220_Betriebsanleitung.pdf;CR_150x180x220_Ersatzteilliste.pdf;CR_150x180x220_Energielabel.pdf;CR_150x180x220_Energiepfeil.pdf
Tefcold;;;;;Wandelemente;44142;CR 150x180x220;5708181712303;5708181712303;TEFCOLD;3973,00;Kühlzellen | Wandelemente;;;;;;;;;;;;;;;;;;;;;;;;;;;;;;;;;;;;;;;;;;;;;;;;;;;;;;;;;;;;;;;;;;;;;;;;;;;1 Dreh-Volltür;;;;;;;;;;;;;1500;2200;1800;;;;;;;;;;;;;;;;;;;255;;;;;;;;;;;;;;;;;;;;;;;;;;;;;;;;;Weiß;;;;;;;;;;;;;;;;;;;;;;;;;;;;;;;;;;;;;;;;;;;;;;;;;;1260;1960;1560;;;;120;;;;;;;;;;;;;;;;;;;;;;;;;;;;;;;;;;;;;;;;;;;;;;;Weiß;;;;;;;;;;;;;;;;;;;;;;;;;;;;;;;235;;;;;;;;;;;;;;;;;;;;;;;;;;;;;;;;;;;;;;;;;;;;;;;;;;;;;;;;;;;;;;;;Nein;;;;;;;;;;;;;;;;;;;;;;;;;;;Ja;;;;Ja;;;;;;;;;;;;;;;;;;3.85;;;;;;;;;;;;;;;;;;;;;;;;;;;;;;;;;;;;;;;;;;;;;;14;42;;;;;;;;2000;;;2180;1560;1150;CR_150x180x220_Produktblatt.pdf;CR_150x180x220_Betriebsanleitung.pdf;CR_150x180x220_Ersatzteilliste.pdf;CR_150x180x220_Energielabel.pdf;CR_150x180x220_Energiepfeil.pdf
Tefcold;;;;;Wandelemente;44064;CR 150x210x212 NF;5708181711887;5708181711887;TEFCOLD;3156,00;Kühlzellen | Wandelemente;;;;;;;;;;;;;;;;;;;;;;;;;;;;;;;;;;;;;;;;;;;;;;;;;;;;;;;;;;;;;;;;;;;;;;;;;;;1 Dreh-Volltür;;;;;;;;;;;;;1500;2120;2100;;;;;;;;;;;;;;;;;;;241;;;;;;;;;;;;;;;;;;;;;;;;;;;;;;;;;Weiß;;;;;;;;;;;;;;;;;;;;;;;;;;;;;;;;;;;;;;;;;;;;;;;;;;1340;2040;1940;;;;80;;;;;;;;;;;;;;;;;;;;;;;;;;;;;;;;;;;;;;;;;;;;;;;Weiß;;;;;;;;;;;;;;;;;;;;;;;;;;;;;;;221;;;;;;;;;;;;;;;;;;;;;;;;;;;;;;;;;;;;;;;;;;;;;;;;;;;;;;;;;;;;;;;;Nein;;;;;;;;;;;;;;;;;;;;;;;;;;;Ja;;;;Ja;;;;;;;;;;;;;;;;;;5.3;;;;;;;;;;;;;;;;;;;;;;;;;;;;;;;;;;;;;;;;;;;;;;16;42;;;;;;;;;;;2200;1300;1100;CR_150x210x212_NF_Produktblatt.pdf;CR_150x210x212_NF_Betriebsanleitung.pdf;CR_150x210x212_NF_Ersatzteilliste.pdf;CR_150x210x212_NF_Energielabel.pdf;CR_150x210x212_NF_Energiepfeil.pdf
Tefcold;;;;;Wandelemente;41837;CR 150x210x220;5708181710538;5708181710538;TEFCOLD;3445,00;Kühlzellen | Wandelemente;;;;;;;;;;;;;;;;;;;;;;;;;;;;;;;;;;;;;;;;;;;;;;;;;;;;;;;;;;;;;;;;;;;;;;;;;;;1 Dreh-Volltür;;;;;;;;;;;;;1500;2200;2100;;;;;;;;;;;;;;;;;;;241;;;;;;;;;;;;;;;;;;;;;;;;;;;;;;;;;Weiß;;;;;;;;;;;;;;;;;;;;;;;;;;;;;;;;;;;;;;;;;;;;;;;;;;1340;2040;1940;;;;80;;;;;;;;;;;;;;;;;;;;;;;;;;;;;;;;;;;;;;;;;;;;;;;Weiß;;;;;;;;;;;;;;;;;;;;;;;;;;;;;;;221;;;;;;;;;;;;;;;;;;;;;;;;;;;;;;;;;;;;;;;;;;;;;;;;;;;;;;;;;;;;;;;;Nein;;;;;;;;;;;;;;;;;;;;;;;;;;;Ja;;;;Ja;;;;;;;;;;;;;;;;;;5.3;;;;;;;;;;;;;;;;;;;;;;;;;;;;;;;;;;;;;;;;;;;;;;16;42;;;;;;;;1500;;;2180;1280;1200;CR_150x210x220_Produktblatt.pdf;CR_150x210x220_Betriebsanleitung.pdf;CR_150x210x220_Ersatzteilliste.pdf;CR_150x210x220_Energielabel.pdf;CR_150x210x220_Energiepfeil.pdf
Tefcold;;;;;Wandelemente;44143;CR 150x210x220;5708181712310;5708181712310;TEFCOLD;4447,00;Kühlzellen | Wandelemente;;;;;;;;;;;;;;;;;;;;;;;;;;;;;;;;;;;;;;;;;;;;;;;;;;;;;;;;;;;;;;;;;;;;;;;;;;;1 Dreh-Volltür;;;;;;;;;;;;;1500;2200;2100;;;;;;;;;;;;;;;;;;;278;;;;;;;;;;;;;;;;;;;;;;;;;;;;;;;;;Weiß;;;;;;;;;;;;;;;;;;;;;;;;;;;;;;;;;;;;;;;;;;;;;;;;;;1260;1960;1860;;;;120;;;;;;;;;;;;;;;;;;;;;;;;;;;;;;;;;;;;;;;;;;;;;;;Weiß;;;;;;;;;;;;;;;;;;;;;;;;;;;;;;;258;;;;;;;;;;;;;;;;;;;;;;;;;;;;;;;;;;;;;;;;;;;;;;;;;;;;;;;;;;;;;;;;Nein;;;;;;;;;;;;;;;;;;;;;;;;;;;Ja;;;;Ja;;;;;;;;;;;;;;;;;;4.59;;;;;;;;;;;;;;;;;;;;;;;;;;;;;;;;;;;;;;;;;;;;;;12;42;;;;;;;;2000;;;2200;1600;1280;CR_150x210x220_Produktblatt.pdf;CR_150x210x220_Betriebsanleitung.pdf;CR_150x210x220_Ersatzteilliste.pdf;CR_150x210x220_Energielabel.pdf;CR_150x210x220_Energiepfeil.pdf
Tefcold;;;;;Wandelemente;44067;CR 150x240x212 NF;5708181711900;5708181711900;TEFCOLD;3572,00;Kühlzellen | Wandelemente;;;;;;;;;;;;;;;;;;;;;;;;;;;;;;;;;;;;;;;;;;;;;;;;;;;;;;;;;;;;;;;;;;;;;;;;;;;1 Dreh-Volltür;;;;;;;;;;;;;1500;2120;2400;;;;;;;;;;;;;;;;;;;246;;;;;;;;;;;;;;;;;;;;;;;;;;;;;;;;;Weiß;;;;;;;;;;;;;;;;;;;;;;;;;;;;;;;;;;;;;;;;;;;;;;;;;;1340;2040;2240;;;;80;;;;;;;;;;;;;;;;;;;;;;;;;;;;;;;;;;;;;;;;;;;;;;;Weiß;;;;;;;;;;;;;;;;;;;;;;;;;;;;;;;226;;;;;;;;;;;;;;;;;;;;;;;;;;;;;;;;;;;;;;;;;;;;;;;;;;;;;;;;;;;;;;;;Nein;;;;;;;;;;;;;;;;;;;;;;;;;;;Ja;;;;Ja;;;;;;;;;;;;;;;;;;6.12;;;;;;;;;;;;;;;;;;;;;;;;;;;;;;;;;;;;;;;;;;;;;;14;42;;;;;;;;;;;2200;1600;1120;CR_150x240x212_NF_Produktblatt.pdf;CR_150x240x212_NF_Betriebsanleitung.pdf;CR_150x240x212_NF_Ersatzteilliste.pdf;CR_150x240x212_NF_Energielabel.pdf;CR_150x240x212_NF_Energiepfeil.pdf
Tefcold;;;;;Wandelemente;44066;CR 150x240x220;5708181711894;5708181711894;TEFCOLD;3913,00;Kühlzellen | Wandelemente;;;;;;;;;;;;;;;;;;;;;;;;;;;;;;;;;;;;;;;;;;;;;;;;;;;;;;;;;;;;;;;;;;;;;;;;;;;1 Dreh-Volltür;;;;;;;;;;;;;1500;2200;2400;;;;;;;;;;;;;;;;;;;246;;;;;;;;;;;;;;;;;;;;;;;;;;;;;;;;;Weiß;;;;;;;;;;;;;;;;;;;;;;;;;;;;;;;;;;;;;;;;;;;;;;;;;;1340;2040;2240;;;;80;;;;;;;;;;;;;;;;;;;;;;;;;;;;;;;;;;;;;;;;;;;;;;;Weiß;;;;;;;;;;;;;;;;;;;;;;;;;;;;;;;226;;;;;;;;;;;;;;;;;;;;;;;;;;;;;;;;;;;;;;;;;;;;;;;;;;;;;;;;;;;;;;;;Nein;;;;;;;;;;;;;;;;;;;;;;;;;;;Ja;;;;Ja;;;;;;;;;;;;;;;;;;6.12;;;;;;;;;;;;;;;;;;;;;;;;;;;;;;;;;;;;;;;;;;;;;;14;42;;;;;;;;1500;;;2200;1600;1280;CR_150x240x220_Produktblatt.pdf;CR_150x240x220_Betriebsanleitung.pdf;CR_150x240x220_Ersatzteilliste.pdf;CR_150x240x220_Energielabel.pdf;CR_150x240x220_Energiepfeil.pdf
Tefcold;;;;;Wandelemente;44144;CR 150x240x220;5708181712327;5708181712327;TEFCOLD;4822,00;Kühlzellen | Wandelemente;;;;;;;;;;;;;;;;;;;;;;;;;;;;;;;;;;;;;;;;;;;;;;;;;;;;;;;;;;;;;;;;;;;;;;;;;;;1 Dreh-Volltür;;;;;;;;;;;;;1500;2200;2400;;;;;;;;;;;;;;;;;;;289;;;;;;;;;;;;;;;;;;;;;;;;;;;;;;;;;Weiß;;;;;;;;;;;;;;;;;;;;;;;;;;;;;;;;;;;;;;;;;;;;;;;;;;1260;1960;2160;;;;120;;;;;;;;;;;;;;;;;;;;;;;;;;;;;;;;;;;;;;;;;;;;;;;Weiß;;;;;;;;;;;;;;;;;;;;;;;;;;;;;;;269;;;;;;;;;;;;;;;;;;;;;;;;;;;;;;;;;;;;;;;;;;;;;;;;;;;;;;;;;;;;;;;;Nein;;;;;;;;;;;;;;;;;;;;;;;;;;;Ja;;;;Ja;;;;;;;;;;;;;;;;;;5.33;;;;;;;;;;;;;;;;;;;;;;;;;;;;;;;;;;;;;;;;;;;;;;12;42;;;;;;;;2000;;;2200;1900;1300;CR_150x240x220_Produktblatt.pdf;CR_150x240x220_Betriebsanleitung.pdf;CR_150x240x220_Ersatzteilliste.pdf;CR_150x240x220_Energielabel.pdf;CR_150x240x220_Energiepfeil.pdf
Tefcold;;;;;Wandelemente;44069;CR 150x270x212 NF;5708181711924;5708181711924;TEFCOLD;3777,00;Kühlzellen | Wandelemente;;;;;;;;;;;;;;;;;;;;;;;;;;;;;;;;;;;;;;;;;;;;;;;;;;;;;;;;;;;;;;;;;;;;;;;;;;;1 Dreh-Volltür;;;;;;;;;;;;;1500;2120;2700;;;;;;;;;;;;;;;;;;;255;;;;;;;;;;;;;;;;;;;;;;;;;;;;;;;;;Weiß;;;;;;;;;;;;;;;;;;;;;;;;;;;;;;;;;;;;;;;;;;;;;;;;;;1340;2040;2540;;;;80;;;;;;;;;;;;;;;;;;;;;;;;;;;;;;;;;;;;;;;;;;;;;;;Weiß;;;;;;;;;;;;;;;;;;;;;;;;;;;;;;;235;;;;;;;;;;;;;;;;;;;;;;;;;;;;;;;;;;;;;;;;;;;;;;;;;;;;;;;;;;;;;;;;Nein;;;;;;;;;;;;;;;;;;;;;;;;;;;Ja;;;;Ja;;;;;;;;;;;;;;;;;;6.94;;;;;;;;;;;;;;;;;;;;;;;;;;;;;;;;;;;;;;;;;;;;;;14;42;;;;;;;;;;;2000;1600;1100;CR_150x270x212_NF_Produktblatt.pdf;CR_150x270x212_NF_Betriebsanleitung.pdf;CR_150x270x212_NF_Ersatzteilliste.pdf;CR_150x270x212_NF_Energielabel.pdf;CR_150x270x212_NF_Energiepfeil.pdf
Tefcold;;;;;Wandelemente;44068;CR 150x270x220;5708181711917;5708181711917;TEFCOLD;4138,00;Kühlzellen | Wandelemente;;;;;;;;;;;;;;;;;;;;;;;;;;;;;;;;;;;;;;;;;;;;;;;;;;;;;;;;;;;;;;;;;;;;;;;;;;;1 Dreh-Volltür;;;;;;;;;;;;;1500;2200;2700;;;;;;;;;;;;;;;;;;;255;;;;;;;;;;;;;;;;;;;;;;;;;;;;;;;;;Weiß;;;;;;;;;;;;;;;;;;;;;;;;;;;;;;;;;;;;;;;;;;;;;;;;;;1340;2040;2540;;;;80;;;;;;;;;;;;;;;;;;;;;;;;;;;;;;;;;;;;;;;;;;;;;;;Weiß;;;;;;;;;;;;;;;;;;;;;;;;;;;;;;;235;;;;;;;;;;;;;;;;;;;;;;;;;;;;;;;;;;;;;;;;;;;;;;;;;;;;;;;;;;;;;;;;Nein;;;;;;;;;;;;;;;;;;;;;;;;;;;Ja;;;;Ja;;;;;;;;;;;;;;;;;;6.94;;;;;;;;;;;;;;;;;;;;;;;;;;;;;;;;;;;;;;;;;;;;;;14;42;;;;;;;;1500;;;2000;1600;1280;CR_150x270x220_Produktblatt.pdf;CR_150x270x220_Betriebsanleitung.pdf;CR_150x270x220_Ersatzteilliste.pdf;CR_150x270x220_Energielabel.pdf;CR_150x270x220_Energiepfeil.pdf
Tefcold;;;;;Wandelemente;44145;CR 150x270x220;5708181712334;5708181712334;TEFCOLD;5434,00;Kühlzellen | Wandelemente;;;;;;;;;;;;;;;;;;;;;;;;;;;;;;;;;;;;;;;;;;;;;;;;;;;;;;;;;;;;;;;;;;;;;;;;;;;1 Dreh-Volltür;;;;;;;;;;;;;1500;2200;2700;;;;;;;;;;;;;;;;;;;310;;;;;;;;;;;;;;;;;;;;;;;;;;;;;;;;;Weiß;;;;;;;;;;;;;;;;;;;;;;;;;;;;;;;;;;;;;;;;;;;;;;;;;;1260;1960;2460;;;;120;;;;;;;;;;;;;;;;;;;;;;;;;;;;;;;;;;;;;;;;;;;;;;;Weiß;;;;;;;;;;;;;;;;;;;;;;;;;;;;;;;290;;;;;;;;;;;;;;;;;;;;;;;;;;;;;;;;;;;;;;;;;;;;;;;;;;;;;;;;;;;;;;;;Nein;;;;;;;;;;;;;;;;;;;;;;;;;;;Ja;;;;Ja;;;;;;;;;;;;;;;;;;6.08;;;;;;;;;;;;;;;;;;;;;;;;;;;;;;;;;;;;;;;;;;;;;;12;42;;;;;;;;2000;;;2200;1900;1300;CR_150x270x220_Produktblatt.pdf;CR_150x270x220_Betriebsanleitung.pdf;CR_150x270x220_Ersatzteilliste.pdf;CR_150x270x220_Energielabel.pdf;CR_150x270x220_Energiepfeil.pdf
Tefcold;;;;;Wandelemente;44071;CR 150x300x212 NF;5708181711948;5708181711948;TEFCOLD;4117,00;Kühlzellen | Wandelemente;;;;;;;;;;;;;;;;;;;;;;;;;;;;;;;;;;;;;;;;;;;;;;;;;;;;;;;;;;;;;;;;;;;;;;;;;;;1 Dreh-Volltür;;;;;;;;;;;;;1500;2120;3000;;;;;;;;;;;;;;;;;;;262;;;;;;;;;;;;;;;;;;;;;;;;;;;;;;;;;Weiß;;;;;;;;;;;;;;;;;;;;;;;;;;;;;;;;;;;;;;;;;;;;;;;;;;1340;2040;2840;;;;80;;;;;;;;;;;;;;;;;;;;;;;;;;;;;;;;;;;;;;;;;;;;;;;Weiß;;;;;;;;;;;;;;;;;;;;;;;;;;;;;;;242;;;;;;;;;;;;;;;;;;;;;;;;;;;;;;;;;;;;;;;;;;;;;;;;;;;;;;;;;;;;;;;;Nein;;;;;;;;;;;;;;;;;;;;;;;;;;;Ja;;;;Ja;;;;;;;;;;;;;;;;;;7.76;;;;;;;;;;;;;;;;;;;;;;;;;;;;;;;;;;;;;;;;;;;;;;12;42;;;;;;;;;;;2200;1900;1020;CR_150x300x212_NF_Produktblatt.pdf;CR_150x300x212_NF_Betriebsanleitung.pdf;CR_150x300x212_NF_Ersatzteilliste.pdf;CR_150x300x212_NF_Energielabel.pdf;CR_150x300x212_NF_Energiepfeil.pdf
Tefcold;;;;;Wandelemente;44070;CR 150x300x220;5708181711931;5708181711931;TEFCOLD;4488,00;Kühlzellen | Wandelemente;;;;;;;;;;;;;;;;;;;;;;;;;;;;;;;;;;;;;;;;;;;;;;;;;;;;;;;;;;;;;;;;;;;;;;;;;;;1 Dreh-Volltür;;;;;;;;;;;;;1500;2200;3000;;;;;;;;;;;;;;;;;;;262;;;;;;;;;;;;;;;;;;;;;;;;;;;;;;;;;Weiß;;;;;;;;;;;;;;;;;;;;;;;;;;;;;;;;;;;;;;;;;;;;;;;;;;1340;2040;2840;;;;80;;;;;;;;;;;;;;;;;;;;;;;;;;;;;;;;;;;;;;;;;;;;;;;Weiß;;;;;;;;;;;;;;;;;;;;;;;;;;;;;;;242;;;;;;;;;;;;;;;;;;;;;;;;;;;;;;;;;;;;;;;;;;;;;;;;;;;;;;;;;;;;;;;;Nein;;;;;;;;;;;;;;;;;;;;;;;;;;;Ja;;;;Ja;;;;;;;;;;;;;;;;;;7.76;;;;;;;;;;;;;;;;;;;;;;;;;;;;;;;;;;;;;;;;;;;;;;12;42;;;;;;;;1500;;;2200;1900;1100;CR_150x300x220_Produktblatt.pdf;CR_150x300x220_Betriebsanleitung.pdf;CR_150x300x220_Ersatzteilliste.pdf;CR_150x300x220_Energielabel.pdf;CR_150x300x220_Energiepfeil.pdf
Tefcold;;;;;Wandelemente;44146;CR 150x300x220;5708181712341;5708181712341;TEFCOLD;5912,00;Kühlzellen | Wandelemente;;;;;;;;;;;;;;;;;;;;;;;;;;;;;;;;;;;;;;;;;;;;;;;;;;;;;;;;;;;;;;;;;;;;;;;;;;;1 Dreh-Volltür;;;;;;;;;;;;;1500;2200;3000;;;;;;;;;;;;;;;;;;;320;;;;;;;;;;;;;;;;;;;;;;;;;;;;;;;;;Weiß;;;;;;;;;;;;;;;;;;;;;;;;;;;;;;;;;;;;;;;;;;;;;;;;;;1260;1960;2760;;;;120;;;;;;;;;;;;;;;;;;;;;;;;;;;;;;;;;;;;;;;;;;;;;;;Weiß;;;;;;;;;;;;;;;;;;;;;;;;;;;;;;;300;;;;;;;;;;;;;;;;;;;;;;;;;;;;;;;;;;;;;;;;;;;;;;;;;;;;;;;;;;;;;;;;Nein;;;;;;;;;;;;;;;;;;;;;;;;;;;Ja;;;;Ja;;;;;;;;;;;;;;;;;;6.82;;;;;;;;;;;;;;;;;;;;;;;;;;;;;;;;;;;;;;;;;;;;;;6;42;;;;;;;;2000;;;2200;1900;1400;CR_150x300x220_Produktblatt.pdf;CR_150x300x220_Betriebsanleitung.pdf;CR_150x300x220_Ersatzteilliste.pdf;CR_150x300x220_Energielabel.pdf;CR_150x300x220_Energiepfeil.pdf
Tefcold;;;;;Wandelemente;44361;CR 180x150x212 NF;5708181713003;5708181713003;TEFCOLD;3047,00;Kühlzellen | Wandelemente;;;;;;;;;;;;;;;;;;;;;;;;;;;;;;;;;;;;;;;;;;;;;;;;;;;;;;;;;;;;;;;;;;;;;;;;;;;1 Dreh-Volltür;;;;;;;;;;;;;1800;2120;1500;;;;;;;;;;;;;;;;;;;287;;;;;;;;;;;;;;;;;;;;;;;;;;;;;;;;;Weiß;;;;;;;;;;;;;;;;;;;;;;;;;;;;;;;;;;;;;;;;;;;;;;;;;;1640;2040;1340;;;;80;;;;;;;;;;;;;;;;;;;;;;;;;;;;;;;;;;;;;;;;;;;;;;;Weiß;;;;;;;;;;;;;;;;;;;;;;;;;;;;;;;267;;;;;;;;;;;;;;;;;;;;;;;;;;;;;;;;;;;;;;;;;;;;;;;;;;;;;;;;;;;;;;;;Nein;;;;;;;;;;;;;;;;;;;;;;;;;;;Ja;;;;Ja;;;;;;;;;;;;;;;;;;4.48;;;;;;;;;;;;;;;;;;;;;;;;;;;;;;;;;;;;;;;;;;;;;;16;42;;;;;;;;;;;2200;1300;1070;CR_180x150x212_NF_Produktblatt.pdf;CR_180x150x212_NF_Betriebsanleitung.pdf;CR_180x150x212_NF_Ersatzteilliste.pdf;CR_180x150x212_NF_Energielabel.pdf;CR_180x150x212_NF_Energiepfeil.pdf
Tefcold;;;;;Wandelemente;44360;CR 180x150x220;5708181712990;5708181712990;TEFCOLD;3271,00;Kühlzellen | Wandelemente;;;;;;;;;;;;;;;;;;;;;;;;;;;;;;;;;;;;;;;;;;;;;;;;;;;;;;;;;;;;;;;;;;;;;;;;;;;1 Dreh-Volltür;;;;;;;;;;;;;1800;2200;1500;;;;;;;;;;;;;;;;;;;287;;;;;;;;;;;;;;;;;;;;;;;;;;;;;;;;;Weiß;;;;;;;;;;;;;;;;;;;;;;;;;;;;;;;;;;;;;;;;;;;;;;;;;;1640;2040;1340;;;;80;;;;;;;;;;;;;;;;;;;;;;;;;;;;;;;;;;;;;;;;;;;;;;;Weiß;;;;;;;;;;;;;;;;;;;;;;;;;;;;;;;267;;;;;;;;;;;;;;;;;;;;;;;;;;;;;;;;;;;;;;;;;;;;;;;;;;;;;;;;;;;;;;;;Nein;;;;;;;;;;;;;;;;;;;;;;;;;;;Ja;;;;Ja;;;;;;;;;;;;;;;;;;4.48;;;;;;;;;;;;;;;;;;;;;;;;;;;;;;;;;;;;;;;;;;;;;;16;42;;;;;;;;1500;;;2180;1280;1080;CR_180x150x220_Produktblatt.pdf;CR_180x150x220_Betriebsanleitung.pdf;CR_180x150x220_Ersatzteilliste.pdf;CR_180x150x220_Energielabel.pdf;CR_180x150x220_Energiepfeil.pdf
Tefcold;;;;;Wandelemente;44363;CR 180x150x220;5708181713010;5708181713010;TEFCOLD;4108,00;Kühlzellen | Wandelemente;;;;;;;;;;;;;;;;;;;;;;;;;;;;;;;;;;;;;;;;;;;;;;;;;;;;;;;;;;;;;;;;;;;;;;;;;;;1 Dreh-Volltür;;;;;;;;;;;;;1800;2200;1500;;;;;;;;;;;;;;;;;;;460;;;;;;;;;;;;;;;;;;;;;;;;;;;;;;;;;Weiß;;;;;;;;;;;;;;;;;;;;;;;;;;;;;;;;;;;;;;;;;;;;;;;;;;1560;1960;1260;;;;120;;;;;;;;;;;;;;;;;;;;;;;;;;;;;;;;;;;;;;;;;;;;;;;Weiß;;;;;;;;;;;;;;;;;;;;;;;;;;;;;;;440;;;;;;;;;;;;;;;;;;;;;;;;;;;;;;;;;;;;;;;;;;;;;;;;;;;;;;;;;;;;;;;;Nein;;;;;;;;;;;;;;;;;;;;;;;;;;;Ja;;;;Ja;;;;;;;;;;;;;;;;;;3.85;;;;;;;;;;;;;;;;;;;;;;;;;;;;;;;;;;;;;;;;;;;;;;14;42;;;;;;;;2000;;;2200;1600;1300;CR_180x150x220_Produktblatt.pdf;CR_180x150x220_Betriebsanleitung.pdf;CR_180x150x220_Ersatzteilliste.pdf;CR_180x150x220_Energielabel.pdf;CR_180x150x220_Energiepfeil.pdf
Tefcold;;;;;Wandelemente;44073;CR 180x180x212 NF;5708181711962;5708181711962;TEFCOLD;3218,00;Kühlzellen | Wandelemente;;;;;;;;;;;;;;;;;;;;;;;;;;;;;;;;;;;;;;;;;;;;;;;;;;;;;;;;;;;;;;;;;;;;;;;;;;;1 Dreh-Volltür;;;;;;;;;;;;;1800;2120;1800;;;;;;;;;;;;;;;;;;;395;;;;;;;;;;;;;;;;;;;;;;;;;;;;;;;;;Weiß;;;;;;;;;;;;;;;;;;;;;;;;;;;;;;;;;;;;;;;;;;;;;;;;;;1640;2040;1640;;;;80;;;;;;;;;;;;;;;;;;;;;;;;;;;;;;;;;;;;;;;;;;;;;;;Weiß;;;;;;;;;;;;;;;;;;;;;;;;;;;;;;;375;;;;;;;;;;;;;;;;;;;;;;;;;;;;;;;;;;;;;;;;;;;;;;;;;;;;;;;;;;;;;;;;Nein;;;;;;;;;;;;;;;;;;;;;;;;;;;Ja;;;;Ja;;;;;;;;;;;;;;;;;;5.49;;;;;;;;;;;;;;;;;;;;;;;;;;;;;;;;;;;;;;;;;;;;;;16;42;;;;;;;;;;;2200;1300;1070;CR_180x180x212_NF_Produktblatt.pdf;CR_180x180x212_NF_Betriebsanleitung.pdf;CR_180x180x212_NF_Ersatzteilliste.pdf;CR_180x180x212_NF_Energielabel.pdf;CR_180x180x212_NF_Energiepfeil.pdf
Tefcold;;;;;Wandelemente;44072;CR 180x180x220;5708181711955;5708181711955;TEFCOLD;3519,00;Kühlzellen | Wandelemente;;;;;;;;;;;;;;;;;;;;;;;;;;;;;;;;;;;;;;;;;;;;;;;;;;;;;;;;;;;;;;;;;;;;;;;;;;;1 Dreh-Volltür;;;;;;;;;;;;;1800;2200;1800;;;;;;;;;;;;;;;;;;;395;;;;;;;;;;;;;;;;;;;;;;;;;;;;;;;;;Weiß;;;;;;;;;;;;;;;;;;;;;;;;;;;;;;;;;;;;;;;;;;;;;;;;;;1640;2040;1640;;;;80;;;;;;;;;;;;;;;;;;;;;;;;;;;;;;;;;;;;;;;;;;;;;;;Weiß;;;;;;;;;;;;;;;;;;;;;;;;;;;;;;;375;;;;;;;;;;;;;;;;;;;;;;;;;;;;;;;;;;;;;;;;;;;;;;;;;;;;;;;;;;;;;;;;Nein;;;;;;;;;;;;;;;;;;;;;;;;;;;Ja;;;;Ja;;;;;;;;;;;;;;;;;;5.49;;;;;;;;;;;;;;;;;;;;;;;;;;;;;;;;;;;;;;;;;;;;;;16;42;;;;;;;;1500;;;2150;1250;1300;CR_180x180x220_Produktblatt.pdf;CR_180x180x220_Betriebsanleitung.pdf;CR_180x180x220_Ersatzteilliste.pdf;CR_180x180x220_Energielabel.pdf;CR_180x180x220_Energiepfeil.pdf
Tefcold;;;;;Wandelemente;44147;CR 180x180x220;5708181712358;5708181712358;TEFCOLD;4422,00;Kühlzellen | Wandelemente;;;;;;;;;;;;;;;;;;;;;;;;;;;;;;;;;;;;;;;;;;;;;;;;;;;;;;;;;;;;;;;;;;;;;;;;;;;1 Dreh-Volltür;;;;;;;;;;;;;1800;2200;1800;;;;;;;;;;;;;;;;;;;500;;;;;;;;;;;;;;;;;;;;;;;;;;;;;;;;;Weiß;;;;;;;;;;;;;;;;;;;;;;;;;;;;;;;;;;;;;;;;;;;;;;;;;;1560;1960;1560;;;;120;;;;;;;;;;;;;;;;;;;;;;;;;;;;;;;;;;;;;;;;;;;;;;;Weiß;;;;;;;;;;;;;;;;;;;;;;;;;;;;;;;480;;;;;;;;;;;;;;;;;;;;;;;;;;;;;;;;;;;;;;;;;;;;;;;;;;;;;;;;;;;;;;;;Nein;;;;;;;;;;;;;;;;;;;;;;;;;;;Ja;;;;Ja;;;;;;;;;;;;;;;;;;4.77;;;;;;;;;;;;;;;;;;;;;;;;;;;;;;;;;;;;;;;;;;;;;;12;42;;;;;;;;2000;;;2150;1050;1500;CR_180x180x220_Produktblatt.pdf;CR_180x180x220_Betriebsanleitung.pdf;CR_180x180x220_Ersatzteilliste.pdf;CR_180x180x220_Energielabel.pdf;CR_180x180x220_Energiepfeil.pdf
Tefcold;;;;;Wandelemente;44075;CR 180x210x212 NF;5708181711986;5708181711986;TEFCOLD;3437,00;Kühlzellen | Wandelemente;;;;;;;;;;;;;;;;;;;;;;;;;;;;;;;;;;;;;;;;;;;;;;;;;;;;;;;;;;;;;;;;;;;;;;;;;;;1 Dreh-Volltür;;;;;;;;;;;;;1800;2120;2100;;;;;;;;;;;;;;;;;;;405;;;;;;;;;;;;;;;;;;;;;;;;;;;;;;;;;Weiß;;;;;;;;;;;;;;;;;;;;;;;;;;;;;;;;;;;;;;;;;;;;;;;;;;1640;2040;1940;;;;80;;;;;;;;;;;;;;;;;;;;;;;;;;;;;;;;;;;;;;;;;;;;;;;Weiß;;;;;;;;;;;;;;;;;;;;;;;;;;;;;;;382;;;;;;;;;;;;;;;;;;;;;;;;;;;;;;;;;;;;;;;;;;;;;;;;;;;;;;;;;;;;;;;;Nein;;;;;;;;;;;;;;;;;;;;;;;;;;;Ja;;;;Ja;;;;;;;;;;;;;;;;;;6.49;;;;;;;;;;;;;;;;;;;;;;;;;;;;;;;;;;;;;;;;;;;;;;16;42;;;;;;;;;;;2200;1300;1090;CR_180x210x212_NF_Produktblatt.pdf;CR_180x210x212_NF_Betriebsanleitung.pdf;CR_180x210x212_NF_Ersatzteilliste.pdf;CR_180x210x212_NF_Energielabel.pdf;CR_180x210x212_NF_Energiepfeil.pdf
Tefcold;;;;;Wandelemente;44074;CR 180x210x220;5708181711979;5708181711979;TEFCOLD;3747,00;Kühlzellen | Wandelemente;;;;;;;;;;;;;;;;;;;;;;;;;;;;;;;;;;;;;;;;;;;;;;;;;;;;;;;;;;;;;;;;;;;;;;;;;;;1 Dreh-Volltür;;;;;;;;;;;;;1800;2200;2100;;;;;;;;;;;;;;;;;;;405;;;;;;;;;;;;;;;;;;;;;;;;;;;;;;;;;Weiß;;;;;;;;;;;;;;;;;;;;;;;;;;;;;;;;;;;;;;;;;;;;;;;;;;1640;2040;1940;;;;80;;;;;;;;;;;;;;;;;;;;;;;;;;;;;;;;;;;;;;;;;;;;;;;Weiß;;;;;;;;;;;;;;;;;;;;;;;;;;;;;;;382;;;;;;;;;;;;;;;;;;;;;;;;;;;;;;;;;;;;;;;;;;;;;;;;;;;;;;;;;;;;;;;;Nein;;;;;;;;;;;;;;;;;;;;;;;;;;;Ja;;;;Ja;;;;;;;;;;;;;;;;;;6.49;;;;;;;;;;;;;;;;;;;;;;;;;;;;;;;;;;;;;;;;;;;;;;16;42;;;;;;;;1500;;;2180;1270;1230;CR_180x210x220_Produktblatt.pdf;CR_180x210x220_Betriebsanleitung.pdf;CR_180x210x220_Ersatzteilliste.pdf;CR_180x210x220_Energielabel.pdf;CR_180x210x220_Energiepfeil.pdf
Tefcold;;;;;Wandelemente;44148;CR 180x210x220;5708181712365;5708181712365;TEFCOLD;4933,00;Kühlzellen | Wandelemente;;;;;;;;;;;;;;;;;;;;;;;;;;;;;;;;;;;;;;;;;;;;;;;;;;;;;;;;;;;;;;;;;;;;;;;;;;;1 Dreh-Volltür;;;;;;;;;;;;;1800;2200;2100;;;;;;;;;;;;;;;;;;;550;;;;;;;;;;;;;;;;;;;;;;;;;;;;;;;;;Weiß;;;;;;;;;;;;;;;;;;;;;;;;;;;;;;;;;;;;;;;;;;;;;;;;;;1560;1960;1860;;;;120;;;;;;;;;;;;;;;;;;;;;;;;;;;;;;;;;;;;;;;;;;;;;;;Weiß;;;;;;;;;;;;;;;;;;;;;;;;;;;;;;;520;;;;;;;;;;;;;;;;;;;;;;;;;;;;;;;;;;;;;;;;;;;;;;;;;;;;;;;;;;;;;;;;Nein;;;;;;;;;;;;;;;;;;;;;;;;;;;Ja;;;;Ja;;;;;;;;;;;;;;;;;;5.69;;;;;;;;;;;;;;;;;;;;;;;;;;;;;;;;;;;;;;;;;;;;;;12;42;;;;;;;;2000;;;2180;1860;1180;CR_180x210x220_Produktblatt.pdf;CR_180x210x220_Betriebsanleitung.pdf;CR_180x210x220_Ersatzteilliste.pdf;CR_180x210x220_Energielabel.pdf;CR_180x210x220_Energiepfeil.pdf
Tefcold;;;;;Wandelemente;44077;CR 180x240x212 NF;5708181712006;5708181712006;TEFCOLD;3777,00;Kühlzellen | Wandelemente;;;;;;;;;;;;;;;;;;;;;;;;;;;;;;;;;;;;;;;;;;;;;;;;;;;;;;;;;;;;;;;;;;;;;;;;;;;1 Dreh-Volltür;;;;;;;;;;;;;1800;2120;2400;;;;;;;;;;;;;;;;;;;420;;;;;;;;;;;;;;;;;;;;;;;;;;;;;;;;;Weiß;;;;;;;;;;;;;;;;;;;;;;;;;;;;;;;;;;;;;;;;;;;;;;;;;;1560;2040;2240;;;;80;;;;;;;;;;;;;;;;;;;;;;;;;;;;;;;;;;;;;;;;;;;;;;;Weiß;;;;;;;;;;;;;;;;;;;;;;;;;;;;;;;400;;;;;;;;;;;;;;;;;;;;;;;;;;;;;;;;;;;;;;;;;;;;;;;;;;;;;;;;;;;;;;;;Nein;;;;;;;;;;;;;;;;;;;;;;;;;;;Ja;;;;Ja;;;;;;;;;;;;;;;;;;7.49;;;;;;;;;;;;;;;;;;;;;;;;;;;;;;;;;;;;;;;;;;;;;;14;42;;;;;;;;;;;2200;1600;940;CR_180x240x212_NF_Produktblatt.pdf;CR_180x240x212_NF_Betriebsanleitung.pdf;CR_180x240x212_NF_Ersatzteilliste.pdf;CR_180x240x212_NF_Energielabel.pdf;CR_180x240x212_NF_Energiepfeil.pdf
Tefcold;;;;;Wandelemente;44076;CR 180x240x220;5708181711993;5708181711993;TEFCOLD;4121,00;Kühlzellen | Wandelemente;;;;;;;;;;;;;;;;;;;;;;;;;;;;;;;;;;;;;;;;;;;;;;;;;;;;;;;;;;;;;;;;;;;;;;;;;;;1 Dreh-Volltür;;;;;;;;;;;;;1800;2200;2400;;;;;;;;;;;;;;;;;;;420;;;;;;;;;;;;;;;;;;;;;;;;;;;;;;;;;Weiß;;;;;;;;;;;;;;;;;;;;;;;;;;;;;;;;;;;;;;;;;;;;;;;;;;1640;2040;2240;;;;80;;;;;;;;;;;;;;;;;;;;;;;;;;;;;;;;;;;;;;;;;;;;;;;Weiß;;;;;;;;;;;;;;;;;;;;;;;;;;;;;;;400;;;;;;;;;;;;;;;;;;;;;;;;;;;;;;;;;;;;;;;;;;;;;;;;;;;;;;;;;;;;;;;;Nein;;;;;;;;;;;;;;;;;;;;;;;;;;;Ja;;;;Ja;;;;;;;;;;;;;;;;;;7.49;;;;;;;;;;;;;;;;;;;;;;;;;;;;;;;;;;;;;;;;;;;;;;14;42;;;;;;;;1500;;;2100;1250;1500;CR_180x240x220_Produktblatt.pdf;CR_180x240x220_Betriebsanleitung.pdf;CR_180x240x220_Ersatzteilliste.pdf;CR_180x240x220_Energielabel.pdf;CR_180x240x220_Energiepfeil.pdf
Tefcold;;;;;Wandelemente;44149;CR 180x240x220;5708181712372;5708181712372;TEFCOLD;5726,00;Kühlzellen | Wandelemente;;;;;;;;;;;;;;;;;;;;;;;;;;;;;;;;;;;;;;;;;;;;;;;;;;;;;;;;;;;;;;;;;;;;;;;;;;;1 Dreh-Volltür;;;;;;;;;;;;;1800;2200;2400;;;;;;;;;;;;;;;;;;;575;;;;;;;;;;;;;;;;;;;;;;;;;;;;;;;;;Weiß;;;;;;;;;;;;;;;;;;;;;;;;;;;;;;;;;;;;;;;;;;;;;;;;;;1560;1960;2160;;;;120;;;;;;;;;;;;;;;;;;;;;;;;;;;;;;;;;;;;;;;;;;;;;;;Weiß;;;;;;;;;;;;;;;;;;;;;;;;;;;;;;;550;;;;;;;;;;;;;;;;;;;;;;;;;;;;;;;;;;;;;;;;;;;;;;;;;;;;;;;;;;;;;;;;Nein;;;;;;;;;;;;;;;;;;;;;;;;;;;Ja;;;;Ja;;;;;;;;;;;;;;;;;;6.6;;;;;;;;;;;;;;;;;;;;;;;;;;;;;;;;;;;;;;;;;;;;;;6;42;;;;;;;;2000;;;2200;1900;1300;CR_180x240x220_Produktblatt.pdf;CR_180x240x220_Betriebsanleitung.pdf;CR_180x240x220_Ersatzteilliste.pdf;CR_180x240x220_Energielabel.pdf;CR_180x240x220_Energiepfeil.pdf
Tefcold;;;;;Wandelemente;44079;CR 180x270x212 NF;5708181712020;5708181712020;TEFCOLD;4117,00;Kühlzellen | Wandelemente;;;;;;;;;;;;;;;;;;;;;;;;;;;;;;;;;;;;;;;;;;;;;;;;;;;;;;;;;;;;;;;;;;;;;;;;;;;1 Dreh-Volltür;;;;;;;;;;;;;1800;2120;2700;;;;;;;;;;;;;;;;;;;430;;;;;;;;;;;;;;;;;;;;;;;;;;;;;;;;;Weiß;;;;;;;;;;;;;;;;;;;;;;;;;;;;;;;;;;;;;;;;;;;;;;;;;;1640;2040;2540;;;;80;;;;;;;;;;;;;;;;;;;;;;;;;;;;;;;;;;;;;;;;;;;;;;;Weiß;;;;;;;;;;;;;;;;;;;;;;;;;;;;;;;410;;;;;;;;;;;;;;;;;;;;;;;;;;;;;;;;;;;;;;;;;;;;;;;;;;;;;;;;;;;;;;;;Nein;;;;;;;;;;;;;;;;;;;;;;;;;;;Ja;;;;Ja;;;;;;;;;;;;;;;;;;8.5;;;;;;;;;;;;;;;;;;;;;;;;;;;;;;;;;;;;;;;;;;;;;;12;42;;;;;;;;;;;2200;1900;1100;CR_180x270x212_NF_Produktblatt.pdf;CR_180x270x212_NF_Betriebsanleitung.pdf;CR_180x270x212_NF_Ersatzteilliste.pdf;CR_180x270x212_NF_Energielabel.pdf;CR_180x270x212_NF_Energiepfeil.pdf
Tefcold;;;;;Wandelemente;44078;CR 180x270x220;5708181712013;5708181712013;TEFCOLD;4521,00;Kühlzellen | Wandelemente;;;;;;;;;;;;;;;;;;;;;;;;;;;;;;;;;;;;;;;;;;;;;;;;;;;;;;;;;;;;;;;;;;;;;;;;;;;1 Dreh-Volltür;;;;;;;;;;;;;1800;2200;2700;;;;;;;;;;;;;;;;;;;430;;;;;;;;;;;;;;;;;;;;;;;;;;;;;;;;;Weiß;;;;;;;;;;;;;;;;;;;;;;;;;;;;;;;;;;;;;;;;;;;;;;;;;;1640;2040;2540;;;;80;;;;;;;;;;;;;;;;;;;;;;;;;;;;;;;;;;;;;;;;;;;;;;;Weiß;;;;;;;;;;;;;;;;;;;;;;;;;;;;;;;410;;;;;;;;;;;;;;;;;;;;;;;;;;;;;;;;;;;;;;;;;;;;;;;;;;;;;;;;;;;;;;;;Nein;;;;;;;;;;;;;;;;;;;;;;;;;;;Ja;;;;Ja;;;;;;;;;;;;;;;;;;8.5;;;;;;;;;;;;;;;;;;;;;;;;;;;;;;;;;;;;;;;;;;;;;;12;42;;;;;;;;1500;;;2180;1860;950;CR_180x270x220_Produktblatt.pdf;CR_180x270x220_Betriebsanleitung.pdf;CR_180x270x220_Ersatzteilliste.pdf;CR_180x270x220_Energielabel.pdf;CR_180x270x220_Energiepfeil.pdf
Tefcold;;;;;Wandelemente;44150;CR 180x270x220;5708181712389;5708181712389;TEFCOLD;6281,00;Kühlzellen | Wandelemente;;;;;;;;;;;;;;;;;;;;;;;;;;;;;;;;;;;;;;;;;;;;;;;;;;;;;;;;;;;;;;;;;;;;;;;;;;;1 Dreh-Volltür;;;;;;;;;;;;;1800;2200;2700;;;;;;;;;;;;;;;;;;;580;;;;;;;;;;;;;;;;;;;;;;;;;;;;;;;;;Weiß;;;;;;;;;;;;;;;;;;;;;;;;;;;;;;;;;;;;;;;;;;;;;;;;;;1560;1960;2460;;;;120;;;;;;;;;;;;;;;;;;;;;;;;;;;;;;;;;;;;;;;;;;;;;;;Weiß;;;;;;;;;;;;;;;;;;;;;;;;;;;;;;;560;;;;;;;;;;;;;;;;;;;;;;;;;;;;;;;;;;;;;;;;;;;;;;;;;;;;;;;;;;;;;;;;Nein;;;;;;;;;;;;;;;;;;;;;;;;;;;Ja;;;;Ja;;;;;;;;;;;;;;;;;;7.52;;;;;;;;;;;;;;;;;;;;;;;;;;;;;;;;;;;;;;;;;;;;;;6;42;;;;;;;;2000;;;2180;1860;1500;CR_180x270x220_Produktblatt.pdf;CR_180x270x220_Betriebsanleitung.pdf;CR_180x270x220_Ersatzteilliste.pdf;CR_180x270x220_Energielabel.pdf;CR_180x270x220_Energiepfeil.pdf
Tefcold;;;;;Wandelemente;44081;CR 180x300x212 NF;5708181712044;5708181712044;TEFCOLD;4412,00;Kühlzellen | Wandelemente;;;;;;;;;;;;;;;;;;;;;;;;;;;;;;;;;;;;;;;;;;;;;;;;;;;;;;;;;;;;;;;;;;;;;;;;;;;1 Dreh-Volltür;;;;;;;;;;;;;1800;2120;3000;;;;;;;;;;;;;;;;;;;545;;;;;;;;;;;;;;;;;;;;;;;;;;;;;;;;;Weiß;;;;;;;;;;;;;;;;;;;;;;;;;;;;;;;;;;;;;;;;;;;;;;;;;;1640;2040;2840;;;;80;;;;;;;;;;;;;;;;;;;;;;;;;;;;;;;;;;;;;;;;;;;;;;;Weiß;;;;;;;;;;;;;;;;;;;;;;;;;;;;;;;525;;;;;;;;;;;;;;;;;;;;;;;;;;;;;;;;;;;;;;;;;;;;;;;;;;;;;;;;;;;;;;;;Nein;;;;;;;;;;;;;;;;;;;;;;;;;;;Ja;;;;Ja;;;;;;;;;;;;;;;;;;12.34;;;;;;;;;;;;;;;;;;;;;;;;;;;;;;;;;;;;;;;;;;;;;;12;42;;;;;;;;;;;2200;1600;1150;CR_180x300x212_NF_Produktblatt.pdf;CR_180x300x212_NF_Betriebsanleitung.pdf;CR_180x300x212_NF_Ersatzteilliste.pdf;CR_180x300x212_NF_Energielabel.pdf;CR_180x300x212_NF_Energiepfeil.pdf
Tefcold;;;;;Wandelemente;44080;CR 180x300x220;5708181712037;5708181712037;TEFCOLD;4704,00;Kühlzellen | Wandelemente;;;;;;;;;;;;;;;;;;;;;;;;;;;;;;;;;;;;;;;;;;;;;;;;;;;;;;;;;;;;;;;;;;;;;;;;;;;1 Dreh-Volltür;;;;;;;;;;;;;1800;2200;3000;;;;;;;;;;;;;;;;;;;545;;;;;;;;;;;;;;;;;;;;;;;;;;;;;;;;;Weiß;;;;;;;;;;;;;;;;;;;;;;;;;;;;;;;;;;;;;;;;;;;;;;;;;;1640;2040;2840;;;;80;;;;;;;;;;;;;;;;;;;;;;;;;;;;;;;;;;;;;;;;;;;;;;;Weiß;;;;;;;;;;;;;;;;;;;;;;;;;;;;;;;525;;;;;;;;;;;;;;;;;;;;;;;;;;;;;;;;;;;;;;;;;;;;;;;;;;;;;;;;;;;;;;;;Nein;;;;;;;;;;;;;;;;;;;;;;;;;;;Ja;;;;Ja;;;;;;;;;;;;;;;;;;12.34;;;;;;;;;;;;;;;;;;;;;;;;;;;;;;;;;;;;;;;;;;;;;;12;42;;;;;;;;1500;;;2000;1600;1400;CR_180x300x220_Produktblatt.pdf;CR_180x300x220_Betriebsanleitung.pdf;CR_180x300x220_Ersatzteilliste.pdf;CR_180x300x220_Energielabel.pdf;CR_180x300x220_Energiepfeil.pdf
Tefcold;;;;;Wandelemente;44151;CR 180x300x220;5708181712396;5708181712396;TEFCOLD;6358,00;Kühlzellen | Wandelemente;;;;;;;;;;;;;;;;;;;;;;;;;;;;;;;;;;;;;;;;;;;;;;;;;;;;;;;;;;;;;;;;;;;;;;;;;;;1 Dreh-Volltür;;;;;;;;;;;;;1800;2200;3000;;;;;;;;;;;;;;;;;;;600;;;;;;;;;;;;;;;;;;;;;;;;;;;;;;;;;Weiß;;;;;;;;;;;;;;;;;;;;;;;;;;;;;;;;;;;;;;;;;;;;;;;;;;1560;1960;2760;;;;120;;;;;;;;;;;;;;;;;;;;;;;;;;;;;;;;;;;;;;;;;;;;;;;Weiß;;;;;;;;;;;;;;;;;;;;;;;;;;;;;;;580;;;;;;;;;;;;;;;;;;;;;;;;;;;;;;;;;;;;;;;;;;;;;;;;;;;;;;;;;;;;;;;;Nein;;;;;;;;;;;;;;;;;;;;;;;;;;;Ja;;;;Ja;;;;;;;;;;;;;;;;;;8.44;;;;;;;;;;;;;;;;;;;;;;;;;;;;;;;;;;;;;;;;;;;;;;6;42;;;;;;;;2000;;;2200;1900;1200;CR_180x300x220_Produktblatt.pdf;CR_180x300x220_Betriebsanleitung.pdf;CR_180x300x220_Ersatzteilliste.pdf;CR_180x300x220_Energielabel.pdf;CR_180x300x220_Energiepfeil.pdf
Tefcold;;;;;Wandelemente;44082;CR 210x210x212 NF;5708181712051;5708181712051;TEFCOLD;3628,00;Kühlzellen | Wandelemente;;;;;;;;;;;;;;;;;;;;;;;;;;;;;;;;;;;;;;;;;;;;;;;;;;;;;;;;;;;;;;;;;;;;;;;;;;;1 Dreh-Volltür;;;;;;;;;;;;;2100;2120;2100;;;;;;;;;;;;;;;;;;;398;;;;;;;;;;;;;;;;;;;;;;;;;;;;;;;;;Weiß;;;;;;;;;;;;;;;;;;;;;;;;;;;;;;;;;;;;;;;;;;;;;;;;;;1860;2040;1940;;;;80;;;;;;;;;;;;;;;;;;;;;;;;;;;;;;;;;;;;;;;;;;;;;;;Weiß;;;;;;;;;;;;;;;;;;;;;;;;;;;;;;;378;;;;;;;;;;;;;;;;;;;;;;;;;;;;;;;;;;;;;;;;;;;;;;;;;;;;;;;;;;;;;;;;Nein;;;;;;;;;;;;;;;;;;;;;;;;;;;Ja;;;;Ja;;;;;;;;;;;;;;;;;;7.68;;;;;;;;;;;;;;;;;;;;;;;;;;;;;;;;;;;;;;;;;;;;;;14;42;;;;;;;;;;;2200;1600;1120;CR_210x210x212_NF_Produktblatt.pdf;CR_210x210x212_NF_Betriebsanleitung.pdf;CR_210x210x212_NF_Ersatzteilliste.pdf;CR_210x210x212_NF_Energielabel.pdf;CR_210x210x212_NF_Energiepfeil.pdf
Tefcold;;;;;Wandelemente;41838;CR 210x210x220;5708181710545;5708181710545;TEFCOLD;4033,00;Kühlzellen | Wandelemente;;;;;;;;;;;;;;;;;;;;;;;;;;;;;;;;;;;;;;;;;;;;;;;;;;;;;;;;;;;;;;;;;;;;;;;;;;;1 Dreh-Volltür;;;;;;;;;;;;;2100;2200;2100;;;;;;;;;;;;;;;;;;;398;;;;;;;;;;;;;;;;;;;;;;;;;;;;;;;;;Weiß;;;;;;;;;;;;;;;;;;;;;;;;;;;;;;;;;;;;;;;;;;;;;;;;;;1940;2040;1940;;;;80;;;;;;;;;;;;;;;;;;;;;;;;;;;;;;;;;;;;;;;;;;;;;;;Weiß;;;;;;;;;;;;;;;;;;;;;;;;;;;;;;;378;;;;;;;;;;;;;;;;;;;;;;;;;;;;;;;;;;;;;;;;;;;;;;;;;;;;;;;;;;;;;;;;Nein;;;;;;;;;;;;;;;;;;;;;;;;;;;Ja;;;;Ja;;;;;;;;;;;;;;;;;;7.68;;;;;;;;;;;;;;;;;;;;;;;;;;;;;;;;;;;;;;;;;;;;;;14;42;;;;;;;;1500;;;2180;1570;1080;CR_210x210x220_Produktblatt.pdf;CR_210x210x220_Betriebsanleitung.pdf;CR_210x210x220_Ersatzteilliste.pdf;CR_210x210x220_Energielabel.pdf;CR_210x210x220_Energiepfeil.pdf
Tefcold;;;;;Wandelemente;44152;CR 210x210x220;5708181712402;5708181712402;TEFCOLD;5496,00;Kühlzellen | Wandelemente;;;;;;;;;;;;;;;;;;;;;;;;;;;;;;;;;;;;;;;;;;;;;;;;;;;;;;;;;;;;;;;;;;;;;;;;;;;1 Dreh-Volltür;;;;;;;;;;;;;2100;2200;2100;;;;;;;;;;;;;;;;;;;605;;;;;;;;;;;;;;;;;;;;;;;;;;;;;;;;;Weiß;;;;;;;;;;;;;;;;;;;;;;;;;;;;;;;;;;;;;;;;;;;;;;;;;;1860;1960;1860;;;;120;;;;;;;;;;;;;;;;;;;;;;;;;;;;;;;;;;;;;;;;;;;;;;;Weiß;;;;;;;;;;;;;;;;;;;;;;;;;;;;;;;585;;;;;;;;;;;;;;;;;;;;;;;;;;;;;;;;;;;;;;;;;;;;;;;;;;;;;;;;;;;;;;;;Nein;;;;;;;;;;;;;;;;;;;;;;;;;;;Ja;;;;Ja;;;;;;;;;;;;;;;;;;6.78;;;;;;;;;;;;;;;;;;;;;;;;;;;;;;;;;;;;;;;;;;;;;;12;42;;;;;;;;2000;;;2180;1860;1200;CR_210x210x220_Produktblatt.pdf;CR_210x210x220_Betriebsanleitung.pdf;CR_210x210x220_Ersatzteilliste.pdf;CR_210x210x220_Energielabel.pdf;CR_210x210x220_Energiepfeil.pdf
Tefcold;;;;;Wandelemente;44084;CR 210x240x212 NF;5708181712075;5708181712075;TEFCOLD;4085,00;Kühlzellen | Wandelemente;;;;;;;;;;;;;;;;;;;;;;;;;;;;;;;;;;;;;;;;;;;;;;;;;;;;;;;;;;;;;;;;;;;;;;;;;;;1 Dreh-Volltür;;;;;;;;;;;;;2100;2120;2400;;;;;;;;;;;;;;;;;;;445;;;;;;;;;;;;;;;;;;;;;;;;;;;;;;;;;Weiß;;;;;;;;;;;;;;;;;;;;;;;;;;;;;;;;;;;;;;;;;;;;;;;;;;1940;2040;2240;;;;80;;;;;;;;;;;;;;;;;;;;;;;;;;;;;;;;;;;;;;;;;;;;;;;Weiß;;;;;;;;;;;;;;;;;;;;;;;;;;;;;;;425;;;;;;;;;;;;;;;;;;;;;;;;;;;;;;;;;;;;;;;;;;;;;;;;;;;;;;;;;;;;;;;;Nein;;;;;;;;;;;;;;;;;;;;;;;;;;;Ja;;;;Ja;;;;;;;;;;;;;;;;;;8.87;;;;;;;;;;;;;;;;;;;;;;;;;;;;;;;;;;;;;;;;;;;;;;12;42;;;;;;;;;;;2200;1900;1070;CR_210x240x212_NF_Produktblatt.pdf;CR_210x240x212_NF_Betriebsanleitung.pdf;CR_210x240x212_NF_Ersatzteilliste.pdf;CR_210x240x212_NF_Energielabel.pdf;CR_210x240x212_NF_Energiepfeil.pdf
Tefcold;;;;;Wandelemente;44083;CR 210x240x220;5708181712068;5708181712068;TEFCOLD;4521,00;Kühlzellen | Wandelemente;;;;;;;;;;;;;;;;;;;;;;;;;;;;;;;;;;;;;;;;;;;;;;;;;;;;;;;;;;;;;;;;;;;;;;;;;;;1 Dreh-Volltür;;;;;;;;;;;;;2100;2200;2400;;;;;;;;;;;;;;;;;;;445;;;;;;;;;;;;;;;;;;;;;;;;;;;;;;;;;Weiß;;;;;;;;;;;;;;;;;;;;;;;;;;;;;;;;;;;;;;;;;;;;;;;;;;1940;2040;2240;;;;80;;;;;;;;;;;;;;;;;;;;;;;;;;;;;;;;;;;;;;;;;;;;;;;Weiß;;;;;;;;;;;;;;;;;;;;;;;;;;;;;;;425;;;;;;;;;;;;;;;;;;;;;;;;;;;;;;;;;;;;;;;;;;;;;;;;;;;;;;;;;;;;;;;;Nein;;;;;;;;;;;;;;;;;;;;;;;;;;;Ja;;;;Ja;;;;;;;;;;;;;;;;;;8.87;;;;;;;;;;;;;;;;;;;;;;;;;;;;;;;;;;;;;;;;;;;;;;12;42;;;;;;;;1500;;;2180;1860;1030;CR_210x240x220_Produktblatt.pdf;CR_210x240x220_Betriebsanleitung.pdf;CR_210x240x220_Ersatzteilliste.pdf;CR_210x240x220_Energielabel.pdf;CR_210x240x220_Energiepfeil.pdf
Tefcold;;;;;Wandelemente;44153;CR 210x240x220;5708181712419;5708181712419;TEFCOLD;6301,00;Kühlzellen | Wandelemente;;;;;;;;;;;;;;;;;;;;;;;;;;;;;;;;;;;;;;;;;;;;;;;;;;;;;;;;;;;;;;;;;;;;;;;;;;;1 Dreh-Volltür;;;;;;;;;;;;;2100;2200;2400;;;;;;;;;;;;;;;;;;;610;;;;;;;;;;;;;;;;;;;;;;;;;;;;;;;;;Weiß;;;;;;;;;;;;;;;;;;;;;;;;;;;;;;;;;;;;;;;;;;;;;;;;;;1860;1960;2160;;;;120;;;;;;;;;;;;;;;;;;;;;;;;;;;;;;;;;;;;;;;;;;;;;;;Weiß;;;;;;;;;;;;;;;;;;;;;;;;;;;;;;;590;;;;;;;;;;;;;;;;;;;;;;;;;;;;;;;;;;;;;;;;;;;;;;;;;;;;;;;;;;;;;;;;Nein;;;;;;;;;;;;;;;;;;;;;;;;;;;Ja;;;;Ja;;;;;;;;;;;;;;;;;;7.87;;;;;;;;;;;;;;;;;;;;;;;;;;;;;;;;;;;;;;;;;;;;;;6;42;;;;;;;;2000;;;2180;1860;1420;CR_210x240x220_Produktblatt.pdf;CR_210x240x220_Betriebsanleitung.pdf;CR_210x240x220_Ersatzteilliste.pdf;CR_210x240x220_Energielabel.pdf;CR_210x240x220_Energiepfeil.pdf
Tefcold;;;;;Wandelemente;44085;CR 210x270x212 NF;5708181712082;5708181712082;TEFCOLD;4472,00;Kühlzellen | Wandelemente;;;;;;;;;;;;;;;;;;;;;;;;;;;;;;;;;;;;;;;;;;;;;;;;;;;;;;;;;;;;;;;;;;;;;;;;;;;1 Dreh-Volltür;;;;;;;;;;;;;2100;2120;2700;;;;;;;;;;;;;;;;;;;495;;;;;;;;;;;;;;;;;;;;;;;;;;;;;;;;;Weiß;;;;;;;;;;;;;;;;;;;;;;;;;;;;;;;;;;;;;;;;;;;;;;;;;;1940;2040;2540;;;;80;;;;;;;;;;;;;;;;;;;;;;;;;;;;;;;;;;;;;;;;;;;;;;;Weiß;;;;;;;;;;;;;;;;;;;;;;;;;;;;;;;465;;;;;;;;;;;;;;;;;;;;;;;;;;;;;;;;;;;;;;;;;;;;;;;;;;;;;;;;;;;;;;;;Nein;;;;;;;;;;;;;;;;;;;;;;;;;;;Ja;;;;Ja;;;;;;;;;;;;;;;;;;10.05;;;;;;;;;;;;;;;;;;;;;;;;;;;;;;;;;;;;;;;;;;;;;;12;42;;;;;;;;;;;2200;1900;1020;CR_210x270x212_NF_Produktblatt.pdf;CR_210x270x212_NF_Betriebsanleitung.pdf;CR_210x270x212_NF_Ersatzteilliste.pdf;CR_210x270x212_NF_Energielabel.pdf;CR_210x270x212_NF_Energiepfeil.pdf
Tefcold;;;;;Wandelemente;41839;CR 210x270x220;5708181710552;5708181710552;TEFCOLD;4902,00;Kühlzellen | Wandelemente;;;;;;;;;;;;;;;;;;;;;;;;;;;;;;;;;;;;;;;;;;;;;;;;;;;;;;;;;;;;;;;;;;;;;;;;;;;1 Dreh-Volltür;;;;;;;;;;;;;2100;2200;2700;;;;;;;;;;;;;;;;;;;495;;;;;;;;;;;;;;;;;;;;;;;;;;;;;;;;;Weiß;;;;;;;;;;;;;;;;;;;;;;;;;;;;;;;;;;;;;;;;;;;;;;;;;;1940;2040;2540;;;;80;;;;;;;;;;;;;;;;;;;;;;;;;;;;;;;;;;;;;;;;;;;;;;;Weiß;;;;;;;;;;;;;;;;;;;;;;;;;;;;;;;465;;;;;;;;;;;;;;;;;;;;;;;;;;;;;;;;;;;;;;;;;;;;;;;;;;;;;;;;;;;;;;;;Nein;;;;;;;;;;;;;;;;;;;;;;;;;;;Ja;;;;Ja;;;;;;;;;;;;;;;;;;10.05;;;;;;;;;;;;;;;;;;;;;;;;;;;;;;;;;;;;;;;;;;;;;;12;42;;;;;;;;1500;;;2180;1560;1240;CR_210x270x220_Produktblatt.pdf;CR_210x270x220_Betriebsanleitung.pdf;CR_210x270x220_Ersatzteilliste.pdf;CR_210x270x220_Energielabel.pdf;CR_210x270x220_Energiepfeil.pdf
Tefcold;;;;;Wandelemente;44154;CR 210x270x220;5708181712426;5708181712426;TEFCOLD;6693,00;Kühlzellen | Wandelemente;;;;;;;;;;;;;;;;;;;;;;;;;;;;;;;;;;;;;;;;;;;;;;;;;;;;;;;;;;;;;;;;;;;;;;;;;;;1 Dreh-Volltür;;;;;;;;;;;;;2100;2200;2700;;;;;;;;;;;;;;;;;;;635;;;;;;;;;;;;;;;;;;;;;;;;;;;;;;;;;Weiß;;;;;;;;;;;;;;;;;;;;;;;;;;;;;;;;;;;;;;;;;;;;;;;;;;1860;1960;2460;;;;120;;;;;;;;;;;;;;;;;;;;;;;;;;;;;;;;;;;;;;;;;;;;;;;Weiß;;;;;;;;;;;;;;;;;;;;;;;;;;;;;;;615;;;;;;;;;;;;;;;;;;;;;;;;;;;;;;;;;;;;;;;;;;;;;;;;;;;;;;;;;;;;;;;;Nein;;;;;;;;;;;;;;;;;;;;;;;;;;;Ja;;;;Ja;;;;;;;;;;;;;;;;;;8.97;;;;;;;;;;;;;;;;;;;;;;;;;;;;;;;;;;;;;;;;;;;;;;6;42;;;;;;;;2000;;;2180;1860;1520;CR_210x270x220_Produktblatt.pdf;CR_210x270x220_Betriebsanleitung.pdf;CR_210x270x220_Ersatzteilliste.pdf;CR_210x270x220_Energielabel.pdf;CR_210x270x220_Energiepfeil.pdf
Tefcold;;;;;Wandelemente;44086;CR 210x300x212 NF;5708181712099;5708181712099;TEFCOLD;4749,00;Kühlzellen | Wandelemente;;;;;;;;;;;;;;;;;;;;;;;;;;;;;;;;;;;;;;;;;;;;;;;;;;;;;;;;;;;;;;;;;;;;;;;;;;;1 Dreh-Volltür;;;;;;;;;;;;;2100;2120;3000;;;;;;;;;;;;;;;;;;;465;;;;;;;;;;;;;;;;;;;;;;;;;;;;;;;;;Weiß;;;;;;;;;;;;;;;;;;;;;;;;;;;;;;;;;;;;;;;;;;;;;;;;;;1940;2040;2840;;;;80;;;;;;;;;;;;;;;;;;;;;;;;;;;;;;;;;;;;;;;;;;;;;;;Weiß;;;;;;;;;;;;;;;;;;;;;;;;;;;;;;;445;;;;;;;;;;;;;;;;;;;;;;;;;;;;;;;;;;;;;;;;;;;;;;;;;;;;;;;;;;;;;;;;Nein;;;;;;;;;;;;;;;;;;;;;;;;;;;Ja;;;;Ja;;;;;;;;;;;;;;;;;;11.24;;;;;;;;;;;;;;;;;;;;;;;;;;;;;;;;;;;;;;;;;;;;;;12;42;;;;;;;;;;;2200;1900;1040;CR_210x300x212_NF_Produktblatt.pdf;CR_210x300x212_NF_Betriebsanleitung.pdf;CR_210x300x212_NF_Ersatzteilliste.pdf;CR_210x300x212_NF_Energielabel.pdf;CR_210x300x212_NF_Energiepfeil.pdf
Tefcold;;;;;Wandelemente;43876;CR 210x300x220;5708181711382;5708181711382;TEFCOLD;5232,00;Kühlzellen | Wandelemente;;;;;;;;;;;;;;;;;;;;;;;;;;;;;;;;;;;;;;;;;;;;;;;;;;;;;;;;;;;;;;;;;;;;;;;;;;;1 Dreh-Volltür;;;;;;;;;;;;;2100;2200;3000;;;;;;;;;;;;;;;;;;;465;;;;;;;;;;;;;;;;;;;;;;;;;;;;;;;;;Weiß;;;;;;;;;;;;;;;;;;;;;;;;;;;;;;;;;;;;;;;;;;;;;;;;;;1940;2040;2840;;;;80;;;;;;;;;;;;;;;;;;;;;;;;;;;;;;;;;;;;;;;;;;;;;;;Weiß;;;;;;;;;;;;;;;;;;;;;;;;;;;;;;;445;;;;;;;;;;;;;;;;;;;;;;;;;;;;;;;;;;;;;;;;;;;;;;;;;;;;;;;;;;;;;;;;Nein;;;;;;;;;;;;;;;;;;;;;;;;;;;Ja;;;;Ja;;;;;;;;;;;;;;;;;;11.24;;;;;;;;;;;;;;;;;;;;;;;;;;;;;;;;;;;;;;;;;;;;;;12;42;;;;;;;;1500;;;2180;1860;1040;CR_210x300x220_Produktblatt.pdf;CR_210x300x220_Betriebsanleitung.pdf;CR_210x300x220_Ersatzteilliste.pdf;CR_210x300x220_Energielabel.pdf;CR_210x300x220_Energiepfeil.pdf
Tefcold;;;;;Wandelemente;44155;CR 210x300x220;5708181712433;5708181712433;TEFCOLD;7032,00;Kühlzellen | Wandelemente;;;;;;;;;;;;;;;;;;;;;;;;;;;;;;;;;;;;;;;;;;;;;;;;;;;;;;;;;;;;;;;;;;;;;;;;;;;1 Dreh-Volltür;;;;;;;;;;;;;2100;2200;3000;;;;;;;;;;;;;;;;;;;645;;;;;;;;;;;;;;;;;;;;;;;;;;;;;;;;;Weiß;;;;;;;;;;;;;;;;;;;;;;;;;;;;;;;;;;;;;;;;;;;;;;;;;;1860;1960;2760;;;;120;;;;;;;;;;;;;;;;;;;;;;;;;;;;;;;;;;;;;;;;;;;;;;;Weiß;;;;;;;;;;;;;;;;;;;;;;;;;;;;;;;625;;;;;;;;;;;;;;;;;;;;;;;;;;;;;;;;;;;;;;;;;;;;;;;;;;;;;;;;;;;;;;;;Nein;;;;;;;;;;;;;;;;;;;;;;;;;;;Ja;;;;Ja;;;;;;;;;;;;;;;;;;10.06;;;;;;;;;;;;;;;;;;;;;;;;;;;;;;;;;;;;;;;;;;;;;;6;42;;;;;;;;2000;;;2180;1860;1420;CR_210x300x220_Produktblatt.pdf;CR_210x300x220_Betriebsanleitung.pdf;CR_210x300x220_Ersatzteilliste.pdf;CR_210x300x220_Energielabel.pdf;CR_210x300x220_Energiepfeil.pdf
Tefcold;;;;;Wandelemente;51052;CR 210x300x220 WD;5708181733926;5708181733926;TEFCOLD;6922,00;Kühlzellen | Wandelemente;;;;;;;;;;;;;;;;;;;;;;;;;;;;;;;;;;;;;;;;;;;;;;;;;;;;;;;;;;;;;;;;;;;;;;;;;;;1 Dreh-Volltür;;;;;;;;;;;;;2100;2200;3000;;;;;;;;;;;;;;;;;;;465;;;;;;;;;;;;;;;;;;;;;;;;;;;;;;;;;Weiß;;;;;;;;;;;;;;;;;;;;;;;;;;;;;;;;;;;;;;;;;;;;;;;;;;1940;2040;2840;;;;80;;;;;;;;;;;;;;;;;;;;;;;;;;;;;;;;;;;;;;;;;;;;;;;Weiß;;;;;;;;;;;;;;;;;;;;;;;;;;;;;;;445;;;;;;;;;;;;;;;;;;;;;;;;;;;;;;;;;;;;;;;;;;;;;;;;;;;;;;;;;;;;;;;;Nein;;;;;;;;;;;;;;;;;;;;;;;;;;;Ja;;;;Ja;;;;;;;;;;;;;;;;;;11.24;;;;;;;;;;;;;;;;;;;;;;;;;;;;;;;;;;;;;;;;;;;;;;12;42;;;;;;;;1500;;;2180;1860;1080;CR_210x300x220_WD_Produktblatt.pdf;CR_210x300x220_WD_Betriebsanleitung.pdf;CR_210x300x220_WD_Ersatzteilliste.pdf;CR_210x300x220_WD_Energielabel.pdf;CR_210x300x220_WD_Energiepfeil.pdf
Tefcold;;;;;Wandelemente;51054;CR 210x300x220 WD;5708181733940;5708181733940;TEFCOLD;8221,00;Kühlzellen | Wandelemente;;;;;;;;;;;;;;;;;;;;;;;;;;;;;;;;;;;;;;;;;;;;;;;;;;;;;;;;;;;;;;;;;;;;;;;;;;;1 Dreh-Volltür;;;;;;;;;;;;;2100;2200;3000;;;;;;;;;;;;;;;;;;;465;;;;;;;;;;;;;;;;;;;;;;;;;;;;;;;;;Weiß;;;;;;;;;;;;;;;;;;;;;;;;;;;;;;;;;;;;;;;;;;;;;;;;;;1940;1960;2840;;;;120;;;;;;;;;;;;;;;;;;;;;;;;;;;;;;;;;;;;;;;;;;;;;;;Weiß;;;;;;;;;;;;;;;;;;;;;;;;;;;;;;;445;;;;;;;;;;;;;;;;;;;;;;;;;;;;;;;;;;;;;;;;;;;;;;;;;;;;;;;;;;;;;;;;Nein;;;;;;;;;;;;;;;;;;;;;;;;;;;Ja;;;;Ja;;;;;;;;;;;;;;;;;;10.06;;;;;;;;;;;;;;;;;;;;;;;;;;;;;;;;;;;;;;;;;;;;;;6;42;;;;;;;;2000;;;2180;1860;1460;CR_210x300x220_WD_Produktblatt.pdf;CR_210x300x220_WD_Betriebsanleitung.pdf;CR_210x300x220_WD_Ersatzteilliste.pdf;CR_210x300x220_WD_Energielabel.pdf;CR_210x300x220_WD_Energiepfeil.pdf
Tefcold;;;;;Wandelemente;44088;CR 240x240x212 NF;5708181712112;5708181712112;TEFCOLD;4645,00;Kühlzellen | Wandelemente;;;;;;;;;;;;;;;;;;;;;;;;;;;;;;;;;;;;;;;;;;;;;;;;;;;;;;;;;;;;;;;;;;;;;;;;;;;1 Dreh-Volltür;;;;;;;;;;;;;2400;2120;2400;;;;;;;;;;;;;;;;;;;500;;;;;;;;;;;;;;;;;;;;;;;;;;;;;;;;;Weiß;;;;;;;;;;;;;;;;;;;;;;;;;;;;;;;;;;;;;;;;;;;;;;;;;;2240;2040;2240;;;;80;;;;;;;;;;;;;;;;;;;;;;;;;;;;;;;;;;;;;;;;;;;;;;;Weiß;;;;;;;;;;;;;;;;;;;;;;;;;;;;;;;480;;;;;;;;;;;;;;;;;;;;;;;;;;;;;;;;;;;;;;;;;;;;;;;;;;;;;;;;;;;;;;;;Nein;;;;;;;;;;;;;;;;;;;;;;;;;;;Ja;;;;Ja;;;;;;;;;;;;;;;;;;10.24;;;;;;;;;;;;;;;;;;;;;;;;;;;;;;;;;;;;;;;;;;;;;;8;42;;;;;;;;;;;2500;1900;1000;CR_240x240x212_NF_Produktblatt.pdf;CR_240x240x212_NF_Betriebsanleitung.pdf;CR_240x240x212_NF_Ersatzteilliste.pdf;CR_240x240x212_NF_Energielabel.pdf;CR_240x240x212_NF_Energiepfeil.pdf
Tefcold;;;;;Wandelemente;44087;CR 240x240x220;5708181712105;5708181712105;TEFCOLD;5099,00;Kühlzellen | Wandelemente;;;;;;;;;;;;;;;;;;;;;;;;;;;;;;;;;;;;;;;;;;;;;;;;;;;;;;;;;;;;;;;;;;;;;;;;;;;1 Dreh-Volltür;;;;;;;;;;;;;2400;2200;2400;;;;;;;;;;;;;;;;;;;500;;;;;;;;;;;;;;;;;;;;;;;;;;;;;;;;;Weiß;;;;;;;;;;;;;;;;;;;;;;;;;;;;;;;;;;;;;;;;;;;;;;;;;;2240;2040;2240;;;;80;;;;;;;;;;;;;;;;;;;;;;;;;;;;;;;;;;;;;;;;;;;;;;;Weiß;;;;;;;;;;;;;;;;;;;;;;;;;;;;;;;480;;;;;;;;;;;;;;;;;;;;;;;;;;;;;;;;;;;;;;;;;;;;;;;;;;;;;;;;;;;;;;;;Nein;;;;;;;;;;;;;;;;;;;;;;;;;;;Ja;;;;Ja;;;;;;;;;;;;;;;;;;10.24;;;;;;;;;;;;;;;;;;;;;;;;;;;;;;;;;;;;;;;;;;;;;;8;42;;;;;;;;1500;;;2470;1860;970;CR_240x240x220_Produktblatt.pdf;CR_240x240x220_Betriebsanleitung.pdf;CR_240x240x220_Ersatzteilliste.pdf;CR_240x240x220_Energielabel.pdf;CR_240x240x220_Energiepfeil.pdf
Tefcold;;;;;Wandelemente;44156;CR 240x240x220;5708181712440;5708181712440;TEFCOLD;7084,00;Kühlzellen | Wandelemente;;;;;;;;;;;;;;;;;;;;;;;;;;;;;;;;;;;;;;;;;;;;;;;;;;;;;;;;;;;;;;;;;;;;;;;;;;;1 Dreh-Volltür;;;;;;;;;;;;;2400;2200;2400;;;;;;;;;;;;;;;;;;;670;;;;;;;;;;;;;;;;;;;;;;;;;;;;;;;;;Weiß;;;;;;;;;;;;;;;;;;;;;;;;;;;;;;;;;;;;;;;;;;;;;;;;;;2160;1960;2160;;;;120;;;;;;;;;;;;;;;;;;;;;;;;;;;;;;;;;;;;;;;;;;;;;;;Weiß;;;;;;;;;;;;;;;;;;;;;;;;;;;;;;;650;;;;;;;;;;;;;;;;;;;;;;;;;;;;;;;;;;;;;;;;;;;;;;;;;;;;;;;;;;;;;;;;Nein;;;;;;;;;;;;;;;;;;;;;;;;;;;Ja;;;;Ja;;;;;;;;;;;;;;;;;;9.14;;;;;;;;;;;;;;;;;;;;;;;;;;;;;;;;;;;;;;;;;;;;;;4;42;;;;;;;;2000;;;2470;1860;1340;CR_240x240x220_Produktblatt.pdf;CR_240x240x220_Betriebsanleitung.pdf;CR_240x240x220_Ersatzteilliste.pdf;CR_240x240x220_Energielabel.pdf;CR_240x240x220_Energiepfeil.pdf
Tefcold;;;;;Wandelemente;44090;CR 240x270x212 NF;5708181712136;5708181712136;TEFCOLD;5018,00;Kühlzellen | Wandelemente;;;;;;;;;;;;;;;;;;;;;;;;;;;;;;;;;;;;;;;;;;;;;;;;;;;;;;;;;;;;;;;;;;;;;;;;;;;1 Dreh-Volltür;;;;;;;;;;;;;2400;2120;2700;;;;;;;;;;;;;;;;;;;570;;;;;;;;;;;;;;;;;;;;;;;;;;;;;;;;;Weiß;;;;;;;;;;;;;;;;;;;;;;;;;;;;;;;;;;;;;;;;;;;;;;;;;;2240;2040;2540;;;;80;;;;;;;;;;;;;;;;;;;;;;;;;;;;;;;;;;;;;;;;;;;;;;;Weiß;;;;;;;;;;;;;;;;;;;;;;;;;;;;;;;550;;;;;;;;;;;;;;;;;;;;;;;;;;;;;;;;;;;;;;;;;;;;;;;;;;;;;;;;;;;;;;;;Nein;;;;;;;;;;;;;;;;;;;;;;;;;;;Ja;;;;Ja;;;;;;;;;;;;;;;;;;11.6;;;;;;;;;;;;;;;;;;;;;;;;;;;;;;;;;;;;;;;;;;;;;;8;42;;;;;;;;;;;2500;1900;1000;CR_240x270x212_NF_Produktblatt.pdf;CR_240x270x212_NF_Betriebsanleitung.pdf;CR_240x270x212_NF_Ersatzteilliste.pdf;CR_240x270x212_NF_Energielabel.pdf;CR_240x270x212_NF_Energiepfeil.pdf
Tefcold;;;;;Wandelemente;44089;CR 240x270x220;5708181712129;5708181712129;TEFCOLD;5384,00;Kühlzellen | Wandelemente;;;;;;;;;;;;;;;;;;;;;;;;;;;;;;;;;;;;;;;;;;;;;;;;;;;;;;;;;;;;;;;;;;;;;;;;;;;1 Dreh-Volltür;;;;;;;;;;;;;2400;2200;2700;;;;;;;;;;;;;;;;;;;570;;;;;;;;;;;;;;;;;;;;;;;;;;;;;;;;;Weiß;;;;;;;;;;;;;;;;;;;;;;;;;;;;;;;;;;;;;;;;;;;;;;;;;;2240;2040;2540;;;;80;;;;;;;;;;;;;;;;;;;;;;;;;;;;;;;;;;;;;;;;;;;;;;;Weiß;;;;;;;;;;;;;;;;;;;;;;;;;;;;;;;550;;;;;;;;;;;;;;;;;;;;;;;;;;;;;;;;;;;;;;;;;;;;;;;;;;;;;;;;;;;;;;;;Nein;;;;;;;;;;;;;;;;;;;;;;;;;;;Ja;;;;Ja;;;;;;;;;;;;;;;;;;11.6;;;;;;;;;;;;;;;;;;;;;;;;;;;;;;;;;;;;;;;;;;;;;;8;42;;;;;;;;1500;;;2500;1900;1260;CR_240x270x220_Produktblatt.pdf;CR_240x270x220_Betriebsanleitung.pdf;CR_240x270x220_Ersatzteilliste.pdf;CR_240x270x220_Energielabel.pdf;CR_240x270x220_Energiepfeil.pdf
Tefcold;;;;;Wandelemente;44157;CR 240x270x220;5708181712457;5708181712457;TEFCOLD;7637,00;Kühlzellen | Wandelemente;;;;;;;;;;;;;;;;;;;;;;;;;;;;;;;;;;;;;;;;;;;;;;;;;;;;;;;;;;;;;;;;;;;;;;;;;;;1 Dreh-Volltür;;;;;;;;;;;;;2400;2200;2700;;;;;;;;;;;;;;;;;;;685;;;;;;;;;;;;;;;;;;;;;;;;;;;;;;;;;Weiß;;;;;;;;;;;;;;;;;;;;;;;;;;;;;;;;;;;;;;;;;;;;;;;;;;2160;1960;2460;;;;120;;;;;;;;;;;;;;;;;;;;;;;;;;;;;;;;;;;;;;;;;;;;;;;Weiß;;;;;;;;;;;;;;;;;;;;;;;;;;;;;;;665;;;;;;;;;;;;;;;;;;;;;;;;;;;;;;;;;;;;;;;;;;;;;;;;;;;;;;;;;;;;;;;;Nein;;;;;;;;;;;;;;;;;;;;;;;;;;;Ja;;;;Ja;;;;;;;;;;;;;;;;;;10.41;;;;;;;;;;;;;;;;;;;;;;;;;;;;;;;;;;;;;;;;;;;;;;4;42;;;;;;;;2000;;;2500;1900;1550;CR_240x270x220_Produktblatt.pdf;CR_240x270x220_Betriebsanleitung.pdf;CR_240x270x220_Ersatzteilliste.pdf;CR_240x270x220_Energielabel.pdf;CR_240x270x220_Energiepfeil.pdf
Tefcold;;;;;Wandelemente;51053;CR 240x270x220 WD;5708181733933;5708181733933;TEFCOLD;7139,00;Kühlzellen | Wandelemente;;;;;;;;;;;;;;;;;;;;;;;;;;;;;;;;;;;;;;;;;;;;;;;;;;;;;;;;;;;;;;;;;;;;;;;;;;;1 Dreh-Volltür;;;;;;;;;;;;;2400;2200;2700;;;;;;;;;;;;;;;;;;;570;;;;;;;;;;;;;;;;;;;;;;;;;;;;;;;;;Weiß;;;;;;;;;;;;;;;;;;;;;;;;;;;;;;;;;;;;;;;;;;;;;;;;;;2240;2040;2540;;;;80;;;;;;;;;;;;;;;;;;;;;;;;;;;;;;;;;;;;;;;;;;;;;;;Weiß;;;;;;;;;;;;;;;;;;;;;;;;;;;;;;;550;;;;;;;;;;;;;;;;;;;;;;;;;;;;;;;;;;;;;;;;;;;;;;;;;;;;;;;;;;;;;;;;Nein;;;;;;;;;;;;;;;;;;;;;;;;;;;Ja;;;;Ja;;;;;;;;;;;;;;;;;;11.6;;;;;;;;;;;;;;;;;;;;;;;;;;;;;;;;;;;;;;;;;;;;;;8;42;;;;;;;;1500;;;2470;1860;1060;CR_240x270x220_WD_Produktblatt.pdf;CR_240x270x220_WD_Betriebsanleitung.pdf;CR_240x270x220_WD_Ersatzteilliste.pdf;CR_240x270x220_WD_Energielabel.pdf;CR_240x270x220_WD_Energiepfeil.pdf
Tefcold;;;;;Wandelemente;51055;CR 240x270x220 WD;5708181733957;5708181733957;TEFCOLD;8655,00;Kühlzellen | Wandelemente;;;;;;;;;;;;;;;;;;;;;;;;;;;;;;;;;;;;;;;;;;;;;;;;;;;;;;;;;;;;;;;;;;;;;;;;;;;1 Dreh-Volltür;;;;;;;;;;;;;2400;2200;2700;;;;;;;;;;;;;;;;;;;685;;;;;;;;;;;;;;;;;;;;;;;;;;;;;;;;;Weiß;;;;;;;;;;;;;;;;;;;;;;;;;;;;;;;;;;;;;;;;;;;;;;;;;;2160;1960;2460;;;;120;;;;;;;;;;;;;;;;;;;;;;;;;;;;;;;;;;;;;;;;;;;;;;;Weiß;;;;;;;;;;;;;;;;;;;;;;;;;;;;;;;665;;;;;;;;;;;;;;;;;;;;;;;;;;;;;;;;;;;;;;;;;;;;;;;;;;;;;;;;;;;;;;;;Nein;;;;;;;;;;;;;;;;;;;;;;;;;;;Ja;;;;Ja;;;;;;;;;;;;;;;;;;10.41;;;;;;;;;;;;;;;;;;;;;;;;;;;;;;;;;;;;;;;;;;;;;;4;42;;;;;;;;2000;;;2470;1860;1460;CR_240x270x220_WD_Produktblatt.pdf;CR_240x270x220_WD_Betriebsanleitung.pdf;CR_240x270x220_WD_Ersatzteilliste.pdf;CR_240x270x220_WD_Energielabel.pdf;CR_240x270x220_WD_Energiepfeil.pdf
Tefcold;;;;;Wandelemente;44092;CR 240x300x212 NF;5708181712150;5708181712150;TEFCOLD;5328,00;Kühlzellen | Wandelemente;;;;;;;;;;;;;;;;;;;;;;;;;;;;;;;;;;;;;;;;;;;;;;;;;;;;;;;;;;;;;;;;;;;;;;;;;;;1 Dreh-Volltür;;;;;;;;;;;;;2400;2120;3000;;;;;;;;;;;;;;;;;;;580;;;;;;;;;;;;;;;;;;;;;;;;;;;;;;;;;Weiß;;;;;;;;;;;;;;;;;;;;;;;;;;;;;;;;;;;;;;;;;;;;;;;;;;2240;2040;2840;;;;80;;;;;;;;;;;;;;;;;;;;;;;;;;;;;;;;;;;;;;;;;;;;;;;Weiß;;;;;;;;;;;;;;;;;;;;;;;;;;;;;;;560;;;;;;;;;;;;;;;;;;;;;;;;;;;;;;;;;;;;;;;;;;;;;;;;;;;;;;;;;;;;;;;;Nein;;;;;;;;;;;;;;;;;;;;;;;;;;;Ja;;;;Ja;;;;;;;;;;;;;;;;;;12.98;;;;;;;;;;;;;;;;;;;;;;;;;;;;;;;;;;;;;;;;;;;;;;8;42;;;;;;;;;;;2500;1900;1100;CR_240x300x212_NF_Produktblatt.pdf;CR_240x300x212_NF_Betriebsanleitung.pdf;CR_240x300x212_NF_Ersatzteilliste.pdf;CR_240x300x212_NF_Energielabel.pdf;CR_240x300x212_NF_Energiepfeil.pdf
Tefcold;;;;;Wandelemente;44091;CR 240x300x220;5708181712143;5708181712143;TEFCOLD;5748,00;Kühlzellen | Wandelemente;;;;;;;;;;;;;;;;;;;;;;;;;;;;;;;;;;;;;;;;;;;;;;;;;;;;;;;;;;;;;;;;;;;;;;;;;;;1 Dreh-Volltür;;;;;;;;;;;;;2400;2200;3000;;;;;;;;;;;;;;;;;;;580;;;;;;;;;;;;;;;;;;;;;;;;;;;;;;;;;Weiß;;;;;;;;;;;;;;;;;;;;;;;;;;;;;;;;;;;;;;;;;;;;;;;;;;2240;2040;2840;;;;80;;;;;;;;;;;;;;;;;;;;;;;;;;;;;;;;;;;;;;;;;;;;;;;Weiß;;;;;;;;;;;;;;;;;;;;;;;;;;;;;;;560;;;;;;;;;;;;;;;;;;;;;;;;;;;;;;;;;;;;;;;;;;;;;;;;;;;;;;;;;;;;;;;;Nein;;;;;;;;;;;;;;;;;;;;;;;;;;;Ja;;;;Ja;;;;;;;;;;;;;;;;;;12.98;;;;;;;;;;;;;;;;;;;;;;;;;;;;;;;;;;;;;;;;;;;;;;8;42;;;;;;;;1500;;;2470;1860;1080;CR_240x300x220_Produktblatt.pdf;CR_240x300x220_Betriebsanleitung.pdf;CR_240x300x220_Ersatzteilliste.pdf;CR_240x300x220_Energielabel.pdf;CR_240x300x220_Energiepfeil.pdf
Tefcold;;;;;Wandelemente;44158;CR 240x300x220;5708181712464;5708181712464;TEFCOLD;7975,00;Kühlzellen | Wandelemente;;;;;;;;;;;;;;;;;;;;;;;;;;;;;;;;;;;;;;;;;;;;;;;;;;;;;;;;;;;;;;;;;;;;;;;;;;;1 Dreh-Volltür;;;;;;;;;;;;;2400;2200;3000;;;;;;;;;;;;;;;;;;;710;;;;;;;;;;;;;;;;;;;;;;;;;;;;;;;;;Weiß;;;;;;;;;;;;;;;;;;;;;;;;;;;;;;;;;;;;;;;;;;;;;;;;;;2160;1960;2760;;;;120;;;;;;;;;;;;;;;;;;;;;;;;;;;;;;;;;;;;;;;;;;;;;;;Weiß;;;;;;;;;;;;;;;;;;;;;;;;;;;;;;;690;;;;;;;;;;;;;;;;;;;;;;;;;;;;;;;;;;;;;;;;;;;;;;;;;;;;;;;;;;;;;;;;Nein;;;;;;;;;;;;;;;;;;;;;;;;;;;Ja;;;;Ja;;;;;;;;;;;;;;;;;;11.68;;;;;;;;;;;;;;;;;;;;;;;;;;;;;;;;;;;;;;;;;;;;;;4;42;;;;;;;;2000;;;2470;1860;1460;CR_240x300x220_Produktblatt.pdf;CR_240x300x220_Betriebsanleitung.pdf;CR_240x300x220_Ersatzteilliste.pdf;CR_240x300x220_Energielabel.pdf;CR_240x300x220_Energiepfeil.pdf
Tefcold;;;;;Wandelemente;44094;CR 270x270x212 NF;5708181712174;5708181712174;TEFCOLD;5371,00;Kühlzellen | Wandelemente;;;;;;;;;;;;;;;;;;;;;;;;;;;;;;;;;;;;;;;;;;;;;;;;;;;;;;;;;;;;;;;;;;;;;;;;;;;1 Dreh-Volltür;;;;;;;;;;;;;2700;2120;2700;;;;;;;;;;;;;;;;;;;602;;;;;;;;;;;;;;;;;;;;;;;;;;;;;;;;;Weiß;;;;;;;;;;;;;;;;;;;;;;;;;;;;;;;;;;;;;;;;;;;;;;;;;;2540;2040;2540;;;;80;;;;;;;;;;;;;;;;;;;;;;;;;;;;;;;;;;;;;;;;;;;;;;;Weiß;;;;;;;;;;;;;;;;;;;;;;;;;;;;;;;582;;;;;;;;;;;;;;;;;;;;;;;;;;;;;;;;;;;;;;;;;;;;;;;;;;;;;;;;;;;;;;;;Nein;;;;;;;;;;;;;;;;;;;;;;;;;;;Ja;;;;Ja;;;;;;;;;;;;;;;;;;13.16;;;;;;;;;;;;;;;;;;;;;;;;;;;;;;;;;;;;;;;;;;;;;;8;42;;;;;;;;;;;2800;1900;1100;CR_270x270x212_NF_Produktblatt.pdf;CR_270x270x212_NF_Betriebsanleitung.pdf;CR_270x270x212_NF_Ersatzteilliste.pdf;CR_270x270x212_NF_Energielabel.pdf;CR_270x270x212_NF_Energiepfeil.pdf
Tefcold;;;;;Wandelemente;44093;CR 270x270x220;5708181712167;5708181712167;TEFCOLD;6037,00;Kühlzellen | Wandelemente;;;;;;;;;;;;;;;;;;;;;;;;;;;;;;;;;;;;;;;;;;;;;;;;;;;;;;;;;;;;;;;;;;;;;;;;;;;1 Dreh-Volltür;;;;;;;;;;;;;2700;2200;2700;;;;;;;;;;;;;;;;;;;602;;;;;;;;;;;;;;;;;;;;;;;;;;;;;;;;;Weiß;;;;;;;;;;;;;;;;;;;;;;;;;;;;;;;;;;;;;;;;;;;;;;;;;;2540;2040;2540;;;;80;;;;;;;;;;;;;;;;;;;;;;;;;;;;;;;;;;;;;;;;;;;;;;;Weiß;;;;;;;;;;;;;;;;;;;;;;;;;;;;;;;582;;;;;;;;;;;;;;;;;;;;;;;;;;;;;;;;;;;;;;;;;;;;;;;;;;;;;;;;;;;;;;;;Nein;;;;;;;;;;;;;;;;;;;;;;;;;;;Ja;;;;Ja;;;;;;;;;;;;;;;;;;13.16;;;;;;;;;;;;;;;;;;;;;;;;;;;;;;;;;;;;;;;;;;;;;;8;42;;;;;;;;1500;;;2800;1900;1200;CR_270x270x220_Produktblatt.pdf;CR_270x270x220_Betriebsanleitung.pdf;CR_270x270x220_Ersatzteilliste.pdf;CR_270x270x220_Energielabel.pdf;CR_270x270x220_Energiepfeil.pdf
Tefcold;;;;;Wandelemente;44159;CR 270x270x220;5708181712471;5708181712471;TEFCOLD;7988,00;Kühlzellen | Wandelemente;;;;;;;;;;;;;;;;;;;;;;;;;;;;;;;;;;;;;;;;;;;;;;;;;;;;;;;;;;;;;;;;;;;;;;;;;;;1 Dreh-Volltür;;;;;;;;;;;;;2700;2200;2700;;;;;;;;;;;;;;;;;;;720;;;;;;;;;;;;;;;;;;;;;;;;;;;;;;;;;Weiß;;;;;;;;;;;;;;;;;;;;;;;;;;;;;;;;;;;;;;;;;;;;;;;;;;2460;1960;2460;;;;120;;;;;;;;;;;;;;;;;;;;;;;;;;;;;;;;;;;;;;;;;;;;;;;Weiß;;;;;;;;;;;;;;;;;;;;;;;;;;;;;;;700;;;;;;;;;;;;;;;;;;;;;;;;;;;;;;;;;;;;;;;;;;;;;;;;;;;;;;;;;;;;;;;;Nein;;;;;;;;;;;;;;;;;;;;;;;;;;;Ja;;;;Ja;;;;;;;;;;;;;;;;;;11.86;;;;;;;;;;;;;;;;;;;;;;;;;;;;;;;;;;;;;;;;;;;;;;4;42;;;;;;;;2000;;;2800;1900;1600;CR_270x270x220_Produktblatt.pdf;CR_270x270x220_Betriebsanleitung.pdf;CR_270x270x220_Ersatzteilliste.pdf;CR_270x270x220_Energielabel.pdf;CR_270x270x220_Energiepfeil.pdf
Tefcold;;;;;Wandelemente;44096;CR 270x300x212 NF;5708181712198;5708181712198;TEFCOLD;5786,00;Kühlzellen | Wandelemente;;;;;;;;;;;;;;;;;;;;;;;;;;;;;;;;;;;;;;;;;;;;;;;;;;;;;;;;;;;;;;;;;;;;;;;;;;;1 Dreh-Volltür;;;;;;;;;;;;;2700;2120;3000;;;;;;;;;;;;;;;;;;;665;;;;;;;;;;;;;;;;;;;;;;;;;;;;;;;;;Weiß;;;;;;;;;;;;;;;;;;;;;;;;;;;;;;;;;;;;;;;;;;;;;;;;;;2540;2040;2840;;;;80;;;;;;;;;;;;;;;;;;;;;;;;;;;;;;;;;;;;;;;;;;;;;;;Weiß;;;;;;;;;;;;;;;;;;;;;;;;;;;;;;;645;;;;;;;;;;;;;;;;;;;;;;;;;;;;;;;;;;;;;;;;;;;;;;;;;;;;;;;;;;;;;;;;Nein;;;;;;;;;;;;;;;;;;;;;;;;;;;Ja;;;;Ja;;;;;;;;;;;;;;;;;;14.72;;;;;;;;;;;;;;;;;;;;;;;;;;;;;;;;;;;;;;;;;;;;;;8;42;;;;;;;;;;;2800;1900;1100;CR_270x300x212_NF_Produktblatt.pdf;CR_270x300x212_NF_Betriebsanleitung.pdf;CR_270x300x212_NF_Ersatzteilliste.pdf;CR_270x300x212_NF_Energielabel.pdf;CR_270x300x212_NF_Energiepfeil.pdf
Tefcold;;;;;Wandelemente;44095;CR 270x300x220;5708181712181;5708181712181;TEFCOLD;6189,00;Kühlzellen | Wandelemente;;;;;;;;;;;;;;;;;;;;;;;;;;;;;;;;;;;;;;;;;;;;;;;;;;;;;;;;;;;;;;;;;;;;;;;;;;;1 Dreh-Volltür;;;;;;;;;;;;;2700;2200;3000;;;;;;;;;;;;;;;;;;;665;;;;;;;;;;;;;;;;;;;;;;;;;;;;;;;;;Weiß;;;;;;;;;;;;;;;;;;;;;;;;;;;;;;;;;;;;;;;;;;;;;;;;;;2540;2040;2840;;;;80;;;;;;;;;;;;;;;;;;;;;;;;;;;;;;;;;;;;;;;;;;;;;;;Weiß;;;;;;;;;;;;;;;;;;;;;;;;;;;;;;;645;;;;;;;;;;;;;;;;;;;;;;;;;;;;;;;;;;;;;;;;;;;;;;;;;;;;;;;;;;;;;;;;Nein;;;;;;;;;;;;;;;;;;;;;;;;;;;Ja;;;;Ja;;;;;;;;;;;;;;;;;;14.72;;;;;;;;;;;;;;;;;;;;;;;;;;;;;;;;;;;;;;;;;;;;;;8;42;;;;;;;;1500;;;2800;1900;1200;CR_270x300x220_Produktblatt.pdf;CR_270x300x220_Betriebsanleitung.pdf;CR_270x300x220_Ersatzteilliste.pdf;CR_270x300x220_Energielabel.pdf;CR_270x300x220_Energiepfeil.pdf
Tefcold;;;;;Wandelemente;44160;CR 270x300x220;5708181712488;5708181712488;TEFCOLD;8348,00;Kühlzellen | Wandelemente;;;;;;;;;;;;;;;;;;;;;;;;;;;;;;;;;;;;;;;;;;;;;;;;;;;;;;;;;;;;;;;;;;;;;;;;;;;1 Dreh-Volltür;;;;;;;;;;;;;2700;2200;3000;;;;;;;;;;;;;;;;;;;730;;;;;;;;;;;;;;;;;;;;;;;;;;;;;;;;;Weiß;;;;;;;;;;;;;;;;;;;;;;;;;;;;;;;;;;;;;;;;;;;;;;;;;;2460;1960;2760;;;;120;;;;;;;;;;;;;;;;;;;;;;;;;;;;;;;;;;;;;;;;;;;;;;;Weiß;;;;;;;;;;;;;;;;;;;;;;;;;;;;;;;710;;;;;;;;;;;;;;;;;;;;;;;;;;;;;;;;;;;;;;;;;;;;;;;;;;;;;;;;;;;;;;;;Nein;;;;;;;;;;;;;;;;;;;;;;;;;;;Ja;;;;Ja;;;;;;;;;;;;;;;;;;13.31;;;;;;;;;;;;;;;;;;;;;;;;;;;;;;;;;;;;;;;;;;;;;;4;42;;;;;;;;2000;;;2800;1900;1650;CR_270x300x220_Produktblatt.pdf;CR_270x300x220_Betriebsanleitung.pdf;CR_270x300x220_Ersatzteilliste.pdf;CR_270x300x220_Energielabel.pdf;CR_270x300x220_Energiepfeil.pdf
Tefcold;;;;;Wandelemente;44098;CR 300x300x212 NF;5708181712211;5708181712211;TEFCOLD;6717,00;Kühlzellen | Wandelemente;;;;;;;;;;;;;;;;;;;;;;;;;;;;;;;;;;;;;;;;;;;;;;;;;;;;;;;;;;;;;;;;;;;;;;;;;;;1 Dreh-Volltür;;;;;;;;;;;;;3000;2120;3000;;;;;;;;;;;;;;;;;;;720;;;;;;;;;;;;;;;;;;;;;;;;;;;;;;;;;Weiß;;;;;;;;;;;;;;;;;;;;;;;;;;;;;;;;;;;;;;;;;;;;;;;;;;2840;2040;2840;;;;80;;;;;;;;;;;;;;;;;;;;;;;;;;;;;;;;;;;;;;;;;;;;;;;Weiß;;;;;;;;;;;;;;;;;;;;;;;;;;;;;;;700;;;;;;;;;;;;;;;;;;;;;;;;;;;;;;;;;;;;;;;;;;;;;;;;;;;;;;;;;;;;;;;;Nein;;;;;;;;;;;;;;;;;;;;;;;;;;;Ja;;;;Ja;;;;;;;;;;;;;;;;;;16.45;;;;;;;;;;;;;;;;;;;;;;;;;;;;;;;;;;;;;;;;;;;;;;6;42;;;;;;;;;;;3100;1900;1100;CR_300x300x212_NF_Produktblatt.pdf;CR_300x300x212_NF_Betriebsanleitung.pdf;CR_300x300x212_NF_Ersatzteilliste.pdf;CR_300x300x212_NF_Energielabel.pdf;CR_300x300x212_NF_Energiepfeil.pdf
Tefcold;;;;;Wandelemente;44097;CR 300x300x220;5708181712204;5708181712204;TEFCOLD;7177,00;Kühlzellen | Wandelemente;;;;;;;;;;;;;;;;;;;;;;;;;;;;;;;;;;;;;;;;;;;;;;;;;;;;;;;;;;;;;;;;;;;;;;;;;;;1 Dreh-Volltür;;;;;;;;;;;;;3000;2200;3000;;;;;;;;;;;;;;;;;;;720;;;;;;;;;;;;;;;;;;;;;;;;;;;;;;;;;Weiß;;;;;;;;;;;;;;;;;;;;;;;;;;;;;;;;;;;;;;;;;;;;;;;;;;2840;2040;2840;;;;80;;;;;;;;;;;;;;;;;;;;;;;;;;;;;;;;;;;;;;;;;;;;;;;Weiß;;;;;;;;;;;;;;;;;;;;;;;;;;;;;;;700;;;;;;;;;;;;;;;;;;;;;;;;;;;;;;;;;;;;;;;;;;;;;;;;;;;;;;;;;;;;;;;;Nein;;;;;;;;;;;;;;;;;;;;;;;;;;;Ja;;;;Ja;;;;;;;;;;;;;;;;;;16.45;;;;;;;;;;;;;;;;;;;;;;;;;;;;;;;;;;;;;;;;;;;;;;6;42;;;;;;;;1500;;;2500;1900;1350;CR_300x300x220_Produktblatt.pdf;CR_300x300x220_Betriebsanleitung.pdf;CR_300x300x220_Ersatzteilliste.pdf;CR_300x300x220_Energielabel.pdf;CR_300x300x220_Energiepfeil.pdf
Tefcold;;;;;Wandelemente;44161;CR 300x300x220;5708181712495;5708181712495;TEFCOLD;9806,00;Kühlzellen | Wandelemente;;;;;;;;;;;;;;;;;;;;;;;;;;;;;;;;;;;;;;;;;;;;;;;;;;;;;;;;;;;;;;;;;;;;;;;;;;;1 Dreh-Volltür;;;;;;;;;;;;;3000;2200;3000;;;;;;;;;;;;;;;;;;;750;;;;;;;;;;;;;;;;;;;;;;;;;;;;;;;;;Weiß;;;;;;;;;;;;;;;;;;;;;;;;;;;;;;;;;;;;;;;;;;;;;;;;;;2760;1960;2760;;;;120;;;;;;;;;;;;;;;;;;;;;;;;;;;;;;;;;;;;;;;;;;;;;;;Weiß;;;;;;;;;;;;;;;;;;;;;;;;;;;;;;;730;;;;;;;;;;;;;;;;;;;;;;;;;;;;;;;;;;;;;;;;;;;;;;;;;;;;;;;;;;;;;;;;Nein;;;;;;;;;;;;;;;;;;;;;;;;;;;Ja;;;;Ja;;;;;;;;;;;;;;;;;;14.93;;;;;;;;;;;;;;;;;;;;;;;;;;;;;;;;;;;;;;;;;;;;;;3;42;;;;;;;;2000;;;2800;1600;1300;CR_300x300x220_Produktblatt.pdf;CR_300x300x220_Betriebsanleitung.pdf;CR_300x300x220_Ersatzteilliste.pdf;CR_300x300x220_Energielabel.pdf;CR_300x300x220_Energiepfeil.pdf
Tefcold;;;;;Wandelemente;49685;CR 300x300x220 WD;5708181732820;5708181732820;TEFCOLD;8201,00;Kühlzellen | Wandelemente;;;;;;;;;;;;;;;;;;;;;;;;;;;;;;;;;;;;;;;;;;;;;;;;;;;;;;;;;;;;;;;;;;;;;;;;;;;1 Dreh-Volltür;;;;;;;;;;;;;3000;2200;3000;;;;;;;;;;;;;;;;;;;730;;;;;;;;;;;;;;;;;;;;;;;;;;;;;;;;;Weiß;;;;;;;;;;;;;;;;;;;;;;;;;;;;;;;;;;;;;;;;;;;;;;;;;;2840;2040;2840;;;;80;;;;;;;;;;;;;;;;;;;;;;;;;;;;;;;;;;;;;;;;;;;;;;;Weiß;;;;;;;;;;;;;;;;;;;;;;;;;;;;;;;710;;;;;;;;;;;;;;;;;;;;;;;;;;;;;;;;;;;;;;;;;;;;;;;;;;;;;;;;;;;;;;;;Nein;;;;;;;;;;;;;;;;;;;;;;;;;;;Ja;;;;Ja;;;;;;;;;;;;;;;;;;16.45;;;;;;;;;;;;;;;;;;;;;;;;;;;;;;;;;;;;;;;;;;;;;;6;42;;;;;;;;1500;;;3110;1860;1100;CR_300x300x220_WD_Produktblatt.pdf;CR_300x300x220_WD_Betriebsanleitung.pdf;CR_300x300x220_WD_Ersatzteilliste.pdf;CR_300x300x220_WD_Energielabel.pdf;CR_300x300x220_WD_Energiepfeil.pdf
Tefcold;;;;;Wandelemente;49687;CR 300x300x220 WD;5708181732837;5708181732837;TEFCOLD;10754,00;Kühlzellen | Wandelemente;;;;;;;;;;;;;;;;;;;;;;;;;;;;;;;;;;;;;;;;;;;;;;;;;;;;;;;;;;;;;;;;;;;;;;;;;;;1 Dreh-Volltür;;;;;;;;;;;;;3000;2200;3000;;;;;;;;;;;;;;;;;;;750;;;;;;;;;;;;;;;;;;;;;;;;;;;;;;;;;Weiß;;;;;;;;;;;;;;;;;;;;;;;;;;;;;;;;;;;;;;;;;;;;;;;;;;2760;1960;2760;;;;120;;;;;;;;;;;;;;;;;;;;;;;;;;;;;;;;;;;;;;;;;;;;;;;Weiß;;;;;;;;;;;;;;;;;;;;;;;;;;;;;;;730;;;;;;;;;;;;;;;;;;;;;;;;;;;;;;;;;;;;;;;;;;;;;;;;;;;;;;;;;;;;;;;;Nein;;;;;;;;;;;;;;;;;;;;;;;;;;;Ja;;;;Ja;;;;;;;;;;;;;;;;;;14.93;;;;;;;;;;;;;;;;;;;;;;;;;;;;;;;;;;;;;;;;;;;;;;3;42;;;;;;;;2000;;;1900;3100;1600;CR_300x300x220_WD_Produktblatt.pdf;CR_300x300x220_WD_Betriebsanleitung.pdf;CR_300x300x220_WD_Ersatzteilliste.pdf;CR_300x300x220_WD_Energielabel.pdf;CR_300x300x220_WD_Energiepfeil.pdf
Tefcold;Tefcold-Kühlregal;;;;Wandkühlregale;31493;ODC60 BLACK;5708181990503;5708181990503;TEFCOLD;3007,00;DEALS + | Komplett in SchwarzGlastürkühlgeräte | Wandkühlregale;662781;;;;;;;;;;Automatisch;;;;;;;;1370;;;;;;;;;;;;;;;2;;;;;;;;;;;;;;;;;;Elektronisch;;;;;;;;;;;;;;;;;;;;;;;530 x 335;;;;;;;;;;;;;640;1540;640;;;;;;;;;;;;;;;;;;;110;192;;;;;;;;;;;;;;;;;;;;;53.7;E;;8.9;3249;;;;;;;Schwarz;;;;;;;;;;;;;;;;;;;;;;;;;;;54;;;;;;;;;;;;;;;;;;;;;;;545;870;470;LED;;;;;;;;;3;;;;;;;;;;;;;150;R290 / GWP 3;;;Umluft;;;;;;;;;;;;;;;;;;;;;;;;Schwarz;;;;;;+25°C, 60% RH;;;;;;;;;;;;;;;;;;;;;;;;;98;161;;;;;;;;;;;;;;;;;;;;;;;;;;;;;;;;;;;;;;;4 Rollen;;;;2 neigbar;;;;;;;;;;;;;;;;;220-240/50;;;Ja;;;;;;;;;;;Thermometer;+5 bis +8;;;;;;;;;;;;;;;;;;;;;;;;;;;;;;;;;;;;;;;;;;;;;0.44;;;;;;;;;;;;;;;;;;;;;;;;;;;;;;;;;;;;;;48;40;;;;;;;;;515 * 286 / 336;530 x 335;690;710;1760;ODC60_BLACK_Produktblatt.pdf;ODC60_BLACK_Betriebsanleitung.pdf;ODC60_BLACK_Ersatzteilliste.pdf;ODC60_BLACK_Energielabel.pdf;ODC60_BLACK_Energiepfeil.png
Tefcold;Tefcold-Kühlregal;;;;Wandkühlregale;31494;ODC90 BLACK;5708181990527;5708181990527;TEFCOLD;3319,00;DEALS + | Komplett in SchwarzGlastürkühlgeräte | Wandkühlregale;2715007;;;;;;;;;;Automatisch;;;;;;;;2043;;;;;;;;;;;;;;;2;;;;;;;;;;;;;;;;;;Elektronisch;;;;;;;;;;;;;;;;;;;;;;;2;;;;;;;;;;;;;915;1540;640;;;;;;;;;;;;;;;;;;;182;289;;;;;;;;;;;;;;;;;;;;;79.17;F;;12.6;4599;;;;;;;Schwarz;;;;;;;;;;;;;;;;;;;;;;;;;;;55;;;;;;;;;;;;;;;;;;;;;;;821;870;470;LED;;;;;;;;;3;;;;;;;;;;;;;130;R290 / GWP 3;;;Umluft;;;;;;;;;;;;;;;;;;;;;;;;Schwarz;;;;;;+25°C, 60% RH;;;;;;;;;;;;;;;;;;;;;;;;;164;242;;;;;;;;;;;;;;;;;;;;;;;;;;;;;;;;;;;;;;;4 Rollen;;;;2 neigbar;;;;;;;;;;;;;;;;;220-240/50;;;Ja;;;;;;;;;;;Thermometer;-1 bis +7;;;;;;;;;;;;;;;;;;;;;;;;;;;;;;;;;;;;;;;;;;;;;0.59;;;;;;;;;;;;;;;;;;;;;;;;;;;;;;;;;;;;;;33;40;VC2;;;;;;;;790 * 286 / 336;;970;710;1760;ODC90_BLACK_Produktblatt.pdf;ODC90_BLACK_Betriebsanleitung.pdf;ODC90_BLACK_Ersatzteilliste.pdf;ODC90_BLACK_Energielabel.pdf;ODC90_BLACK_Energiepfeil.png
Tefcold;Tefcold-Kühlschrank;Tefcold-Weinklimaschrank;;;Weinkühlschränke;37799;CPP1380E;5708181706081;5708181706081;TEFCOLD;929,00;DEALS + | Komplett in SchwarzGlastürkühlgeräte | WeinkühlschränkeLagerkühlgeräte | Lagerkühlschränke;1120515;;;;;;;;;;Automatisch;;;;;;;;180;;;;;;;;;;;;;;;;;;;;;;;;;;;;;;;;;Elektronisch;;;;;;;;;;;;;;;;;;;;;;;1 Dreh-Volltür;;;;;;;;;;;;;595;1840;640;;;;;;;;;;;;;;;;;;;79;372;;;;;;;;;;;;;;;;;;;;;67.6;D;;1.79;655;;;;;;;Schwarz;;;;;;;;;;;;;;;;;;;;;2 Stellfüße;;;;;;42;;;;;;;;;;;;;;;;;;;;;;;470;1555;440;Nein;;;;;;;;;4;;;;;;;;;;;;;70;R600a / GWP 3;;;Umluft;;;;;;;;;;;;;;;;;;;;;;;;Schwarz, ABS;;;;;;+30°C, 55% RH;;;;;;;;;;;;;;;;;;;;;;;;;72;350;;;;;118;;;;;;;;;;;;;;;;;;;;;;;;;;;;;;;;;;2 Rollen;;;;6 Holz-Weinablagen;;;;;;;;;;;;;;;;;220-240/50;;;Ja;;;;;;;;;;;Thermometer;+1 bis +18;;;;;;;;;;;;;;;Ja;;;;Ja;;;;;;;;;;;;;;;;;;;;;;;;;;;;;;;;;;;;;;;;;;;;;;;;;;;;;;;;;;;;;;;;54;;;;;;;;;;490 x 360 mm;;680;710;1940;CPP1380E_Produktblatt.pdf;CPP1380E_Betriebsanleitung.pdf;CPP1380E_Ersatzteilliste.pdf;CPP1380E_Energielabel.pdf;CPP1380E_Energiepfeil.png
Tefcold;Tefcold-Kühlschrank;Tefcold-Weinklimaschrank;;;Weinkühlschränke;16107;DKS95-2/20L;5708181501891;5708181501891;TEFCOLD;791,00;Glastürkühlgeräte | Weinkühlschränke;2003461;;;;;;;;;;Automatisch;;;;;;;;80;;;;;;;;;;;;;;;;;;;;;;;;;;;;;;;;;Mechanisch, 3–9 °C;;;;;;;;;;;;;;;;;;;;;;;;;;;;;;;;;;;;392;1120;595;;;;;;;;;;;;;;;;;;;50;120;;;;;;;;;;;;;;;;;;;;;123.9;F;;0.28;104;;;;;;;Rot RAL3005;;;;;;;;;;;;;;;;;;;;;4 Stellfüße;;;;;;40;;;;;;;;;;;;;;;;;;;;;;;295;805;495;Nein;;;;;;;;;;;;;;;;;;;;;;30;R600a / GWP 3;;;Statisch;;;;;;;;;;;;;;;;;;;;;;;;SS 304;;;;;;;;;;;;;;;;;;;;;;;;;;;;;;;46;102;;;;;;;;;;;;;;;;;;;;;;;;;;;;;;;;;;;;;;;;;;;;;;;;;;;;;;;;;;;;220-240/50;;;Ja;;;;;;;;;;;;+3 bis +9;;;;;;;;;;;;;;;Nein;;;;;;;;;;;;;;;;;;;;;;;;;;;;;;;;;;;;;;;;;;;;;;;;;;;;;;;;;;;;;;;;;;;;180;;;;;;;;;;;;430;660;1180;DKS95-2_20L_Produktblatt.pdf;DKS95-2_20L_Betriebsanleitung.pdf;DKS95-2_20L_Ersatzteilliste.pdf;DKS95-2_20L_Energielabel.pdf;DKS95-2_20L_Energiepfeil.png
Tefcold;Tefcold-Kühlschrank;Tefcold-Weinklimaschrank;;;Weinkühlschränke;16109;DKS95-3/10L;5708181501907;5708181501907;TEFCOLD;740,00;Glastürkühlgeräte | Weinkühlschränke;441679;;;;;;;;;;Automatisch;;;;;;;;80;;;;;;;;;;;;;;;;;;;;;;;;;;;;;;;;;Mechanisch, 3–9 °C;;;;;;;;;;;;;;;;;;;;;;;;;;;;;;;;;;;;350;1145;455;;;;;;;;;;;;;;;;;;;45;90;;;;;;;;;;;;;;;;;;;;;93;E;;0.42;154;;;;;;;Rot RAL3005;;;;;;;;;;;;;;;;;;;;;4 Stellfüße;;;;;;40;;;;;;;;;;;;;;;;;;;;;;;255;825;415;Nein;;;;;;;;;;;;;;;;;;;;;;30;R600a / GWP 3;;;Statisch;;;;;;;;;;;;;;;;;;;;;;;;SS 304;;;;;;;;;;;;;;;;;;;;;;;;;;;;;;;40;80;;;;;;;;;;;;;;;;;;;;;;;;;;;;;;;;;;;;;;;;;;;;;;;;;;;;;;;;;;;;220-240/50;;;Ja;;;;;;;;;;;;+3 bis +9;;;;;;;;;;;;;;;Nein;;;;;;;;;;;;;;;;;;;;;;;;;;;;;;;;;;;;;;;;;;;;;;;;;;;;;;;;;;;;;;;;;;;;240;;;;;;;;;;;;400;600;1200;DKS95-3_10L_Produktblatt.pdf;DKS95-3_10L_Betriebsanleitung.pdf;DKS95-3_10L_Ersatzteilliste.pdf;DKS95-3_10L_Energielabel.pdf;DKS95-3_10L_Energiepfeil.png
Tefcold;Tefcold-Kühlschrank;Tefcold-Weinklimaschrank;;;Weinkühlschränke;34854;SC85 BLACK;5708181995843;5708181995843;TEFCOLD;502,00;DEALS + | Komplett in SchwarzGlastürkühlgeräte | Weinkühlschränke;953147;;;;;;;;;;Automatisch;;;;;;;;165;;;;;;;;;;;;;;;4;;;;;;;;;;;;;;;;;;Mechanisch;;;;;;;;;;;;;;;;;;;;;;;1 Gewölbte Dreh-Glastür;;;;;;;;;;;;;503;775;567;;;;;;;;;;;;;;;;;;;38;92;;;;;;;;;;;;;;;;;;;;;31;C;;1.06;387;;;;;;;Schwarz;;;;;;;;;;;;;;;;;;;;;4 Stellfüße;;;;;;40;;;;;;;;;;;;;;;;;;;;;;;410;630;415;LED;;;;;;;;;4;;;;;;;;;;;;;28;R600a / GWP 3;;;Umluft;;;;;;;;;;;;;;;;;;;;;;;;Schwarz, ABS;;;;;;+30°C, 55% RH;;;;;;;;;;;;;;;;;;;;;;;;;33;85;;;;;22;;;;;;;;;;;;;;;;;;;;;;;;;;;;;;;;;;;;;;4 Weinablagen;;;;;;;;;;;;;;;;;220-240/50;;;Ja;;;;;;;;;;;;+2 bis +10;;;;;;;;;;;;;;;Ja;;;;Ja;;;;;;;;;;;;;;;;;;;;;;;;;;;;;;;;;;;;;;;;;;;;;;;;;;;;;;;;;;;;;;;;228;;;;;;;;;;;;570;610;810;SC85_BLACK_Produktblatt.pdf;SC85_BLACK_Betriebsanleitung.pdf;SC85_BLACK_Ersatzteilliste.pdf;SC85_BLACK_Energielabel.pdf;SC85_BLACK_Energiepfeil.png
Tefcold;Tefcold-Kühlschrank;Tefcold-Weinklimaschrank;;;Weinkühlschränke;34135;TFW100-S;5708181995133;5708181995133;TEFCOLD;621,00;Glastürkühlgeräte | Weinkühlschränke;734357;;;;;;;;;;Automatisch;;;;;;;;90;;;;;;;;;;;;;;;6;;;;;;;;;;;;;;;;;;Elektronisch;;;;;;;;;;;;;;;;;;;;;;;1 Dreh-Glastür;;;;;;;;;;;;;295;860;570;;;;;;35;;;;;;;;;;;;;31;80;;;;;;;;;;;;;;;;;;;;;124;F;;0.27;98;;;;;;;Schwarz;;;;;;;;;;;;;;;;;;;;;4 Stellfüße;;;;;;40;;;;;;;;;;;;;;;;;;;;;;;227;658;492;LED;;;;;;;;;4;;;;;;;;;;;;;25;R600a / GWP 3;;;Umluft;;;;;;;;;;;;;;;;;;;;;;;;Schwarz, ABS;;;;;;+30°C, 55% RH;;;;;;;;;;;;;;;;;;;;;;;;;26;57;;;;;19;;;;;;;;;;;;;;;;;;;;;;;;;;;;;;;;;;;;;;6 Holz-Weinablagen;;;;;;;;;;;;;;;;;220-240/50;;;Ja;;;;;;;;;;;Thermometer;+5 bis +18;;;;;;;;;;;;;;;Nein;;;;Ja;;;;;;;;;;;;;;;;;;;;;;;;;;;;;;;;;;;;;;;;;;;;;;;;;;;;;;;;;;;;;;;;216;;;;;;;;;;;;340;650;920;TFW100-S_Produktblatt.pdf;TFW100-S_Betriebsanleitung.pdf;TFW100-S_Ersatzteilliste.pdf;TFW100-S_Energielabel.pdf;TFW100-S_Energiepfeil.png
Tefcold;Tefcold-Kühlschrank;Tefcold-Weinklimaschrank;;;Weinkühlschränke;34127;TFW200-2F;5708181995058;5708181995058;TEFCOLD;1018,00;Glastürkühlgeräte | Weinkühlschränke;734217;;;;;;;;;;Automatisch;;;;;;;;160;;;;;;;;;;;;;;;6;;;;;;;;;;;;;;;;;;Elektronisch;;;;;;;;;;;;;;;;;;;;;;;1 Rahmenlose Drehtür;;;;;;;;;;;;;595;820;570;;;;;;35;;;;;;;;;;;;;49;155;;;;;;;;;;;;;;;;;;;;;171;G;;0.4;145;;;;;;;Schwarz;;;;;;;;;;;;;;;;;;;;;4 Stellfüße;;;;;;40;;;;;;;;;;;;;;;;;;;;;;;520;605;445;LED;;;;;;;;;4;;;;;;;;;;;;;35;R600a / GWP 3;;;Umluft;;;;;;;;;;;;;;;;;;;;;;;;Schwarz, ABS;;;;;;+30°C, 55% RH;;;;;;;;;;;;;;;;;;;;;;;;;44;131;;;;;46;;;;;;;;;;;;;;;;;;;;;;;;;;;;;;;;;;;;;;6 Holz-Weinablagen;;;;;;;;;;;;;;;;;220-240/50;;;Ja;;;;;;;;;;;Thermometer;+5 bis +10 / +10 bis +18;;;;;;;;;;;;;;;Nein;;;;Ja;;;;;;;;;;;;;;;;;;;;;;;;;;;;;;;;;;;;;;;;;;;;;;;;;;;;;;;;;;;;;;;;108;;;;;;;;;;;;670;670;880;TFW200-2F_Produktblatt.pdf;TFW200-2F_Betriebsanleitung.pdf;TFW200-2F_Ersatzteilliste.pdf;TFW200-2F_Energielabel.pdf;TFW200-2F_Energiepfeil.png
Tefcold;Tefcold-Kühlschrank;Tefcold-Weinklimaschrank;;;Weinkühlschränke;34129;TFW200-2S;5708181995072;5708181995072;TEFCOLD;1006,00;Glastürkühlgeräte | Weinkühlschränke;734217;;;;;;;;;;Automatisch;;;;;;;;160;;;;;;;;;;;;;;;6;;;;;;;;;;;;;;;;;;Elektronisch;;;;;;;;;;;;;;;;;;;;;;;1 Dreh-Glastür;;;;;;;;;;;;;595;820;570;;;;;;35;;;;;;;;;;;;;49;155;;;;;;;;;;;;;;;;;;;;;171;G;;0.4;145;;;;;;;Schwarz;;;;;;;;;;;;;;;;;;;;;4 Stellfüße;;;;;;40;;;;;;;;;;;;;;;;;;;;;;;520;605;445;LED;;;;;;;;;4;;;;;;;;;;;;;35;R600a / GWP 3;;;Umluft;;;;;;;;;;;;;;;;;;;;;;;;Schwarz, ABS;;;;;;+30°C, 55% RH;;;;;;;;;;;;;;;;;;;;;;;;;44;131;;;;;46;;;;;;;;;;;;;;;;;;;;;;;;;;;;;;;;;;;;;;6 Holz-Weinablagen;;;;;;;;;;;;;;;;;220-240/50;;;Ja;;;;;;;;;;;Thermometer;+5 bis +10 / +10 bis +18;;;;;;;;;;;;;;;Nein;;;;Ja;;;;;;;;;;;;;;;;;;;;;;;;;;;;;;;;;;;;;;;;;;;;;;;;;;;;;;;;;;;;;;;;108;;;;;;;;;;;;670;670;880;TFW200-2S_Produktblatt.pdf;TFW200-2S_Betriebsanleitung.pdf;TFW200-2S_Ersatzteilliste.pdf;TFW200-2S_Energielabel.pdf;TFW200-2S_Energiepfeil.png
Tefcold;Tefcold-Kühlschrank;Tefcold-Weinklimaschrank;;;Weinkühlschränke;34128;TFW200-F;5708181995065;5708181995065;TEFCOLD;887,00;Glastürkühlgeräte | Weinkühlschränke;734408;;;;;;;;;;Automatisch;;;;;;;;160;;;;;;;;;;;;;;;4;;;;;;;;;;;;;;;;;;Elektronisch;;;;;;;;;;;;;;;;;;;;;;;1 Rahmenlose Drehtür;;;;;;;;;;;;;595;820;570;;;;;;35;;;;;;;;;;;;;49;155;;;;;;;;;;;;;;;;;;;;;152;G;;0.36;130;;;;;;;Schwarz;;;;;;;;;;;;;;;;;;;;;4 Stellfüße;;;;;;40;;;;;;;;;;;;;;;;;;;;;;;520;605;445;LED;;;;;;;;;4;;;;;;;;;;;;;35;R600a / GWP 3;;;Umluft;;;;;;;;;;;;;;;;;;;;;;;;Schwarz, ABS;;;;;;+30°C, 55% RH;;;;;;;;;;;;;;;;;;;;;;;;;44;141;;;;;48;;;;;;;;;;;;;;;;;;;;;;;;;;;;;;;;;;;;;;4 Holz-Weinablagen;;;;;;;;;;;;;;;;;220-240/50;;;Ja;;;;;;;;;;;Thermometer;+5 bis +18;;;;;;;;;;;;;;;Nein;;;;Ja;;;;;;;;;;;;;;;;;;;;;;;;;;;;;;;;;;;;;;;;;;;;;;;;;;;;;;;;;;;;;;;;108;;;;;;;;;;;;670;670;880;TFW200-F_Produktblatt.pdf;TFW200-F_Betriebsanleitung.pdf;TFW200-F_Ersatzteilliste.pdf;TFW200-F_Energielabel.pdf;TFW200-F_Energiepfeil.png
Tefcold;Tefcold-Kühlschrank;Tefcold-Weinklimaschrank;;;Weinkühlschränke;34130;TFW200-S;5708181995089;5708181995089;TEFCOLD;878,00;Glastürkühlgeräte | Weinkühlschränke;734408;;;;;;;;;;Automatisch;;;;;;;;160;;;;;;;;;;;;;;;4;;;;;;;;;;;;;;;;;;Elektronisch;;;;;;;;;;;;;;;;;;;;;;;1 Dreh-Glastür;;;;;;;;;;;;;595;820;570;;;;;;35;;;;;;;;;;;;;49;155;;;;;;;;;;;;;;;;;;;;;152;G;;0.36;130;;;;;;;Schwarz;;;;;;;;;;;;;;;;;;;;;4 Stellfüße;;;;;;40;;;;;;;;;;;;;;;;;;;;;;;520;605;445;LED;;;;;;;;;4;;;;;;;;;;;;;35;R600a / GWP 3;;;Umluft;;;;;;;;;;;;;;;;;;;;;;;;Schwarz, ABS;;;;;;+30°C, 55% RH;;;;;;;;;;;;;;;;;;;;;;;;;44;141;;;;;48;;;;;;;;;;;;;;;;;;;;;;;;;;;;;;;;;;;;;;4 Holz-Weinablagen;;;;;;;;;;;;;;;;;220-240/50;;;Ja;;;;;;;;;;;Thermometer;+5 bis +18;;;;;;;;;;;;;;;Ja;;;;Ja;;;;;;;;;;;;;;;;;;;;;;;;;;;;;;;;;;;;;;;;;;;;;;;;;;;;;;;;;;;;;;;;108;;;;;;;;;;;;670;670;880;TFW200-S_Produktblatt.pdf;TFW200-S_Betriebsanleitung.pdf;TFW200-S_Ersatzteilliste.pdf;TFW200-S_Energielabel.pdf;TFW200-S_Energiepfeil.png
Tefcold;Tefcold-Kühlschrank;Tefcold-Weinklimaschrank;;;Weinkühlschränke;34126;TFW300-2F;5708181995041;5708181995041;TEFCOLD;1487,00;Glastürkühlgeräte | Weinkühlschränke;966534;;;;;;;;;;Automatisch;;;;;;;;155;;;;;;;;;;;;;;;10;;;;;;;;;;;;;;;;;;Elektronisch;;;;;;;;;;;;;;;;;;;;;;;1 Rahmenlose Drehtür;;;;;;;;;;;;;595;1390;680;;;;;;35;;;;;;;;;;;;;94;270;;;;;;;;;;;;;;;;;;;;;154;G;;0.41;150;;;;;;;Schwarz;;;;;;;;;;;;;;;;;;;;;4 Stellfüße;;;;;;40;;;;;;;;;;;;;;;;;;;;;;;510;1130;540;LED;;;;;;;;;4;;;;;;;;;;;;;60;R600a / GWP 3;;;Umluft;;;;;;;;;;;;;;;;;;;;;;;;Schwarz, ABS;;;;;;+30°C, 55% RH;;;;;;;;;;;;;;;;;;;;;;;;;89;250;;;;;119;;;;;;;;;;;;;;;;;;;;;;;;;;;;;;;;;;;;;;10 Holz-Weinablagen;;;;;;;;;;;;;;;;;220-240/50;;;Ja;;;;;;;;;;;Thermometer;+5 bis +10 / +10 bis +18;;;;;;;;;;;;;;;Nein;;;;Ja;;;;;;;;;;;;;;;;;;;;;;;;;;;;;;;;;;;;;;;;;;;;;;;;;;;;;;;;;;;;;;;;54;;;;;;;;;;;;650;750;1590;TFW300-2F_Produktblatt.pdf;TFW300-2F_Betriebsanleitung.pdf;TFW300-2F_Ersatzteilliste.pdf;TFW300-2F_Energielabel.pdf;TFW300-2F_Energiepfeil.png
Tefcold;Tefcold-Kühlschrank;Tefcold-Weinklimaschrank;;;Weinkühlschränke;34132;TFW400-2F;5708181995102;5708181995102;TEFCOLD;1650,00;Glastürkühlgeräte | Weinkühlschränke;734371;;;;;;;;;;Automatisch;;;;;;;;220;;;;;;;;;;;;;;;14;;;;;;;;;;;;;;;;;;Elektronisch;;;;;;;;;;;;;;;;;;;;;;;1 Rahmenlose Drehtür;;;;;;;;;;;;;595;1760;680;;;;;;35;;;;;;;;;;;;;111;416;;;;;;;;;;;;;;;;;;;;;167;G;;0.48;175;;;;;;;Schwarz;;;;;;;;;;;;;;;;;;;;;4 Stellfüße;;;;;;40;;;;;;;;;;;;;;;;;;;;;;;515;1585;532;LED;;;;;;;;;4;;;;;;;;;;;;;55;R600a / GWP 3;;;Umluft;;;;;;;;;;;;;;;;;;;;;;;;Schwarz, ABS;;;;;;+30°C, 55% RH;;;;;;;;;;;;;;;;;;;;;;;;;106;350;;;;;163;;;;;;;;;;;;;;;;;;;;;;;;;;;;;;;;;;;;;;14 Holz-Weinablagen;;;;;;;;;;;;;;;;;220-240/50;;;Ja;;;;;;;;;;;Thermometer;+5 bis +10 / +10 bis +18;;;;;;;;;;;;;;;Ja;;;;Ja;;;;;;;;;;;;;;;;;;;;;;;;;;;;;;;;;;;;;;;;;;;;;;;;;;;;;;;;;;;;;;;;54;;;;;;;;;;;;650;760;2000;TFW400-2F_Produktblatt.pdf;TFW400-2F_Betriebsanleitung.pdf;TFW400-2F_Ersatzteilliste.pdf;TFW400-2F_Energielabel.pdf;TFW400-2F_Energiepfeil.png
Tefcold;Tefcold-Kühlschrank;Tefcold-Weinklimaschrank;;;Weinkühlschränke;34131;TFW400-2S;5708181995096;5708181995096;TEFCOLD;1674,00;Glastürkühlgeräte | Weinkühlschränke;734371;;;;;;;;;;Automatisch;;;;;;;;220;;;;;;;;;;;;;;;14;;;;;;;;;;;;;;;;;;Elektronisch;;;;;;;;;;;;;;;;;;;;;;;1 Dreh-Glastür;;;;;;;;;;;;;595;1760;680;;;;;;35;;;;;;;;;;;;;111;416;;;;;;;;;;;;;;;;;;;;;167;G;;0.48;175;;;;;;;Schwarz;;;;;;;;;;;;;;;;;;;;;4 Stellfüße;;;;;;40;;;;;;;;;;;;;;;;;;;;;;;515;1585;532;LED;;;;;;;;;4;;;;;;;;;;;;;55;R600a / GWP 3;;;Umluft;;;;;;;;;;;;;;;;;;;;;;;;Schwarz, ABS;;;;;;+30°C, 55% RH;;;;;;;;;;;;;;;;;;;;;;;;;106;350;;;;;163;;;;;;;;;;;;;;;;;;;;;;;;;;;;;;;;;;;;;;14 Holz-Weinablagen;;;;;;;;;;;;;;;;;220-240/50;;;Ja;;;;;;;;;;;Thermometer;+5 bis +10 / +10 bis +18;;;;;;;;;;;;;;;Nein;;;;Ja;;;;;;;;;;;;;;;;;;;;;;;;;;;;;;;;;;;;;;;;;;;;;;;;;;;;;;;;;;;;;;;;54;;;;;;;;;;;;650;760;2000;TFW400-2S_Produktblatt.pdf;TFW400-2S_Betriebsanleitung.pdf;TFW400-2S_Ersatzteilliste.pdf;TFW400-2S_Energielabel.pdf;TFW400-2S_Energiepfeil.png
Tefcold;Tefcold-Kühlschrank;Tefcold-Weinklimaschrank;;;Weinkühlschränke;34134;TFW400-F;5708181995126;5708181995126;TEFCOLD;1614,00;Glastürkühlgeräte | Weinkühlschränke;734417;;;;;;;;;;Automatisch;;;;;;;;220;;;;;;;;;;;;;;;15;;;;;;;;;;;;;;;;;;Elektronisch;;;;;;;;;;;;;;;;;;;;;;;1 Rahmenlose Drehtür;;;;;;;;;;;;;595;1760;680;;;;;;35;;;;;;;;;;;;;111;426;;;;;;;;;;;;;;;;;;;;;150;G;;0.43;158;;;;;;;Schwarz;;;;;;;;;;;;;;;;;;;;;4 Stellfüße;;;;;;39;;;;;;;;;;;;;;;;;;;;;;;515;1585;532;LED;;;;;;;;;4;;;;;;;;;;;;;55;R600a / GWP 3;;;Umluft;;;;;;;;;;;;;;;;;;;;;;;;Schwarz, ABS;;;;;;+30°C, 55% RH;;;;;;;;;;;;;;;;;;;;;;;;;106;350;;;;;165;;;;;;;;;;;;;;;;;;;;;;;;;;;;;;;;;;;;;;15 Holz-Weinablagen;;;;;;;;;;;;;;;;;220-240/50;;;Ja;;;;;;;;;;;Thermometer;+5 bis +18;;;;;;;;;;;;;;;Ja;;;;Ja;;;;;;;;;;;;;;;;;;;;;;;;;;;;;;;;;;;;;;;;;;;;;;;;;;;;;;;;;;;;;;;;54;;;;;;;;;;;;650;760;2000;TFW400-F_Produktblatt.pdf;TFW400-F_Betriebsanleitung.pdf;TFW400-F_Ersatzteilliste.pdf;TFW400-F_Energielabel.pdf;TFW400-F_Energiepfeil.png
Tefcold;Tefcold-Kühlschrank;Tefcold-Weinklimaschrank;;;Weinkühlschränke;34133;TFW400-S;5708181995119;5708181995119;TEFCOLD;1607,00;Glastürkühlgeräte | Weinkühlschränke;734417;;;;;;;;;;Automatisch;;;;;;;;220;;;;;;;;;;;;;;;15;;;;;;;;;;;;;;;;;;Elektronisch;;;;;;;;;;;;;;;;;;;;;;;1 Dreh-Glastür;;;;;;;;;;;;;595;1760;680;;;;;;35;;;;;;;;;;;;;111;426;;;;;;;;;;;;;;;;;;;;;150;G;;0.43;158;;;;;;;Schwarz;;;;;;;;;;;;;;;;;;;;;4 Stellfüße;;;;;;39;;;;;;;;;;;;;;;;;;;;;;;515;1585;532;LED;;;;;;;;;4;;;;;;;;;;;;;55;R600a / GWP 3;;;Umluft;;;;;;;;;;;;;;;;;;;;;;;;Schwarz, ABS;;;;;;+30°C, 55% RH;;;;;;;;;;;;;;;;;;;;;;;;;106;350;;;;;165;;;;;;;;;;;;;;;;;;;;;;;;;;;;;;;;;;;;;;15 Holz-Weinablagen;;;;;;;;;;;;;;;;;220-240/50;;;Ja;;;;;;;;;;;Thermometer;+5 bis +18;;;;;;;;;;;;;;;Nein;;;;Ja;;;;;;;;;;;;;;;;;;;;;;;;;;;;;;;;;;;;;;;;;;;;;;;;;;;;;;;;;;;;;;;;54;;;;;;;;;;;;650;760;2000;TFW400-S_Produktblatt.pdf;TFW400-S_Betriebsanleitung.pdf;TFW400-S_Ersatzteilliste.pdf;TFW400-S_Energielabel.pdf;TFW400-S_Energiepfeil.png
